CID;TABCD;LCD;INT_CID;INT_TABCD;INT_LCD
51;9;10218;51;9;19212
51;9;19212;51;9;10218
51;9;25345;51;9;25389
51;9;25389;51;9;25345
51;9;25382;51;9;25807
51;9;25807;51;9;25382
51;9;12739;51;9;27108
51;9;27108;51;9;12739
51;9;25392;51;9;25805
51;9;25805;51;9;25392
51;9;12767;51;9;12768
51;9;12768;51;9;12767
51;9;12753;51;9;12756
51;9;12756;51;9;12753
51;9;10223;51;9;12755
51;9;12755;51;9;10223
51;9;11466;51;9;12750
51;9;12750;51;9;12754
51;9;12754;51;9;19393
51;9;19393;51;9;19405
51;9;19405;51;9;19408
51;9;19408;51;9;19411
51;9;19411;51;9;19426
51;9;19426;51;9;19439
51;9;19439;51;9;11466
51;9;21886;51;9;21891
51;9;21891;51;9;21886
51;9;25991;51;9;25992
51;9;25992;51;9;25991
51;9;12483;51;9;16939
51;9;16939;51;9;20069
51;9;20069;51;9;20095
51;9;20095;51;9;20205
51;9;20205;51;9;20548
51;9;20548;51;9;25739
51;9;25739;51;9;25965
51;9;25965;51;9;12483
51;9;10314;51;9;27115
51;9;27115;51;9;10314
51;9;20115;51;9;20168
51;9;20168;51;9;20115
51;9;25448;51;9;25740
51;9;25740;51;9;25448
51;9;25741;51;9;25776
51;9;25776;51;9;25741
51;9;20116;51;9;20134
51;9;20134;51;9;20137
51;9;20137;51;9;20161
51;9;20161;51;9;20116
51;9;20118;51;9;20123
51;9;20123;51;9;20157
51;9;20157;51;9;20118
51;9;11483;51;9;11484
51;9;11484;51;9;20120
51;9;20120;51;9;20143
51;9;20143;51;9;20154
51;9;20154;51;9;11483
51;9;27360;51;9;27368
51;9;27368;51;9;27369
51;9;27369;51;9;27360
51;9;27361;51;9;27370
51;9;27370;51;9;27361
51;9;27362;51;9;27365
51;9;27365;51;9;27362
51;9;27364;51;9;27366
51;9;27366;51;9;27364
51;9;12481;51;9;20276
51;9;20276;51;9;27371
51;9;27371;51;9;12481
51;9;11391;51;9;11393
51;9;11393;51;9;11391
51;9;11364;51;9;25761
51;9;25761;51;9;11364
51;9;20513;51;9;20523
51;9;20523;51;9;25773
51;9;25773;51;9;20513
51;9;20515;51;9;20521
51;9;20521;51;9;20515
51;9;20516;51;9;20519
51;9;20519;51;9;20516
51;9;25968;51;9;25969
51;9;25969;51;9;25968
51;9;11365;51;9;20287
51;9;20287;51;9;20528
51;9;20528;51;9;11365
51;9;20517;51;9;20530
51;9;20530;51;9;20517
51;9;11390;51;9;20291
51;9;20291;51;9;20518
51;9;20518;51;9;11390
51;9;12266;51;9;21983
51;9;21983;51;9;12266
51;9;26695;51;9;26894
51;9;26894;51;9;26695
51;9;12039;51;9;12040
51;9;12040;51;9;21979
51;9;21979;51;9;21986
51;9;21986;51;9;21991
51;9;21991;51;9;12039
51;9;11240;51;9;12894
51;9;12894;51;9;11240
51;9;21837;51;9;21838
51;9;21838;51;9;21837
51;9;26664;51;9;26665
51;9;26665;51;9;26664
51;9;10212;51;9;10215
51;9;10215;51;9;10216
51;9;10216;51;9;21833
51;9;21833;51;9;10212
51;9;12285;51;9;21716
51;9;21716;51;9;12285
51;9;26023;51;9;26028
51;9;26028;51;9;26590
51;9;26590;51;9;26591
51;9;26591;51;9;26593
51;9;26593;51;9;26023
51;9;26588;51;9;26589
51;9;26589;51;9;26588
51;9;11875;51;9;11876
51;9;11876;51;9;12874
51;9;12874;51;9;12876
51;9;12876;51;9;21741
51;9;21741;51;9;21743
51;9;21743;51;9;11875
51;9;12287;51;9;12288
51;9;12288;51;9;12287
51;9;12290;51;9;12291
51;9;12291;51;9;12290
51;9;12141;51;9;12143
51;9;12143;51;9;17374
51;9;17374;51;9;17378
51;9;17378;51;9;17379
51;9;17379;51;9;12141
51;9;12140;51;9;17369
51;9;17369;51;9;17375
51;9;17375;51;9;17511
51;9;17511;51;9;12140
51;9;16410;51;9;17544
51;9;17544;51;9;17597
51;9;17597;51;9;27417
51;9;27417;51;9;36364
51;9;36364;51;9;16410
51;9;11789;51;9;27114
51;9;27114;51;9;11789
51;9;17504;51;9;17539
51;9;17539;51;9;17504
51;9;17343;51;9;17553
51;9;17553;51;9;17343
51;9;11649;51;9;22600
51;9;22600;51;9;23612
51;9;23612;51;9;23620
51;9;23620;51;9;23649
51;9;23649;51;9;25259
51;9;25259;51;9;25517
51;9;25517;51;9;11649
51;9;23622;51;9;23648
51;9;23648;51;9;23622
51;9;25300;51;9;25473
51;9;25473;51;9;27113
51;9;27113;51;9;25300
51;9;23777;51;9;23872
51;9;23872;51;9;23777
51;9;23873;51;9;23881
51;9;23881;51;9;23873
51;9;23874;51;9;23875
51;9;23875;51;9;23878
51;9;23878;51;9;23874
51;9;11433;51;9;11434
51;9;11434;51;9;23501
51;9;23501;51;9;25346
51;9;25346;51;9;11433
51;9;12315;51;9;23504
51;9;23504;51;9;12315
51;9;11052;51;9;12938
51;9;12938;51;9;11052
51;9;10509;51;9;10510
51;9;10510;51;9;10509
51;9;11459;51;9;11460
51;9;11460;51;9;23524
51;9;23524;51;9;23527
51;9;23527;51;9;11459
51;9;12348;51;9;12835
51;9;12835;51;9;25979
51;9;25979;51;9;25983
51;9;25983;51;9;12348
51;9;11578;51;9;23426
51;9;23426;51;9;25319
51;9;25319;51;9;25981
51;9;25981;51;9;11578
51;9;12188;51;9;23255
51;9;23255;51;9;12188
51;9;23230;51;9;23257
51;9;23257;51;9;23230
51;9;23229;51;9;23248
51;9;23248;51;9;23229
51;9;12190;51;9;23223
51;9;23223;51;9;23252
51;9;23252;51;9;23264
51;9;23264;51;9;26914
51;9;26914;51;9;12190
51;9;10450;51;9;10451
51;9;10451;51;9;23253
51;9;23253;51;9;27573
51;9;27573;51;9;10450
51;9;11462;51;9;23508
51;9;23508;51;9;23528
51;9;23528;51;9;25854
51;9;25854;51;9;11462
51;9;10511;51;9;23509
51;9;23509;51;9;10511
51;9;23510;51;9;23522
51;9;23522;51;9;25852
51;9;25852;51;9;23510
51;9;11846;51;9;23413
51;9;23413;51;9;23511
51;9;23511;51;9;25318
51;9;25318;51;9;26044
51;9;26044;51;9;11846
51;9;12236;51;9;21547
51;9;21547;51;9;26837
51;9;26837;51;9;12236
51;9;10893;51;9;10895
51;9;10895;51;9;10893
51;9;21528;51;9;21550
51;9;21550;51;9;26828
51;9;26828;51;9;26834
51;9;26834;51;9;21528
51;9;11614;51;9;11615
51;9;11615;51;9;21507
51;9;21507;51;9;21529
51;9;21529;51;9;26835
51;9;26835;51;9;26860
51;9;26860;51;9;11614
51;9;12654;51;9;21489
51;9;21489;51;9;21497
51;9;21497;51;9;12654
51;9;12724;51;9;21457
51;9;21457;51;9;26533
51;9;26533;51;9;12724
51;9;12230;51;9;21450
51;9;21450;51;9;26787
51;9;26787;51;9;12230
51;9;21446;51;9;26519
51;9;26519;51;9;26527
51;9;26527;51;9;26781
51;9;26781;51;9;21446
51;9;26522;51;9;26524
51;9;26524;51;9;26522
51;9;12720;51;9;21445
51;9;21445;51;9;26520
51;9;26520;51;9;12720
51;9;12232;51;9;12233
51;9;12233;51;9;12232
51;9;21371;51;9;21374
51;9;21374;51;9;21371
51;9;21372;51;9;26427
51;9;26427;51;9;21372
51;9;12226;51;9;12694
51;9;12694;51;9;21378
51;9;21378;51;9;12226
51;9;12223;51;9;27807
51;9;27807;51;9;12223
51;9;12221;51;9;21370
51;9;21370;51;9;21389
51;9;21389;51;9;27809
51;9;27809;51;9;12221
51;9;11600;51;9;11601
51;9;11601;51;9;12689
51;9;12689;51;9;21236
51;9;21236;51;9;26490
51;9;26490;51;9;26494
51;9;26494;51;9;11600
51;9;26455;51;9;26456
51;9;26456;51;9;26455
51;9;21240;51;9;21243
51;9;21243;51;9;26454
51;9;26454;51;9;21240
51;9;21181;51;9;21239
51;9;21239;51;9;21181
51;9;12679;51;9;21182
51;9;21182;51;9;12679
51;9;12681;51;9;12682
51;9;12682;51;9;21183
51;9;21183;51;9;12681
51;9;12684;51;9;21185
51;9;21185;51;9;12684
51;9;12160;51;9;12676
51;9;12676;51;9;21225
51;9;21225;51;9;12160
51;9;12032;51;9;12034
51;9;12034;51;9;21194
51;9;21194;51;9;21200
51;9;21200;51;9;12032
51;9;10344;51;9;10345
51;9;10345;51;9;10344
51;9;11681;51;9;11682
51;9;11682;51;9;20832
51;9;20832;51;9;20967
51;9;20967;51;9;21050
51;9;21050;51;9;11681
51;9;11338;51;9;11339
51;9;11339;51;9;20825
51;9;20825;51;9;11338
51;9;20851;51;9;20852
51;9;20852;51;9;20971
51;9;20971;51;9;20851
51;9;12162;51;9;20885
51;9;20885;51;9;12162
51;9;20887;51;9;20888
51;9;20888;51;9;20890
51;9;20890;51;9;20887
51;9;20854;51;9;20892
51;9;20892;51;9;20854
51;9;12161;51;9;20894
51;9;20894;51;9;12161
51;9;11373;51;9;12924
51;9;12924;51;9;20896
51;9;20896;51;9;11373
51;9;11993;51;9;24592
51;9;24592;51;9;24658
51;9;24658;51;9;11993
51;9;24517;51;9;24659
51;9;24659;51;9;24517
51;9;10329;51;9;27109
51;9;27109;51;9;10329
51;9;12202;51;9;24701
51;9;24701;51;9;12202
51;9;12633;51;9;24720
51;9;24720;51;9;12633
51;9;12118;51;9;12120
51;9;12120;51;9;12118
51;9;11957;51;9;11959
51;9;11959;51;9;24579
51;9;24579;51;9;24602
51;9;24602;51;9;24721
51;9;24721;51;9;11957
51;9;12113;51;9;12114
51;9;12114;51;9;24562
51;9;24562;51;9;12113
51;9;12111;51;9;12112
51;9;12112;51;9;24557
51;9;24557;51;9;24567
51;9;24567;51;9;12111
51;9;12116;51;9;12117
51;9;12117;51;9;12845
51;9;12845;51;9;24571
51;9;24571;51;9;24574
51;9;24574;51;9;24707
51;9;24707;51;9;12116
51;9;24545;51;9;24570
51;9;24570;51;9;24545
51;9;12107;51;9;12108
51;9;12108;51;9;27824
51;9;27824;51;9;12107
51;9;11829;51;9;11831
51;9;11831;51;9;24713
51;9;24713;51;9;24804
51;9;24804;51;9;24833
51;9;24833;51;9;11829
51;9;11816;51;9;11817
51;9;11817;51;9;24772
51;9;24772;51;9;25102
51;9;25102;51;9;11816
51;9;10298;51;9;27110
51;9;27110;51;9;10298
51;9;24874;51;9;25087
51;9;25087;51;9;25095
51;9;25095;51;9;25099
51;9;25099;51;9;24874
51;9;24875;51;9;25085
51;9;25085;51;9;24875
51;9;12251;51;9;12252
51;9;12252;51;9;24794
51;9;24794;51;9;25046
51;9;25046;51;9;25052
51;9;25052;51;9;25084
51;9;25084;51;9;25109
51;9;25109;51;9;25135
51;9;25135;51;9;12251
51;9;24876;51;9;25140
51;9;25140;51;9;24876
51;9;12253;51;9;12256
51;9;12256;51;9;24967
51;9;24967;51;9;25139
51;9;25139;51;9;25146
51;9;25146;51;9;12253
51;9;12257;51;9;25002
51;9;25002;51;9;25011
51;9;25011;51;9;25016
51;9;25016;51;9;25019
51;9;25019;51;9;12257
51;9;24878;51;9;25001
51;9;25001;51;9;24878
51;9;24879;51;9;25006
51;9;25006;51;9;25009
51;9;25009;51;9;25026
51;9;25026;51;9;24879
51;9;11533;51;9;11535
51;9;11535;51;9;12932
51;9;12932;51;9;24179
51;9;24179;51;9;24988
51;9;24988;51;9;11533
51;9;11980;51;9;11981
51;9;11981;51;9;11983
51;9;11983;51;9;12657
51;9;12657;51;9;24959
51;9;24959;51;9;24980
51;9;24980;51;9;11980
51;9;24872;51;9;25069
51;9;25069;51;9;25071
51;9;25071;51;9;24872
51;9;12262;51;9;25040
51;9;25040;51;9;12262
51;9;10417;51;9;10418
51;9;10418;51;9;25067
51;9;25067;51;9;10417
51;9;10736;51;9;26583
51;9;26583;51;9;10736
51;9;11350;51;9;21757
51;9;21757;51;9;21758
51;9;21758;51;9;27149
51;9;27149;51;9;11350
51;9;12547;51;9;12929
51;9;12929;51;9;12547
51;9;11351;51;9;11352
51;9;11352;51;9;11351
51;9;12220;51;9;21358
51;9;21358;51;9;21360
51;9;21360;51;9;12220
51;9;21277;51;9;21355
51;9;21355;51;9;21277
51;9;11340;51;9;21337
51;9;21337;51;9;21352
51;9;21352;51;9;11340
51;9;12913;51;9;12930
51;9;12930;51;9;12913
51;9;11343;51;9;12658
51;9;12658;51;9;12702
51;9;12702;51;9;11343
51;9;10011;51;9;10012
51;9;10012;51;9;19336
51;9;19336;51;9;10011
51;9;10220;51;9;25809
51;9;25809;51;9;36309
51;9;36309;51;9;10220
51;9;10014;51;9;10015
51;9;10015;51;9;10014
51;9;10224;51;9;12759
51;9;12759;51;9;19440
51;9;19440;51;9;19454
51;9;19454;51;9;25493
51;9;25493;51;9;10224
51;9;10225;51;9;19460
51;9;19460;51;9;25490
51;9;25490;51;9;10225
51;9;10226;51;9;25485
51;9;25485;51;9;10226
51;9;10227;51;9;19476
51;9;19476;51;9;10227
51;9;10017;51;9;10018
51;9;10018;51;9;10017
51;9;10229;51;9;27221
51;9;27221;51;9;10229
51;9;10022;51;9;10160
51;9;10160;51;9;10022
51;9;10230;51;9;20656
51;9;20656;51;9;20760
51;9;20760;51;9;10230
51;9;10231;51;9;27240
51;9;27240;51;9;10231
51;9;10232;51;9;20754
51;9;20754;51;9;10232
51;9;10023;51;9;10024
51;9;10024;51;9;10023
51;9;10026;51;9;10027
51;9;10027;51;9;10026
51;9;10234;51;9;10235
51;9;10235;51;9;25495
51;9;25495;51;9;10234
51;9;10236;51;9;19906
51;9;19906;51;9;10236
51;9;10237;51;9;14821
51;9;14821;51;9;10237
51;9;10239;51;9;27201
51;9;27201;51;9;10239
51;9;10241;51;9;10243
51;9;10243;51;9;27823
51;9;27823;51;9;10241
51;9;10009;51;9;10010
51;9;10010;51;9;10009
51;9;10244;51;9;10245
51;9;10245;51;9;10244
51;9;10247;51;9;10248
51;9;10248;51;9;27826
51;9;27826;51;9;10247
51;9;10029;51;9;10031
51;9;10031;51;9;10029
51;9;10250;51;9;10251
51;9;10251;51;9;27336
51;9;27336;51;9;10250
51;9;10032;51;9;10156
51;9;10156;51;9;10032
51;9;10035;51;9;10037
51;9;10037;51;9;10035
51;9;10253;51;9;26041
51;9;26041;51;9;10253
51;9;10038;51;9;10039
51;9;10039;51;9;10038
51;9;10254;51;9;10255
51;9;10255;51;9;10254
51;9;10256;51;9;17567
51;9;17567;51;9;10256
51;9;10257;51;9;25265
51;9;25265;51;9;10257
51;9;10041;51;9;10043
51;9;10043;51;9;10041
51;9;10258;51;9;25704
51;9;25704;51;9;10258
51;9;10044;51;9;10045
51;9;10045;51;9;10044
51;9;10260;51;9;10261
51;9;10261;51;9;10260
51;9;10262;51;9;10263
51;9;10263;51;9;10262
51;9;10266;51;9;25514
51;9;25514;51;9;10266
51;9;10267;51;9;25552
51;9;25552;51;9;10267
51;9;10047;51;9;10049
51;9;10049;51;9;10047
51;9;10268;51;9;25555
51;9;25555;51;9;10268
51;9;10269;51;9;10270
51;9;10270;51;9;25591
51;9;25591;51;9;10269
51;9;10271;51;9;25706
51;9;25706;51;9;10271
51;9;10001;51;9;10002
51;9;10002;51;9;10003
51;9;10003;51;9;10001
51;9;10274;51;9;10284
51;9;10284;51;9;10274
51;9;10289;51;9;25895
51;9;25895;51;9;10289
51;9;10050;51;9;10051
51;9;10051;51;9;10050
51;9;10078;51;9;10082
51;9;10082;51;9;10078
51;9;10151;51;9;36338
51;9;36338;51;9;10151
51;9;10859;51;9;23828
51;9;23828;51;9;24101
51;9;24101;51;9;27699
51;9;27699;51;9;10859
51;9;10860;51;9;10861
51;9;10861;51;9;10860
51;9;10162;51;9;10163
51;9;10163;51;9;10162
51;9;10285;51;9;10286
51;9;10286;51;9;10285
51;9;10287;51;9;10288
51;9;10288;51;9;10287
51;9;10052;51;9;10054
51;9;10054;51;9;10052
51;9;10290;51;9;25902
51;9;25902;51;9;10290
51;9;10291;51;9;10292
51;9;10292;51;9;10291
51;9;10293;51;9;10294
51;9;10294;51;9;10293
51;9;10295;51;9;10296
51;9;10296;51;9;10295
51;9;10300;51;9;36398
51;9;36398;51;9;10300
51;9;10301;51;9;27395
51;9;27395;51;9;10301
51;9;10056;51;9;10057
51;9;10057;51;9;24705
51;9;24705;51;9;10056
51;9;10305;51;9;10306
51;9;10306;51;9;10305
51;9;10322;51;9;10323
51;9;10323;51;9;10322
51;9;10407;51;9;10408
51;9;10408;51;9;10407
51;9;10409;51;9;10410
51;9;10410;51;9;10409
51;9;10412;51;9;25289
51;9;25289;51;9;36234
51;9;36234;51;9;10412
51;9;10411;51;9;25941
51;9;25941;51;9;36259
51;9;36259;51;9;10411
51;9;10148;51;9;10149
51;9;10149;51;9;10148
51;9;10139;51;9;10141
51;9;10141;51;9;10139
51;9;10617;51;9;10836
51;9;10836;51;9;10617
51;9;10308;51;9;20357
51;9;20357;51;9;10308
51;9;10310;51;9;20244
51;9;20244;51;9;10310
51;9;10311;51;9;12960
51;9;12960;51;9;36417
51;9;36417;51;9;10311
51;9;10312;51;9;27357
51;9;27357;51;9;10312
51;9;10315;51;9;20149
51;9;20149;51;9;10315
51;9;10079;51;9;10080
51;9;10080;51;9;10079
51;9;10358;51;9;10359
51;9;10359;51;9;10358
51;9;10356;51;9;10357
51;9;10357;51;9;10356
51;9;10354;51;9;10355
51;9;10355;51;9;10354
51;9;10353;51;9;21034
51;9;21034;51;9;10353
51;9;10351;51;9;10352
51;9;10352;51;9;10351
51;9;10347;51;9;10348
51;9;10348;51;9;10347
51;9;10349;51;9;10350
51;9;10350;51;9;10349
51;9;10342;51;9;21011
51;9;21011;51;9;27655
51;9;27655;51;9;10342
51;9;10341;51;9;27094
51;9;27094;51;9;10341
51;9;10843;51;9;10844
51;9;10844;51;9;12952
51;9;12952;51;9;10843
51;9;10337;51;9;20935
51;9;20935;51;9;26035
51;9;26035;51;9;10337
51;9;10335;51;9;10336
51;9;10336;51;9;10335
51;9;10334;51;9;20923
51;9;20923;51;9;10334
51;9;10333;51;9;20932
51;9;20932;51;9;10333
51;9;10101;51;9;10102
51;9;10102;51;9;10101
51;9;10331;51;9;24664
51;9;24664;51;9;10331
51;9;10330;51;9;24665
51;9;24665;51;9;10330
51;9;10327;51;9;14875
51;9;14875;51;9;10327
51;9;10325;51;9;24608
51;9;24608;51;9;10325
51;9;10324;51;9;14872
51;9;14872;51;9;10324
51;9;10069;51;9;10070
51;9;10070;51;9;10069
51;9;10370;51;9;23011
51;9;23011;51;9;10370
51;9;10109;51;9;10110
51;9;10110;51;9;10109
51;9;10114;51;9;10115
51;9;10115;51;9;10114
51;9;10806;51;9;27107
51;9;27107;51;9;36302
51;9;36302;51;9;10806
51;9;10391;51;9;17501
51;9;17501;51;9;10391
51;9;10380;51;9;10382
51;9;10382;51;9;10380
51;9;10377;51;9;19756
51;9;19756;51;9;10377
51;9;10828;51;9;10829
51;9;10829;51;9;10828
51;9;10402;51;9;10403
51;9;10403;51;9;10402
51;9;10404;51;9;10405
51;9;10405;51;9;10404
51;9;10478;51;9;26867
51;9;26867;51;9;10478
51;9;10476;51;9;10477
51;9;10477;51;9;26870
51;9;26870;51;9;10476
51;9;10473;51;9;10475
51;9;10475;51;9;10473
51;9;10472;51;9;26794
51;9;26794;51;9;10472
51;9;10471;51;9;26525
51;9;26525;51;9;10471
51;9;10153;51;9;10154
51;9;10154;51;9;10153
51;9;10469;51;9;10470
51;9;10470;51;9;10469
51;9;10465;51;9;10467
51;9;10467;51;9;10465
51;9;10463;51;9;26453
51;9;26453;51;9;26493
51;9;26493;51;9;10463
51;9;10462;51;9;25719
51;9;25719;51;9;10462
51;9;10461;51;9;25720
51;9;25720;51;9;10461
51;9;10275;51;9;10276
51;9;10276;51;9;10275
51;9;10459;51;9;10460
51;9;10460;51;9;10459
51;9;10457;51;9;10458
51;9;10458;51;9;10457
51;9;10455;51;9;23293
51;9;23293;51;9;10455
51;9;10076;51;9;27076
51;9;27076;51;9;10076
51;9;10452;51;9;23261
51;9;23261;51;9;23265
51;9;23265;51;9;10452
51;9;27014;51;9;27017
51;9;27017;51;9;27014
51;9;10072;51;9;10073
51;9;10073;51;9;10072
51;9;10438;51;9;22904
51;9;22904;51;9;10438
51;9;10436;51;9;10437
51;9;10437;51;9;10436
51;9;10434;51;9;10435
51;9;10435;51;9;10434
51;9;10432;51;9;10433
51;9;10433;51;9;10432
51;9;10431;51;9;22373
51;9;22373;51;9;22659
51;9;22659;51;9;25609
51;9;25609;51;9;10431
51;9;10429;51;9;10430
51;9;10430;51;9;10429
51;9;10427;51;9;22136
51;9;22136;51;9;10427
51;9;10065;51;9;10067
51;9;10067;51;9;10065
51;9;10426;51;9;22284
51;9;22284;51;9;22438
51;9;22438;51;9;10426
51;9;10062;51;9;10064
51;9;10064;51;9;10062
51;9;10059;51;9;10060
51;9;10060;51;9;27709
51;9;27709;51;9;10059
51;9;10145;51;9;10146
51;9;10146;51;9;10145
51;9;10083;51;9;10084
51;9;10084;51;9;31518
51;9;31518;51;9;10083
51;9;11399;51;9;20927
51;9;20927;51;9;23440
51;9;23440;51;9;27735
51;9;27735;51;9;11399
51;9;27294;51;9;27737
51;9;27737;51;9;27294
51;9;20869;51;9;20870
51;9;20870;51;9;27738
51;9;27738;51;9;20869
51;9;20857;51;9;20860
51;9;20860;51;9;20863
51;9;20863;51;9;20865
51;9;20865;51;9;20867
51;9;20867;51;9;27739
51;9;27739;51;9;20857
51;9;20875;51;9;20877
51;9;20877;51;9;20911
51;9;20911;51;9;20875
51;9;20873;51;9;27747
51;9;27747;51;9;20873
51;9;27292;51;9;27748
51;9;27748;51;9;27292
51;9;27288;51;9;27293
51;9;27293;51;9;27750
51;9;27750;51;9;27288
51;9;11383;51;9;12925
51;9;12925;51;9;11383
51;9;11407;51;9;12089
51;9;12089;51;9;11407
51;9;20771;51;9;20773
51;9;20773;51;9;20771
51;9;12098;51;9;12671
51;9;12671;51;9;12950
51;9;12950;51;9;12098
51;9;10087;51;9;27315
51;9;27315;51;9;10087
51;9;10492;51;9;25531
51;9;25531;51;9;10492
51;9;10493;51;9;22310
51;9;22310;51;9;25727
51;9;25727;51;9;10493
51;9;10494;51;9;25293
51;9;25293;51;9;25467
51;9;25467;51;9;10494
51;9;10496;51;9;25537
51;9;25537;51;9;10496
51;9;10497;51;9;22576
51;9;22576;51;9;22618
51;9;22618;51;9;25722
51;9;25722;51;9;10497
51;9;10498;51;9;10499
51;9;10499;51;9;26899
51;9;26899;51;9;29175
51;9;29175;51;9;29861
51;9;29861;51;9;10498
51;9;10500;51;9;26900
51;9;26900;51;9;10500
51;9;27164;51;9;27169
51;9;27169;51;9;27164
51;9;27165;51;9;27168
51;9;27168;51;9;27334
51;9;27334;51;9;27165
51;9;27162;51;9;27167
51;9;27167;51;9;27170
51;9;27170;51;9;27162
51;9;10505;51;9;25312
51;9;25312;51;9;27171
51;9;27171;51;9;10505
51;9;10506;51;9;25316
51;9;25316;51;9;10506
51;9;10507;51;9;10508
51;9;10508;51;9;10507
51;9;10513;51;9;10514
51;9;10514;51;9;10513
51;9;10515;51;9;26042
51;9;26042;51;9;10515
51;9;10517;51;9;10518
51;9;10518;51;9;10517
51;9;10094;51;9;10095
51;9;10095;51;9;36423
51;9;36423;51;9;10094
51;9;10097;51;9;10098
51;9;10098;51;9;10097
51;9;10520;51;9;10521
51;9;10521;51;9;23366
51;9;23366;51;9;10520
51;9;10523;51;9;10524
51;9;10524;51;9;10523
51;9;10526;51;9;10527
51;9;10527;51;9;10526
51;9;25469;51;9;27324
51;9;27324;51;9;25469
51;9;12666;51;9;25295
51;9;25295;51;9;12666
51;9;27077;51;9;27079
51;9;27079;51;9;27077
51;9;23309;51;9;27078
51;9;27078;51;9;23309
51;9;27345;51;9;27347
51;9;27347;51;9;27345
51;9;10554;51;9;10555
51;9;10555;51;9;10554
51;9;10556;51;9;10557
51;9;10557;51;9;27433
51;9;27433;51;9;10556
51;9;10552;51;9;10553
51;9;10553;51;9;23425
51;9;23425;51;9;10552
51;9;10550;51;9;25275
51;9;25275;51;9;10550
51;9;10548;51;9;10549
51;9;10549;51;9;10548
51;9;10824;51;9;10825
51;9;10825;51;9;10824
51;9;10106;51;9;10107
51;9;10107;51;9;10106
51;9;10543;51;9;10544
51;9;10544;51;9;10543
51;9;25933;51;9;25942
51;9;25942;51;9;25933
51;9;10540;51;9;10542
51;9;10542;51;9;25900
51;9;25900;51;9;10540
51;9;10534;51;9;25888
51;9;25888;51;9;10534
51;9;10104;51;9;27090
51;9;27090;51;9;36389
51;9;36389;51;9;10104
51;9;10809;51;9;25388
51;9;25388;51;9;10809
51;9;10565;51;9;25917
51;9;25917;51;9;10565
51;9;10563;51;9;25288
51;9;25288;51;9;10563
51;9;10566;51;9;19614
51;9;19614;51;9;36307
51;9;36307;51;9;10566
51;9;10567;51;9;10569
51;9;10569;51;9;10567
51;9;10572;51;9;10574
51;9;10574;51;9;19656
51;9;19656;51;9;10572
51;9;10111;51;9;10112
51;9;10112;51;9;36314
51;9;36314;51;9;10111
51;9;10581;51;9;25298
51;9;25298;51;9;10581
51;9;10582;51;9;25299
51;9;25299;51;9;10582
51;9;10583;51;9;12630
51;9;12630;51;9;27082
51;9;27082;51;9;10583
51;9;10585;51;9;36391
51;9;36391;51;9;10585
51;9;10587;51;9;10588
51;9;10588;51;9;10587
51;9;12923;51;9;27103
51;9;27103;51;9;12923
51;9;10800;51;9;10801
51;9;10801;51;9;10800
51;9;10591;51;9;27105
51;9;27105;51;9;10591
51;9;10601;51;9;10602
51;9;10602;51;9;16502
51;9;16502;51;9;17487
51;9;17487;51;9;10601
51;9;10603;51;9;10604
51;9;10604;51;9;10603
51;9;10605;51;9;10606
51;9;10606;51;9;10605
51;9;10608;51;9;22010
51;9;22010;51;9;10608
51;9;10847;51;9;10887
51;9;10887;51;9;10847
51;9;10834;51;9;10835
51;9;10835;51;9;10834
51;9;10830;51;9;10831
51;9;10831;51;9;10830
51;9;10613;51;9;25946
51;9;25946;51;9;10613
51;9;10612;51;9;23642
51;9;23642;51;9;10612
51;9;10610;51;9;10611
51;9;10611;51;9;10610
51;9;10795;51;9;24115
51;9;24115;51;9;24123
51;9;24123;51;9;25939
51;9;25939;51;9;10795
51;9;10626;51;9;25673
51;9;25673;51;9;10626
51;9;10627;51;9;23951
51;9;23951;51;9;10627
51;9;10629;51;9;25664
51;9;25664;51;9;10629
51;9;10119;51;9;10120
51;9;10120;51;9;10119
51;9;10649;51;9;23388
51;9;23388;51;9;10649
51;9;10646;51;9;10648
51;9;10648;51;9;10646
51;9;10644;51;9;10645
51;9;10645;51;9;10644
51;9;10641;51;9;10642
51;9;10642;51;9;31975
51;9;31975;51;9;31977
51;9;31977;51;9;10641
51;9;10639;51;9;10640
51;9;10640;51;9;10639
51;9;10638;51;9;25908
51;9;25908;51;9;10638
51;9;10637;51;9;36295
51;9;36295;51;9;36345
51;9;36345;51;9;10637
51;9;24334;51;9;25669
51;9;25669;51;9;25670
51;9;25670;51;9;36341
51;9;36341;51;9;24334
51;9;25906;51;9;36340
51;9;36340;51;9;25906
51;9;25904;51;9;36339
51;9;36339;51;9;25904
51;9;10124;51;9;27118
51;9;27118;51;9;10124
51;9;10670;51;9;10673
51;9;10673;51;9;17563
51;9;17563;51;9;10670
51;9;10667;51;9;26939
51;9;26939;51;9;10667
51;9;10121;51;9;10122
51;9;10122;51;9;10121
51;9;10821;51;9;10822
51;9;10822;51;9;10821
51;9;10663;51;9;10664
51;9;10664;51;9;10663
51;9;10661;51;9;16532
51;9;16532;51;9;10661
51;9;10660;51;9;17547
51;9;17547;51;9;10660
51;9;10658;51;9;10659
51;9;10659;51;9;10658
51;9;10657;51;9;17453
51;9;17453;51;9;27426
51;9;27426;51;9;10657
51;9;10653;51;9;10654
51;9;10654;51;9;10653
51;9;10651;51;9;16815
51;9;16815;51;9;27712
51;9;27712;51;9;27868
51;9;27868;51;9;28014
51;9;28014;51;9;10651
51;9;10746;51;9;10747
51;9;10747;51;9;10746
51;9;27119;51;9;27120
51;9;27120;51;9;27119
51;9;10677;51;9;24022
51;9;24022;51;9;10677
51;9;10127;51;9;10128
51;9;10128;51;9;10127
51;9;10679;51;9;10680
51;9;10680;51;9;10679
51;9;10684;51;9;17593
51;9;17593;51;9;36363
51;9;36363;51;9;10684
51;9;10888;51;9;10889
51;9;10889;51;9;10888
51;9;10130;51;9;10131
51;9;10131;51;9;27116
51;9;27116;51;9;10130
51;9;10687;51;9;12659
51;9;12659;51;9;10687
51;9;10134;51;9;27352
51;9;27352;51;9;10134
51;9;10692;51;9;10693
51;9;10693;51;9;10692
51;9;12380;51;9;17342
51;9;17342;51;9;12380
51;9;25572;51;9;27476
51;9;27476;51;9;25572
51;9;22739;51;9;27566
51;9;27566;51;9;22739
51;9;27081;51;9;27265
51;9;27265;51;9;27081
51;9;27080;51;9;27261
51;9;27261;51;9;27080
51;9;10897;51;9;27257
51;9;27257;51;9;10897
51;9;10697;51;9;10698
51;9;10698;51;9;10697
51;9;10749;51;9;27351
51;9;27351;51;9;10749
51;9;27233;51;9;27236
51;9;27236;51;9;27233
51;9;10702;51;9;19189
51;9;19189;51;9;19593
51;9;19593;51;9;19603
51;9;19603;51;9;10702
51;9;10706;51;9;27196
51;9;27196;51;9;10706
51;9;10136;51;9;10137
51;9;10137;51;9;27186
51;9;27186;51;9;10136
51;9;10707;51;9;12811
51;9;12811;51;9;10707
51;9;10708;51;9;27216
51;9;27216;51;9;10708
51;9;10709;51;9;27209
51;9;27209;51;9;36305
51;9;36305;51;9;10709
51;9;10710;51;9;10711
51;9;10711;51;9;10710
51;9;10712;51;9;10713
51;9;10713;51;9;10712
51;9;10714;51;9;26688
51;9;26688;51;9;10714
51;9;10716;51;9;26657
51;9;26657;51;9;10716
51;9;25876;51;9;26658
51;9;26658;51;9;25876
51;9;10717;51;9;10718
51;9;10718;51;9;10717
51;9;10719;51;9;26654
51;9;26654;51;9;10719
51;9;10142;51;9;10143
51;9;10143;51;9;10142
51;9;10721;51;9;10722
51;9;10722;51;9;10721
51;9;10723;51;9;21764
51;9;21764;51;9;10723
51;9;10726;51;9;10727
51;9;10727;51;9;10726
51;9;10729;51;9;10731
51;9;10731;51;9;36431
51;9;36431;51;9;10729
51;9;27177;51;9;27178
51;9;27178;51;9;27177
51;9;10738;51;9;10740
51;9;10740;51;9;10738
51;9;10838;51;9;10839
51;9;10839;51;9;27136
51;9;27136;51;9;10838
51;9;10776;51;9;27135
51;9;27135;51;9;10776
51;9;11880;51;9;26031
51;9;26031;51;9;11880
51;9;11955;51;9;14871
51;9;14871;51;9;24687
51;9;24687;51;9;11955
51;9;10817;51;9;10818
51;9;10818;51;9;22915
51;9;22915;51;9;10817
51;9;10751;51;9;10752
51;9;10752;51;9;10751
51;9;10279;51;9;10280
51;9;10280;51;9;27706
51;9;27706;51;9;10279
51;9;10796;51;9;17474
51;9;17474;51;9;10796
51;9;10823;51;9;27195
51;9;27195;51;9;10823
51;9;26780;51;9;36238
51;9;36238;51;9;36420
51;9;36420;51;9;26780
51;9;10755;51;9;10756
51;9;10756;51;9;10755
51;9;10777;51;9;24002
51;9;24002;51;9;10777
51;9;10814;51;9;10815
51;9;10815;51;9;17562
51;9;17562;51;9;10814
51;9;25267;51;9;26906
51;9;26906;51;9;25267
51;9;14925;51;9;14927
51;9;14927;51;9;14929
51;9;14929;51;9;14925
51;9;14930;51;9;14931
51;9;14931;51;9;14930
51;9;12705;51;9;12708
51;9;12708;51;9;12705
51;9;12102;51;9;12906
51;9;12906;51;9;12909
51;9;12909;51;9;16492
51;9;16492;51;9;12102
51;9;12910;51;9;19311
51;9;19311;51;9;19320
51;9;19320;51;9;12910
51;9;11331;51;9;12911
51;9;12911;51;9;11331
51;9;12908;51;9;19301
51;9;19301;51;9;19685
51;9;19685;51;9;12908
51;9;19294;51;9;19647
51;9;19647;51;9;19294
51;9;19648;51;9;27097
51;9;27097;51;9;19648
51;9;12760;51;9;12765
51;9;12765;51;9;19538
51;9;19538;51;9;12760
51;9;12761;51;9;19433
51;9;19433;51;9;12761
51;9;19193;51;9;19432
51;9;19432;51;9;19193
51;9;12762;51;9;19467
51;9;19467;51;9;19468
51;9;19468;51;9;12762
51;9;12763;51;9;12773
51;9;12773;51;9;19434
51;9;19434;51;9;19437
51;9;19437;51;9;19444
51;9;19444;51;9;19452
51;9;19452;51;9;12763
51;9;11852;51;9;12775
51;9;12775;51;9;12776
51;9;12776;51;9;19554
51;9;19554;51;9;20745
51;9;20745;51;9;11852
51;9;19178;51;9;19559
51;9;19559;51;9;19178
51;9;19179;51;9;19553
51;9;19553;51;9;19179
51;9;12777;51;9;19475
51;9;19475;51;9;19509
51;9;19509;51;9;19531
51;9;19531;51;9;19535
51;9;19535;51;9;12777
51;9;25502;51;9;27223
51;9;27223;51;9;25502
51;9;11929;51;9;12731
51;9;12731;51;9;20704
51;9;20704;51;9;21881
51;9;21881;51;9;11929
51;9;12732;51;9;21858
51;9;21858;51;9;12732
51;9;12733;51;9;21883
51;9;21883;51;9;12733
51;9;12734;51;9;17415
51;9;17415;51;9;12734
51;9;11911;51;9;12735
51;9;12735;51;9;11911
51;9;12941;51;9;12942
51;9;12942;51;9;12941
51;9;12645;51;9;12935
51;9;12935;51;9;12645
51;9;12628;51;9;12937
51;9;12937;51;9;12628
51;9;19197;51;9;19383
51;9;19383;51;9;19197
51;9;11465;51;9;19378
51;9;19378;51;9;11465
51;9;12748;51;9;19199
51;9;19199;51;9;19386
51;9;19386;51;9;12748
51;9;11464;51;9;19388
51;9;19388;51;9;11464
51;9;19391;51;9;19398
51;9;19398;51;9;25354
51;9;25354;51;9;19391
51;9;12263;51;9;12758
51;9;12758;51;9;19453
51;9;19453;51;9;12263
51;9;19201;51;9;19455
51;9;19455;51;9;19201
51;9;11467;51;9;19459
51;9;19459;51;9;19461
51;9;19461;51;9;11467
51;9;19202;51;9;19438
51;9;19438;51;9;19463
51;9;19463;51;9;19490
51;9;19490;51;9;19202
51;9;11469;51;9;19493
51;9;19493;51;9;19495
51;9;19495;51;9;11469
51;9;11470;51;9;19500
51;9;19500;51;9;19501
51;9;19501;51;9;19518
51;9;19518;51;9;11470
51;9;11475;51;9;20438
51;9;20438;51;9;30372
51;9;30372;51;9;30375
51;9;30375;51;9;36232
51;9;36232;51;9;11475
51;9;20574;51;9;20576
51;9;20576;51;9;20644
51;9;20644;51;9;25355
51;9;25355;51;9;20574
51;9;20435;51;9;20537
51;9;20537;51;9;20571
51;9;20571;51;9;20435
51;9;11476;51;9;19995
51;9;19995;51;9;20055
51;9;20055;51;9;20399
51;9;20399;51;9;20426
51;9;20426;51;9;20431
51;9;20431;51;9;20497
51;9;20497;51;9;20742
51;9;20742;51;9;20763
51;9;20763;51;9;11476
51;9;11477;51;9;20042
51;9;20042;51;9;20045
51;9;20045;51;9;20051
51;9;20051;51;9;20409
51;9;20409;51;9;11477
51;9;20467;51;9;25377
51;9;25377;51;9;20467
51;9;11478;51;9;19997
51;9;19997;51;9;20459
51;9;20459;51;9;20463
51;9;20463;51;9;11478
51;9;11479;51;9;20076
51;9;20076;51;9;11479
51;9;14823;51;9;20062
51;9;20062;51;9;20078
51;9;20078;51;9;14823
51;9;14824;51;9;20082
51;9;20082;51;9;14824
51;9;14825;51;9;19922
51;9;19922;51;9;20085
51;9;20085;51;9;20090
51;9;20090;51;9;14825
51;9;11481;51;9;20088
51;9;20088;51;9;20099
51;9;20099;51;9;27200
51;9;27200;51;9;11481
51;9;14826;51;9;19921
51;9;19921;51;9;20122
51;9;20122;51;9;20124
51;9;20124;51;9;20129
51;9;20129;51;9;14826
51;9;17460;51;9;20183
51;9;20183;51;9;17460
51;9;16898;51;9;16908
51;9;16908;51;9;17461
51;9;17461;51;9;26958
51;9;26958;51;9;16898
51;9;11485;51;9;16887
51;9;16887;51;9;16918
51;9;16918;51;9;11485
51;9;17462;51;9;26950
51;9;26950;51;9;17462
51;9;11487;51;9;11488
51;9;11488;51;9;12649
51;9;12649;51;9;12652
51;9;12652;51;9;12656
51;9;12656;51;9;12662
51;9;12662;51;9;11487
51;9;27338;51;9;27339
51;9;27339;51;9;28397
51;9;28397;51;9;27338
51;9;12326;51;9;12372
51;9;12372;51;9;16882
51;9;16882;51;9;17171
51;9;17171;51;9;17535
51;9;17535;51;9;12326
51;9;11490;51;9;11492
51;9;11492;51;9;11490
51;9;11493;51;9;16768
51;9;16768;51;9;17142
51;9;17142;51;9;17157
51;9;17157;51;9;11493
51;9;11494;51;9;12650
51;9;12650;51;9;16574
51;9;16574;51;9;16725
51;9;16725;51;9;17444
51;9;17444;51;9;11494
51;9;16577;51;9;16699
51;9;16699;51;9;17463
51;9;17463;51;9;16577
51;9;16593;51;9;17548
51;9;17548;51;9;16593
51;9;17549;51;9;22178
51;9;22178;51;9;17549
51;9;16710;51;9;16712
51;9;16712;51;9;17550
51;9;17550;51;9;16710
51;9;16596;51;9;16706
51;9;16706;51;9;17551
51;9;17551;51;9;16596
51;9;11496;51;9;11497
51;9;11497;51;9;16663
51;9;16663;51;9;16684
51;9;16684;51;9;16703
51;9;16703;51;9;11496
51;9;16651;51;9;16661
51;9;16661;51;9;16674
51;9;16674;51;9;17554
51;9;17554;51;9;16651
51;9;11499;51;9;16609
51;9;16609;51;9;16621
51;9;16621;51;9;16625
51;9;16625;51;9;16626
51;9;16626;51;9;16683
51;9;16683;51;9;26977
51;9;26977;51;9;11499
51;9;16617;51;9;16619
51;9;16619;51;9;16624
51;9;16624;51;9;17568
51;9;17568;51;9;16617
51;9;16614;51;9;17555
51;9;17555;51;9;16614
51;9;11501;51;9;22145
51;9;22145;51;9;22252
51;9;22252;51;9;22375
51;9;22375;51;9;11501
51;9;11502;51;9;22381
51;9;22381;51;9;25557
51;9;25557;51;9;25565
51;9;25565;51;9;11502
51;9;11504;51;9;11505
51;9;11505;51;9;22490
51;9;22490;51;9;11504
51;9;22411;51;9;25593
51;9;25593;51;9;22411
51;9;11507;51;9;22499
51;9;22499;51;9;11507
51;9;11508;51;9;11509
51;9;11509;51;9;22501
51;9;22501;51;9;22848
51;9;22848;51;9;11508
51;9;11510;51;9;11512
51;9;11512;51;9;11510
51;9;22412;51;9;25260
51;9;25260;51;9;25511
51;9;25511;51;9;22412
51;9;11516;51;9;12056
51;9;12056;51;9;12075
51;9;12075;51;9;22342
51;9;22342;51;9;22582
51;9;22582;51;9;25523
51;9;25523;51;9;11516
51;9;22347;51;9;25290
51;9;25290;51;9;25459
51;9;25459;51;9;25521
51;9;25521;51;9;22347
51;9;12076;51;9;12078
51;9;12078;51;9;22337
51;9;22337;51;9;22579
51;9;22579;51;9;23085
51;9;23085;51;9;23106
51;9;23106;51;9;23143
51;9;23143;51;9;12076
51;9;11518;51;9;22607
51;9;22607;51;9;23136
51;9;23136;51;9;23140
51;9;23140;51;9;23148
51;9;23148;51;9;25550
51;9;25550;51;9;25589
51;9;25589;51;9;25611
51;9;25611;51;9;11518
51;9;11519;51;9;22614
51;9;22614;51;9;25527
51;9;25527;51;9;11519
51;9;22359;51;9;23137
51;9;23137;51;9;22359
51;9;11451;51;9;11453
51;9;11453;51;9;23576
51;9;23576;51;9;29173
51;9;29173;51;9;29831
51;9;29831;51;9;11451
51;9;23898;51;9;24102
51;9;24102;51;9;23898
51;9;11522;51;9;23836
51;9;23836;51;9;11522
51;9;12297;51;9;12298
51;9;12298;51;9;23901
51;9;23901;51;9;23925
51;9;23925;51;9;24265
51;9;24265;51;9;24268
51;9;24268;51;9;12297
51;9;11410;51;9;11411
51;9;11411;51;9;11414
51;9;11414;51;9;11410
51;9;11523;51;9;24487
51;9;24487;51;9;25903
51;9;25903;51;9;11523
51;9;23994;51;9;24478
51;9;24478;51;9;23994
51;9;23995;51;9;24480
51;9;24480;51;9;23995
51;9;12246;51;9;12247
51;9;12247;51;9;12246
51;9;11528;51;9;24196
51;9;24196;51;9;24209
51;9;24209;51;9;11528
51;9;23997;51;9;24186
51;9;24186;51;9;24192
51;9;24192;51;9;23997
51;9;11530;51;9;11532
51;9;11532;51;9;24182
51;9;24182;51;9;11530
51;9;12329;51;9;25029
51;9;25029;51;9;12329
51;9;12398;51;9;19670
51;9;19670;51;9;19690
51;9;19690;51;9;12398
51;9;12439;51;9;12791
51;9;12791;51;9;12792
51;9;12792;51;9;19632
51;9;19632;51;9;12439
51;9;11881;51;9;19257
51;9;19257;51;9;19702
51;9;19702;51;9;11881
51;9;14836;51;9;19270
51;9;19270;51;9;14836
51;9;12803;51;9;14838
51;9;14838;51;9;19305
51;9;19305;51;9;19658
51;9;19658;51;9;12803
51;9;19638;51;9;25361
51;9;25361;51;9;19638
51;9;11885;51;9;12801
51;9;12801;51;9;11885
51;9;25362;51;9;25363
51;9;25363;51;9;25405
51;9;25405;51;9;25432
51;9;25432;51;9;27095
51;9;27095;51;9;36069
51;9;36069;51;9;36071
51;9;36071;51;9;25362
51;9;14864;51;9;14903
51;9;14903;51;9;36393
51;9;36393;51;9;14864
51;9;11889;51;9;12809
51;9;12809;51;9;16823
51;9;16823;51;9;11889
51;9;11890;51;9;11892
51;9;11892;51;9;14907
51;9;14907;51;9;16819
51;9;16819;51;9;16824
51;9;16824;51;9;16826
51;9;16826;51;9;11890
51;9;14842;51;9;16832
51;9;16832;51;9;14842
51;9;10203;51;9;10204
51;9;10204;51;9;10203
51;9;11894;51;9;11896
51;9;11896;51;9;16903
51;9;16903;51;9;16910
51;9;16910;51;9;20173
51;9;20173;51;9;11894
51;9;16335;51;9;17194
51;9;17194;51;9;16335
51;9;11897;51;9;17150
51;9;17150;51;9;17165
51;9;17165;51;9;17196
51;9;17196;51;9;17227
51;9;17227;51;9;17232
51;9;17232;51;9;27006
51;9;27006;51;9;11897
51;9;16336;51;9;17235
51;9;17235;51;9;16336
51;9;11898;51;9;17164
51;9;17164;51;9;17221
51;9;17221;51;9;17237
51;9;17237;51;9;17245
51;9;17245;51;9;17545
51;9;17545;51;9;11898
51;9;16337;51;9;17215
51;9;17215;51;9;17217
51;9;17217;51;9;17250
51;9;17250;51;9;16337
51;9;17252;51;9;17557
51;9;17557;51;9;17252
51;9;16339;51;9;17255
51;9;17255;51;9;16339
51;9;16340;51;9;17212
51;9;17212;51;9;17261
51;9;17261;51;9;16340
51;9;11899;51;9;11901
51;9;11901;51;9;17284
51;9;17284;51;9;11899
51;9;16341;51;9;17127
51;9;17127;51;9;16341
51;9;11902;51;9;17131
51;9;17131;51;9;17291
51;9;17291;51;9;11902
51;9;17495;51;9;22735
51;9;22735;51;9;17495
51;9;12832;51;9;16342
51;9;16342;51;9;12832
51;9;11904;51;9;12966
51;9;12966;51;9;22749
51;9;22749;51;9;11904
51;9;22713;51;9;22716
51;9;22716;51;9;22750
51;9;22750;51;9;22751
51;9;22751;51;9;22713
51;9;11905;51;9;22710
51;9;22710;51;9;22748
51;9;22748;51;9;22753
51;9;22753;51;9;11905
51;9;11624;51;9;12399
51;9;12399;51;9;22708
51;9;22708;51;9;22791
51;9;22791;51;9;22795
51;9;22795;51;9;11624
51;9;10209;51;9;10210
51;9;10210;51;9;10209
51;9;10182;51;9;22789
51;9;22789;51;9;10182
51;9;22772;51;9;22773
51;9;22773;51;9;25175
51;9;25175;51;9;32692
51;9;32692;51;9;32698
51;9;32698;51;9;22772
51;9;11568;51;9;11569
51;9;11569;51;9;12427
51;9;12427;51;9;22769
51;9;22769;51;9;22771
51;9;22771;51;9;22776
51;9;22776;51;9;23198
51;9;23198;51;9;23200
51;9;23200;51;9;23202
51;9;23202;51;9;11568
51;9;11907;51;9;11908
51;9;11908;51;9;12853
51;9;12853;51;9;11907
51;9;26895;51;9;26896
51;9;26896;51;9;26895
51;9;11925;51;9;11926
51;9;11926;51;9;11925
51;9;20696;51;9;20722
51;9;20722;51;9;20696
51;9;11914;51;9;11915
51;9;11915;51;9;16509
51;9;16509;51;9;17434
51;9;17434;51;9;11914
51;9;17431;51;9;17471
51;9;17471;51;9;17431
51;9;11917;51;9;12934
51;9;12934;51;9;17401
51;9;17401;51;9;11917
51;9;11920;51;9;17390
51;9;17390;51;9;11920
51;9;11921;51;9;17058
51;9;17058;51;9;11921
51;9;12386;51;9;12387
51;9;12387;51;9;17059
51;9;17059;51;9;17361
51;9;17361;51;9;17364
51;9;17364;51;9;12386
51;9;11790;51;9;11792
51;9;11792;51;9;17351
51;9;17351;51;9;11790
51;9;17354;51;9;23213
51;9;23213;51;9;17354
51;9;23214;51;9;23215
51;9;23215;51;9;23214
51;9;11590;51;9;11591
51;9;11591;51;9;25697
51;9;25697;51;9;11590
51;9;11859;51;9;11864
51;9;11864;51;9;27217
51;9;27217;51;9;11859
51;9;20314;51;9;20317
51;9;20317;51;9;20526
51;9;20526;51;9;27256
51;9;27256;51;9;20314
51;9;12441;51;9;20311
51;9;20311;51;9;20534
51;9;20534;51;9;20700
51;9;20700;51;9;12441
51;9;20330;51;9;25375
51;9;25375;51;9;25767
51;9;25767;51;9;20330
51;9;12445;51;9;20358
51;9;20358;51;9;20361
51;9;20361;51;9;20555
51;9;20555;51;9;25966
51;9;25966;51;9;12445
51;9;20267;51;9;25780
51;9;25780;51;9;26727
51;9;26727;51;9;20267
51;9;20268;51;9;20303
51;9;20303;51;9;20268
51;9;20245;51;9;20252
51;9;20252;51;9;25708
51;9;25708;51;9;25764
51;9;25764;51;9;25788
51;9;25788;51;9;20245
51;9;12484;51;9;20391
51;9;20391;51;9;26715
51;9;26715;51;9;12484
51;9;25751;51;9;27354
51;9;27354;51;9;27358
51;9;27358;51;9;30038
51;9;30038;51;9;25751
51;9;20172;51;9;20193
51;9;20193;51;9;20198
51;9;20198;51;9;30008
51;9;30008;51;9;30014
51;9;30014;51;9;30099
51;9;30099;51;9;20172
51;9;25755;51;9;25960
51;9;25960;51;9;25755
51;9;20152;51;9;20195
51;9;20195;51;9;20152
51;9;20189;51;9;20196
51;9;20196;51;9;20189
51;9;20187;51;9;20197
51;9;20197;51;9;20187
51;9;11931;51;9;16936
51;9;16936;51;9;27833
51;9;27833;51;9;11931
51;9;16343;51;9;17601
51;9;17601;51;9;27893
51;9;27893;51;9;28403
51;9;28403;51;9;16343
51;9;16344;51;9;16933
51;9;16933;51;9;28418
51;9;28418;51;9;28419
51;9;28419;51;9;16344
51;9;16346;51;9;16917
51;9;16917;51;9;16922
51;9;16922;51;9;28431
51;9;28431;51;9;28433
51;9;28433;51;9;28477
51;9;28477;51;9;16346
51;9;16347;51;9;16769
51;9;16769;51;9;16347
51;9;11932;51;9;16764
51;9;16764;51;9;16766
51;9;16766;51;9;16779
51;9;16779;51;9;16780
51;9;16780;51;9;16786
51;9;16786;51;9;11932
51;9;16348;51;9;16775
51;9;16775;51;9;16776
51;9;16776;51;9;16348
51;9;16349;51;9;16758
51;9;16758;51;9;16761
51;9;16761;51;9;16773
51;9;16773;51;9;16349
51;9;11933;51;9;16559
51;9;16559;51;9;16571
51;9;16571;51;9;16572
51;9;16572;51;9;16587
51;9;16587;51;9;11933
51;9;22182;51;9;25686
51;9;25686;51;9;22182
51;9;22183;51;9;25687
51;9;25687;51;9;22183
51;9;11934;51;9;16580
51;9;16580;51;9;22015
51;9;22015;51;9;11934
51;9;11727;51;9;11729
51;9;11729;51;9;12514
51;9;12514;51;9;16597
51;9;16597;51;9;21924
51;9;21924;51;9;21938
51;9;21938;51;9;22014
51;9;22014;51;9;11727
51;9;11731;51;9;11733
51;9;11733;51;9;22255
51;9;22255;51;9;11731
51;9;11935;51;9;11936
51;9;11936;51;9;11935
51;9;12946;51;9;22032
51;9;22032;51;9;22251
51;9;22251;51;9;25834
51;9;25834;51;9;12946
51;9;22035;51;9;22289
51;9;22289;51;9;22035
51;9;22036;51;9;22121
51;9;22121;51;9;22125
51;9;22125;51;9;22137
51;9;22137;51;9;22036
51;9;11938;51;9;22135
51;9;22135;51;9;11938
51;9;22037;51;9;22201
51;9;22201;51;9;22037
51;9;11975;51;9;21344
51;9;21344;51;9;21346
51;9;21346;51;9;21348
51;9;21348;51;9;26395
51;9;26395;51;9;11975
51;9;21276;51;9;21343
51;9;21343;51;9;21276
51;9;10771;51;9;26398
51;9;26398;51;9;27715
51;9;27715;51;9;10771
51;9;27720;51;9;36401
51;9;36401;51;9;27720
51;9;12673;51;9;21033
51;9;21033;51;9;26887
51;9;26887;51;9;12673
51;9;21025;51;9;26888
51;9;26888;51;9;21025
51;9;11967;51;9;11968
51;9;11968;51;9;11967
51;9;21031;51;9;21046
51;9;21046;51;9;21031
51;9;21032;51;9;21048
51;9;21048;51;9;21032
51;9;12627;51;9;20972
51;9;20972;51;9;21100
51;9;21100;51;9;12627
51;9;11675;51;9;11676
51;9;11676;51;9;11677
51;9;11677;51;9;20954
51;9;20954;51;9;21054
51;9;21054;51;9;32219
51;9;32219;51;9;32227
51;9;32227;51;9;32235
51;9;32235;51;9;32277
51;9;32277;51;9;11675
51;9;11672;51;9;23451
51;9;23451;51;9;27088
51;9;27088;51;9;11672
51;9;24512;51;9;24534
51;9;24534;51;9;24512
51;9;24513;51;9;24532
51;9;24532;51;9;24513
51;9;11964;51;9;24530
51;9;24530;51;9;24662
51;9;24662;51;9;11964
51;9;24515;51;9;24526
51;9;24526;51;9;24515
51;9;11961;51;9;11963
51;9;11963;51;9;24528
51;9;24528;51;9;24660
51;9;24660;51;9;11961
51;9;24516;51;9;24649
51;9;24649;51;9;24516
51;9;24518;51;9;24598
51;9;24598;51;9;24600
51;9;24600;51;9;24518
51;9;24551;51;9;24641
51;9;24641;51;9;24551
51;9;24588;51;9;24590
51;9;24590;51;9;24642
51;9;24642;51;9;24588
51;9;11960;51;9;14876
51;9;14876;51;9;24576
51;9;24576;51;9;24670
51;9;24670;51;9;11960
51;9;24604;51;9;24646
51;9;24646;51;9;24733
51;9;24733;51;9;24604
51;9;24606;51;9;24648
51;9;24648;51;9;24689
51;9;24689;51;9;24606
51;9;11827;51;9;11828
51;9;11828;51;9;24691
51;9;24691;51;9;24734
51;9;24734;51;9;11827
51;9;11823;51;9;11825
51;9;11825;51;9;24706
51;9;24706;51;9;24747
51;9;24747;51;9;24749
51;9;24749;51;9;24751
51;9;24751;51;9;11823
51;9;24694;51;9;24760
51;9;24760;51;9;24694
51;9;11953;51;9;11954
51;9;11954;51;9;11953
51;9;24697;51;9;25039
51;9;25039;51;9;25068
51;9;25068;51;9;24697
51;9;11951;51;9;11952
51;9;11952;51;9;11951
51;9;24868;51;9;24968
51;9;24968;51;9;24868
51;9;24869;51;9;24961
51;9;24961;51;9;24869
51;9;11949;51;9;24962
51;9;24962;51;9;24978
51;9;24978;51;9;24982
51;9;24982;51;9;11949
51;9;12260;51;9;12261
51;9;12261;51;9;24983
51;9;24983;51;9;25665
51;9;25665;51;9;12260
51;9;11984;51;9;11985
51;9;11985;51;9;24180
51;9;24180;51;9;11984
51;9;23870;51;9;24203
51;9;24203;51;9;23870
51;9;23869;51;9;24187
51;9;24187;51;9;23869
51;9;23868;51;9;24183
51;9;24183;51;9;23868
51;9;11946;51;9;11947
51;9;11947;51;9;11946
51;9;23779;51;9;24172
51;9;24172;51;9;24174
51;9;24174;51;9;23779
51;9;23778;51;9;24035
51;9;24035;51;9;23778
51;9;11945;51;9;23880
51;9;23880;51;9;24013
51;9;24013;51;9;11945
51;9;23776;51;9;24168
51;9;24168;51;9;23776
51;9;23775;51;9;24014
51;9;24014;51;9;24148
51;9;24148;51;9;23775
51;9;23774;51;9;25879
51;9;25879;51;9;23774
51;9;23770;51;9;23896
51;9;23896;51;9;31671
51;9;31671;51;9;23770
51;9;11942;51;9;36451
51;9;36451;51;9;11942
51;9;25284;51;9;25285
51;9;25285;51;9;25284
51;9;11940;51;9;23844
51;9;23844;51;9;23847
51;9;23847;51;9;23858
51;9;23858;51;9;11940
51;9;11976;51;9;23852
51;9;23852;51;9;25685
51;9;25685;51;9;11976
51;9;23839;51;9;23846
51;9;23846;51;9;23839
51;9;23840;51;9;23859
51;9;23859;51;9;23840
51;9;24044;51;9;24045
51;9;24045;51;9;24149
51;9;24149;51;9;25880
51;9;25880;51;9;24044
51;9;24051;51;9;24052
51;9;24052;51;9;25881
51;9;25881;51;9;24051
51;9;24009;51;9;25882
51;9;25882;51;9;24009
51;9;24055;51;9;24156
51;9;24156;51;9;25883
51;9;25883;51;9;24055
51;9;24056;51;9;25884
51;9;25884;51;9;24056
51;9;24034;51;9;24159
51;9;24159;51;9;24164
51;9;24164;51;9;25885
51;9;25885;51;9;24034
51;9;24000;51;9;24863
51;9;24863;51;9;24000
51;9;12354;51;9;25023
51;9;25023;51;9;25024
51;9;25024;51;9;25032
51;9;25032;51;9;12354
51;9;11978;51;9;24887
51;9;24887;51;9;25017
51;9;25017;51;9;25147
51;9;25147;51;9;25168
51;9;25168;51;9;11978
51;9;11979;51;9;12849
51;9;12849;51;9;24885
51;9;24885;51;9;11979
51;9;24004;51;9;24973
51;9;24973;51;9;24996
51;9;24996;51;9;25143
51;9;25143;51;9;24004
51;9;23926;51;9;23939
51;9;23939;51;9;24220
51;9;24220;51;9;23926
51;9;11423;51;9;11424
51;9;11424;51;9;11425
51;9;11425;51;9;24617
51;9;24617;51;9;11423
51;9;11421;51;9;24227
51;9;24227;51;9;24385
51;9;24385;51;9;24631
51;9;24631;51;9;11421
51;9;24345;51;9;24354
51;9;24354;51;9;25652
51;9;25652;51;9;24345
51;9;11419;51;9;11420
51;9;11420;51;9;11419
51;9;11418;51;9;24224
51;9;24224;51;9;24309
51;9;24309;51;9;24413
51;9;24413;51;9;11418
51;9;24230;51;9;24316
51;9;24316;51;9;24230
51;9;24294;51;9;24318
51;9;24318;51;9;24416
51;9;24416;51;9;24419
51;9;24419;51;9;24425
51;9;24425;51;9;24294
51;9;11415;51;9;11417
51;9;11417;51;9;24331
51;9;24331;51;9;24375
51;9;24375;51;9;11415
51;9;24285;51;9;24290
51;9;24290;51;9;24319
51;9;24319;51;9;24506
51;9;24506;51;9;24510
51;9;24510;51;9;24285
51;9;24281;51;9;24320
51;9;24320;51;9;24281
51;9;24267;51;9;24275
51;9;24275;51;9;24321
51;9;24321;51;9;24505
51;9;24505;51;9;24267
51;9;24497;51;9;27089
51;9;27089;51;9;24497
51;9;23891;51;9;24065
51;9;24065;51;9;23891
51;9;23825;51;9;25656
51;9;25656;51;9;23825
51;9;23781;51;9;23797
51;9;23797;51;9;25657
51;9;25657;51;9;23781
51;9;25658;51;9;25666
51;9;25666;51;9;25658
51;9;23816;51;9;23892
51;9;23892;51;9;23816
51;9;11408;51;9;23820
51;9;23820;51;9;24041
51;9;24041;51;9;11408
51;9;23822;51;9;23894
51;9;23894;51;9;24040
51;9;24040;51;9;23822
51;9;23755;51;9;23768
51;9;23768;51;9;23771
51;9;23771;51;9;23864
51;9;23864;51;9;27091
51;9;27091;51;9;23755
51;9;12356;51;9;23762
51;9;23762;51;9;23764
51;9;23764;51;9;23766
51;9;23766;51;9;23865
51;9;23865;51;9;12356
51;9;24524;51;9;24650
51;9;24650;51;9;24524
51;9;11991;51;9;24523
51;9;24523;51;9;24558
51;9;24558;51;9;11991
51;9;24522;51;9;24651
51;9;24651;51;9;24522
51;9;11990;51;9;24521
51;9;24521;51;9;11990
51;9;11837;51;9;11838
51;9;11838;51;9;24520
51;9;24520;51;9;24553
51;9;24553;51;9;11837
51;9;11833;51;9;11834
51;9;11834;51;9;11833
51;9;10194;51;9;25278
51;9;25278;51;9;10194
51;9;24403;51;9;24404
51;9;24404;51;9;24820
51;9;24820;51;9;24403
51;9;11988;51;9;11989
51;9;11989;51;9;11988
51;9;24407;51;9;24609
51;9;24609;51;9;24773
51;9;24773;51;9;24809
51;9;24809;51;9;24813
51;9;24813;51;9;24407
51;9;11812;51;9;12490
51;9;12490;51;9;12847
51;9;12847;51;9;24360
51;9;24360;51;9;24444
51;9;24444;51;9;24766
51;9;24766;51;9;11812
51;9;24611;51;9;25154
51;9;25154;51;9;24611
51;9;11986;51;9;11987
51;9;11987;51;9;11986
51;9;24613;51;9;25156
51;9;25156;51;9;25161
51;9;25161;51;9;24613
51;9;24614;51;9;24841
51;9;24841;51;9;24851
51;9;24851;51;9;25053
51;9;25053;51;9;24614
51;9;24615;51;9;25173
51;9;25173;51;9;24615
51;9;24181;51;9;24616
51;9;24616;51;9;24181
51;9;11586;51;9;11587
51;9;11587;51;9;23273
51;9;23273;51;9;11586
51;9;12006;51;9;23344
51;9;23344;51;9;12006
51;9;23299;51;9;23348
51;9;23348;51;9;23299
51;9;12003;51;9;12004
51;9;12004;51;9;23346
51;9;23346;51;9;23349
51;9;23349;51;9;23354
51;9;23354;51;9;12003
51;9;23302;51;9;23356
51;9;23356;51;9;23302
51;9;12002;51;9;12822
51;9;12822;51;9;23359
51;9;23359;51;9;12002
51;9;23303;51;9;23361
51;9;23361;51;9;25348
51;9;25348;51;9;23303
51;9;11663;51;9;11665
51;9;11665;51;9;23368
51;9;23368;51;9;11663
51;9;23304;51;9;23379
51;9;23379;51;9;23304
51;9;12213;51;9;12214
51;9;12214;51;9;12493
51;9;12493;51;9;12213
51;9;12208;51;9;12209
51;9;12209;51;9;12208
51;9;11999;51;9;23392
51;9;23392;51;9;11999
51;9;11996;51;9;23389
51;9;23389;51;9;11996
51;9;24389;51;9;24390
51;9;24390;51;9;24622
51;9;24622;51;9;24389
51;9;24391;51;9;24621
51;9;24621;51;9;24391
51;9;11840;51;9;11842
51;9;11842;51;9;31947
51;9;31947;51;9;31950
51;9;31950;51;9;31952
51;9;31952;51;9;11840
51;9;11844;51;9;23936
51;9;23936;51;9;23938
51;9;23938;51;9;27092
51;9;27092;51;9;31959
51;9;31959;51;9;31962
51;9;31962;51;9;31964
51;9;31964;51;9;11844
51;9;11449;51;9;25328
51;9;25328;51;9;11449
51;9;23934;51;9;24103
51;9;24103;51;9;23934
51;9;11447;51;9;23930
51;9;23930;51;9;11447
51;9;23929;51;9;23932
51;9;23932;51;9;24105
51;9;24105;51;9;23929
51;9;11445;51;9;23927
51;9;23927;51;9;24127
51;9;24127;51;9;24129
51;9;24129;51;9;24131
51;9;24131;51;9;11445
51;9;24108;51;9;24111
51;9;24111;51;9;24108
51;9;24109;51;9;24124
51;9;24124;51;9;24109
51;9;24110;51;9;24121
51;9;24121;51;9;24110
51;9;11443;51;9;23634
51;9;23634;51;9;23636
51;9;23636;51;9;23694
51;9;23694;51;9;23710
51;9;23710;51;9;23715
51;9;23715;51;9;29018
51;9;29018;51;9;11443
51;9;23610;51;9;25257
51;9;25257;51;9;23610
51;9;11442;51;9;23632
51;9;23632;51;9;23640
51;9;23640;51;9;23691
51;9;23691;51;9;23712
51;9;23712;51;9;11442
51;9;23596;51;9;23688
51;9;23688;51;9;23596
51;9;25870;51;9;25871
51;9;25871;51;9;25870
51;9;23615;51;9;25258
51;9;25258;51;9;23615
51;9;23599;51;9;23652
51;9;23652;51;9;23657
51;9;23657;51;9;23599
51;9;11994;51;9;23624
51;9;23624;51;9;11994
51;9;23601;51;9;23625
51;9;23625;51;9;23628
51;9;23628;51;9;23601
51;9;11743;51;9;11745
51;9;11745;51;9;25522
51;9;25522;51;9;11743
51;9;25291;51;9;25540
51;9;25540;51;9;25291
51;9;22536;51;9;25292
51;9;25292;51;9;25538
51;9;25538;51;9;25600
51;9;25600;51;9;22536
51;9;11798;51;9;11799
51;9;11799;51;9;11798
51;9;12010;51;9;19307
51;9;19307;51;9;19649
51;9;19649;51;9;35876
51;9;35876;51;9;35883
51;9;35883;51;9;12010
51;9;12359;51;9;12361
51;9;12361;51;9;35909
51;9;35909;51;9;12359
51;9;16430;51;9;17465
51;9;17465;51;9;16430
51;9;17466;51;9;25408
51;9;25408;51;9;25425
51;9;25425;51;9;17466
51;9;12013;51;9;19727
51;9;19727;51;9;12013
51;9;19641;51;9;19813
51;9;19813;51;9;19641
51;9;12014;51;9;12016
51;9;12016;51;9;19729
51;9;19729;51;9;19747
51;9;19747;51;9;19783
51;9;19783;51;9;12014
51;9;19735;51;9;19767
51;9;19767;51;9;19768
51;9;19768;51;9;19735
51;9;12362;51;9;19816
51;9;19816;51;9;19819
51;9;19819;51;9;12362
51;9;12017;51;9;19867
51;9;19867;51;9;19873
51;9;19873;51;9;12017
51;9;19740;51;9;19822
51;9;19822;51;9;19740
51;9;11755;51;9;12375
51;9;12375;51;9;12497
51;9;12497;51;9;19826
51;9;19826;51;9;11755
51;9;19720;51;9;19875
51;9;19875;51;9;22222
51;9;22222;51;9;19720
51;9;22220;51;9;22223
51;9;22223;51;9;22220
51;9;12018;51;9;12019
51;9;12019;51;9;19805
51;9;19805;51;9;22072
51;9;22072;51;9;22202
51;9;22202;51;9;12018
51;9;12021;51;9;12022
51;9;12022;51;9;22074
51;9;22074;51;9;22076
51;9;22076;51;9;12021
51;9;10481;51;9;10482
51;9;10482;51;9;10481
51;9;12023;51;9;22054
51;9;22054;51;9;22079
51;9;22079;51;9;12023
51;9;12024;51;9;22050
51;9;22050;51;9;12024
51;9;11877;51;9;11878
51;9;11878;51;9;21602
51;9;21602;51;9;21728
51;9;21728;51;9;27134
51;9;27134;51;9;11877
51;9;21600;51;9;26576
51;9;26576;51;9;21600
51;9;12025;51;9;21596
51;9;21596;51;9;12025
51;9;26574;51;9;26575
51;9;26575;51;9;26574
51;9;27155;51;9;27157
51;9;27157;51;9;27155
51;9;26572;51;9;26573
51;9;26573;51;9;27392
51;9;27392;51;9;26572
51;9;21565;51;9;21584
51;9;21584;51;9;21590
51;9;21590;51;9;21565
51;9;12026;51;9;21580
51;9;21580;51;9;12026
51;9;26568;51;9;26569
51;9;26569;51;9;26568
51;9;12218;51;9;12219
51;9;12219;51;9;12218
51;9;12369;51;9;12499
51;9;12499;51;9;12369
51;9;11597;51;9;12368
51;9;12368;51;9;11597
51;9;11594;51;9;27093
51;9;27093;51;9;11594
51;9;12030;51;9;21198
51;9;21198;51;9;12030
51;9;21057;51;9;21202
51;9;21202;51;9;21204
51;9;21204;51;9;21057
51;9;21058;51;9;21176
51;9;21176;51;9;21058
51;9;12035;51;9;21174
51;9;21174;51;9;21206
51;9;21206;51;9;12035
51;9;21059;51;9;21172
51;9;21172;51;9;21059
51;9;12506;51;9;21072
51;9;21072;51;9;21076
51;9;21076;51;9;21082
51;9;21082;51;9;21126
51;9;21126;51;9;21129
51;9;21129;51;9;27762
51;9;27762;51;9;12506
51;9;21060;51;9;21124
51;9;21124;51;9;21060
51;9;12508;51;9;21122
51;9;21122;51;9;21219
51;9;21219;51;9;12508
51;9;27298;51;9;27303
51;9;27303;51;9;27298
51;9;27300;51;9;27305
51;9;27305;51;9;27300
51;9;21061;51;9;21121
51;9;21121;51;9;21061
51;9;12505;51;9;21223
51;9;21223;51;9;12505
51;9;11617;51;9;21519
51;9;21519;51;9;21526
51;9;21526;51;9;26814
51;9;26814;51;9;26873
51;9;26873;51;9;26880
51;9;26880;51;9;11617
51;9;26812;51;9;26818
51;9;26818;51;9;26865
51;9;26865;51;9;26812
51;9;21513;51;9;21551
51;9;21551;51;9;26854
51;9;26854;51;9;21513
51;9;21514;51;9;26849
51;9;26849;51;9;21514
51;9;21515;51;9;21543
51;9;21543;51;9;21515
51;9;21516;51;9;26809
51;9;26809;51;9;21516
51;9;21517;51;9;26806
51;9;26806;51;9;21517
51;9;11612;51;9;12725
51;9;12725;51;9;35543
51;9;35543;51;9;11612
51;9;11607;51;9;21429
51;9;21429;51;9;26771
51;9;26771;51;9;26779
51;9;26779;51;9;35631
51;9;35631;51;9;11607
51;9;25456;51;9;26728
51;9;26728;51;9;25456
51;9;26729;51;9;26732
51;9;26732;51;9;26729
51;9;21409;51;9;21442
51;9;21442;51;9;26518
51;9;26518;51;9;21409
51;9;21400;51;9;26515
51;9;26515;51;9;21400
51;9;21391;51;9;21394
51;9;21394;51;9;26513
51;9;26513;51;9;26514
51;9;26514;51;9;21391
51;9;11606;51;9;21379
51;9;21379;51;9;26439
51;9;26439;51;9;35301
51;9;35301;51;9;35303
51;9;35303;51;9;35361
51;9;35361;51;9;35431
51;9;35431;51;9;35468
51;9;35468;51;9;11606
51;9;11605;51;9;26467
51;9;26467;51;9;27731
51;9;27731;51;9;35307
51;9;35307;51;9;35427
51;9;35427;51;9;11605
51;9;12685;51;9;21247
51;9;21247;51;9;35285
51;9;35285;51;9;35323
51;9;35323;51;9;12685
51;9;21458;51;9;26448
51;9;26448;51;9;21458
51;9;21460;51;9;26451
51;9;26451;51;9;21460
51;9;21461;51;9;26487
51;9;26487;51;9;21461
51;9;11599;51;9;26489
51;9;26489;51;9;11599
51;9;21250;51;9;26495
51;9;26495;51;9;21250
51;9;11598;51;9;21477
51;9;21477;51;9;25270
51;9;25270;51;9;11598
51;9;26501;51;9;26502
51;9;26502;51;9;26501
51;9;21252;51;9;21465
51;9;21465;51;9;21252
51;9;21467;51;9;21469
51;9;21469;51;9;21467
51;9;21468;51;9;26510
51;9;26510;51;9;21468
51;9;11319;51;9;11320
51;9;11320;51;9;11319
51;9;11592;51;9;23286
51;9;23286;51;9;11592
51;9;11589;51;9;23290
51;9;23290;51;9;11589
51;9;11588;51;9;23292
51;9;23292;51;9;11588
51;9;23285;51;9;23288
51;9;23288;51;9;23285
51;9;11580;51;9;11581
51;9;11581;51;9;11580
51;9;12415;51;9;23311
51;9;23311;51;9;25846
51;9;25846;51;9;12415
51;9;12442;51;9;23423
51;9;23423;51;9;27344
51;9;27344;51;9;12442
51;9;23424;51;9;25286
51;9;25286;51;9;23424
51;9;25623;51;9;25848
51;9;25848;51;9;25623
51;9;11575;51;9;11577
51;9;11577;51;9;23427
51;9;23427;51;9;11575
51;9;23431;51;9;25850
51;9;25850;51;9;23431
51;9;11572;51;9;11574
51;9;11574;51;9;23188
51;9;23188;51;9;23207
51;9;23207;51;9;23430
51;9;23430;51;9;25865
51;9;25865;51;9;11572
51;9;11571;51;9;23201
51;9;23201;51;9;23206
51;9;23206;51;9;35236
51;9;35236;51;9;11571
51;9;11563;51;9;12964
51;9;12964;51;9;22828
51;9;22828;51;9;11563
51;9;12175;51;9;22823
51;9;22823;51;9;22824
51;9;22824;51;9;12175
51;9;11559;51;9;11561
51;9;11561;51;9;22815
51;9;22815;51;9;22816
51;9;22816;51;9;22819
51;9;22819;51;9;22940
51;9;22940;51;9;22959
51;9;22959;51;9;11559
51;9;22784;51;9;22840
51;9;22840;51;9;22784
51;9;22785;51;9;22865
51;9;22865;51;9;22785
51;9;11556;51;9;11558
51;9;11558;51;9;22661
51;9;22661;51;9;22670
51;9;22670;51;9;11556
51;9;11555;51;9;22374
51;9;22374;51;9;22666
51;9;22666;51;9;22866
51;9;22866;51;9;22870
51;9;22870;51;9;25605
51;9;25605;51;9;11555
51;9;22662;51;9;22665
51;9;22665;51;9;22662
51;9;11553;51;9;16623
51;9;16623;51;9;22876
51;9;22876;51;9;22880
51;9;22880;51;9;11553
51;9;11552;51;9;22148
51;9;22148;51;9;25724
51;9;25724;51;9;11552
51;9;11547;51;9;11548
51;9;11548;51;9;22405
51;9;22405;51;9;22481
51;9;22481;51;9;22487
51;9;22487;51;9;25725
51;9;25725;51;9;11547
51;9;11545;51;9;22159
51;9;22159;51;9;22420
51;9;22420;51;9;11545
51;9;22115;51;9;22160
51;9;22160;51;9;22162
51;9;22162;51;9;22478
51;9;22478;51;9;22115
51;9;22116;51;9;22164
51;9;22164;51;9;22479
51;9;22479;51;9;22116
51;9;22117;51;9;22476
51;9;22476;51;9;22117
51;9;11540;51;9;22272
51;9;22272;51;9;11540
51;9;11538;51;9;22099
51;9;22099;51;9;22271
51;9;22271;51;9;11538
51;9;10850;51;9;27096
51;9;27096;51;9;36231
51;9;36231;51;9;10850
51;9;10849;51;9;27098
51;9;27098;51;9;10849
51;9;19289;51;9;19296
51;9;19296;51;9;27099
51;9;27099;51;9;19289
51;9;10798;51;9;10799
51;9;10799;51;9;10798
51;9;19287;51;9;27100
51;9;27100;51;9;19287
51;9;19295;51;9;19642
51;9;19642;51;9;19295
51;9;11288;51;9;19282
51;9;19282;51;9;35900
51;9;35900;51;9;11288
51;9;10764;51;9;10766
51;9;10766;51;9;35889
51;9;35889;51;9;35891
51;9;35891;51;9;36030
51;9;36030;51;9;10764
51;9;12036;51;9;12796
51;9;12796;51;9;19280
51;9;19280;51;9;12036
51;9;21797;51;9;21818
51;9;21818;51;9;21820
51;9;21820;51;9;21797
51;9;11325;51;9;11327
51;9;11327;51;9;26661
51;9;26661;51;9;11325
51;9;12041;51;9;12042
51;9;12042;51;9;21812
51;9;21812;51;9;21817
51;9;21817;51;9;12041
51;9;21800;51;9;21831
51;9;21831;51;9;21800
51;9;12391;51;9;12393
51;9;12393;51;9;21815
51;9;21815;51;9;26653
51;9;26653;51;9;26668
51;9;26668;51;9;12391
51;9;11865;51;9;11867
51;9;11867;51;9;21852
51;9;21852;51;9;21859
51;9;21859;51;9;21867
51;9;21867;51;9;11865
51;9;26680;51;9;26681
51;9;26681;51;9;26680
51;9;21848;51;9;26687
51;9;26687;51;9;21848
51;9;21850;51;9;21974
51;9;21974;51;9;26699
51;9;26699;51;9;21850
51;9;10197;51;9;10198
51;9;10198;51;9;10197
51;9;12043;51;9;16897
51;9;16897;51;9;12043
51;9;14829;51;9;17469
51;9;17469;51;9;14829
51;9;12044;51;9;12045
51;9;12045;51;9;12046
51;9;12046;51;9;16828
51;9;16828;51;9;16837
51;9;16837;51;9;16846
51;9;16846;51;9;16864
51;9;16864;51;9;26968
51;9;26968;51;9;12044
51;9;11772;51;9;11773
51;9;11773;51;9;16560
51;9;16560;51;9;16844
51;9;16844;51;9;27432
51;9;27432;51;9;11772
51;9;16525;51;9;17451
51;9;17451;51;9;16525
51;9;16516;51;9;16545
51;9;16545;51;9;17452
51;9;17452;51;9;16516
51;9;12049;51;9;16503
51;9;16503;51;9;16517
51;9;16517;51;9;16542
51;9;16542;51;9;25359
51;9;25359;51;9;25373
51;9;25373;51;9;12049
51;9;14832;51;9;16539
51;9;16539;51;9;14832
51;9;12051;51;9;12052
51;9;12052;51;9;16533
51;9;16533;51;9;16535
51;9;16535;51;9;12051
51;9;14833;51;9;16537
51;9;16537;51;9;14833
51;9;12053;51;9;12054
51;9;12054;51;9;16600
51;9;16600;51;9;16603
51;9;16603;51;9;12053
51;9;16654;51;9;16655
51;9;16655;51;9;16671
51;9;16671;51;9;27386
51;9;27386;51;9;16654
51;9;16598;51;9;16668
51;9;16668;51;9;16598
51;9;16599;51;9;16666
51;9;16666;51;9;16599
51;9;12521;51;9;16677
51;9;16677;51;9;16743
51;9;16743;51;9;16747
51;9;16747;51;9;17137
51;9;17137;51;9;17144
51;9;17144;51;9;17145
51;9;17145;51;9;17498
51;9;17498;51;9;17542
51;9;17542;51;9;12521
51;9;12523;51;9;16749
51;9;16749;51;9;17180
51;9;17180;51;9;12523
51;9;16352;51;9;16689
51;9;16689;51;9;17159
51;9;17159;51;9;17181
51;9;17181;51;9;16352
51;9;16353;51;9;17198
51;9;17198;51;9;16353
51;9;16354;51;9;17199
51;9;17199;51;9;26962
51;9;26962;51;9;16354
51;9;12524;51;9;12525
51;9;12525;51;9;12524
51;9;16355;51;9;17096
51;9;17096;51;9;17126
51;9;17126;51;9;16355
51;9;12057;51;9;16752
51;9;16752;51;9;17123
51;9;17123;51;9;12057
51;9;16356;51;9;17118
51;9;17118;51;9;17119
51;9;17119;51;9;16356
51;9;16357;51;9;16694
51;9;16694;51;9;16757
51;9;16757;51;9;16357
51;9;12058;51;9;16650
51;9;16650;51;9;17101
51;9;17101;51;9;17106
51;9;17106;51;9;22690
51;9;22690;51;9;26984
51;9;26984;51;9;12058
51;9;16632;51;9;22363
51;9;22363;51;9;22686
51;9;22686;51;9;22692
51;9;22692;51;9;16632
51;9;12060;51;9;16629
51;9;16629;51;9;12060
51;9;22364;51;9;22679
51;9;22679;51;9;22364
51;9;12061;51;9;12062
51;9;12062;51;9;22787
51;9;22787;51;9;22809
51;9;22809;51;9;12061
51;9;12063;51;9;22910
51;9;22910;51;9;22931
51;9;22931;51;9;22968
51;9;22968;51;9;22992
51;9;22992;51;9;22995
51;9;22995;51;9;12063
51;9;12067;51;9;22951
51;9;22951;51;9;25614
51;9;25614;51;9;12067
51;9;12065;51;9;22899
51;9;22899;51;9;22946
51;9;22946;51;9;12065
51;9;22896;51;9;22945
51;9;22945;51;9;23004
51;9;23004;51;9;22896
51;9;22897;51;9;22935
51;9;22935;51;9;22897
51;9;12068;51;9;22850
51;9;22850;51;9;12068
51;9;12070;51;9;22911
51;9;22911;51;9;12070
51;9;12518;51;9;12520
51;9;12520;51;9;12651
51;9;12651;51;9;22389
51;9;22389;51;9;22547
51;9;22547;51;9;22565
51;9;22565;51;9;25460
51;9;25460;51;9;25516
51;9;25516;51;9;12518
51;9;22842;51;9;22852
51;9;22852;51;9;22954
51;9;22954;51;9;22842
51;9;12072;51;9;22863
51;9;22863;51;9;22938
51;9;22938;51;9;12072
51;9;22843;51;9;22869
51;9;22869;51;9;22843
51;9;22844;51;9;22936
51;9;22936;51;9;22844
51;9;12073;51;9;22845
51;9;22845;51;9;22849
51;9;22849;51;9;22855
51;9;22855;51;9;22879
51;9;22879;51;9;22923
51;9;22923;51;9;25607
51;9;25607;51;9;12073
51;9;22554;51;9;22566
51;9;22566;51;9;22554
51;9;22454;51;9;22555
51;9;22555;51;9;22454
51;9;12527;51;9;22544
51;9;22544;51;9;12527
51;9;12529;51;9;22558
51;9;22558;51;9;12529
51;9;11643;51;9;12653
51;9;12653;51;9;22400
51;9;22400;51;9;25519
51;9;25519;51;9;25532
51;9;25532;51;9;11643
51;9;12293;51;9;12295
51;9;12295;51;9;12833
51;9;12833;51;9;23486
51;9;23486;51;9;25618
51;9;25618;51;9;32464
51;9;32464;51;9;32466
51;9;32466;51;9;32492
51;9;32492;51;9;12293
51;9;12327;51;9;12331
51;9;12331;51;9;12332
51;9;12332;51;9;25918
51;9;25918;51;9;27283
51;9;27283;51;9;12327
51;9;12534;51;9;23014
51;9;23014;51;9;23029
51;9;23029;51;9;25581
51;9;25581;51;9;27267
51;9;27267;51;9;12534
51;9;23048;51;9;23102
51;9;23102;51;9;25598
51;9;25598;51;9;23048
51;9;23103;51;9;23177
51;9;23177;51;9;23103
51;9;12533;51;9;23057
51;9;23057;51;9;23120
51;9;23120;51;9;23153
51;9;23153;51;9;25671
51;9;25671;51;9;12533
51;9;23082;51;9;23104
51;9;23104;51;9;23150
51;9;23150;51;9;23082
51;9;12085;51;9;22970
51;9;22970;51;9;22974
51;9;22974;51;9;23022
51;9;23022;51;9;12085
51;9;22888;51;9;22983
51;9;22983;51;9;23025
51;9;23025;51;9;23032
51;9;23032;51;9;22888
51;9;12082;51;9;12083
51;9;12083;51;9;22981
51;9;22981;51;9;22985
51;9;22985;51;9;23038
51;9;23038;51;9;25512
51;9;25512;51;9;12082
51;9;22889;51;9;23049
51;9;23049;51;9;22889
51;9;12177;51;9;23037
51;9;23037;51;9;12177
51;9;22989;51;9;22991
51;9;22991;51;9;22989
51;9;22890;51;9;22978
51;9;22978;51;9;22988
51;9;22988;51;9;22890
51;9;22891;51;9;22997
51;9;22997;51;9;23115
51;9;23115;51;9;22891
51;9;12081;51;9;22900
51;9;22900;51;9;12081
51;9;22892;51;9;22999
51;9;22999;51;9;22892
51;9;12536;51;9;23006
51;9;23006;51;9;23078
51;9;23078;51;9;12536
51;9;22893;51;9;22913
51;9;22913;51;9;22893
51;9;12530;51;9;22918
51;9;22918;51;9;23088
51;9;23088;51;9;23093
51;9;23093;51;9;12530
51;9;22644;51;9;25461
51;9;25461;51;9;22644
51;9;11739;51;9;22640
51;9;22640;51;9;25464
51;9;25464;51;9;25729
51;9;25729;51;9;11739
51;9;11686;51;9;11688
51;9;11688;51;9;20988
51;9;20988;51;9;11686
51;9;12087;51;9;20996
51;9;20996;51;9;12087
51;9;11386;51;9;12927
51;9;12927;51;9;20998
51;9;20998;51;9;11386
51;9;20767;51;9;20999
51;9;20999;51;9;21000
51;9;21000;51;9;20767
51;9;11384;51;9;11385
51;9;11385;51;9;20836
51;9;20836;51;9;11384
51;9;20768;51;9;20841
51;9;20841;51;9;20768
51;9;20733;51;9;20776
51;9;20776;51;9;20733
51;9;20734;51;9;20778
51;9;20778;51;9;20734
51;9;12092;51;9;20783
51;9;20783;51;9;20785
51;9;20785;51;9;20787
51;9;20787;51;9;20790
51;9;20790;51;9;12092
51;9;20764;51;9;20789
51;9;20789;51;9;20792
51;9;20792;51;9;20764
51;9;20765;51;9;20794
51;9;20794;51;9;20796
51;9;20796;51;9;20765
51;9;20798;51;9;20799
51;9;20799;51;9;20798
51;9;12096;51;9;12097
51;9;12097;51;9;12096
51;9;12664;51;9;12940
51;9;12940;51;9;12664
51;9;11370;51;9;20810
51;9;20810;51;9;11370
51;9;20806;51;9;20812
51;9;20812;51;9;20806
51;9;11371;51;9;20816
51;9;20816;51;9;20817
51;9;20817;51;9;11371
51;9;20808;51;9;20819
51;9;20819;51;9;20808
51;9;20822;51;9;20993
51;9;20993;51;9;20822
51;9;12944;51;9;20990
51;9;20990;51;9;12944
51;9;20829;51;9;20835
51;9;20835;51;9;20981
51;9;20981;51;9;20829
51;9;20969;51;9;20982
51;9;20982;51;9;20969
51;9;11680;51;9;20965
51;9;20965;51;9;11680
51;9;20920;51;9;20937
51;9;20937;51;9;32212
51;9;32212;51;9;32247
51;9;32247;51;9;20920
51;9;20933;51;9;26034
51;9;26034;51;9;20933
51;9;20922;51;9;20925
51;9;20925;51;9;20930
51;9;20930;51;9;20922
51;9;11673;51;9;23436
51;9;23436;51;9;23445
51;9;23445;51;9;11673
51;9;23370;51;9;23456
51;9;23456;51;9;23459
51;9;23459;51;9;23370
51;9;11668;51;9;24540
51;9;24540;51;9;11668
51;9;23375;51;9;23464
51;9;23464;51;9;23375
51;9;11666;51;9;23363
51;9;23363;51;9;23365
51;9;23365;51;9;25349
51;9;25349;51;9;11666
51;9;11659;51;9;23395
51;9;23395;51;9;11659
51;9;23382;51;9;23391
51;9;23391;51;9;23382
51;9;11658;51;9;23337
51;9;23337;51;9;23400
51;9;23400;51;9;11658
51;9;11657;51;9;23385
51;9;23385;51;9;11657
51;9;11654;51;9;11655
51;9;11655;51;9;23403
51;9;23403;51;9;23407
51;9;23407;51;9;23411
51;9;23411;51;9;11654
51;9;23479;51;9;25856
51;9;25856;51;9;23479
51;9;11257;51;9;11456
51;9;11456;51;9;11257
51;9;23482;51;9;25315
51;9;25315;51;9;23482
51;9;11455;51;9;23531
51;9;23531;51;9;11455
51;9;23483;51;9;23571
51;9;23571;51;9;23483
51;9;23484;51;9;23573
51;9;23573;51;9;23484
51;9;23569;51;9;27101
51;9;27101;51;9;29022
51;9;29022;51;9;29061
51;9;29061;51;9;23569
51;9;11450;51;9;22355
51;9;22355;51;9;29834
51;9;29834;51;9;29851
51;9;29851;51;9;11450
51;9;11651;51;9;25579
51;9;25579;51;9;11651
51;9;23647;51;9;25466
51;9;25466;51;9;23647
51;9;22574;51;9;23646
51;9;23646;51;9;25553
51;9;25553;51;9;25562
51;9;25562;51;9;22574
51;9;11648;51;9;22578
51;9;22578;51;9;22588
51;9;22588;51;9;22619
51;9;22619;51;9;22625
51;9;22625;51;9;11648
51;9;11645;51;9;11647
51;9;11647;51;9;22537
51;9;22537;51;9;11645
51;9;22169;51;9;22511
51;9;22511;51;9;22538
51;9;22538;51;9;22169
51;9;22170;51;9;22560
51;9;22560;51;9;22170
51;9;22171;51;9;22320
51;9;22320;51;9;25564
51;9;25564;51;9;22171
51;9;22172;51;9;22550
51;9;22550;51;9;22172
51;9;22173;51;9;22311
51;9;22311;51;9;22447
51;9;22447;51;9;25726
51;9;25726;51;9;22173
51;9;11639;51;9;14869
51;9;14869;51;9;22502
51;9;22502;51;9;11639
51;9;22175;51;9;22432
51;9;22432;51;9;22442
51;9;22442;51;9;22175
51;9;11638;51;9;22423
51;9;22423;51;9;11638
51;9;11637;51;9;14867
51;9;14867;51;9;22388
51;9;22388;51;9;22421
51;9;22421;51;9;11637
51;9;11636;51;9;22288
51;9;22288;51;9;11636
51;9;11635;51;9;22101
51;9;22101;51;9;11635
51;9;14844;51;9;17509
51;9;17509;51;9;14844
51;9;11765;51;9;11767
51;9;11767;51;9;16495
51;9;16495;51;9;11765
51;9;11757;51;9;16462
51;9;16462;51;9;27102
51;9;27102;51;9;11757
51;9;16363;51;9;16459
51;9;16459;51;9;16363
51;9;12105;51;9;12903
51;9;12903;51;9;16446
51;9;16446;51;9;12105
51;9;12106;51;9;21935
51;9;21935;51;9;12106
51;9;22185;51;9;22187
51;9;22187;51;9;22185
51;9;27263;51;9;27264
51;9;27264;51;9;27263
51;9;25620;51;9;27262
51;9;27262;51;9;25620
51;9;23235;51;9;23237
51;9;23237;51;9;27258
51;9;27258;51;9;23235
51;9;11704;51;9;22731
51;9;22731;51;9;22744
51;9;22744;51;9;23217
51;9;23217;51;9;23241
51;9;23241;51;9;11704
51;9;22722;51;9;22761
51;9;22761;51;9;22763
51;9;22763;51;9;22722
51;9;11702;51;9;22765
51;9;22765;51;9;23243
51;9;23243;51;9;11702
51;9;11698;51;9;22767
51;9;22767;51;9;22781
51;9;22781;51;9;32565
51;9;32565;51;9;11698
51;9;11697;51;9;23128
51;9;23128;51;9;23203
51;9;23203;51;9;11697
51;9;23125;51;9;23205
51;9;23205;51;9;36462
51;9;36462;51;9;23125
51;9;12176;51;9;23210
51;9;23210;51;9;12176
51;9;12296;51;9;23192
51;9;23192;51;9;25644
51;9;25644;51;9;12296
51;9;23127;51;9;23191
51;9;23191;51;9;23127
51;9;11695;51;9;23491
51;9;23491;51;9;25637
51;9;25637;51;9;25639
51;9;25639;51;9;25699
51;9;25699;51;9;27280
51;9;27280;51;9;11695
51;9;11430;51;9;23536
51;9;23536;51;9;23563
51;9;23563;51;9;23568
51;9;23568;51;9;23570
51;9;23570;51;9;23572
51;9;23572;51;9;25610
51;9;25610;51;9;11430
51;9;23904;51;9;25262
51;9;25262;51;9;29140
51;9;29140;51;9;36230
51;9;36230;51;9;23904
51;9;12384;51;9;23829
51;9;23829;51;9;24082
51;9;24082;51;9;25648
51;9;25648;51;9;25890
51;9;25890;51;9;12384
51;9;23735;51;9;24077
51;9;24077;51;9;23735
51;9;23594;51;9;25297
51;9;25297;51;9;23594
51;9;11429;51;9;23643
51;9;23643;51;9;23679
51;9;23679;51;9;23838
51;9;23838;51;9;24074
51;9;24074;51;9;11429
51;9;11427;51;9;23736
51;9;23736;51;9;23743
51;9;23743;51;9;23746
51;9;23746;51;9;11427
51;9;11426;51;9;23734
51;9;23734;51;9;23739
51;9;23739;51;9;23741
51;9;23741;51;9;23749
51;9;23749;51;9;11426
51;9;11694;51;9;23841
51;9;23841;51;9;11694
51;9;11689;51;9;23862
51;9;23862;51;9;11689
51;9;11855;51;9;11856
51;9;11856;51;9;11855
51;9;11708;51;9;20651
51;9;20651;51;9;20659
51;9;20659;51;9;20684
51;9;20684;51;9;20686
51;9;20686;51;9;20762
51;9;20762;51;9;11708
51;9;20654;51;9;20666
51;9;20666;51;9;20736
51;9;20736;51;9;20654
51;9;11709;51;9;20660
51;9;20660;51;9;20672
51;9;20672;51;9;20750
51;9;20750;51;9;11709
51;9;20625;51;9;20633
51;9;20633;51;9;20737
51;9;20737;51;9;20625
51;9;20738;51;9;20756
51;9;20756;51;9;20738
51;9;20607;51;9;20613
51;9;20613;51;9;20740
51;9;20740;51;9;20607
51;9;11711;51;9;12772
51;9;12772;51;9;14815
51;9;14815;51;9;19613
51;9;19613;51;9;19623
51;9;19623;51;9;19982
51;9;19982;51;9;19988
51;9;19988;51;9;20617
51;9;20617;51;9;20676
51;9;20676;51;9;11711
51;9;19253;51;9;19634
51;9;19634;51;9;19253
51;9;11712;51;9;19251
51;9;19251;51;9;19254
51;9;19254;51;9;11712
51;9;14847;51;9;19612
51;9;19612;51;9;14847
51;9;14849;51;9;19655
51;9;19655;51;9;14849
51;9;14850;51;9;19259
51;9;19259;51;9;14850
51;9;14851;51;9;19262
51;9;19262;51;9;14851
51;9;11713;51;9;19265
51;9;19265;51;9;19651
51;9;19651;51;9;11713
51;9;19266;51;9;25430
51;9;25430;51;9;19266
51;9;19636;51;9;25404
51;9;25404;51;9;19636
51;9;14852;51;9;19267
51;9;19267;51;9;14852
51;9;14853;51;9;19269
51;9;19269;51;9;19304
51;9;19304;51;9;14853
51;9;11714;51;9;25352
51;9;25352;51;9;25452
51;9;25452;51;9;11714
51;9;12917;51;9;19309
51;9;19309;51;9;19312
51;9;19312;51;9;36050
51;9;36050;51;9;36053
51;9;36053;51;9;12917
51;9;11719;51;9;16817
51;9;16817;51;9;11719
51;9;11332;51;9;11333
51;9;11333;51;9;16486
51;9;16486;51;9;19315
51;9;19315;51;9;11332
51;9;11720;51;9;12373
51;9;12373;51;9;16816
51;9;16816;51;9;17486
51;9;17486;51;9;28123
51;9;28123;51;9;28136
51;9;28136;51;9;28333
51;9;28333;51;9;11720
51;9;11723;51;9;11724
51;9;11724;51;9;11723
51;9;11725;51;9;11726
51;9;11726;51;9;16501
51;9;16501;51;9;17479
51;9;17479;51;9;11725
51;9;11335;51;9;11336
51;9;11336;51;9;17512
51;9;17512;51;9;21913
51;9;21913;51;9;21916
51;9;21916;51;9;11335
51;9;21914;51;9;21920
51;9;21920;51;9;25711
51;9;25711;51;9;21914
51;9;14861;51;9;21915
51;9;21915;51;9;21922
51;9;21922;51;9;14861
51;9;14862;51;9;21929
51;9;21929;51;9;14862
51;9;21940;51;9;22000
51;9;22000;51;9;21940
51;9;21937;51;9;22001
51;9;22001;51;9;25712
51;9;25712;51;9;21937
51;9;16601;51;9;17583
51;9;17583;51;9;16601
51;9;16606;51;9;17467
51;9;17467;51;9;16606
51;9;11730;51;9;16608
51;9;16608;51;9;16612
51;9;16612;51;9;16673
51;9;16673;51;9;11730
51;9;22038;51;9;22265
51;9;22265;51;9;22038
51;9;11734;51;9;22031
51;9;22031;51;9;22040
51;9;22040;51;9;22042
51;9;22042;51;9;11734
51;9;22029;51;9;22156
51;9;22156;51;9;22263
51;9;22263;51;9;25832
51;9;25832;51;9;22029
51;9;22030;51;9;22262
51;9;22262;51;9;22030
51;9;22484;51;9;22489
51;9;22489;51;9;25826
51;9;25826;51;9;25840
51;9;25840;51;9;22484
51;9;11735;51;9;22493
51;9;22493;51;9;11735
51;9;22498;51;9;25827
51;9;25827;51;9;22498
51;9;11736;51;9;22409
51;9;22409;51;9;22500
51;9;22500;51;9;11736
51;9;22546;51;9;25541
51;9;25541;51;9;22546
51;9;22297;51;9;22304
51;9;22304;51;9;22514
51;9;22514;51;9;25566
51;9;25566;51;9;25602
51;9;25602;51;9;22297
51;9;22519;51;9;25471
51;9;25471;51;9;22519
51;9;11747;51;9;11748
51;9;11748;51;9;11747
51;9;16370;51;9;17525
51;9;17525;51;9;16370
51;9;16371;51;9;17339
51;9;17339;51;9;17442
51;9;17442;51;9;16371
51;9;11785;51;9;17441
51;9;17441;51;9;11785
51;9;12388;51;9;17335
51;9;17335;51;9;17337
51;9;17337;51;9;17473
51;9;17473;51;9;12388
51;9;11779;51;9;17298
51;9;17298;51;9;11779
51;9;16380;51;9;17028
51;9;17028;51;9;16380
51;9;11777;51;9;17220
51;9;17220;51;9;17234
51;9;17234;51;9;11777
51;9;11776;51;9;17229
51;9;17229;51;9;26940
51;9;26940;51;9;11776
51;9;11775;51;9;16563
51;9;16563;51;9;16871
51;9;16871;51;9;17558
51;9;17558;51;9;11775
51;9;16858;51;9;17468
51;9;17468;51;9;27002
51;9;27002;51;9;16858
51;9;14898;51;9;16785
51;9;16785;51;9;16800
51;9;16800;51;9;16859
51;9;16859;51;9;16867
51;9;16867;51;9;14898
51;9;16383;51;9;16799
51;9;16799;51;9;16383
51;9;14900;51;9;16553
51;9;16553;51;9;16855
51;9;16855;51;9;14900
51;9;11769;51;9;16524
51;9;16524;51;9;11769
51;9;14901;51;9;16521
51;9;16521;51;9;16523
51;9;16523;51;9;14901
51;9;11768;51;9;16512
51;9;16512;51;9;16522
51;9;16522;51;9;11768
51;9;11762;51;9;11763
51;9;11763;51;9;16469
51;9;16469;51;9;11762
51;9;11761;51;9;16478
51;9;16478;51;9;11761
51;9;14885;51;9;17516
51;9;17516;51;9;14885
51;9;11760;51;9;16445
51;9;16445;51;9;11760
51;9;14888;51;9;19888
51;9;19888;51;9;14888
51;9;11756;51;9;19824
51;9;19824;51;9;19828
51;9;19828;51;9;19886
51;9;19886;51;9;11756
51;9;12945;51;9;19752
51;9;19752;51;9;19874
51;9;19874;51;9;12945
51;9;11754;51;9;19706
51;9;19706;51;9;19821
51;9;19821;51;9;11754
51;9;19707;51;9;19741
51;9;19741;51;9;19862
51;9;19862;51;9;19707
51;9;11753;51;9;19776
51;9;19776;51;9;19859
51;9;19859;51;9;11753
51;9;11752;51;9;19793
51;9;19793;51;9;19831
51;9;19831;51;9;19834
51;9;19834;51;9;19843
51;9;19843;51;9;19853
51;9;19853;51;9;25400
51;9;25400;51;9;25414
51;9;25414;51;9;11752
51;9;19742;51;9;19849
51;9;19849;51;9;19742
51;9;19714;51;9;19743
51;9;19743;51;9;19714
51;9;19715;51;9;25369
51;9;25369;51;9;19715
51;9;25413;51;9;26040
51;9;26040;51;9;25413
51;9;22295;51;9;22309
51;9;22309;51;9;22295
51;9;11794;51;9;22312
51;9;22312;51;9;25728
51;9;25728;51;9;11794
51;9;22317;51;9;25301
51;9;25301;51;9;22317
51;9;11797;51;9;22298
51;9;22298;51;9;11797
51;9;11800;51;9;23626
51;9;23626;51;9;11800
51;9;23586;51;9;23659
51;9;23659;51;9;23586
51;9;23587;51;9;23662
51;9;23662;51;9;23587
51;9;11802;51;9;23619
51;9;23619;51;9;11802
51;9;23589;51;9;23668
51;9;23668;51;9;23589
51;9;25264;51;9;25899
51;9;25899;51;9;27514
51;9;27514;51;9;25264
51;9;11436;51;9;23684
51;9;23684;51;9;11436
51;9;23591;51;9;23789
51;9;23789;51;9;23591
51;9;11437;51;9;11438
51;9;11438;51;9;24076
51;9;24076;51;9;24079
51;9;24079;51;9;24088
51;9;24088;51;9;24095
51;9;24095;51;9;11437
51;9;23592;51;9;23795
51;9;23795;51;9;24097
51;9;24097;51;9;24099
51;9;24099;51;9;23592
51;9;25878;51;9;25889
51;9;25889;51;9;25878
51;9;24212;51;9;24492
51;9;24492;51;9;24498
51;9;24498;51;9;24212
51;9;24213;51;9;24494
51;9;24494;51;9;24501
51;9;24501;51;9;24502
51;9;24502;51;9;24213
51;9;24214;51;9;24371
51;9;24371;51;9;24461
51;9;24461;51;9;24499
51;9;24499;51;9;24214
51;9;11804;51;9;11805
51;9;11805;51;9;24376
51;9;24376;51;9;24453
51;9;24453;51;9;24458
51;9;24458;51;9;24465
51;9;24465;51;9;24468
51;9;24468;51;9;24472
51;9;24472;51;9;11804
51;9;11806;51;9;11807
51;9;11807;51;9;24839
51;9;24839;51;9;11806
51;9;11808;51;9;11809
51;9;11809;51;9;11810
51;9;11810;51;9;24380
51;9;24380;51;9;11808
51;9;24215;51;9;25115
51;9;25115;51;9;24215
51;9;24216;51;9;25106
51;9;25106;51;9;24216
51;9;11815;51;9;24792
51;9;24792;51;9;25105
51;9;25105;51;9;11815
51;9;24217;51;9;25104
51;9;25104;51;9;24217
51;9;24676;51;9;24741
51;9;24741;51;9;24742
51;9;24742;51;9;24676
51;9;11826;51;9;12842
51;9;12842;51;9;24738
51;9;24738;51;9;11826
51;9;12412;51;9;12837
51;9;12837;51;9;23432
51;9;23432;51;9;25847
51;9;25847;51;9;27343
51;9;27343;51;9;12412
51;9;12191;51;9;12192
51;9;12192;51;9;23414
51;9;23414;51;9;23518
51;9;23518;51;9;12191
51;9;11839;51;9;24619
51;9;24619;51;9;24620
51;9;24620;51;9;11839
51;9;24388;51;9;24394
51;9;24394;51;9;24388
51;9;24395;51;9;24633
51;9;24633;51;9;24395
51;9;12215;51;9;12217
51;9;12217;51;9;24636
51;9;24636;51;9;12215
51;9;10188;51;9;25273
51;9;25273;51;9;10188
51;9;10190;51;9;10192
51;9;10192;51;9;10190
51;9;11832;51;9;24564
51;9;24564;51;9;24566
51;9;24566;51;9;24830
51;9;24830;51;9;24836
51;9;24836;51;9;11832
51;9;24398;51;9;24568
51;9;24568;51;9;24398
51;9;11849;51;9;27230
51;9;27230;51;9;27235
51;9;27235;51;9;11849
51;9;19166;51;9;19572
51;9;19572;51;9;19166
51;9;19167;51;9;19578
51;9;19578;51;9;19584
51;9;19584;51;9;19167
51;9;12766;51;9;19168
51;9;19168;51;9;12766
51;9;19169;51;9;19579
51;9;19579;51;9;19169
51;9;11850;51;9;19550
51;9;19550;51;9;19568
51;9;19568;51;9;27238
51;9;27238;51;9;11850
51;9;25478;51;9;25487
51;9;25487;51;9;25478
51;9;19170;51;9;20759
51;9;20759;51;9;19170
51;9;19171;51;9;19549
51;9;19549;51;9;19171
51;9;19172;51;9;27222
51;9;27222;51;9;19172
51;9;20707;51;9;27188
51;9;27188;51;9;27193
51;9;27193;51;9;20707
51;9;20710;51;9;27190
51;9;27190;51;9;20710
51;9;11860;51;9;20698
51;9;20698;51;9;11860
51;9;20713;51;9;27208
51;9;27208;51;9;30129
51;9;30129;51;9;30133
51;9;30133;51;9;20713
51;9;11861;51;9;20723
51;9;20723;51;9;20726
51;9;20726;51;9;11861
51;9;20714;51;9;21889
51;9;21889;51;9;20714
51;9;20715;51;9;20720
51;9;20720;51;9;20715
51;9;11868;51;9;21862
51;9;21862;51;9;21989
51;9;21989;51;9;11868
51;9;12855;51;9;20716
51;9;20716;51;9;21995
51;9;21995;51;9;12855
51;9;20719;51;9;26670
51;9;26670;51;9;20719
51;9;21796;51;9;26656
51;9;26656;51;9;21796
51;9;11869;51;9;26006
51;9;26006;51;9;26650
51;9;26650;51;9;11869
51;9;26645;51;9;26646
51;9;26646;51;9;26645
51;9;12861;51;9;12954
51;9;12954;51;9;12861
51;9;21688;51;9;21698
51;9;21698;51;9;26639
51;9;26639;51;9;26640
51;9;26640;51;9;21688
51;9;11871;51;9;11872
51;9;11872;51;9;21666
51;9;21666;51;9;21681
51;9;21681;51;9;21695
51;9;21695;51;9;26635
51;9;26635;51;9;32049
51;9;32049;51;9;32059
51;9;32059;51;9;11871
51;9;26015;51;9;26017
51;9;26017;51;9;26015
51;9;11394;51;9;11395
51;9;11395;51;9;12870
51;9;12870;51;9;12871
51;9;12871;51;9;26607
51;9;26607;51;9;36433
51;9;36433;51;9;11394
51;9;12264;51;9;12265
51;9;12265;51;9;21629
51;9;21629;51;9;36434
51;9;36434;51;9;12264
51;9;21630;51;9;21732
51;9;21732;51;9;21630
51;9;11874;51;9;12880
51;9;12880;51;9;21748
51;9;21748;51;9;21750
51;9;21750;51;9;27151
51;9;27151;51;9;11874
51;9;21610;51;9;21734
51;9;21734;51;9;26581
51;9;26581;51;9;21610
51;9;21735;51;9;21740
51;9;21740;51;9;21735
51;9;21736;51;9;21737
51;9;21737;51;9;21736
51;9;22390;51;9;22431
51;9;22431;51;9;22455
51;9;22455;51;9;22390
51;9;22430;51;9;25950
51;9;25950;51;9;25952
51;9;25952;51;9;22430
51;9;22392;51;9;22462
51;9;22462;51;9;22392
51;9;22393;51;9;22404
51;9;22404;51;9;22393
51;9;22394;51;9;22464
51;9;22464;51;9;22394
51;9;22395;51;9;22448
51;9;22448;51;9;22395
51;9;22396;51;9;22428
51;9;22428;51;9;22441
51;9;22441;51;9;22396
51;9;22177;51;9;22397
51;9;22397;51;9;22416
51;9;22416;51;9;22470
51;9;22470;51;9;22177
51;9;22130;51;9;22399
51;9;22399;51;9;22415
51;9;22415;51;9;27490
51;9;27490;51;9;27501
51;9;27501;51;9;22130
51;9;16829;51;9;16841
51;9;16841;51;9;16829
51;9;16830;51;9;16836
51;9;16836;51;9;16830
51;9;16831;51;9;16834
51;9;16834;51;9;16831
51;9;16384;51;9;16843
51;9;16843;51;9;16384
51;9;16385;51;9;16854
51;9;16854;51;9;16385
51;9;16386;51;9;16850
51;9;16850;51;9;16386
51;9;12150;51;9;12152
51;9;12152;51;9;16814
51;9;16814;51;9;27835
51;9;27835;51;9;12150
51;9;12145;51;9;17383
51;9;17383;51;9;17385
51;9;17385;51;9;17440
51;9;17440;51;9;12145
51;9;23061;51;9;23111
51;9;23111;51;9;23114
51;9;23114;51;9;25558
51;9;25558;51;9;23061
51;9;22368;51;9;22786
51;9;22786;51;9;22368
51;9;12272;51;9;21788
51;9;21788;51;9;12272
51;9;21778;51;9;26619
51;9;26619;51;9;21778
51;9;19155;51;9;21784
51;9;21784;51;9;19155
51;9;12892;51;9;19156
51;9;19156;51;9;26621
51;9;26621;51;9;12892
51;9;19435;51;9;19487
51;9;19487;51;9;19435
51;9;19436;51;9;19470
51;9;19470;51;9;19471
51;9;19471;51;9;19483
51;9;19483;51;9;19436
51;9;22601;51;9;22609
51;9;22609;51;9;25556
51;9;25556;51;9;22601
51;9;22587;51;9;22602
51;9;22602;51;9;22635
51;9;22635;51;9;22587
51;9;22603;51;9;22638
51;9;22638;51;9;22603
51;9;22604;51;9;22651
51;9;22651;51;9;22604
51;9;22329;51;9;22351
51;9;22351;51;9;22605
51;9;22605;51;9;22329
51;9;23613;51;9;23650
51;9;23650;51;9;23613
51;9;23614;51;9;23656
51;9;23656;51;9;23614
51;9;23617;51;9;23664
51;9;23664;51;9;23617
51;9;23618;51;9;23667
51;9;23667;51;9;23618
51;9;23607;51;9;23699
51;9;23699;51;9;25592
51;9;25592;51;9;23607
51;9;23608;51;9;23629
51;9;23629;51;9;23707
51;9;23707;51;9;23608
51;9;23609;51;9;23689
51;9;23689;51;9;23692
51;9;23692;51;9;23609
51;9;23698;51;9;23700
51;9;23700;51;9;23698
51;9;23701;51;9;23709
51;9;23709;51;9;23701
51;9;23633;51;9;23703
51;9;23703;51;9;23633
51;9;12167;51;9;22250
51;9;22250;51;9;12167
51;9;22192;51;9;22207
51;9;22207;51;9;22192
51;9;12198;51;9;12200
51;9;12200;51;9;22194
51;9;22194;51;9;12198
51;9;22103;51;9;22105
51;9;22105;51;9;22103
51;9;16573;51;9;16575
51;9;16575;51;9;16581
51;9;16581;51;9;16589
51;9;16589;51;9;16573
51;9;12131;51;9;17016
51;9;17016;51;9;17017
51;9;17017;51;9;17022
51;9;17022;51;9;17025
51;9;17025;51;9;26938
51;9;26938;51;9;12131
51;9;16388;51;9;16873
51;9;16873;51;9;16884
51;9;16884;51;9;16885
51;9;16885;51;9;16388
51;9;16389;51;9;16879
51;9;16879;51;9;16389
51;9;12155;51;9;16870
51;9;16870;51;9;26948
51;9;26948;51;9;26999
51;9;26999;51;9;12155
51;9;16390;51;9;16861
51;9;16861;51;9;16390
51;9;12156;51;9;16857
51;9;16857;51;9;16866
51;9;16866;51;9;12156
51;9;24686;51;9;24688
51;9;24688;51;9;24686
51;9;17153;51;9;17154
51;9;17154;51;9;17169
51;9;17169;51;9;17172
51;9;17172;51;9;17174
51;9;17174;51;9;17153
51;9;17155;51;9;17176
51;9;17176;51;9;17155
51;9;17148;51;9;17156
51;9;17156;51;9;17178
51;9;17178;51;9;17187
51;9;17187;51;9;17148
51;9;17146;51;9;17151
51;9;17151;51;9;17158
51;9;17158;51;9;17146
51;9;22195;51;9;22208
51;9;22208;51;9;22195
51;9;22197;51;9;22215
51;9;22215;51;9;22197
51;9;22139;51;9;22198
51;9;22198;51;9;22233
51;9;22233;51;9;22139
51;9;22199;51;9;22291
51;9;22291;51;9;22199
51;9;22119;51;9;22200
51;9;22200;51;9;22249
51;9;22249;51;9;22292
51;9;22292;51;9;22119
51;9;21603;51;9;26577
51;9;26577;51;9;21603
51;9;21606;51;9;21607
51;9;21607;51;9;21606
51;9;23259;51;9;23266
51;9;23266;51;9;23259
51;9;16527;51;9;16529
51;9;16529;51;9;16541
51;9;16541;51;9;16527
51;9;16530;51;9;16548
51;9;16548;51;9;16552
51;9;16552;51;9;16555
51;9;16555;51;9;16530
51;9;16531;51;9;16792
51;9;16792;51;9;16797
51;9;16797;51;9;17588
51;9;17588;51;9;16531
51;9;16678;51;9;16701
51;9;16701;51;9;16720
51;9;16720;51;9;16739
51;9;16739;51;9;17422
51;9;17422;51;9;16678
51;9;16679;51;9;16714
51;9;16714;51;9;16731
51;9;16731;51;9;16679
51;9;16680;51;9;16711
51;9;16711;51;9;16680
51;9;16681;51;9;16685
51;9;16685;51;9;16705
51;9;16705;51;9;16729
51;9;16729;51;9;16681
51;9;16682;51;9;16726
51;9;16726;51;9;16682
51;9;19334;51;9;25797
51;9;25797;51;9;19334
51;9;27271;51;9;27341
51;9;27341;51;9;27271
51;9;23176;51;9;23180
51;9;23180;51;9;23551
51;9;23551;51;9;25667
51;9;25667;51;9;23176
51;9;12317;51;9;23181
51;9;23181;51;9;23533
51;9;23533;51;9;23547
51;9;23547;51;9;12317
51;9;12318;51;9;23170
51;9;23170;51;9;23186
51;9;23186;51;9;23553
51;9;23553;51;9;23556
51;9;23556;51;9;12318
51;9;12320;51;9;23124
51;9;23124;51;9;23169
51;9;23169;51;9;25604
51;9;25604;51;9;12320
51;9;12321;51;9;23158
51;9;23158;51;9;23162
51;9;23162;51;9;23541
51;9;23541;51;9;23579
51;9;23579;51;9;26901
51;9;26901;51;9;12321
51;9;23575;51;9;23578
51;9;23578;51;9;25310
51;9;25310;51;9;23575
51;9;20941;51;9;20948
51;9;20948;51;9;20941
51;9;20942;51;9;20946
51;9;20946;51;9;20950
51;9;20950;51;9;20942
51;9;12163;51;9;20952
51;9;20952;51;9;12163
51;9;12902;51;9;25494
51;9;25494;51;9;12902
51;9;19562;51;9;20746
51;9;20746;51;9;19562
51;9;20664;51;9;20682
51;9;20682;51;9;20748
51;9;20748;51;9;20664
51;9;20661;51;9;20749
51;9;20749;51;9;20661
51;9;20649;51;9;20751
51;9;20751;51;9;20649
51;9;11362;51;9;21657
51;9;21657;51;9;26600
51;9;26600;51;9;11362
51;9;26602;51;9;26605
51;9;26605;51;9;26602
51;9;21653;51;9;21665
51;9;21665;51;9;21653
51;9;11363;51;9;21661
51;9;21661;51;9;11363
51;9;25486;51;9;25868
51;9;25868;51;9;25486
51;9;19806;51;9;19881
51;9;19881;51;9;25424
51;9;25424;51;9;19806
51;9;19807;51;9;19887
51;9;19887;51;9;25367
51;9;25367;51;9;19807
51;9;19809;51;9;19883
51;9;19883;51;9;19809
51;9;12171;51;9;25419
51;9;25419;51;9;12171
51;9;19753;51;9;26038
51;9;26038;51;9;19753
51;9;19754;51;9;19878
51;9;19878;51;9;19754
51;9;19755;51;9;19801
51;9;19801;51;9;19802
51;9;19802;51;9;25412
51;9;25412;51;9;19755
51;9;23641;51;9;23678
51;9;23678;51;9;23682
51;9;23682;51;9;23641
51;9;24011;51;9;24016
51;9;24016;51;9;24153
51;9;24153;51;9;24011
51;9;24017;51;9;24157
51;9;24157;51;9;24017
51;9;24018;51;9;24160
51;9;24160;51;9;24018
51;9;24019;51;9;24170
51;9;24170;51;9;24019
51;9;24020;51;9;24038
51;9;24038;51;9;24020
51;9;24021;51;9;24167
51;9;24167;51;9;32319
51;9;32319;51;9;24021
51;9;23030;51;9;23130
51;9;23130;51;9;23030
51;9;23012;51;9;25513
51;9;25513;51;9;23012
51;9;23013;51;9;25534
51;9;25534;51;9;23013
51;9;23016;51;9;23178
51;9;23178;51;9;23016
51;9;23017;51;9;23054
51;9;23054;51;9;23173
51;9;23173;51;9;23017
51;9;23018;51;9;23121
51;9;23121;51;9;23018
51;9;23154;51;9;25477
51;9;25477;51;9;23154
51;9;17256;51;9;17263
51;9;17263;51;9;17269
51;9;17269;51;9;17288
51;9;17288;51;9;17292
51;9;17292;51;9;17522
51;9;17522;51;9;17256
51;9;12830;51;9;17271
51;9;17271;51;9;12830
51;9;22905;51;9;22969
51;9;22969;51;9;22905
51;9;22907;51;9;22972
51;9;22972;51;9;22907
51;9;12187;51;9;22908
51;9;22908;51;9;12187
51;9;22909;51;9;22979
51;9;22979;51;9;22909
51;9;23623;51;9;23627
51;9;23627;51;9;23623
51;9;24618;51;9;25891
51;9;25891;51;9;32010
51;9;32010;51;9;24618
51;9;23916;51;9;24261
51;9;24261;51;9;24264
51;9;24264;51;9;25909
51;9;25909;51;9;23916
51;9;24225;51;9;24346
51;9;24346;51;9;24358
51;9;24358;51;9;24225
51;9;24323;51;9;24342
51;9;24342;51;9;24323
51;9;24221;51;9;24256
51;9;24256;51;9;24303
51;9;24303;51;9;24310
51;9;24310;51;9;24324
51;9;24324;51;9;24221
51;9;12300;51;9;24228
51;9;24228;51;9;24258
51;9;24258;51;9;24291
51;9;24291;51;9;24299
51;9;24299;51;9;24300
51;9;24300;51;9;24306
51;9;24306;51;9;24335
51;9;24335;51;9;12300
51;9;12299;51;9;24276
51;9;24276;51;9;24326
51;9;24326;51;9;24332
51;9;24332;51;9;12299
51;9;24234;51;9;24236
51;9;24236;51;9;24237
51;9;24237;51;9;24270
51;9;24270;51;9;24271
51;9;24271;51;9;24282
51;9;24282;51;9;24325
51;9;24325;51;9;25663
51;9;25663;51;9;24234
51;9;12249;51;9;12250
51;9;12250;51;9;24379
51;9;24379;51;9;24431
51;9;24431;51;9;24450
51;9;24450;51;9;24455
51;9;24455;51;9;12249
51;9;12248;51;9;24381
51;9;24381;51;9;24447
51;9;24447;51;9;12248
51;9;12183;51;9;22804
51;9;22804;51;9;22805
51;9;22805;51;9;22812
51;9;22812;51;9;22813
51;9;22813;51;9;12183
51;9;22782;51;9;22797
51;9;22797;51;9;22800
51;9;22800;51;9;22825
51;9;22825;51;9;22826
51;9;22826;51;9;22782
51;9;12181;51;9;22792
51;9;22792;51;9;22793
51;9;22793;51;9;12181
51;9;22783;51;9;22790
51;9;22790;51;9;22829
51;9;22829;51;9;22783
51;9;22299;51;9;22515
51;9;22515;51;9;22299
51;9;22303;51;9;22323
51;9;22323;51;9;22505
51;9;22505;51;9;22509
51;9;22509;51;9;22512
51;9;22512;51;9;22303
51;9;24242;51;9;24333
51;9;24333;51;9;25674
51;9;25674;51;9;29928
51;9;29928;51;9;24242
51;9;24286;51;9;24298
51;9;24298;51;9;24327
51;9;24327;51;9;24286
51;9;24288;51;9;24295
51;9;24295;51;9;24328
51;9;24328;51;9;24288
51;9;20070;51;9;20094
51;9;20094;51;9;20108
51;9;20108;51;9;27356
51;9;27356;51;9;20070
51;9;20071;51;9;20096
51;9;20096;51;9;20111
51;9;20111;51;9;20139
51;9;20139;51;9;20071
51;9;20097;51;9;20131
51;9;20131;51;9;20097
51;9;20098;51;9;20126
51;9;20126;51;9;20098
51;9;20223;51;9;20258
51;9;20258;51;9;20269
51;9;20269;51;9;20508
51;9;20508;51;9;30026
51;9;30026;51;9;30028
51;9;30028;51;9;20223
51;9;20250;51;9;20253
51;9;20253;51;9;20256
51;9;20256;51;9;20261
51;9;20261;51;9;20264
51;9;20264;51;9;20266
51;9;20266;51;9;20270
51;9;20270;51;9;20503
51;9;20503;51;9;20506
51;9;20506;51;9;20250
51;9;20271;51;9;25766
51;9;25766;51;9;20271
51;9;20239;51;9;20272
51;9;20272;51;9;20239
51;9;20274;51;9;20282
51;9;20282;51;9;20274
51;9;20275;51;9;20293
51;9;20293;51;9;25778
51;9;25778;51;9;20275
51;9;20072;51;9;20091
51;9;20091;51;9;20100
51;9;20100;51;9;20106
51;9;20106;51;9;20072
51;9;20073;51;9;20087
51;9;20087;51;9;20093
51;9;20093;51;9;20073
51;9;20074;51;9;20084
51;9;20084;51;9;20074
51;9;20075;51;9;20079
51;9;20079;51;9;20075
51;9;14822;51;9;19926
51;9;19926;51;9;19954
51;9;19954;51;9;19998
51;9;19998;51;9;20034
51;9;20034;51;9;20064
51;9;20064;51;9;20066
51;9;20066;51;9;20077
51;9;20077;51;9;20410
51;9;20410;51;9;14822
51;9;20153;51;9;20199
51;9;20199;51;9;20201
51;9;20201;51;9;20219
51;9;20219;51;9;20153
51;9;20200;51;9;20233
51;9;20233;51;9;20200
51;9;17560;51;9;20230
51;9;20230;51;9;20231
51;9;20231;51;9;17560
51;9;12147;51;9;16940
51;9;16940;51;9;16941
51;9;16941;51;9;16947
51;9;16947;51;9;16950
51;9;16950;51;9;26956
51;9;26956;51;9;12147
51;9;20206;51;9;20221
51;9;20221;51;9;20222
51;9;20222;51;9;20236
51;9;20236;51;9;30019
51;9;30019;51;9;30025
51;9;30025;51;9;20206
51;9;25742;51;9;25771
51;9;25771;51;9;25742
51;9;20207;51;9;20224
51;9;20224;51;9;20207
51;9;20208;51;9;20262
51;9;20262;51;9;25784
51;9;25784;51;9;20208
51;9;20210;51;9;26713
51;9;26713;51;9;20210
51;9;16966;51;9;20211
51;9;20211;51;9;16966
51;9;25544;51;9;25612
51;9;25612;51;9;25544
51;9;22403;51;9;22449
51;9;22449;51;9;22403
51;9;22627;51;9;25554
51;9;25554;51;9;25559
51;9;25559;51;9;22627
51;9;22384;51;9;22434
51;9;22434;51;9;22384
51;9;22385;51;9;22439
51;9;22439;51;9;22385
51;9;22279;51;9;22387
51;9;22387;51;9;22413
51;9;22413;51;9;22279
51;9;19232;51;9;19324
51;9;19324;51;9;19232
51;9;16583;51;9;22012
51;9;22012;51;9;25951
51;9;25951;51;9;16583
51;9;22005;51;9;22013
51;9;22013;51;9;22020
51;9;22020;51;9;22026
51;9;22026;51;9;22179
51;9;22179;51;9;25835
51;9;25835;51;9;22005
51;9;11997;51;9;24624
51;9;24624;51;9;24668
51;9;24668;51;9;11997
51;9;19144;51;9;19996
51;9;19996;51;9;20040
51;9;20040;51;9;20044
51;9;20044;51;9;19144
51;9;12136;51;9;17356
51;9;17356;51;9;17357
51;9;17357;51;9;12136
51;9;12133;51;9;12135
51;9;12135;51;9;12133
51;9;12126;51;9;17499
51;9;17499;51;9;12126
51;9;12124;51;9;17328
51;9;17328;51;9;12124
51;9;16399;51;9;17330
51;9;17330;51;9;16399
51;9;12130;51;9;17041
51;9;17041;51;9;17071
51;9;17071;51;9;12130
51;9;16401;51;9;17039
51;9;17039;51;9;16401
51;9;16402;51;9;16946
51;9;16946;51;9;17033
51;9;17033;51;9;16402
51;9;12132;51;9;17001
51;9;17001;51;9;17007
51;9;17007;51;9;17015
51;9;17015;51;9;12132
51;9;17218;51;9;17222
51;9;17222;51;9;17247
51;9;17247;51;9;17218
51;9;17223;51;9;17243
51;9;17243;51;9;17223
51;9;17224;51;9;17301
51;9;17301;51;9;17529
51;9;17529;51;9;17224
51;9;17225;51;9;17300
51;9;17300;51;9;17225
51;9;12844;51;9;24682
51;9;24682;51;9;24746
51;9;24746;51;9;25732
51;9;25732;51;9;12844
51;9;12959;51;9;24683
51;9;24683;51;9;12959
51;9;24684;51;9;24726
51;9;24726;51;9;24729
51;9;24729;51;9;24684
51;9;24685;51;9;24732
51;9;24732;51;9;24685
51;9;17160;51;9;17197
51;9;17197;51;9;17160
51;9;17162;51;9;17190
51;9;17190;51;9;17162
51;9;17163;51;9;17203
51;9;17203;51;9;17163
51;9;16691;51;9;16751
51;9;16751;51;9;16691
51;9;16693;51;9;16742
51;9;16742;51;9;16746
51;9;16746;51;9;17117
51;9;17117;51;9;16693
51;9;16695;51;9;16702
51;9;16702;51;9;16738
51;9;16738;51;9;16753
51;9;16753;51;9;16695
51;9;16697;51;9;16755
51;9;16755;51;9;16697
51;9;16698;51;9;26982
51;9;26982;51;9;16698
51;9;24607;51;9;24673
51;9;24673;51;9;24607
51;9;24669;51;9;24674
51;9;24674;51;9;24669
51;9;17143;51;9;17167
51;9;17167;51;9;17143
51;9;12313;51;9;23931
51;9;23931;51;9;23935
51;9;23935;51;9;23937
51;9;23937;51;9;24116
51;9;24116;51;9;25327
51;9;25327;51;9;12313
51;9;23917;51;9;23940
51;9;23940;51;9;23942
51;9;23942;51;9;23917
51;9;12343;51;9;24569
51;9;24569;51;9;24699
51;9;24699;51;9;12343
51;9;25650;51;9;25731
51;9;25731;51;9;25650
51;9;24700;51;9;24710
51;9;24710;51;9;24716
51;9;24716;51;9;24700
51;9;24702;51;9;24711
51;9;24711;51;9;24702
51;9;12840;51;9;24703
51;9;24703;51;9;24730
51;9;24730;51;9;12840
51;9;17109;51;9;22688
51;9;22688;51;9;22699
51;9;22699;51;9;17109
51;9;22689;51;9;22693
51;9;22693;51;9;22689
51;9;21077;51;9;21136
51;9;21136;51;9;21138
51;9;21138;51;9;21077
51;9;21081;51;9;21140
51;9;21140;51;9;21081
51;9;12307;51;9;23959
51;9;23959;51;9;23966
51;9;23966;51;9;24338
51;9;24338;51;9;25887
51;9;25887;51;9;29885
51;9;29885;51;9;29904
51;9;29904;51;9;29906
51;9;29906;51;9;12307
51;9;14893;51;9;16833
51;9;16833;51;9;14893
51;9;14894;51;9;16807
51;9;16807;51;9;14894
51;9;12148;51;9;16808
51;9;16808;51;9;16840
51;9;16840;51;9;12148
51;9;14895;51;9;16810
51;9;16810;51;9;14895
51;9;14896;51;9;16812
51;9;16812;51;9;14896
51;9;14897;51;9;16813
51;9;16813;51;9;14897
51;9;23843;51;9;23849
51;9;23849;51;9;23843
51;9;23218;51;9;23224
51;9;23224;51;9;23239
51;9;23239;51;9;23218
51;9;23227;51;9;23233
51;9;23233;51;9;23227
51;9;16576;51;9;16578
51;9;16578;51;9;16591
51;9;16591;51;9;27837
51;9;27837;51;9;16576
51;9;16579;51;9;16586
51;9;16586;51;9;16590
51;9;16590;51;9;16579
51;9;11629;51;9;23428
51;9;23428;51;9;11629
51;9;23189;51;9;23194
51;9;23194;51;9;23189
51;9;23190;51;9;23193
51;9;23193;51;9;23190
51;9;27266;51;9;27284
51;9;27284;51;9;27266
51;9;25426;51;9;27128
51;9;27128;51;9;25426
51;9;23386;51;9;23398
51;9;23398;51;9;23399
51;9;23399;51;9;23401
51;9;23401;51;9;23386
51;9;23387;51;9;23390
51;9;23390;51;9;23397
51;9;23397;51;9;23387
51;9;16610;51;9;16613
51;9;16613;51;9;16615
51;9;16615;51;9;16662
51;9;16662;51;9;16610
51;9;16627;51;9;16635
51;9;16635;51;9;16627
51;9;16628;51;9;16630
51;9;16630;51;9;16639
51;9;16639;51;9;16641
51;9;16641;51;9;22685
51;9;22685;51;9;16628
51;9;17566;51;9;22370
51;9;22370;51;9;22675
51;9;22675;51;9;17566
51;9;22361;51;9;22674
51;9;22674;51;9;22361
51;9;16620;51;9;16622
51;9;16622;51;9;16633
51;9;16633;51;9;22371
51;9;22371;51;9;22656
51;9;22656;51;9;16620
51;9;22153;51;9;22379
51;9;22379;51;9;22153
51;9;22154;51;9;22383
51;9;22383;51;9;22154
51;9;16412;51;9;17527
51;9;17527;51;9;16412
51;9;17391;51;9;17400
51;9;17400;51;9;17435
51;9;17435;51;9;17391
51;9;17392;51;9;17397
51;9;17397;51;9;17437
51;9;17437;51;9;17392
51;9;17393;51;9;17398
51;9;17398;51;9;17393
51;9;20396;51;9;20439
51;9;20439;51;9;20580
51;9;20580;51;9;30367
51;9;30367;51;9;30369
51;9;30369;51;9;20396
51;9;20397;51;9;20436
51;9;20436;51;9;20565
51;9;20565;51;9;20397
51;9;12812;51;9;20331
51;9;20331;51;9;20398
51;9;20398;51;9;20572
51;9;20572;51;9;20578
51;9;20578;51;9;12812
51;9;19676;51;9;25403
51;9;25403;51;9;27815
51;9;27815;51;9;19676
51;9;12122;51;9;17405
51;9;17405;51;9;17407
51;9;17407;51;9;17409
51;9;17409;51;9;12122
51;9;16415;51;9;17403
51;9;17403;51;9;16415
51;9;22583;51;9;22646
51;9;22646;51;9;23092
51;9;23092;51;9;25551
51;9;25551;51;9;22583
51;9;22333;51;9;22585
51;9;22585;51;9;22333
51;9;22327;51;9;22586
51;9;22586;51;9;22591
51;9;22591;51;9;22632
51;9;22632;51;9;22639
51;9;22639;51;9;22327
51;9;16426;51;9;16428
51;9;16428;51;9;19811
51;9;19811;51;9;25407
51;9;25407;51;9;16426
51;9;16427;51;9;19750
51;9;19750;51;9;16427
51;9;16429;51;9;19751
51;9;19751;51;9;16429
51;9;16418;51;9;16424
51;9;16424;51;9;16433
51;9;16433;51;9;16418
51;9;16425;51;9;17480
51;9;17480;51;9;16425
51;9;19803;51;9;22061
51;9;22061;51;9;19803
51;9;19804;51;9;22216
51;9;22216;51;9;19804
51;9;12234;51;9;21434
51;9;21434;51;9;26764
51;9;26764;51;9;35657
51;9;35657;51;9;35659
51;9;35659;51;9;12234
51;9;24774;51;9;24784
51;9;24784;51;9;24774
51;9;24769;51;9;24776
51;9;24776;51;9;24777
51;9;24777;51;9;24795
51;9;24795;51;9;24799
51;9;24799;51;9;24801
51;9;24801;51;9;24769
51;9;11625;51;9;22756
51;9;22756;51;9;22788
51;9;22788;51;9;11625
51;9;22720;51;9;22755
51;9;22755;51;9;22720
51;9;11621;51;9;22706
51;9;22706;51;9;22798
51;9;22798;51;9;22802
51;9;22802;51;9;11621
51;9;11619;51;9;22695
51;9;22695;51;9;22702
51;9;22702;51;9;22704
51;9;22704;51;9;22808
51;9;22808;51;9;11619
51;9;11618;51;9;22677
51;9;22677;51;9;22680
51;9;22680;51;9;22832
51;9;22832;51;9;11618
51;9;22369;51;9;22668
51;9;22668;51;9;22678
51;9;22678;51;9;22835
51;9;22835;51;9;22369
51;9;21508;51;9;21549
51;9;21549;51;9;26853
51;9;26853;51;9;21508
51;9;21509;51;9;21544
51;9;21544;51;9;21509
51;9;26843;51;9;26846
51;9;26846;51;9;26843
51;9;20640;51;9;25489
51;9;25489;51;9;20640
51;9;20401;51;9;20434
51;9;20434;51;9;20501
51;9;20501;51;9;20401
51;9;20402;51;9;20563
51;9;20563;51;9;20568
51;9;20568;51;9;25439
51;9;25439;51;9;20402
51;9;20403;51;9;20500
51;9;20500;51;9;20569
51;9;20569;51;9;20403
51;9;12813;51;9;20404
51;9;20404;51;9;12813
51;9;19900;51;9;20744
51;9;20744;51;9;20758
51;9;20758;51;9;19900
51;9;23122;51;9;23131
51;9;23131;51;9;23175
51;9;23175;51;9;23122
51;9;23123;51;9;23185
51;9;23185;51;9;23123
51;9;25763;51;9;25792
51;9;25792;51;9;25763
51;9;14902;51;9;14906
51;9;14906;51;9;14902
51;9;16913;51;9;20146
51;9;20146;51;9;20177
51;9;20177;51;9;16913
51;9;20147;51;9;20164
51;9;20164;51;9;25777
51;9;25777;51;9;20147
51;9;25743;51;9;26712
51;9;26712;51;9;25743
51;9;20150;51;9;20170
51;9;20170;51;9;20190
51;9;20190;51;9;20191
51;9;20191;51;9;20150
51;9;23782;51;9;23808
51;9;23808;51;9;23782
51;9;16906;51;9;16928
51;9;16928;51;9;16929
51;9;16929;51;9;20186
51;9;20186;51;9;25973
51;9;25973;51;9;27831
51;9;27831;51;9;16906
51;9;16907;51;9;16911
51;9;16911;51;9;17590
51;9;17590;51;9;20178
51;9;20178;51;9;16907
51;9;16905;51;9;16909
51;9;16909;51;9;16905
51;9;23845;51;9;23856
51;9;23856;51;9;23845
51;9;19441;51;9;19456
51;9;19456;51;9;19441
51;9;19443;51;9;19445
51;9;19445;51;9;19443
51;9;19449;51;9;19464
51;9;19464;51;9;25491
51;9;25491;51;9;19449
51;9;19451;51;9;19489
51;9;19489;51;9;25492
51;9;25492;51;9;19451
51;9;19208;51;9;19425
51;9;19425;51;9;19427
51;9;19427;51;9;19208
51;9;19207;51;9;19428
51;9;19428;51;9;19207
51;9;19429;51;9;19491
51;9;19491;51;9;19429
51;9;19422;51;9;19430
51;9;19430;51;9;19422
51;9;17265;51;9;17565
51;9;17565;51;9;17265
51;9;12364;51;9;12365
51;9;12365;51;9;12364
51;9;12193;51;9;12195
51;9;12195;51;9;23326
51;9;23326;51;9;12193
51;9;12196;51;9;23327
51;9;23327;51;9;23341
51;9;23341;51;9;23410
51;9;23410;51;9;23416
51;9;23416;51;9;12196
51;9;22007;51;9;22023
51;9;22023;51;9;22007
51;9;22008;51;9;22019
51;9;22019;51;9;22008
51;9;22003;51;9;22009
51;9;22009;51;9;22003
51;9;22254;51;9;22256
51;9;22256;51;9;22254
51;9;22039;51;9;22257
51;9;22257;51;9;22039
51;9;22041;51;9;22142
51;9;22142;51;9;22258
51;9;22258;51;9;22041
51;9;22043;51;9;22147
51;9;22147;51;9;22150
51;9;22150;51;9;22259
51;9;22259;51;9;22043
51;9;22157;51;9;22261
51;9;22261;51;9;22157
51;9;23933;51;9;23950
51;9;23950;51;9;23955
51;9;23955;51;9;24132
51;9;24132;51;9;23933
51;9;23914;51;9;23956
51;9;23956;51;9;24130
51;9;24130;51;9;23914
51;9;23957;51;9;23963
51;9;23963;51;9;23964
51;9;23964;51;9;23970
51;9;23970;51;9;23977
51;9;23977;51;9;23957
51;9;23958;51;9;23976
51;9;23976;51;9;24253
51;9;24253;51;9;23958
51;9;23952;51;9;23961
51;9;23961;51;9;23965
51;9;23965;51;9;23969
51;9;23969;51;9;23952
51;9;23953;51;9;25323
51;9;25323;51;9;23953
51;9;12308;51;9;23949
51;9;23949;51;9;23954
51;9;23954;51;9;24302
51;9;24302;51;9;25322
51;9;25322;51;9;12308
51;9;21869;51;9;21874
51;9;21874;51;9;21997
51;9;21997;51;9;26689
51;9;26689;51;9;21869
51;9;21877;51;9;21999
51;9;21999;51;9;21877
51;9;21851;51;9;21856
51;9;21856;51;9;21851
51;9;22406;51;9;22482
51;9;22482;51;9;22406
51;9;22407;51;9;22458
51;9;22458;51;9;22485
51;9;22485;51;9;22407
51;9;22408;51;9;22429
51;9;22429;51;9;22408
51;9;12771;51;9;19566
51;9;19566;51;9;19582
51;9;19582;51;9;19592
51;9;19592;51;9;19602
51;9;19602;51;9;20752
51;9;20752;51;9;12771
51;9;12814;51;9;20306
51;9;20306;51;9;20334
51;9;20334;51;9;20354
51;9;20354;51;9;20427
51;9;20427;51;9;20549
51;9;20549;51;9;12814
51;9;20540;51;9;20550
51;9;20550;51;9;20540
51;9;20339;51;9;20552
51;9;20552;51;9;20339
51;9;20346;51;9;20553
51;9;20553;51;9;25770
51;9;25770;51;9;20346
51;9;20341;51;9;20554
51;9;20554;51;9;20341
51;9;25447;51;9;25745
51;9;25745;51;9;25447
51;9;25744;51;9;25746
51;9;25746;51;9;25744
51;9;16505;51;9;16507
51;9;16507;51;9;16513
51;9;16513;51;9;16514
51;9;16514;51;9;16505
51;9;16504;51;9;16511
51;9;16511;51;9;16504
51;9;19146;51;9;20411
51;9;20411;51;9;19146
51;9;20413;51;9;20416
51;9;20416;51;9;20457
51;9;20457;51;9;20413
51;9;12815;51;9;20372
51;9;20372;51;9;20405
51;9;20405;51;9;20415
51;9;20415;51;9;20422
51;9;20422;51;9;20460
51;9;20460;51;9;20468
51;9;20468;51;9;20556
51;9;20556;51;9;12815
51;9;24229;51;9;24304
51;9;24304;51;9;24229
51;9;24244;51;9;24336
51;9;24336;51;9;29940
51;9;29940;51;9;29943
51;9;29943;51;9;24244
51;9;24006;51;9;24176
51;9;24176;51;9;24006
51;9;12245;51;9;24177
51;9;24177;51;9;24198
51;9;24198;51;9;24199
51;9;24199;51;9;12245
51;9;11349;51;9;21334
51;9;21334;51;9;26390
51;9;26390;51;9;26416
51;9;26416;51;9;27721
51;9;27721;51;9;11349
51;9;19794;51;9;19798
51;9;19798;51;9;19860
51;9;19860;51;9;19861
51;9;19861;51;9;25416
51;9;25416;51;9;19794
51;9;19710;51;9;19799
51;9;19799;51;9;19710
51;9;19709;51;9;19800
51;9;19800;51;9;19709
51;9;19795;51;9;25334
51;9;25334;51;9;19795
51;9;19796;51;9;19857
51;9;19857;51;9;19796
51;9;19718;51;9;19797
51;9;19797;51;9;19718
51;9;22051;51;9;22082
51;9;22082;51;9;22085
51;9;22085;51;9;22051
51;9;22052;51;9;22088
51;9;22088;51;9;22219
51;9;22219;51;9;22052
51;9;22053;51;9;22236
51;9;22236;51;9;22053
51;9;25713;51;9;25853
51;9;25853;51;9;25855
51;9;25855;51;9;25713
51;9;16945;51;9;16961
51;9;16961;51;9;16992
51;9;16992;51;9;17010
51;9;17010;51;9;17049
51;9;17049;51;9;16945
51;9;16962;51;9;16978
51;9;16978;51;9;16962
51;9;16953;51;9;16965
51;9;16965;51;9;16969
51;9;16969;51;9;16953
51;9;17051;51;9;17064
51;9;17064;51;9;17070
51;9;17070;51;9;27389
51;9;27389;51;9;17051
51;9;17053;51;9;17063
51;9;17063;51;9;17090
51;9;17090;51;9;17053
51;9;17054;51;9;17083
51;9;17083;51;9;17054
51;9;17055;51;9;17087
51;9;17087;51;9;17055
51;9;17057;51;9;17078
51;9;17078;51;9;17057
51;9;20406;51;9;20469
51;9;20469;51;9;20406
51;9;20407;51;9;20464
51;9;20464;51;9;20475
51;9;20475;51;9;20407
51;9;20408;51;9;20471
51;9;20471;51;9;20408
51;9;20370;51;9;20557
51;9;20557;51;9;25786
51;9;25786;51;9;20370
51;9;20351;51;9;20365
51;9;20365;51;9;20558
51;9;20558;51;9;25441
51;9;25441;51;9;20351
51;9;22063;51;9;22065
51;9;22065;51;9;22217
51;9;22217;51;9;22063
51;9;22067;51;9;22071
51;9;22071;51;9;22218
51;9;22218;51;9;25830
51;9;25830;51;9;22067
51;9;22057;51;9;25829
51;9;25829;51;9;22057
51;9;22049;51;9;22083
51;9;22083;51;9;22086
51;9;22086;51;9;22090
51;9;22090;51;9;22049
51;9;16417;51;9;19765
51;9;19765;51;9;16417
51;9;11054;51;9;11055
51;9;11055;51;9;11054
51;9;23219;51;9;23245
51;9;23245;51;9;23219
51;9;23220;51;9;23244
51;9;23244;51;9;23220
51;9;12828;51;9;17307
51;9;17307;51;9;17310
51;9;17310;51;9;12828
51;9;16454;51;9;17268
51;9;17268;51;9;17309
51;9;17309;51;9;16454
51;9;12829;51;9;17312
51;9;17312;51;9;12829
51;9;16456;51;9;17283
51;9;17283;51;9;17306
51;9;17306;51;9;16456
51;9;16457;51;9;17294
51;9;17294;51;9;17295
51;9;17295;51;9;16457
51;9;23475;51;9;23507
51;9;23507;51;9;23475
51;9;23478;51;9;23514
51;9;23514;51;9;23478
51;9;25269;51;9;27272
51;9;27272;51;9;25269
51;9;22847;51;9;22875
51;9;22875;51;9;25518
51;9;25518;51;9;22847
51;9;17254;51;9;17264
51;9;17264;51;9;17282
51;9;17282;51;9;17254
51;9;17266;51;9;17303
51;9;17303;51;9;17266
51;9;17267;51;9;17304
51;9;17304;51;9;17267
51;9;16419;51;9;16938
51;9;16938;51;9;16986
51;9;16986;51;9;17427
51;9;17427;51;9;16419
51;9;16420;51;9;16988
51;9;16988;51;9;16420
51;9;16421;51;9;16935
51;9;16935;51;9;16993
51;9;16993;51;9;27891
51;9;27891;51;9;27894
51;9;27894;51;9;16421
51;9;16422;51;9;16989
51;9;16989;51;9;26987
51;9;26987;51;9;27889
51;9;27889;51;9;28350
51;9;28350;51;9;16422
51;9;16452;51;9;16934
51;9;16934;51;9;16999
51;9;16999;51;9;27888
51;9;27888;51;9;28353
51;9;28353;51;9;28356
51;9;28356;51;9;16452
51;9;12146;51;9;16932
51;9;16932;51;9;16996
51;9;16996;51;9;27880
51;9;27880;51;9;27885
51;9;27885;51;9;28534
51;9;28534;51;9;12146
51;9;16942;51;9;16973
51;9;16973;51;9;16942
51;9;16943;51;9;16976
51;9;16976;51;9;16943
51;9;16944;51;9;17013
51;9;17013;51;9;16944
51;9;16948;51;9;16954
51;9;16954;51;9;16957
51;9;16957;51;9;16948
51;9;16949;51;9;20204
51;9;20204;51;9;20215
51;9;20215;51;9;16949
51;9;12267;51;9;21801
51;9;21801;51;9;21808
51;9;21808;51;9;12267
51;9;12268;51;9;27130
51;9;27130;51;9;12268
51;9;12185;51;9;12186
51;9;12186;51;9;22962
51;9;22962;51;9;22963
51;9;22963;51;9;22971
51;9;22971;51;9;12185
51;9;22973;51;9;22975
51;9;22975;51;9;22973
51;9;21656;51;9;26604
51;9;26604;51;9;21656
51;9;12274;51;9;21672
51;9;21672;51;9;12274
51;9;26626;51;9;26627
51;9;26627;51;9;32094
51;9;32094;51;9;32109
51;9;32109;51;9;26626
51;9;19154;51;9;21946
51;9;21946;51;9;32095
51;9;32095;51;9;19154
51;9;19153;51;9;26630
51;9;26630;51;9;19153
51;9;12632;51;9;21952
51;9;21952;51;9;12632
51;9;22133;51;9;22166
51;9;22166;51;9;22133
51;9;22134;51;9;22161
51;9;22161;51;9;22134
51;9;12242;51;9;12243
51;9;12243;51;9;12242
51;9;12258;51;9;25076
51;9;25076;51;9;12258
51;9;25035;51;9;25045
51;9;25045;51;9;25081
51;9;25081;51;9;25035
51;9;25036;51;9;25061
51;9;25061;51;9;25072
51;9;25072;51;9;25036
51;9;24889;51;9;24971
51;9;24971;51;9;24889
51;9;12259;51;9;24964
51;9;24964;51;9;25005
51;9;25005;51;9;12259
51;9;24957;51;9;25008
51;9;25008;51;9;24957
51;9;24958;51;9;24987
51;9;24987;51;9;24958
51;9;23270;51;9;23271
51;9;23271;51;9;23270
51;9;19757;51;9;19773
51;9;19773;51;9;19778
51;9;19778;51;9;19757
51;9;16554;51;9;16562
51;9;16562;51;9;16795
51;9;16795;51;9;16798
51;9;16798;51;9;16554
51;9;17491;51;9;21900
51;9;21900;51;9;21901
51;9;21901;51;9;17491
51;9;16557;51;9;16567
51;9;16567;51;9;16557
51;9;16558;51;9;16568
51;9;16568;51;9;16558
51;9;11344;51;9;11345
51;9;11345;51;9;20828
51;9;20828;51;9;20843
51;9;20843;51;9;20845
51;9;20845;51;9;11344
51;9;12279;51;9;12873
51;9;12873;51;9;21617
51;9;21617;51;9;21621
51;9;21621;51;9;21627
51;9;21627;51;9;12279
51;9;12281;51;9;21625
51;9;21625;51;9;12281
51;9;20202;51;9;20235
51;9;20235;51;9;20202
51;9;16804;51;9;16818
51;9;16818;51;9;16820
51;9;16820;51;9;16821
51;9;16821;51;9;16804
51;9;16805;51;9;16827
51;9;16827;51;9;16805
51;9;16806;51;9;16835
51;9;16835;51;9;16806
51;9;24367;51;9;24424
51;9;24424;51;9;24426
51;9;24426;51;9;24367
51;9;24368;51;9;24460
51;9;24460;51;9;24462
51;9;24462;51;9;24464
51;9;24464;51;9;24368
51;9;24369;51;9;24435
51;9;24435;51;9;24369
51;9;12237;51;9;24457
51;9;24457;51;9;12237
51;9;24840;51;9;24845
51;9;24845;51;9;24840
51;9;12244;51;9;24467
51;9;24467;51;9;24847
51;9;24847;51;9;12244
51;9;23334;51;9;23417
51;9;23417;51;9;25864
51;9;25864;51;9;23334
51;9;24547;51;9;24549
51;9;24549;51;9;24547
51;9;24550;51;9;24587
51;9;24587;51;9;24550
51;9;24222;51;9;24341
51;9;24341;51;9;24352
51;9;24352;51;9;24222
51;9;24223;51;9;24351
51;9;24351;51;9;24223
51;9;24767;51;9;24782
51;9;24782;51;9;24787
51;9;24787;51;9;24767
51;9;24768;51;9;24779
51;9;24779;51;9;24798
51;9;24798;51;9;24768
51;9;24361;51;9;24449
51;9;24449;51;9;24785
51;9;24785;51;9;24361
51;9;24363;51;9;24408
51;9;24408;51;9;24440
51;9;24440;51;9;24441
51;9;24441;51;9;25282
51;9;25282;51;9;24363
51;9;24359;51;9;24365
51;9;24365;51;9;24359
51;9;22577;51;9;22623
51;9;22623;51;9;25721
51;9;25721;51;9;22577
51;9;22631;51;9;25723
51;9;25723;51;9;22631
51;9;22335;51;9;22592
51;9;22592;51;9;22335
51;9;25549;51;9;25584
51;9;25584;51;9;25549
51;9;23830;51;9;23837
51;9;23837;51;9;24085
51;9;24085;51;9;24089
51;9;24089;51;9;23830
51;9;24008;51;9;24030
51;9;24030;51;9;24048
51;9;24048;51;9;24053
51;9;24053;51;9;24054
51;9;24054;51;9;24008
51;9;24010;51;9;24155
51;9;24155;51;9;24010
51;9;24169;51;9;25901
51;9;25901;51;9;24169
51;9;24139;51;9;24140
51;9;24140;51;9;24139
51;9;24032;51;9;24058
51;9;24058;51;9;24032
51;9;24033;51;9;24061
51;9;24061;51;9;24147
51;9;24147;51;9;24033
51;9;12241;51;9;25059
51;9;25059;51;9;25062
51;9;25062;51;9;25066
51;9;25066;51;9;12241
51;9;25038;51;9;25056
51;9;25056;51;9;25064
51;9;25064;51;9;25038
51;9;22348;51;9;22350
51;9;22350;51;9;23074
51;9;23074;51;9;23107
51;9;23107;51;9;22348
51;9;23087;51;9;23109
51;9;23109;51;9;25525
51;9;25525;51;9;23087
51;9;23062;51;9;23070
51;9;23070;51;9;23110
51;9;23110;51;9;23062
51;9;22990;51;9;23112
51;9;23112;51;9;25659
51;9;25659;51;9;22990
51;9;22349;51;9;22580
51;9;22580;51;9;22349
51;9;22330;51;9;22341
51;9;22341;51;9;22346
51;9;22346;51;9;22581
51;9;22581;51;9;22330
51;9;16877;51;9;17429
51;9;17429;51;9;26960
51;9;26960;51;9;16877
51;9;16874;51;9;16878
51;9;16878;51;9;16874
51;9;16880;51;9;16883
51;9;16883;51;9;16880
51;9;16881;51;9;26944
51;9;26944;51;9;16881
51;9;17228;51;9;17231
51;9;17231;51;9;17228
51;9;14816;51;9;19968
51;9;19968;51;9;19974
51;9;19974;51;9;19976
51;9;19976;51;9;19978
51;9;19978;51;9;19984
51;9;19984;51;9;14816
51;9;14817;51;9;26722
51;9;26722;51;9;14817
51;9;12805;51;9;14819
51;9;14819;51;9;19907
51;9;19907;51;9;19963
51;9;19963;51;9;12805
51;9;19898;51;9;19962
51;9;19962;51;9;20060
51;9;20060;51;9;19898
51;9;19147;51;9;20081
51;9;20081;51;9;26721
51;9;26721;51;9;19147
51;9;19148;51;9;20103
51;9;20103;51;9;20421
51;9;20421;51;9;19148
51;9;19149;51;9;26726
51;9;26726;51;9;19149
51;9;19151;51;9;20104
51;9;20104;51;9;19151
51;9;20627;51;9;20679
51;9;20679;51;9;20753
51;9;20753;51;9;20627
51;9;20675;51;9;20680
51;9;20680;51;9;20675
51;9;20667;51;9;20681
51;9;20681;51;9;27241
51;9;27241;51;9;20667
51;9;20683;51;9;20761
51;9;20761;51;9;20683
51;9;19981;51;9;19989
51;9;19989;51;9;20622
51;9;20622;51;9;19981
51;9;27253;51;9;27254
51;9;27254;51;9;27253
51;9;19991;51;9;20005
51;9;20005;51;9;20010
51;9;20010;51;9;20609
51;9;20609;51;9;19991
51;9;19992;51;9;20008
51;9;20008;51;9;20012
51;9;20012;51;9;20013
51;9;20013;51;9;20017
51;9;20017;51;9;20595
51;9;20595;51;9;19992
51;9;19993;51;9;20599
51;9;20599;51;9;19993
51;9;12783;51;9;19994
51;9;19994;51;9;20601
51;9;20601;51;9;20602
51;9;20602;51;9;12783
51;9;19246;51;9;19615
51;9;19615;51;9;27245
51;9;27245;51;9;19246
51;9;19616;51;9;19622
51;9;19622;51;9;27248
51;9;27248;51;9;19616
51;9;19248;51;9;19607
51;9;19607;51;9;19618
51;9;19618;51;9;19248
51;9;12790;51;9;19619
51;9;19619;51;9;19625
51;9;19625;51;9;19699
51;9;19699;51;9;12790
51;9;17219;51;9;17240
51;9;17240;51;9;17219
51;9;12210;51;9;12211
51;9;12211;51;9;23367
51;9;23367;51;9;24666
51;9;24666;51;9;12210
51;9;21632;51;9;26612
51;9;26612;51;9;21632
51;9;12277;51;9;21639
51;9;21639;51;9;12277
51;9;12278;51;9;21636
51;9;21636;51;9;21641
51;9;21641;51;9;21649
51;9;21649;51;9;12278
51;9;21635;51;9;21644
51;9;21644;51;9;21635
51;9;16959;51;9;16967
51;9;16967;51;9;26995
51;9;26995;51;9;16959
51;9;23984;51;9;24113
51;9;24113;51;9;24126
51;9;24126;51;9;23984
51;9;23913;51;9;23975
51;9;23975;51;9;23913
51;9;12311;51;9;23962
51;9;23962;51;9;24128
51;9;24128;51;9;12311
51;9;12304;51;9;23906
51;9;23906;51;9;23989
51;9;23989;51;9;12304
51;9;23908;51;9;24240
51;9;24240;51;9;25905
51;9;25905;51;9;23908
51;9;23909;51;9;24249
51;9;24249;51;9;24254
51;9;24254;51;9;29880
51;9;29880;51;9;29986
51;9;29986;51;9;23909
51;9;23910;51;9;23972
51;9;23972;51;9;23910
51;9;23639;51;9;23724
51;9;23724;51;9;23728
51;9;23728;51;9;23729
51;9;23729;51;9;25896
51;9;25896;51;9;23639
51;9;23726;51;9;23727
51;9;23727;51;9;25647
51;9;25647;51;9;23726
51;9;23604;51;9;23681
51;9;23681;51;9;23714
51;9;23714;51;9;23721
51;9;23721;51;9;23604
51;9;23605;51;9;23645
51;9;23645;51;9;23676
51;9;23676;51;9;23605
51;9;23535;51;9;23558
51;9;23558;51;9;23535
51;9;23534;51;9;23554
51;9;23554;51;9;23560
51;9;23560;51;9;23562
51;9;23562;51;9;23534
51;9;10762;51;9;19681
51;9;19681;51;9;10762
51;9;20278;51;9;20286
51;9;20286;51;9;20278
51;9;25747;51;9;25752
51;9;25752;51;9;25747
51;9;20280;51;9;20288
51;9;20288;51;9;20280
51;9;11346;51;9;17418
51;9;17418;51;9;11346
51;9;24378;51;9;24456
51;9;24456;51;9;24378
51;9;22567;51;9;22570
51;9;22570;51;9;22567
51;9;22568;51;9;22573
51;9;22573;51;9;22568
51;9;22541;51;9;22569
51;9;22569;51;9;25576
51;9;25576;51;9;22541
51;9;22548;51;9;22571
51;9;22571;51;9;22548
51;9;22549;51;9;22572
51;9;22572;51;9;22914
51;9;22914;51;9;22549
51;9;16845;51;9;16847
51;9;16847;51;9;16845
51;9;16849;51;9;16852
51;9;16852;51;9;16849
51;9;16839;51;9;16842
51;9;16842;51;9;16839
51;9;19530;51;9;19547
51;9;19547;51;9;19530
51;9;21229;51;9;26459
51;9;26459;51;9;21229
51;9;21230;51;9;21233
51;9;21233;51;9;21230
51;9;26460;51;9;26461
51;9;26461;51;9;26460
51;9;12683;51;9;26462
51;9;26462;51;9;12683
51;9;24069;51;9;24072
51;9;24072;51;9;24069
51;9;24026;51;9;24134
51;9;24134;51;9;24137
51;9;24137;51;9;24026
51;9;23564;51;9;23565
51;9;23565;51;9;25608
51;9;25608;51;9;23564
51;9;23799;51;9;23805
51;9;23805;51;9;23809
51;9;23809;51;9;23799
51;9;23740;51;9;23787
51;9;23787;51;9;23793
51;9;23793;51;9;23801
51;9;23801;51;9;23740
51;9;22055;51;9;22069
51;9;22069;51;9;22081
51;9;22081;51;9;22055
51;9;24854;51;9;24857
51;9;24857;51;9;24860
51;9;24860;51;9;24854
51;9;25054;51;9;25163
51;9;25163;51;9;25054
51;9;12848;51;9;25055
51;9;25055;51;9;25129
51;9;25129;51;9;25164
51;9;25164;51;9;25678
51;9;25678;51;9;12848
51;9;23549;51;9;23555
51;9;23555;51;9;23549
51;9;21452;51;9;26530
51;9;26530;51;9;21452
51;9;21439;51;9;21449
51;9;21449;51;9;26531
51;9;26531;51;9;21439
51;9;20524;51;9;25971
51;9;25971;51;9;20524
51;9;21626;51;9;26596
51;9;26596;51;9;21626
51;9;21622;51;9;26597
51;9;26597;51;9;21622
51;9;21619;51;9;26599
51;9;26599;51;9;21619
51;9;19854;51;9;25417
51;9;25417;51;9;19854
51;9;17080;51;9;17084
51;9;17084;51;9;17093
51;9;17093;51;9;17080
51;9;17076;51;9;17085
51;9;17085;51;9;17088
51;9;17088;51;9;17076
51;9;22091;51;9;22092
51;9;22092;51;9;22094
51;9;22094;51;9;22096
51;9;22096;51;9;22091
51;9;22089;51;9;22093
51;9;22093;51;9;22089
51;9;22764;51;9;22766
51;9;22766;51;9;22764
51;9;21470;51;9;26505
51;9;26505;51;9;26508
51;9;26508;51;9;21470
51;9;22673;51;9;22676
51;9;22676;51;9;22673
51;9;22372;51;9;22378
51;9;22378;51;9;22380
51;9;22380;51;9;22657
51;9;22657;51;9;22683
51;9;22683;51;9;25613
51;9;25613;51;9;22372
51;9;23275;51;9;23277
51;9;23277;51;9;23275
51;9;24808;51;9;24812
51;9;24812;51;9;24826
51;9;24826;51;9;24808
51;9;24575;51;9;24581
51;9;24581;51;9;24582
51;9;24582;51;9;24584
51;9;24584;51;9;24575
51;9;24603;51;9;24605
51;9;24605;51;9;24672
51;9;24672;51;9;24603
51;9;24678;51;9;24719
51;9;24719;51;9;24723
51;9;24723;51;9;24678
51;9;20826;51;9;20850
51;9;20850;51;9;20826
51;9;25025;51;9;25174
51;9;25174;51;9;25025
51;9;24981;51;9;25306
51;9;25306;51;9;24981
51;9;24960;51;9;24969
51;9;24969;51;9;24960
51;9;17082;51;9;17089
51;9;17089;51;9;17082
51;9;23788;51;9;23807
51;9;23807;51;9;23810
51;9;23810;51;9;24062
51;9;24062;51;9;23788
51;9;24063;51;9;24070
51;9;24070;51;9;24063
51;9;24029;51;9;24064
51;9;24064;51;9;24029
51;9;23812;51;9;23817
51;9;23817;51;9;23821
51;9;23821;51;9;23812
51;9;23813;51;9;23815
51;9;23815;51;9;23813
51;9;22465;51;9;22469
51;9;22469;51;9;25844
51;9;25844;51;9;22465
51;9;22418;51;9;22466
51;9;22466;51;9;22473
51;9;22473;51;9;22418
51;9;12884;51;9;26632
51;9;26632;51;9;12884
51;9;21678;51;9;26012
51;9;26012;51;9;26633
51;9;26633;51;9;21678
51;9;21487;51;9;26496
51;9;26496;51;9;21487
51;9;21251;51;9;26498
51;9;26498;51;9;21251
51;9;24578;51;9;25707
51;9;25707;51;9;24578
51;9;24709;51;9;24712
51;9;24712;51;9;25730
51;9;25730;51;9;24709
51;9;24546;51;9;24577
51;9;24577;51;9;24586
51;9;24586;51;9;24546
51;9;19481;51;9;19510
51;9;19510;51;9;19512
51;9;19512;51;9;19481
51;9;19176;51;9;19505
51;9;19505;51;9;19513
51;9;19513;51;9;19528
51;9;19528;51;9;19176
51;9;19507;51;9;19511
51;9;19511;51;9;19507
51;9;12865;51;9;21699
51;9;21699;51;9;21955
51;9;21955;51;9;12865
51;9;21956;51;9;26629
51;9;26629;51;9;21956
51;9;21961;51;9;26647
51;9;26647;51;9;21961
51;9;12686;51;9;26444
51;9;26444;51;9;35284
51;9;35284;51;9;35287
51;9;35287;51;9;12686
51;9;12687;51;9;26449
51;9;26449;51;9;12687
51;9;12688;51;9;26452
51;9;26452;51;9;35291
51;9;35291;51;9;12688
51;9;16534;51;9;16538
51;9;16538;51;9;16534
51;9;16536;51;9;16544
51;9;16544;51;9;16536
51;9;19657;51;9;25433
51;9;25433;51;9;19657
51;9;12799;51;9;12802
51;9;12802;51;9;19659
51;9;19659;51;9;12799
51;9;25092;51;9;25097
51;9;25097;51;9;25092
51;9;25101;51;9;25103
51;9;25103;51;9;25101
51;9;24793;51;9;25100
51;9;25100;51;9;24793
51;9;25086;51;9;25088
51;9;25088;51;9;25090
51;9;25090;51;9;25086
51;9;25078;51;9;25082
51;9;25082;51;9;25089
51;9;25089;51;9;25078
51;9;23164;51;9;23166
51;9;23166;51;9;25603
51;9;25603;51;9;23164
51;9;19969;51;9;19970
51;9;19970;51;9;19969
51;9;19971;51;9;19975
51;9;19975;51;9;19971
51;9;19973;51;9;20016
51;9;20016;51;9;20026
51;9;20026;51;9;19973
51;9;21546;51;9;26847
51;9;26847;51;9;21546
51;9;21329;51;9;26408
51;9;26408;51;9;21329
51;9;26388;51;9;26405
51;9;26405;51;9;26388
51;9;12697;51;9;27732
51;9;27732;51;9;12697
51;9;21336;51;9;21338
51;9;21338;51;9;21340
51;9;21340;51;9;26411
51;9;26411;51;9;21336
51;9;26409;51;9;26412
51;9;26412;51;9;26409
51;9;20655;51;9;25498
51;9;25498;51;9;20655
51;9;20313;51;9;20315
51;9;20315;51;9;20336
51;9;20336;51;9;20313
51;9;20308;51;9;20338
51;9;20338;51;9;20308
51;9;20310;51;9;20316
51;9;20316;51;9;20310
51;9;19173;51;9;19488
51;9;19488;51;9;19173
51;9;19174;51;9;19479
51;9;19479;51;9;19520
51;9;19520;51;9;19174
51;9;12774;51;9;19533
51;9;19533;51;9;12774
51;9;26027;51;9;27153
51;9;27153;51;9;26027
51;9;21746;51;9;26582
51;9;26582;51;9;27154
51;9;27154;51;9;21746
51;9;19913;51;9;19914
51;9;19914;51;9;19945
51;9;19945;51;9;27203
51;9;27203;51;9;19913
51;9;21038;51;9;21043
51;9;21043;51;9;21038
51;9;20102;51;9;20105
51;9;20105;51;9;20102
51;9;23310;51;9;27348
51;9;27348;51;9;23310
51;9;21640;51;9;21642
51;9;21642;51;9;21640
51;9;23537;51;9;23550
51;9;23550;51;9;25638
51;9;25638;51;9;23537
51;9;25640;51;9;27276
51;9;27276;51;9;25640
51;9;26909;51;9;27273
51;9;27273;51;9;32496
51;9;32496;51;9;26909
51;9;25636;51;9;27281
51;9;27281;51;9;25636
51;9;23538;51;9;23561
51;9;23561;51;9;23538
51;9;23499;51;9;23539
51;9;23539;51;9;23559
51;9;23559;51;9;23499
51;9;23546;51;9;25943
51;9;25943;51;9;23546
51;9;24556;51;9;24565
51;9;24565;51;9;24556
51;9;23437;51;9;23442
51;9;23442;51;9;23443
51;9;23443;51;9;23437
51;9;23439;51;9;23448
51;9;23448;51;9;23439
51;9;23651;51;9;23655
51;9;23655;51;9;23651
51;9;23658;51;9;23660
51;9;23660;51;9;23658
51;9;21556;51;9;21562
51;9;21562;51;9;26866
51;9;26866;51;9;21556
51;9;26819;51;9;26823
51;9;26823;51;9;26819
51;9;26815;51;9;26822
51;9;26822;51;9;26815
51;9;19482;51;9;19484
51;9;19484;51;9;19486
51;9;19486;51;9;19534
51;9;19534;51;9;19482
51;9;23033;51;9;25594
51;9;25594;51;9;23033
51;9;25595;51;9;25597
51;9;25597;51;9;25595
51;9;22982;51;9;22984
51;9;22984;51;9;22982
51;9;21899;51;9;26935
51;9;26935;51;9;21899
51;9;21902;51;9;26936
51;9;26936;51;9;21902
51;9;21744;51;9;26026
51;9;26026;51;9;21744
51;9;17103;51;9;17130
51;9;17130;51;9;17103
51;9;21871;51;9;21872
51;9;21872;51;9;21871
51;9;24350;51;9;24353
51;9;24353;51;9;24350
51;9;19820;51;9;19868
51;9;19868;51;9;19820
51;9;23833;51;9;24092
51;9;24092;51;9;24093
51;9;24093;51;9;24096
51;9;24096;51;9;23833
51;9;24083;51;9;24086
51;9;24086;51;9;24083
51;9;24087;51;9;24094
51;9;24094;51;9;24087
51;9;16570;51;9;21905
51;9;21905;51;9;16570
51;9;16582;51;9;16584
51;9;16584;51;9;16588
51;9;16588;51;9;16582
51;9;24414;51;9;24418
51;9;24418;51;9;24414
51;9;23052;51;9;23055
51;9;23055;51;9;25524
51;9;25524;51;9;23052
51;9;23179;51;9;23182
51;9;23182;51;9;23179
51;9;20109;51;9;20112
51;9;20112;51;9;20109
51;9;21923;51;9;21928
51;9;21928;51;9;21930
51;9;21930;51;9;21923
51;9;16466;51;9;16471
51;9;16471;51;9;16474
51;9;16474;51;9;16476
51;9;16476;51;9;16466
51;9;16434;51;9;19785
51;9;19785;51;9;16434
51;9;16467;51;9;19787
51;9;19787;51;9;16467
51;9;19377;51;9;19384
51;9;19384;51;9;19377
51;9;26442;51;9;27730
51;9;27730;51;9;26442
51;9;26440;51;9;27729
51;9;27729;51;9;35273
51;9;35273;51;9;35359
51;9;35359;51;9;26440
51;9;21369;51;9;27728
51;9;27728;51;9;21369
51;9;21270;51;9;27726
51;9;27726;51;9;21270
51;9;27724;51;9;36402
51;9;36402;51;9;27724
51;9;20688;51;9;20690
51;9;20690;51;9;20688
51;9;20671;51;9;20693
51;9;20693;51;9;20755
51;9;20755;51;9;20671
51;9;17018;51;9;17019
51;9;17019;51;9;17018
51;9;17024;51;9;17027
51;9;17027;51;9;17030
51;9;17030;51;9;26971
51;9;26971;51;9;17024
51;9;26969;51;9;26972
51;9;26972;51;9;26969
51;9;24043;51;9;24046
51;9;24046;51;9;24043
51;9;24966;51;9;25014
51;9;25014;51;9;24966
51;9;24999;51;9;25003
51;9;25003;51;9;24999
51;9;24992;51;9;25004
51;9;25004;51;9;24992
51;9;25021;51;9;25030
51;9;25030;51;9;25021
51;9;20844;51;9;20849
51;9;20849;51;9;20844
51;9;20846;51;9;20847
51;9;20847;51;9;20846
51;9;24184;51;9;24205
51;9;24205;51;9;24184
51;9;24185;51;9;24195
51;9;24195;51;9;24185
51;9;12746;51;9;19346
51;9;19346;51;9;19360
51;9;19360;51;9;12746
51;9;19362;51;9;25813
51;9;25813;51;9;19362
51;9;25381;51;9;25811
51;9;25811;51;9;25381
51;9;25383;51;9;25822
51;9;25822;51;9;25383
51;9;25398;51;9;25802
51;9;25802;51;9;25398
51;9;22996;51;9;25649
51;9;25649;51;9;22996
51;9;22977;51;9;22980
51;9;22980;51;9;22994
51;9;22994;51;9;22977
51;9;23968;51;9;23973
51;9;23973;51;9;23968
51;9;23974;51;9;24257
51;9;24257;51;9;24260
51;9;24260;51;9;23974
51;9;20662;51;9;20665
51;9;20665;51;9;20662
51;9;26488;51;9;26492
51;9;26492;51;9;26488
51;9;23759;51;9;23866
51;9;23866;51;9;25682
51;9;25682;51;9;23759
51;9;25569;51;9;25570
51;9;25570;51;9;25681
51;9;25681;51;9;25569
51;9;23754;51;9;23760
51;9;23760;51;9;23754
51;9;16899;51;9;16904
51;9;16904;51;9;20185
51;9;20185;51;9;16899
51;9;24383;51;9;24430
51;9;24430;51;9;24432
51;9;24432;51;9;24436
51;9;24436;51;9;24443
51;9;24443;51;9;24383
51;9;16526;51;9;16546
51;9;16546;51;9;16526
51;9;21898;51;9;21910
51;9;21910;51;9;21898
51;9;21895;51;9;21906
51;9;21906;51;9;21895
51;9;21897;51;9;22181
51;9;22181;51;9;21897
51;9;19474;51;9;19536
51;9;19536;51;9;19474
51;9;17202;51;9;17204
51;9;17204;51;9;17202
51;9;17207;51;9;17211
51;9;17211;51;9;17207
51;9;22084;51;9;22098
51;9;22098;51;9;22100
51;9;22100;51;9;31363
51;9;31363;51;9;22084
51;9;23919;51;9;23983
51;9;23983;51;9;23987
51;9;23987;51;9;23992
51;9;23992;51;9;23919
51;9;23133;51;9;23165
51;9;23165;51;9;23133
51;9;23542;51;9;23567
51;9;23567;51;9;23574
51;9;23574;51;9;23542
51;9;23577;51;9;23580
51;9;23580;51;9;23577
51;9;22626;51;9;22628
51;9;22628;51;9;22630
51;9;22630;51;9;22626
51;9;22617;51;9;22629
51;9;22629;51;9;25543
51;9;25543;51;9;22617
51;9;21395;51;9;21399
51;9;21399;51;9;21395
51;9;23000;51;9;23005
51;9;23005;51;9;23000
51;9;22912;51;9;23001
51;9;23001;51;9;22912
51;9;25044;51;9;25047
51;9;25047;51;9;25044
51;9;25048;51;9;25080
51;9;25080;51;9;25144
51;9;25144;51;9;25048
51;9;25049;51;9;25074
51;9;25074;51;9;25049
51;9;25108;51;9;25111
51;9;25111;51;9;25123
51;9;25123;51;9;25108
51;9;25137;51;9;25141
51;9;25141;51;9;25137
51;9;25138;51;9;25145
51;9;25145;51;9;25138
51;9;24866;51;9;25171
51;9;25171;51;9;24866
51;9;24867;51;9;25169
51;9;25169;51;9;25172
51;9;25172;51;9;24867
51;9;16642;51;9;16643
51;9;16643;51;9;16728
51;9;16728;51;9;26980
51;9;26980;51;9;16642
51;9;20699;51;9;20701
51;9;20701;51;9;20728
51;9;20728;51;9;27213
51;9;27213;51;9;20699
51;9;20702;51;9;20731
51;9;20731;51;9;20702
51;9;20703;51;9;20727
51;9;20727;51;9;30190
51;9;30190;51;9;30220
51;9;30220;51;9;20703
51;9;17175;51;9;17177
51;9;17177;51;9;17175
51;9;21063;51;9;21068
51;9;21068;51;9;21117
51;9;21117;51;9;21063
51;9;21065;51;9;21115
51;9;21115;51;9;21065
51;9;21067;51;9;21113
51;9;21113;51;9;21067
51;9;23079;51;9;23095
51;9;23095;51;9;23079
51;9;23080;51;9;25535
51;9;25535;51;9;23080
51;9;20309;51;9;20312
51;9;20312;51;9;20309
51;9;23083;51;9;25560
51;9;25560;51;9;23083
51;9;23076;51;9;23084
51;9;23084;51;9;23076
51;9;23146;51;9;23149
51;9;23149;51;9;23151
51;9;23151;51;9;23146
51;9;23134;51;9;23156
51;9;23156;51;9;23159
51;9;23159;51;9;23134
51;9;21668;51;9;21677
51;9;21677;51;9;27375
51;9;27375;51;9;21668
51;9;27377;51;9;27378
51;9;27378;51;9;27377
51;9;20347;51;9;20543
51;9;20543;51;9;20347
51;9;22321;51;9;25520
51;9;25520;51;9;22321
51;9;22322;51;9;25539
51;9;25539;51;9;22322
51;9;12866;51;9;12885
51;9;12885;51;9;12887
51;9;12887;51;9;32103
51;9;32103;51;9;32177
51;9;32177;51;9;12866
51;9;12890;51;9;26618
51;9;26618;51;9;12890
51;9;12886;51;9;21765
51;9;21765;51;9;21771
51;9;21771;51;9;12886
51;9;19522;51;9;19524
51;9;19524;51;9;19526
51;9;19526;51;9;19522
51;9;23135;51;9;23141
51;9;23141;51;9;23135
51;9;23138;51;9;23142
51;9;23142;51;9;23161
51;9;23161;51;9;23138
51;9;23144;51;9;25588
51;9;25588;51;9;25590
51;9;25590;51;9;23144
51;9;19188;51;9;19585
51;9;19585;51;9;19188
51;9;22226;51;9;22234
51;9;22234;51;9;22235
51;9;22235;51;9;22226
51;9;21342;51;9;26396
51;9;26396;51;9;26413
51;9;26413;51;9;21342
51;9;22658;51;9;22664
51;9;22664;51;9;22658
51;9;21295;51;9;21319
51;9;21319;51;9;21295
51;9;25152;51;9;25155
51;9;25155;51;9;25157
51;9;25157;51;9;25152
51;9;22540;51;9;22564
51;9;22564;51;9;22540
51;9;22542;51;9;22563
51;9;22563;51;9;22542
51;9;22615;51;9;22642
51;9;22642;51;9;22645
51;9;22645;51;9;22615
51;9;24819;51;9;24822
51;9;24822;51;9;24819
51;9;24816;51;9;24823
51;9;24823;51;9;24816
51;9;24825;51;9;24829
51;9;24829;51;9;24825
51;9;26829;51;9;26832
51;9;26832;51;9;26829
51;9;22243;51;9;22247
51;9;22247;51;9;22243
51;9;22230;51;9;22245
51;9;22245;51;9;22230
51;9;23943;51;9;23944
51;9;23944;51;9;23948
51;9;23948;51;9;24263
51;9;24263;51;9;23943
51;9;23941;51;9;23947
51;9;23947;51;9;24118
51;9;24118;51;9;23941
51;9;23630;51;9;23690
51;9;23690;51;9;23630
51;9;22165;51;9;22167
51;9;22167;51;9;22165
51;9;22477;51;9;22480
51;9;22480;51;9;22477
51;9;23075;51;9;23086
51;9;23086;51;9;25586
51;9;25586;51;9;23075
51;9;19716;51;9;25415
51;9;25415;51;9;19716
51;9;23680;51;9;23683
51;9;23683;51;9;23680
51;9;19713;51;9;19844
51;9;19844;51;9;19845
51;9;19845;51;9;19847
51;9;19847;51;9;19713
51;9;16515;51;9;16519
51;9;16519;51;9;16515
51;9;16540;51;9;16543
51;9;16543;51;9;16540
51;9;24387;51;9;24628
51;9;24628;51;9;24387
51;9;24386;51;9;24630
51;9;24630;51;9;24386
51;9;16741;51;9;16745
51;9;16745;51;9;16741
51;9;17138;51;9;17140
51;9;17140;51;9;17494
51;9;17494;51;9;17138
51;9;16763;51;9;17139
51;9;17139;51;9;16763
51;9;24886;51;9;24888
51;9;24888;51;9;24886
51;9;22955;51;9;22957
51;9;22957;51;9;22955
51;9;22942;51;9;22956
51;9;22956;51;9;22942
51;9;19446;51;9;19458
51;9;19458;51;9;19492
51;9;19492;51;9;19446
51;9;26884;51;9;26885
51;9;26885;51;9;26884
51;9;19999;51;9;20061
51;9;20061;51;9;25753
51;9;25753;51;9;19999
51;9;19955;51;9;19960
51;9;19960;51;9;20067
51;9;20067;51;9;19955
51;9;19958;51;9;26718
51;9;26718;51;9;19958
51;9;19629;51;9;19694
51;9;19694;51;9;19629
51;9;19689;51;9;19692
51;9;19692;51;9;19696
51;9;19696;51;9;19689
51;9;16640;51;9;16676
51;9;16676;51;9;26978
51;9;26978;51;9;16640
51;9;12716;51;9;26773
51;9;26773;51;9;26776
51;9;26776;51;9;12716
51;9;21431;51;9;26777
51;9;26777;51;9;21431
51;9;12728;51;9;26852
51;9;26852;51;9;12728
51;9;21541;51;9;26810
51;9;26810;51;9;21541
51;9;12723;51;9;26534
51;9;26534;51;9;12723
51;9;21441;51;9;26535
51;9;26535;51;9;21441
51;9;21492;51;9;26536
51;9;26536;51;9;21492
51;9;26538;51;9;26539
51;9;26539;51;9;26538
51;9;21502;51;9;26537
51;9;26537;51;9;21502
51;9;12711;51;9;12713
51;9;12713;51;9;12711
51;9;12704;51;9;12710
51;9;12710;51;9;21303
51;9;21303;51;9;12704
51;9;12868;51;9;21646
51;9;21646;51;9;21679
51;9;21679;51;9;12868
51;9;26019;51;9;26610
51;9;26610;51;9;26019
51;9;21647;51;9;21767
51;9;21767;51;9;21647
51;9;21650;51;9;21651
51;9;21651;51;9;21650
51;9;19237;51;9;19611
51;9;19611;51;9;19237
51;9;19238;51;9;25501
51;9;25501;51;9;19238
51;9;19242;51;9;19704
51;9;19704;51;9;19242
51;9;20539;51;9;20561
51;9;20561;51;9;20539
51;9;20417;51;9;20451
51;9;20451;51;9;20417
51;9;20449;51;9;20452
51;9;20452;51;9;20449
51;9;20298;51;9;20369
51;9;20369;51;9;20389
51;9;20389;51;9;20450
51;9;20450;51;9;20453
51;9;20453;51;9;20545
51;9;20545;51;9;25440
51;9;25440;51;9;20298
51;9;19387;51;9;19394
51;9;19394;51;9;19387
51;9;19217;51;9;19395
51;9;19395;51;9;19217
51;9;19397;51;9;19399
51;9;19399;51;9;19397
51;9;12816;51;9;20447
51;9;20447;51;9;25748
51;9;25748;51;9;12816
51;9;20387;51;9;25749
51;9;25749;51;9;20387
51;9;19983;51;9;19985
51;9;19985;51;9;19983
51;9;19979;51;9;19987
51;9;19987;51;9;19979
51;9;21876;51;9;21878
51;9;21878;51;9;21876
51;9;12810;51;9;27191
51;9;27191;51;9;12810
51;9;20320;51;9;20323
51;9;20323;51;9;20324
51;9;20324;51;9;25496
51;9;25496;51;9;20320
51;9;20322;51;9;20437
51;9;20437;51;9;20538
51;9;20538;51;9;20322
51;9;20345;51;9;20496
51;9;20496;51;9;20542
51;9;20542;51;9;20345
51;9;20388;51;9;20546
51;9;20546;51;9;26724
51;9;26724;51;9;20388
51;9;20441;51;9;20547
51;9;20547;51;9;20441
51;9;19291;51;9;19318
51;9;19318;51;9;19683
51;9;19683;51;9;19291
51;9;21520;51;9;26869
51;9;26869;51;9;21520
51;9;21521;51;9;26857
51;9;26857;51;9;26877
51;9;26877;51;9;21521
51;9;21524;51;9;21559
51;9;21559;51;9;21524
51;9;21527;51;9;26825
51;9;26825;51;9;21527
51;9;26876;51;9;26878
51;9;26878;51;9;26876
51;9;12869;51;9;26609
51;9;26609;51;9;12869
51;9;21254;51;9;26500
51;9;26500;51;9;21254
51;9;21992;51;9;26677
51;9;26677;51;9;21992
51;9;21987;51;9;26678
51;9;26678;51;9;21987
51;9;19285;51;9;19288
51;9;19288;51;9;19285
51;9;19290;51;9;19293
51;9;19293;51;9;19290
51;9;19677;51;9;26920
51;9;26920;51;9;19677
51;9;26917;51;9;26919
51;9;26919;51;9;26917
51;9;26691;51;9;26693
51;9;26693;51;9;26691
51;9;19230;51;9;25393
51;9;25393;51;9;19230
51;9;25394;51;9;25816
51;9;25816;51;9;25394
51;9;20003;51;9;20021
51;9;20021;51;9;20039
51;9;20039;51;9;20003
51;9;20015;51;9;20019
51;9;20019;51;9;20020
51;9;20020;51;9;20015
51;9;21690;51;9;21692
51;9;21692;51;9;21690
51;9;19218;51;9;19392
51;9;19392;51;9;19401
51;9;19401;51;9;19218
51;9;19892;51;9;20063
51;9;20063;51;9;20065
51;9;20065;51;9;19892
51;9;20163;51;9;20165
51;9;20165;51;9;20163
51;9;20156;51;9;20158
51;9;20158;51;9;26717
51;9;26717;51;9;20156
51;9;21424;51;9;26767
51;9;26767;51;9;35693
51;9;35693;51;9;35697
51;9;35697;51;9;21424
51;9;19708;51;9;19863
51;9;19863;51;9;19865
51;9;19865;51;9;19708
51;9;20420;51;9;20445
51;9;20445;51;9;20420
51;9;20444;51;9;20446
51;9;20446;51;9;20444
51;9;19268;51;9;19302
51;9;19302;51;9;19268
51;9;20658;51;9;20663
51;9;20663;51;9;20658
51;9;19556;51;9;19560
51;9;19560;51;9;19556
51;9;19552;51;9;19557
51;9;19557;51;9;19552
51;9;19558;51;9;19573
51;9;19573;51;9;19558
51;9;20442;51;9;26725
51;9;26725;51;9;20442
51;9;19882;51;9;25422
51;9;25422;51;9;19882
51;9;19884;51;9;25418
51;9;25418;51;9;19884
51;9;19705;51;9;19780
51;9;19780;51;9;19705
51;9;12819;51;9;12820
51;9;12820;51;9;12819
51;9;19761;51;9;19836
51;9;19836;51;9;19842
51;9;19842;51;9;19761
51;9;19762;51;9;19838
51;9;19838;51;9;19762
51;9;19712;51;9;19745
51;9;19745;51;9;19840
51;9;19840;51;9;19712
51;9;20132;51;9;20135
51;9;20135;51;9;20132
51;9;19258;51;9;19653
51;9;19653;51;9;19258
51;9;19400;51;9;19414
51;9;19414;51;9;19400
51;9;12808;51;9;19915
51;9;19915;51;9;12808
51;9;19916;51;9;19938
51;9;19938;51;9;19916
51;9;19917;51;9;19939
51;9;19939;51;9;19917
51;9;19918;51;9;19937
51;9;19937;51;9;25506
51;9;25506;51;9;19918
51;9;19165;51;9;20645
51;9;20645;51;9;19165
51;9;20637;51;9;20647
51;9;20647;51;9;30409
51;9;30409;51;9;20637
51;9;12782;51;9;20648
51;9;20648;51;9;12782
51;9;19966;51;9;20022
51;9;20022;51;9;20029
51;9;20029;51;9;25754
51;9;25754;51;9;25760
51;9;25760;51;9;19966
51;9;21084;51;9;21131
51;9;21131;51;9;26039
51;9;26039;51;9;21084
51;9;21132;51;9;21134
51;9;21134;51;9;21132
51;9;21432;51;9;26731
51;9;26731;51;9;26735
51;9;26735;51;9;21432
51;9;26733;51;9;26736
51;9;26736;51;9;26733
51;9;23818;51;9;24039
51;9;24039;51;9;23818
51;9;22660;51;9;22667
51;9;22667;51;9;22671
51;9;22671;51;9;22660
51;9;21173;51;9;26926
51;9;26926;51;9;26930
51;9;26930;51;9;21173
51;9;22610;51;9;22637
51;9;22637;51;9;22650
51;9;22650;51;9;22610
51;9;22352;51;9;22612
51;9;22612;51;9;22352
51;9;22353;51;9;22613
51;9;22613;51;9;22353
51;9;21415;51;9;21425
51;9;21425;51;9;21415
51;9;24778;51;9;24806
51;9;24806;51;9;24827
51;9;24827;51;9;24837
51;9;24837;51;9;24778
51;9;24828;51;9;24832
51;9;24832;51;9;24828
51;9;24834;51;9;24838
51;9;24838;51;9;24834
51;9;16863;51;9;16894
51;9;16894;51;9;26966
51;9;26966;51;9;16863
51;9;23693;51;9;23695
51;9;23695;51;9;23693
51;9;23713;51;9;23718
51;9;23718;51;9;23719
51;9;23719;51;9;23722
51;9;23722;51;9;23725
51;9;23725;51;9;23713
51;9;16872;51;9;26943
51;9;26943;51;9;26946
51;9;26946;51;9;16872
51;9;16869;51;9;26947
51;9;26947;51;9;16869
51;9;16453;51;9;16489
51;9;16489;51;9;16453
51;9;16487;51;9;16490
51;9;16490;51;9;16487
51;9;24815;51;9;24821
51;9;24821;51;9;24815
51;9;23024;51;9;25596
51;9;25596;51;9;23024
51;9;23042;51;9;23047
51;9;23047;51;9;23042
51;9;20083;51;9;20086
51;9;20086;51;9;20083
51;9;19894;51;9;19923
51;9;19923;51;9;19894
51;9;19925;51;9;19951
51;9;19951;51;9;19925
51;9;20128;51;9;20130
51;9;20130;51;9;20128
51;9;19977;51;9;20006
51;9;20006;51;9;20009
51;9;20009;51;9;19977
51;9;20604;51;9;20610
51;9;20610;51;9;20604
51;9;20611;51;9;20615
51;9;20615;51;9;20611
51;9;20598;51;9;20612
51;9;20612;51;9;20624
51;9;20624;51;9;20757
51;9;20757;51;9;20598
51;9;23767;51;9;23769
51;9;23769;51;9;25573
51;9;25573;51;9;31717
51;9;31717;51;9;23767
51;9;22110;51;9;22232
51;9;22232;51;9;22238
51;9;22238;51;9;22239
51;9;22239;51;9;22110
51;9;22111;51;9;22240
51;9;22240;51;9;22111
51;9;22231;51;9;22241
51;9;22241;51;9;22231
51;9;22331;51;9;25585
51;9;25585;51;9;22331
51;9;22332;51;9;22334
51;9;22334;51;9;22332
51;9;22531;51;9;25601
51;9;25601;51;9;22531
51;9;22518;51;9;25548
51;9;25548;51;9;25567
51;9;25567;51;9;22518
51;9;16547;51;9;16551
51;9;16551;51;9;16547
51;9;23920;51;9;23980
51;9;23980;51;9;23991
51;9;23991;51;9;23920
51;9;23907;51;9;24231
51;9;24231;51;9;23907
51;9;17113;51;9;17116
51;9;17116;51;9;17113
51;9;17114;51;9;17121
51;9;17121;51;9;17114
51;9;20669;51;9;20673
51;9;20673;51;9;20669
51;9;19722;51;9;22058
51;9;22058;51;9;19722
51;9;23924;51;9;24235
51;9;24235;51;9;23924
51;9;25507;51;9;25833
51;9;25833;51;9;25507
51;9;24681;51;9;24731
51;9;24731;51;9;24764
51;9;24764;51;9;24681
51;9;24745;51;9;24748
51;9;24748;51;9;24765
51;9;24765;51;9;24745
51;9;17287;51;9;17293
51;9;17293;51;9;17533
51;9;17533;51;9;17287
51;9;17286;51;9;17532
51;9;17532;51;9;17286
51;9;25041;51;9;25060
51;9;25060;51;9;25070
51;9;25070;51;9;25041
51;9;25042;51;9;25063
51;9;25063;51;9;25042
51;9;25043;51;9;25065
51;9;25065;51;9;25043
51;9;24372;51;9;24463
51;9;24463;51;9;24372
51;9;23794;51;9;23814
51;9;23814;51;9;23794
51;9;24491;51;9;24493
51;9;24493;51;9;24491
51;9;17166;51;9;17191
51;9;17191;51;9;17166
51;9;17192;51;9;17513
51;9;17513;51;9;17192
51;9;23352;51;9;25317
51;9;25317;51;9;23352
51;9;20520;51;9;25967
51;9;25967;51;9;20520
51;9;20532;51;9;25446
51;9;25446;51;9;20532
51;9;20440;51;9;20575
51;9;20575;51;9;20440
51;9;27127;51;9;27184
51;9;27184;51;9;27127
51;9;17107;51;9;17110
51;9;17110;51;9;17107
51;9;24965;51;9;24998
51;9;24998;51;9;24965
51;9;22456;51;9;22460
51;9;22460;51;9;25841
51;9;25841;51;9;22456
51;9;22457;51;9;22459
51;9;22459;51;9;22457
51;9;24189;51;9;24204
51;9;24204;51;9;24189
51;9;24037;51;9;24171
51;9;24171;51;9;24173
51;9;24173;51;9;24037
51;9;24382;51;9;24452
51;9;24452;51;9;24382
51;9;20597;51;9;20616
51;9;20616;51;9;20597
51;9;27246;51;9;27249
51;9;27249;51;9;27246
51;9;19964;51;9;20032
51;9;20032;51;9;19964
51;9;19956;51;9;25756
51;9;25756;51;9;19956
51;9;12806;51;9;19927
51;9;19927;51;9;19952
51;9;19952;51;9;12806
51;9;25437;51;9;25757
51;9;25757;51;9;25437
51;9;19893;51;9;19947
51;9;19947;51;9;19893
51;9;12807;51;9;19942
51;9;19942;51;9;12807
51;9;19896;51;9;19931
51;9;19931;51;9;19896
51;9;16825;51;9;19897
51;9;19897;51;9;16825
51;9;24343;51;9;24347
51;9;24347;51;9;24343
51;9;24344;51;9;24348
51;9;24348;51;9;24344
51;9;16566;51;9;16772
51;9;16772;51;9;16774
51;9;16774;51;9;16790
51;9;16790;51;9;16566
51;9;16782;51;9;16789
51;9;16789;51;9;27000
51;9;27000;51;9;16782
51;9;21782;51;9;21785
51;9;21785;51;9;21782
51;9;16451;51;9;16482
51;9;16482;51;9;16451
51;9;16449;51;9;16483
51;9;16483;51;9;17518
51;9;17518;51;9;16449
51;9;12857;51;9;26671
51;9;26671;51;9;12857
51;9;21969;51;9;26655
51;9;26655;51;9;21969
51;9;25911;51;9;26651
51;9;26651;51;9;27138
51;9;27138;51;9;25911
51;9;12859;51;9;26649
51;9;26649;51;9;12859
51;9;12860;51;9;12862
51;9;12862;51;9;26643
51;9;26643;51;9;12860
51;9;21966;51;9;26641
51;9;26641;51;9;21966
51;9;19404;51;9;19415
51;9;19415;51;9;19404
51;9;20243;51;9;20304
51;9;20304;51;9;20383
51;9;20383;51;9;25758
51;9;25758;51;9;20243
51;9;20302;51;9;20305
51;9;20305;51;9;20302
51;9;24277;51;9;24287
51;9;24287;51;9;24277
51;9;24278;51;9;24283
51;9;24283;51;9;24278
51;9;19300;51;9;19316
51;9;19316;51;9;19300
51;9;25504;51;9;25705
51;9;25705;51;9;25504
51;9;20626;51;9;20670
51;9;20670;51;9;20626
51;9;26571;51;9;27158
51;9;27158;51;9;27160
51;9;27160;51;9;27391
51;9;27391;51;9;26571
51;9;24384;51;9;24437
51;9;24437;51;9;24384
51;9;17493;51;9;20225
51;9;20225;51;9;17493
51;9;24789;51;9;24791
51;9;24791;51;9;24800
51;9;24800;51;9;24789
51;9;21221;51;9;27304
51;9;27304;51;9;21221
51;9;21167;51;9;27763
51;9;27763;51;9;21167
51;9;22002;51;9;22017
51;9;22017;51;9;22002
51;9;16595;51;9;22006
51;9;22006;51;9;16595
51;9;12206;51;9;23461
51;9;23461;51;9;12206
51;9;19292;51;9;19680
51;9;19680;51;9;19292
51;9;19317;51;9;19684
51;9;19684;51;9;19317
51;9;19235;51;9;19256
51;9;19256;51;9;19610
51;9;19610;51;9;19703
51;9;19703;51;9;19235
51;9;23982;51;9;23986
51;9;23986;51;9;23982
51;9;20307;51;9;20326
51;9;20326;51;9;20333
51;9;20333;51;9;20335
51;9;20335;51;9;20307
51;9;20566;51;9;20573
51;9;20573;51;9;20566
51;9;20053;51;9;20059
51;9;20059;51;9;20053
51;9;26540;51;9;26545
51;9;26545;51;9;26540
51;9;21501;51;9;26547
51;9;26547;51;9;21501
51;9;16762;51;9;16765
51;9;16765;51;9;16762
51;9;16920;51;9;26951
51;9;26951;51;9;28438
51;9;28438;51;9;28443
51;9;28443;51;9;16920
51;9;16926;51;9;26952
51;9;26952;51;9;16926
51;9;22276;51;9;22280
51;9;22280;51;9;22276
51;9;22277;51;9;22285
51;9;22285;51;9;22277
51;9;22278;51;9;22282
51;9;22282;51;9;22278
51;9;16890;51;9;26965
51;9;26965;51;9;16890
51;9;16888;51;9;16891
51;9;16891;51;9;16888
51;9;12962;51;9;16498
51;9;16498;51;9;17519
51;9;17519;51;9;12962
51;9;12963;51;9;16496
51;9;16496;51;9;12963
51;9;12965;51;9;16500
51;9;16500;51;9;21918
51;9;21918;51;9;12965
51;9;22144;51;9;22146
51;9;22146;51;9;22151
51;9;22151;51;9;22144
51;9;22149;51;9;22152
51;9;22152;51;9;22158
51;9;22158;51;9;22149
51;9;22281;51;9;22286
51;9;22286;51;9;22281
51;9;21004;51;9;21012
51;9;21012;51;9;21004
51;9;16974;51;9;16983
51;9;16983;51;9;16984
51;9;16984;51;9;16974
51;9;16980;51;9;16985
51;9;16985;51;9;16980
51;9;27150;51;9;27380
51;9;27380;51;9;27150
51;9;24595;51;9;24601
51;9;24601;51;9;24595
51;9;24596;51;9;24599
51;9;24599;51;9;24596
51;9;22417;51;9;22467
51;9;22467;51;9;22417
51;9;22471;51;9;22474
51;9;22474;51;9;22471
51;9;19210;51;9;19349
51;9;19349;51;9;19210
51;9;21376;51;9;26428
51;9;26428;51;9;21376
51;9;21377;51;9;26429
51;9;26429;51;9;21377
51;9;17031;51;9;17035
51;9;17035;51;9;17038
51;9;17038;51;9;17040
51;9;17040;51;9;17042
51;9;17042;51;9;17045
51;9;17045;51;9;26974
51;9;26974;51;9;17031
51;9;17036;51;9;17048
51;9;17048;51;9;26973
51;9;26973;51;9;17036
51;9;17029;51;9;17032
51;9;17032;51;9;17034
51;9;17034;51;9;17029
51;9;19250;51;9;19252
51;9;19252;51;9;19250
51;9;20217;51;9;25785
51;9;25785;51;9;20217
51;9;12184;51;9;22730
51;9;22730;51;9;12184
51;9;19949;51;9;19950
51;9;19950;51;9;19949
51;9;16900;51;9;16902
51;9;16902;51;9;16900
51;9;24752;51;9;24761
51;9;24761;51;9;24752
51;9;24759;51;9;24762
51;9;24762;51;9;24759
51;9;17320;51;9;26954
51;9;26954;51;9;17320
51;9;17323;51;9;26955
51;9;26955;51;9;17323
51;9;16631;51;9;16645
51;9;16645;51;9;16649
51;9;16649;51;9;16631
51;9;16646;51;9;27010
51;9;27010;51;9;16646
51;9;16647;51;9;26983
51;9;26983;51;9;27013
51;9;27013;51;9;16647
51;9;22944;51;9;22947
51;9;22947;51;9;25526
51;9;25526;51;9;22944
51;9;21597;51;9;27132
51;9;27132;51;9;27181
51;9;27181;51;9;21597
51;9;21268;51;9;26386
51;9;26386;51;9;21268
51;9;12289;51;9;21724
51;9;21724;51;9;12289
51;9;16565;51;9;16777
51;9;16777;51;9;16778
51;9;16778;51;9;16565
51;9;21505;51;9;21533
51;9;21533;51;9;35583
51;9;35583;51;9;35592
51;9;35592;51;9;21505
51;9;12727;51;9;21506
51;9;21506;51;9;26791
51;9;26791;51;9;26796
51;9;26796;51;9;12727
51;9;19953;51;9;19959
51;9;19959;51;9;19953
51;9;19717;51;9;19856
51;9;19856;51;9;19717
51;9;20027;51;9;20030
51;9;20030;51;9;20027
51;9;20001;51;9;20028
51;9;20028;51;9;20001
51;9;20037;51;9;20041
51;9;20041;51;9;20037
51;9;23802;51;9;23803
51;9;23803;51;9;23802
51;9;22108;51;9;22209
51;9;22209;51;9;22225
51;9;22225;51;9;36457
51;9;36457;51;9;22108
51;9;22228;51;9;22229
51;9;22229;51;9;22246
51;9;22246;51;9;22283
51;9;22283;51;9;27494
51;9;27494;51;9;22228
51;9;22211;51;9;22213
51;9;22213;51;9;22211
51;9;12867;51;9;21773
51;9;21773;51;9;26615
51;9;26615;51;9;12867
51;9;21667;51;9;21676
51;9;21676;51;9;26636
51;9;26636;51;9;21667
51;9;21768;51;9;26616
51;9;26616;51;9;21768
51;9;16796;51;9;16801
51;9;16801;51;9;16796
51;9;22810;51;9;22833
51;9;22833;51;9;22838
51;9;22838;51;9;22810
51;9;22811;51;9;22834
51;9;22834;51;9;22811
51;9;17099;51;9;17102
51;9;17102;51;9;17105
51;9;17105;51;9;17111
51;9;17111;51;9;17120
51;9;17120;51;9;17099
51;9;17100;51;9;17122
51;9;17122;51;9;17100
51;9;16923;51;9;26959
51;9;26959;51;9;16923
51;9;16896;51;9;16901
51;9;16901;51;9;16896
51;9;24475;51;9;24479
51;9;24479;51;9;24495
51;9;24495;51;9;24475
51;9;17326;51;9;17329
51;9;17329;51;9;17326
51;9;17072;51;9;27388
51;9;27388;51;9;17072
51;9;24963;51;9;24984
51;9;24984;51;9;24963
51;9;22326;51;9;22336
51;9;22336;51;9;22338
51;9;22338;51;9;25583
51;9;25583;51;9;22326
51;9;25131;51;9;25158
51;9;25158;51;9;25280
51;9;25280;51;9;25131
51;9;25130;51;9;25132
51;9;25132;51;9;25130
51;9;25151;51;9;25160
51;9;25160;51;9;25151
51;9;23848;51;9;23850
51;9;23850;51;9;23854
51;9;23854;51;9;25683
51;9;25683;51;9;25915
51;9;25915;51;9;23848
51;9;23851;51;9;23855
51;9;23855;51;9;23851
51;9;17179;51;9;17183
51;9;17183;51;9;17184
51;9;17184;51;9;17189
51;9;17189;51;9;17179
51;9;22621;51;9;22624
51;9;22624;51;9;25542
51;9;25542;51;9;22621
51;9;17014;51;9;17520
51;9;17520;51;9;17014
51;9;24555;51;9;24560
51;9;24560;51;9;24563
51;9;24563;51;9;24555
51;9;24786;51;9;25112
51;9;25112;51;9;24786
51;9;25113;51;9;25118
51;9;25118;51;9;25113
51;9;25051;51;9;25114
51;9;25114;51;9;25051
51;9;23753;51;9;23758
51;9;23758;51;9;25680
51;9;25680;51;9;23753
51;9;21780;51;9;26624
51;9;26624;51;9;21780
51;9;21949;51;9;21950
51;9;21950;51;9;26622
51;9;26622;51;9;26625
51;9;26625;51;9;21949
51;9;22697;51;9;22698
51;9;22698;51;9;22700
51;9;22700;51;9;22697
51;9;24831;51;9;24835
51;9;24835;51;9;24831
51;9;16875;51;9;26997
51;9;26997;51;9;16875
51;9;16876;51;9;26964
51;9;26964;51;9;27828
51;9;27828;51;9;16876
51;9;22551;51;9;22559
51;9;22559;51;9;22551
51;9;16686;51;9;16730
51;9;16730;51;9;16732
51;9;16732;51;9;16735
51;9;16735;51;9;16686
51;9;16687;51;9;16734
51;9;16734;51;9;16687
51;9;16688;51;9;26981
51;9;26981;51;9;16688
51;9;24066;51;9;24135
51;9;24135;51;9;24066
51;9;19162;51;9;25628
51;9;25628;51;9;25630
51;9;25630;51;9;19162
51;9;23921;51;9;24250
51;9;24250;51;9;25331
51;9;25331;51;9;23921
51;9;23922;51;9;24238
51;9;24238;51;9;24239
51;9;24239;51;9;24241
51;9;24241;51;9;24248
51;9;24248;51;9;23922
51;9;23923;51;9;24232
51;9;24232;51;9;23923
51;9;23506;51;9;23523
51;9;23523;51;9;23526
51;9;23526;51;9;23506
51;9;23034;51;9;23041
51;9;23041;51;9;23034
51;9;23960;51;9;24119
51;9;24119;51;9;23960
51;9;24190;51;9;24201
51;9;24201;51;9;24190
51;9;22517;51;9;22520
51;9;22520;51;9;25580
51;9;25580;51;9;22517
51;9;24284;51;9;24289
51;9;24289;51;9;24284
51;9;24266;51;9;24274
51;9;24274;51;9;24266
51;9;17327;51;9;17336
51;9;17336;51;9;17327
51;9;24476;51;9;24482
51;9;24482;51;9;24476
51;9;17046;51;9;17047
51;9;17047;51;9;17060
51;9;17060;51;9;17046
51;9;16564;51;9;16781
51;9;16781;51;9;16564
51;9;16784;51;9;27003
51;9;27003;51;9;16784
51;9;20321;51;9;20586
51;9;20586;51;9;20321
51;9;23132;51;9;23168
51;9;23168;51;9;23132
51;9;22313;51;9;22315
51;9;22315;51;9;22313
51;9;23394;51;9;24626
51;9;24626;51;9;23394
51;9;22168;51;9;22475
51;9;22475;51;9;22168
51;9;16991;51;9;16995
51;9;16995;51;9;17004
51;9;17004;51;9;17005
51;9;17005;51;9;16991
51;9;23236;51;9;23240
51;9;23240;51;9;23242
51;9;23242;51;9;23236
51;9;20174;51;9;20181
51;9;20181;51;9;20174
51;9;12203;51;9;24400
51;9;24400;51;9;24405
51;9;24405;51;9;24410
51;9;24410;51;9;12203
51;9;17043;51;9;17543
51;9;17543;51;9;17043
51;9;22925;51;9;22937
51;9;22937;51;9;22925
51;9;20906;51;9;20909
51;9;20909;51;9;27291
51;9;27291;51;9;20906
51;9;23831;51;9;23899
51;9;23899;51;9;23831
51;9;23548;51;9;23552
51;9;23552;51;9;23548
51;9;22851;51;9;22853
51;9;22853;51;9;22862
51;9;22862;51;9;22851
51;9;16592;51;9;16594
51;9;16594;51;9;16592
51;9;24991;51;9;25007
51;9;25007;51;9;24991
51;9;24972;51;9;24995
51;9;24995;51;9;24972
51;9;16669;51;9;22025
51;9;22025;51;9;16669
51;9;20859;51;9;20913
51;9;20913;51;9;20859
51;9;23209;51;9;25702
51;9;25702;51;9;23209
51;9;12793;51;9;19273
51;9;19273;51;9;19675
51;9;19675;51;9;12793
51;9;19275;51;9;19279
51;9;19279;51;9;19275
51;9;19277;51;9;25353
51;9;25353;51;9;19277
51;9;21805;51;9;25995
51;9;25995;51;9;21805
51;9;19551;51;9;19561
51;9;19561;51;9;19551
51;9;17514;51;9;19313
51;9;19313;51;9;19314
51;9;19314;51;9;17514
51;9;11330;51;9;16485
51;9;16485;51;9;16488
51;9;16488;51;9;11330
51;9;19186;51;9;19576
51;9;19576;51;9;19186
51;9;19406;51;9;19416
51;9;19416;51;9;19406
51;9;19409;51;9;19417
51;9;19417;51;9;19423
51;9;19423;51;9;19409
51;9;19410;51;9;19418
51;9;19418;51;9;19410
51;9;19413;51;9;19419
51;9;19419;51;9;19413
51;9;21789;51;9;21941
51;9;21941;51;9;21789
51;9;19565;51;9;27239
51;9;27239;51;9;19565
51;9;19786;51;9;19814
51;9;19814;51;9;19786
51;9;22203;51;9;22206
51;9;22206;51;9;22203
51;9;16915;51;9;16925
51;9;16925;51;9;16915
51;9;16914;51;9;26941
51;9;26941;51;9;16914
51;9;16916;51;9;16921
51;9;16921;51;9;28436
51;9;28436;51;9;28454
51;9;28454;51;9;16916
51;9;12781;51;9;20639
51;9;20639;51;9;12781
51;9;20650;51;9;25499
51;9;25499;51;9;20650
51;9;19901;51;9;20592
51;9;20592;51;9;27597
51;9;27597;51;9;19901
51;9;19903;51;9;20049
51;9;20049;51;9;19903
51;9;19145;51;9;20036
51;9;20036;51;9;19145
51;9;19904;51;9;20000
51;9;20000;51;9;19904
51;9;27197;51;9;27198
51;9;27198;51;9;27197
51;9;22122;51;9;27492
51;9;27492;51;9;22122
51;9;21863;51;9;21866
51;9;21866;51;9;21863
51;9;21585;51;9;26570
51;9;26570;51;9;21585
51;9;19546;51;9;27220
51;9;27220;51;9;27227
51;9;27227;51;9;27232
51;9;27232;51;9;19546
51;9;12794;51;9;19278
51;9;19278;51;9;12794
51;9;20342;51;9;25769
51;9;25769;51;9;20342
51;9;20343;51;9;25768
51;9;25768;51;9;20343
51;9;19281;51;9;19667
51;9;19667;51;9;19281
51;9;12797;51;9;19272
51;9;19272;51;9;19664
51;9;19664;51;9;12797
51;9;12798;51;9;19663
51;9;19663;51;9;12798
51;9;19284;51;9;19637
51;9;19637;51;9;19284
51;9;27224;51;9;27225
51;9;27225;51;9;27224
51;9;20248;51;9;20255
51;9;20255;51;9;20260
51;9;20260;51;9;20248
51;9;12770;51;9;27228
51;9;27228;51;9;12770
51;9;20705;51;9;21879
51;9;21879;51;9;20705
51;9;21842;51;9;26667
51;9;26667;51;9;21842
51;9;17366;51;9;17534
51;9;17534;51;9;17366
51;9;17365;51;9;17367
51;9;17367;51;9;17365
51;9;17363;51;9;17368
51;9;17368;51;9;17596
51;9;17596;51;9;17363
51;9;21671;51;9;21673
51;9;21673;51;9;21671
51;9;22343;51;9;23090
51;9;23090;51;9;22343
51;9;22340;51;9;23091
51;9;23091;51;9;22340
51;9;19784;51;9;25420
51;9;25420;51;9;19784
51;9;19769;51;9;25421
51;9;25421;51;9;19769
51;9;19674;51;9;19697
51;9;19697;51;9;19674
51;9;21618;51;9;27381
51;9;27381;51;9;21618
51;9;12863;51;9;21968
51;9;21968;51;9;12863
51;9;12864;51;9;21959
51;9;21959;51;9;21960
51;9;21960;51;9;21962
51;9;21962;51;9;26644
51;9;26644;51;9;12864
51;9;19587;51;9;19594
51;9;19594;51;9;19587
51;9;19597;51;9;19604
51;9;19604;51;9;19597
51;9;19598;51;9;19600
51;9;19600;51;9;19605
51;9;19605;51;9;19620
51;9;19620;51;9;19598
51;9;19190;51;9;19599
51;9;19599;51;9;27244
51;9;27244;51;9;19190
51;9;21548;51;9;26841
51;9;26841;51;9;21548
51;9;23900;51;9;23902
51;9;23902;51;9;23900
51;9;26381;51;9;26383
51;9;26383;51;9;26381
51;9;26384;51;9;26417
51;9;26417;51;9;26384
51;9;24846;51;9;24856
51;9;24856;51;9;24846
51;9;20043;51;9;20048
51;9;20048;51;9;20043
51;9;20052;51;9;20057
51;9;20057;51;9;20052
51;9;20054;51;9;20594
51;9;20594;51;9;20054
51;9;20046;51;9;25791
51;9;25791;51;9;20046
51;9;21416;51;9;26762
51;9;26762;51;9;21416
51;9;21417;51;9;26760
51;9;26760;51;9;21417
51;9;26750;51;9;26752
51;9;26752;51;9;26750
51;9;26749;51;9;26758
51;9;26758;51;9;26749
51;9;12719;51;9;21420
51;9;21420;51;9;21423
51;9;21423;51;9;12719
51;9;26785;51;9;26788
51;9;26788;51;9;35611
51;9;35611;51;9;35848
51;9;35848;51;9;26785
51;9;26786;51;9;26803
51;9;26803;51;9;26786
51;9;12726;51;9;26882
51;9;26882;51;9;12726
51;9;17200;51;9;17208
51;9;17208;51;9;17200
51;9;17201;51;9;17213
51;9;17213;51;9;17201
51;9;23199;51;9;25703
51;9;25703;51;9;23199
51;9;24293;51;9;24296
51;9;24296;51;9;24293
51;9;24297;51;9;24301
51;9;24301;51;9;24297
51;9;16644;51;9;27009
51;9;27009;51;9;27012
51;9;27012;51;9;16644
51;9;26542;51;9;26549
51;9;26549;51;9;26542
51;9;21490;51;9;26550
51;9;26550;51;9;21490
51;9;22414;51;9;22435
51;9;22435;51;9;22414
51;9;12703;51;9;21301
51;9;21301;51;9;12703
51;9;21302;51;9;26474
51;9;26474;51;9;21302
51;9;20247;51;9;20251
51;9;20251;51;9;20247
51;9;16952;51;9;16956
51;9;16956;51;9;16960
51;9;16960;51;9;16975
51;9;16975;51;9;16952
51;9;20259;51;9;26716
51;9;26716;51;9;20259
51;9;24193;51;9;24208
51;9;24208;51;9;25034
51;9;25034;51;9;24193
51;9;21990;51;9;26674
51;9;26674;51;9;21990
51;9;21994;51;9;26675
51;9;26675;51;9;21994
51;9;23979;51;9;23981
51;9;23981;51;9;23979
51;9;16919;51;9;16924
51;9;16924;51;9;16919
51;9;21170;51;9;26933
51;9;26933;51;9;27766
51;9;27766;51;9;21170
51;9;21171;51;9;26932
51;9;26932;51;9;21171
51;9;23071;51;9;23077
51;9;23077;51;9;23071
51;9;23058;51;9;23073
51;9;23073;51;9;23058
51;9;22325;51;9;22328
51;9;22328;51;9;22325
51;9;23455;51;9;23457
51;9;23457;51;9;23455
51;9;21563;51;9;26861
51;9;26861;51;9;21563
51;9;22929;51;9;22953
51;9;22953;51;9;22929
51;9;22796;51;9;22801
51;9;22801;51;9;22796
51;9;21294;51;9;26484
51;9;26484;51;9;21294
51;9;16506;51;9;16510
51;9;16510;51;9;28045
51;9;28045;51;9;28061
51;9;28061;51;9;28074
51;9;28074;51;9;16506
51;9;17068;51;9;17425
51;9;17425;51;9;17068
51;9;17069;51;9;17426
51;9;17426;51;9;17069
51;9;17066;51;9;17067
51;9;17067;51;9;17066
51;9;25148;51;9;25165
51;9;25165;51;9;25166
51;9;25166;51;9;25148
51;9;20371;51;9;20373
51;9;20373;51;9;20371
51;9;20564;51;9;27206
51;9;27206;51;9;20564
51;9;20366;51;9;25787
51;9;25787;51;9;20366
51;9;20367;51;9;20374
51;9;20374;51;9;20367
51;9;20418;51;9;20455
51;9;20455;51;9;20418
51;9;16994;51;9;26988
51;9;26988;51;9;26991
51;9;26991;51;9;16994
51;9;21287;51;9;21299
51;9;21299;51;9;26477
51;9;26477;51;9;21287
51;9;26473;51;9;26479
51;9;26479;51;9;26473
51;9;26472;51;9;26475
51;9;26475;51;9;26472
51;9;26541;51;9;26543
51;9;26543;51;9;26541
51;9;23967;51;9;23971
51;9;23971;51;9;23967
51;9;19586;51;9;19589
51;9;19589;51;9;19586
51;9;25438;51;9;25449
51;9;25449;51;9;25438
51;9;21847;51;9;21982
51;9;21982;51;9;21988
51;9;21988;51;9;27609
51;9;27609;51;9;21847
51;9;12851;51;9;21984
51;9;21984;51;9;12851
51;9;19941;51;9;19943
51;9;19943;51;9;19941
51;9;19477;51;9;19499
51;9;19499;51;9;19477
51;9;19478;51;9;19496
51;9;19496;51;9;19478
51;9;19480;51;9;19514
51;9;19514;51;9;19480
51;9;19502;51;9;19517
51;9;19517;51;9;19502
51;9;22641;51;9;22643
51;9;22643;51;9;22641
51;9;24756;51;9;24757
51;9;24757;51;9;24756
51;9;19911;51;9;19930
51;9;19930;51;9;19932
51;9;19932;51;9;19911
51;9;19933;51;9;25789
51;9;25789;51;9;19933
51;9;19912;51;9;19935
51;9;19935;51;9;19912
51;9;21638;51;9;26613
51;9;26613;51;9;21638
51;9;20590;51;9;20635
51;9;20635;51;9;27598
51;9;27598;51;9;20590
51;9;20630;51;9;20642
51;9;20642;51;9;20630
51;9;25401;51;9;25450
51;9;25450;51;9;25401
51;9;16465;51;9;16473
51;9;16473;51;9;16465
51;9;16754;51;9;16756
51;9;16756;51;9;16754
51;9;22444;51;9;22446
51;9;22446;51;9;22444
51;9;16660;51;9;22141
51;9;22141;51;9;22143
51;9;22143;51;9;22253
51;9;22253;51;9;16660
51;9;24251;51;9;24255
51;9;24255;51;9;24251
51;9;22836;51;9;22837
51;9;22837;51;9;22836
51;9;23783;51;9;23824
51;9;23824;51;9;23783
51;9;23786;51;9;23792
51;9;23792;51;9;23786
51;9;12967;51;9;23362
51;9;23362;51;9;12967
51;9;20188;51;9;20228
51;9;20228;51;9;20188
51;9;25107;51;9;25119
51;9;25119;51;9;25124
51;9;25124;51;9;25107
51;9;25122;51;9;25126
51;9;25126;51;9;25122
51;9;24884;51;9;25128
51;9;25128;51;9;24884
51;9;24057;51;9;24060
51;9;24060;51;9;24057
51;9;16665;51;9;16708
51;9;16708;51;9;16665
51;9;16718;51;9;16721
51;9;16721;51;9;16718
51;9;24161;51;9;24165
51;9;24165;51;9;24161
51;9;23468;51;9;23516
51;9;23516;51;9;23468
51;9;16733;51;9;26993
51;9;26993;51;9;16733
51;9;16736;51;9;26994
51;9;26994;51;9;16736
51;9;22118;51;9;22290
51;9;22290;51;9;22118
51;9;17325;51;9;17332
51;9;17332;51;9;17325
51;9;22820;51;9;22821
51;9;22821;51;9;22820
51;9;22817;51;9;22822
51;9;22822;51;9;22817
51;9;24780;51;9;24783
51;9;24783;51;9;24780
51;9;23819;51;9;23823
51;9;23823;51;9;23819
51;9;22491;51;9;25838
51;9;25838;51;9;22491
51;9;12677;51;9;25457
51;9;25457;51;9;12677
51;9;19580;51;9;19583
51;9;19583;51;9;19580
51;9;19243;51;9;19247
51;9;19247;51;9;19243
51;9;20429;51;9;20433
51;9;20433;51;9;20429
51;9;25444;51;9;25709
51;9;25709;51;9;25444
51;9;20490;51;9;20494
51;9;20494;51;9;20490
51;9;20423;51;9;20479
51;9;20479;51;9;20480
51;9;20480;51;9;20486
51;9;20486;51;9;20492
51;9;20492;51;9;20423
51;9;20299;51;9;20380
51;9;20380;51;9;20299
51;9;20381;51;9;25443
51;9;25443;51;9;20381
51;9;20382;51;9;20394
51;9;20394;51;9;20382
51;9;20606;51;9;20620
51;9;20620;51;9;27251
51;9;27251;51;9;20606
51;9;21366;51;9;26511
51;9;26511;51;9;21366
51;9;21368;51;9;26512
51;9;26512;51;9;21368
51;9;23631;51;9;23687
51;9;23687;51;9;23631
51;9;23697;51;9;23708
51;9;23708;51;9;23697
51;9;21008;51;9;21016
51;9;21016;51;9;21008
51;9;12706;51;9;21323
51;9;21323;51;9;12706
51;9;20643;51;9;27205
51;9;27205;51;9;20643
51;9;24305;51;9;24307
51;9;24307;51;9;24305
51;9;23404;51;9;23408
51;9;23408;51;9;23404
51;9;23339;51;9;23406
51;9;23406;51;9;25863
51;9;25863;51;9;23339
51;9;21472;51;9;21476
51;9;21476;51;9;21472
51;9;19187;51;9;19581
51;9;19581;51;9;19187
51;9;20619;51;9;20623
51;9;20623;51;9;20619
51;9;12722;51;9;21493
51;9;21493;51;9;12722
51;9;20596;51;9;20603
51;9;20603;51;9;20596
51;9;21783;51;9;21786
51;9;21786;51;9;21783
51;9;21296;51;9;21321
51;9;21321;51;9;21296
51;9;21006;51;9;21014
51;9;21014;51;9;21006
51;9;19571;51;9;19577
51;9;19577;51;9;19571
51;9;20329;51;9;20340
51;9;20340;51;9;20329
51;9;22901;51;9;22976
51;9;22976;51;9;22901
51;9;21754;51;9;21761
51;9;21761;51;9;21754
51;9;16423;51;9;16470
51;9;16470;51;9;16423
51;9;23638;51;9;23716
51;9;23716;51;9;23638
51;9;22858;51;9;22868
51;9;22868;51;9;22858
51;9;22872;51;9;22877
51;9;22877;51;9;22872
51;9;22873;51;9;22882
51;9;22882;51;9;22873
51;9;22874;51;9;25606
51;9;25606;51;9;22874
51;9;22513;51;9;25577
51;9;25577;51;9;22513
51;9;22510;51;9;25578
51;9;25578;51;9;22510
51;9;24739;51;9;24744
51;9;24744;51;9;24739
51;9;22427;51;9;22445
51;9;22445;51;9;22427
51;9;17236;51;9;17238
51;9;17238;51;9;17236
51;9;23315;51;9;23316
51;9;23316;51;9;23315
51;9;23644;51;9;23686
51;9;23686;51;9;23644
51;9;24503;51;9;24509
51;9;24509;51;9;24503
51;9;23195;51;9;25645
51;9;25645;51;9;23195
51;9;16977;51;9;16979
51;9;16979;51;9;16982
51;9;16982;51;9;16977
51;9;20424;51;9;20432
51;9;20432;51;9;20482
51;9;20482;51;9;20484
51;9;20484;51;9;20493
51;9;20493;51;9;20424
51;9;24047;51;9;24050
51;9;24050;51;9;24047
51;9;21212;51;9;21214
51;9;21214;51;9;21212
51;9;22917;51;9;23008
51;9;23008;51;9;22917
51;9;12914;51;9;21326
51;9;21326;51;9;12914
51;9;21265;51;9;26379
51;9;26379;51;9;21265
51;9;19919;51;9;19920
51;9;19920;51;9;19936
51;9;19936;51;9;19919
51;9;23452;51;9;23453
51;9;23453;51;9;23452
51;9;19260;51;9;19263
51;9;19263;51;9;19260
51;9;19264;51;9;19652
51;9;19652;51;9;19264
51;9;20522;51;9;25970
51;9;25970;51;9;20522
51;9;20567;51;9;20570
51;9;20570;51;9;20567
51;9;21814;51;9;26009
51;9;26009;51;9;21814
51;9;21813;51;9;26010
51;9;26010;51;9;21813
51;9;22928;51;9;22943
51;9;22943;51;9;22928
51;9;22856;51;9;22878
51;9;22878;51;9;22856
51;9;22860;51;9;22864
51;9;22864;51;9;22860
51;9;16970;51;9;16971
51;9;16971;51;9;16970
51;9;17313;51;9;17315
51;9;17315;51;9;17313
51;9;23433;51;9;25982
51;9;25982;51;9;23433
51;9;20419;51;9;20448
51;9;20448;51;9;26720
51;9;26720;51;9;20419
51;9;24078;51;9;24080
51;9;24080;51;9;24078
51;9;17062;51;9;17073
51;9;17073;51;9;17075
51;9;17075;51;9;17079
51;9;17079;51;9;17081
51;9;17081;51;9;27007
51;9;27007;51;9;17062
51;9;23089;51;9;23094
51;9;23094;51;9;23089
51;9;24025;51;9;24141
51;9;24141;51;9;24145
51;9;24145;51;9;24025
51;9;24143;51;9;24473
51;9;24473;51;9;24486
51;9;24486;51;9;24488
51;9;24488;51;9;24490
51;9;24490;51;9;24143
51;9;24531;51;9;24533
51;9;24533;51;9;24537
51;9;24537;51;9;24531
51;9;23342;51;9;25978
51;9;25978;51;9;23342
51;9;23467;51;9;23515
51;9;23515;51;9;23467
51;9;21683;51;9;26638
51;9;26638;51;9;21683
51;9;21682;51;9;21685
51;9;21685;51;9;21682
51;9;21925;51;9;21934
51;9;21934;51;9;21925
51;9;12905;51;9;21926
51;9;21926;51;9;12905
51;9;17362;51;9;17595
51;9;17595;51;9;17362
51;9;24679;51;9;24724
51;9;24724;51;9;24679
51;9;19152;51;9;24737
51;9;24737;51;9;19152
51;9;16634;51;9;16636
51;9;16636;51;9;16638
51;9;16638;51;9;16634
51;9;23671;51;9;23675
51;9;23675;51;9;23677
51;9;23677;51;9;23671
51;9;27145;51;9;27147
51;9;27147;51;9;27145
51;9;12877;51;9;27146
51;9;27146;51;9;12877
51;9;23254;51;9;25823
51;9;25823;51;9;23254
51;9;25824;51;9;26913
51;9;26913;51;9;27572
51;9;27572;51;9;25824
51;9;23665;51;9;23685
51;9;23685;51;9;23665
51;9;23666;51;9;23672
51;9;23672;51;9;23666
51;9;21958;51;9;21965
51;9;21965;51;9;21958
51;9;19494;51;9;19497
51;9;19497;51;9;25629
51;9;25629;51;9;19494
51;9;22461;51;9;25842
51;9;25842;51;9;22461
51;9;19908;51;9;19928
51;9;19928;51;9;19908
51;9;24417;51;9;24420
51;9;24420;51;9;24422
51;9;24422;51;9;24427
51;9;24427;51;9;24417
51;9;24423;51;9;24428
51;9;24428;51;9;24423
51;9;20218;51;9;20220
51;9;20220;51;9;20218
51;9;21105;51;9;21108
51;9;21108;51;9;21105
51;9;21106;51;9;21110
51;9;21110;51;9;21106
51;9;26928;51;9;26931
51;9;26931;51;9;26928
51;9;19790;51;9;19817
51;9;19817;51;9;19790
51;9;12717;51;9;21413
51;9;21413;51;9;21421
51;9;21421;51;9;26739
51;9;26739;51;9;26743
51;9;26743;51;9;26755
51;9;26755;51;9;12717
51;9;21408;51;9;25462
51;9;25462;51;9;21408
51;9;24028;51;9;24059
51;9;24059;51;9;24028
51;9;20605;51;9;20621
51;9;20621;51;9;20605
51;9;21009;51;9;21018
51;9;21018;51;9;21009
51;9;17061;51;9;17074
51;9;17074;51;9;17091
51;9;17091;51;9;17061
51;9;17186;51;9;27005
51;9;27005;51;9;17186
51;9;26682;51;9;26684
51;9;26684;51;9;26682
51;9;19185;51;9;19569
51;9;19569;51;9;19185
51;9;21090;51;9;21157
51;9;21157;51;9;21090
51;9;25810;51;9;25812
51;9;25812;51;9;30762
51;9;30762;51;9;30765
51;9;30765;51;9;25810
51;9;20300;51;9;20378
51;9;20378;51;9;20300
51;9;20301;51;9;20384
51;9;20384;51;9;20301
51;9;21718;51;9;27383
51;9;27383;51;9;21718
51;9;21719;51;9;27142
51;9;27142;51;9;21719
51;9;19244;51;9;19249
51;9;19249;51;9;19244
51;9;16656;51;9;16672
51;9;16672;51;9;16656
51;9;24881;51;9;25153
51;9;25153;51;9;24881
51;9;23247;51;9;23250
51;9;23250;51;9;23247
51;9;24882;51;9;25133
51;9;25133;51;9;24882
51;9;25079;51;9;25083
51;9;25083;51;9;25079
51;9;25121;51;9;25134
51;9;25134;51;9;25121
51;9;22120;51;9;22293
51;9;22293;51;9;22120
51;9;25050;51;9;25117
51;9;25117;51;9;25120
51;9;25120;51;9;25050
51;9;12672;51;9;12899
51;9;12899;51;9;12672
51;9;27403;51;9;27404
51;9;27404;51;9;36463
51;9;36463;51;9;27403
51;9;17594;51;9;27416
51;9;27416;51;9;17594
51;9;16851;51;9;27421
51;9;27421;51;9;27836
51;9;27836;51;9;16851
51;9;10598;51;9;27422
51;9;27422;51;9;27619
51;9;27619;51;9;10598
51;9;27419;51;9;27423
51;9;27423;51;9;28094
51;9;28094;51;9;27419
51;9;16848;51;9;27425
51;9;27425;51;9;27428
51;9;27428;51;9;16848
51;9;12338;51;9;27429
51;9;27429;51;9;12338
51;9;16549;51;9;27431
51;9;27431;51;9;16549
51;9;10389;51;9;27471
51;9;27471;51;9;10389
51;9;27473;51;9;27474
51;9;27474;51;9;27473
51;9;27465;51;9;27475
51;9;27475;51;9;27465
51;9;27467;51;9;27477
51;9;27477;51;9;27467
51;9;10425;51;9;27483
51;9;27483;51;9;10425
51;9;26907;51;9;27489
51;9;27489;51;9;27499
51;9;27499;51;9;26907
51;9;27484;51;9;27495
51;9;27495;51;9;27484
51;9;27493;51;9;27496
51;9;27496;51;9;27493
51;9;27487;51;9;27502
51;9;27502;51;9;27487
51;9;10819;51;9;27504
51;9;27504;51;9;36419
51;9;36419;51;9;10819
51;9;27506;51;9;27507
51;9;27507;51;9;27506
51;9;25877;51;9;27515
51;9;27515;51;9;25877
51;9;27524;51;9;27525
51;9;27525;51;9;27524
51;9;27523;51;9;27533
51;9;27533;51;9;27523
51;9;27520;51;9;27536
51;9;27536;51;9;27520
51;9;26707;51;9;27547
51;9;27547;51;9;26707
51;9;21887;51;9;27586
51;9;27586;51;9;21887
51;9;21971;51;9;27587
51;9;27587;51;9;21971
51;9;27545;51;9;27552
51;9;27552;51;9;27545
51;9;27125;51;9;27553
51;9;27553;51;9;27125
51;9;27406;51;9;27555
51;9;27555;51;9;27406
51;9;27526;51;9;27565
51;9;27565;51;9;28084
51;9;28084;51;9;28087
51;9;28087;51;9;28091
51;9;28091;51;9;27526
51;9;27567;51;9;27568
51;9;27568;51;9;27574
51;9;27574;51;9;27567
51;9;27123;51;9;27569
51;9;27569;51;9;27123
51;9;10699;51;9;27570
51;9;27570;51;9;10699
51;9;27583;51;9;27585
51;9;27585;51;9;27754
51;9;27754;51;9;27583
51;9;27588;51;9;27590
51;9;27590;51;9;27588
51;9;27589;51;9;27592
51;9;27592;51;9;27589
51;9;20577;51;9;20579
51;9;20579;51;9;20577
51;9;17230;51;9;27599
51;9;27599;51;9;17230
51;9;24412;51;9;24781
51;9;24781;51;9;27532
51;9;27532;51;9;27535
51;9;27535;51;9;24412
51;9;10221;51;9;27608
51;9;27608;51;9;10221
51;9;27621;51;9;27622
51;9;27622;51;9;27621
51;9;27631;51;9;27632
51;9;27632;51;9;27631
51;9;27633;51;9;27634
51;9;27634;51;9;27633
51;9;27625;51;9;27635
51;9;27635;51;9;27625
51;9;27627;51;9;27637
51;9;27637;51;9;27627
51;9;10363;51;9;27645
51;9;27645;51;9;10363
51;9;10362;51;9;27646
51;9;27646;51;9;10362
51;9;10361;51;9;27647
51;9;27647;51;9;10361
51;9;10360;51;9;27648
51;9;27648;51;9;10360
51;9;10366;51;9;27649
51;9;27649;51;9;10366
51;9;10365;51;9;27650
51;9;27650;51;9;10365
51;9;27614;51;9;27651
51;9;27651;51;9;27614
51;9;26375;51;9;27652
51;9;27652;51;9;26375
51;9;27653;51;9;27654
51;9;27654;51;9;27653
51;9;10340;51;9;27656
51;9;27656;51;9;10340
51;9;27659;51;9;27663
51;9;27663;51;9;27659
51;9;27669;51;9;27681
51;9;27681;51;9;27689
51;9;27689;51;9;29011
51;9;29011;51;9;29126
51;9;29126;51;9;27669
51;9;25936;51;9;27691
51;9;27691;51;9;28931
51;9;28931;51;9;25936
51;9;27664;51;9;27694
51;9;27694;51;9;27664
51;9;27678;51;9;27696
51;9;27696;51;9;28988
51;9;28988;51;9;28990
51;9;28990;51;9;29342
51;9;29342;51;9;27678
51;9;27676;51;9;27698
51;9;27698;51;9;29081
51;9;29081;51;9;29083
51;9;29083;51;9;29617
51;9;29617;51;9;27676
51;9;27661;51;9;27700
51;9;27700;51;9;27661
51;9;27695;51;9;27703
51;9;27703;51;9;27695
51;9;27679;51;9;27704
51;9;27704;51;9;28959
51;9;28959;51;9;28995
51;9;28995;51;9;29323
51;9;29323;51;9;29392
51;9;29392;51;9;27679
51;9;10623;51;9;27705
51;9;27705;51;9;10623
51;9;27707;51;9;27710
51;9;27710;51;9;27707
51;9;27623;51;9;27713
51;9;27713;51;9;27623
51;9;27718;51;9;27723
51;9;27723;51;9;27718
51;9;27752;51;9;27753
51;9;27753;51;9;27752
51;9;21088;51;9;27758
51;9;27758;51;9;21088
51;9;27756;51;9;27759
51;9;27759;51;9;27756
51;9;11966;51;9;27760
51;9;27760;51;9;11966
51;9;12544;51;9;20910
51;9;20910;51;9;12544
51;9;26380;51;9;27767
51;9;27767;51;9;26380
51;9;10283;51;9;27716
51;9;27716;51;9;10283
51;9;27816;51;9;27817
51;9;27817;51;9;27816
51;9;27813;51;9;35884
51;9;35884;51;9;35932
51;9;35932;51;9;27813
51;9;16889;51;9;27829
51;9;27829;51;9;16889
51;9;25974;51;9;27832
51;9;27832;51;9;25974
51;9;27839;51;9;27844
51;9;27844;51;9;27839
51;9;27855;51;9;27857
51;9;27857;51;9;28374
51;9;28374;51;9;27855
51;9;27854;51;9;27862
51;9;27862;51;9;27854
51;9;27863;51;9;27865
51;9;27865;51;9;27863
51;9;27869;51;9;27871
51;9;27871;51;9;27869
51;9;27897;51;9;27900
51;9;27900;51;9;27897
51;9;27904;51;9;27981
51;9;27981;51;9;27983
51;9;27983;51;9;27904
51;9;27901;51;9;27905
51;9;27905;51;9;27901
51;9;17556;51;9;27907
51;9;27907;51;9;28573
51;9;28573;51;9;28575
51;9;28575;51;9;17556
51;9;27908;51;9;27910
51;9;27910;51;9;27908
51;9;27911;51;9;27914
51;9;27914;51;9;27911
51;9;27915;51;9;27918
51;9;27918;51;9;27921
51;9;27921;51;9;27915
51;9;27924;51;9;27928
51;9;27928;51;9;27924
51;9;27916;51;9;27931
51;9;27931;51;9;27997
51;9;27997;51;9;28665
51;9;28665;51;9;27916
51;9;27929;51;9;27933
51;9;27933;51;9;27947
51;9;27947;51;9;27929
51;9;27922;51;9;27937
51;9;27937;51;9;27922
51;9;27932;51;9;27938
51;9;27938;51;9;27940
51;9;27940;51;9;27932
51;9;27941;51;9;27944
51;9;27944;51;9;27941
51;9;27945;51;9;27948
51;9;27948;51;9;27945
51;9;27949;51;9;27951
51;9;27951;51;9;27949
51;9;27942;51;9;27955
51;9;27955;51;9;27958
51;9;27958;51;9;27942
51;9;27952;51;9;27956
51;9;27956;51;9;27952
51;9;27959;51;9;27961
51;9;27961;51;9;27964
51;9;27964;51;9;27959
51;9;27965;51;9;27967
51;9;27967;51;9;27998
51;9;27998;51;9;27965
51;9;27975;51;9;27977
51;9;27977;51;9;27975
51;9;27879;51;9;27978
51;9;27978;51;9;27879
51;9;27984;51;9;27986
51;9;27986;51;9;27984
51;9;27906;51;9;27990
51;9;27990;51;9;27906
51;9;27987;51;9;27991
51;9;27991;51;9;27987
51;9;27988;51;9;27993
51;9;27993;51;9;27988
51;9;27999;51;9;28001
51;9;28001;51;9;27999
51;9;28002;51;9;28004
51;9;28004;51;9;28002
51;9;28005;51;9;28007
51;9;28007;51;9;28011
51;9;28011;51;9;28005
51;9;27962;51;9;28008
51;9;28008;51;9;27962
51;9;27953;51;9;28009
51;9;28009;51;9;27953
51;9;28016;51;9;28018
51;9;28018;51;9;28016
51;9;28019;51;9;28021
51;9;28021;51;9;28019
51;9;27872;51;9;28022
51;9;28022;51;9;28024
51;9;28024;51;9;27872
51;9;27873;51;9;28029
51;9;28029;51;9;28323
51;9;28323;51;9;27873
51;9;28025;51;9;28030
51;9;28030;51;9;28025
51;9;28031;51;9;28034
51;9;28034;51;9;28036
51;9;28036;51;9;28031
51;9;28037;51;9;28039
51;9;28039;51;9;28093
51;9;28093;51;9;28037
51;9;28026;51;9;28041
51;9;28041;51;9;28043
51;9;28043;51;9;28026
51;9;28044;51;9;28047
51;9;28047;51;9;28044
51;9;28050;51;9;28052
51;9;28052;51;9;28050
51;9;28049;51;9;28055
51;9;28055;51;9;28049
51;9;28048;51;9;28058
51;9;28058;51;9;28048
51;9;28062;51;9;28064
51;9;28064;51;9;28067
51;9;28067;51;9;28062
51;9;28068;51;9;28070
51;9;28070;51;9;28068
51;9;28059;51;9;28075
51;9;28075;51;9;28077
51;9;28077;51;9;28059
51;9;28078;51;9;28081
51;9;28081;51;9;28078
51;9;28028;51;9;28085
51;9;28085;51;9;28326
51;9;28326;51;9;28028
51;9;28015;51;9;28090
51;9;28090;51;9;28015
51;9;28095;51;9;28097
51;9;28097;51;9;28103
51;9;28103;51;9;28095
51;9;28040;51;9;28100
51;9;28100;51;9;28040
51;9;28098;51;9;28101
51;9;28101;51;9;28098
51;9;12335;51;9;28082
51;9;28082;51;9;28107
51;9;28107;51;9;12335
51;9;10399;51;9;28108
51;9;28108;51;9;28111
51;9;28111;51;9;10399
51;9;28079;51;9;28112
51;9;28112;51;9;28079
51;9;28106;51;9;28114
51;9;28114;51;9;28117
51;9;28117;51;9;28106
51;9;28056;51;9;28118
51;9;28118;51;9;28056
51;9;28119;51;9;28122
51;9;28122;51;9;28119
51;9;28126;51;9;28128
51;9;28128;51;9;28126
51;9;28115;51;9;28129
51;9;28129;51;9;28115
51;9;28120;51;9;28130
51;9;28130;51;9;28132
51;9;28132;51;9;28120
51;9;28133;51;9;28135
51;9;28135;51;9;28133
51;9;28139;51;9;28141
51;9;28141;51;9;28144
51;9;28144;51;9;28150
51;9;28150;51;9;28139
51;9;28145;51;9;28147
51;9;28147;51;9;28145
51;9;28142;51;9;28153
51;9;28153;51;9;28156
51;9;28156;51;9;28142
51;9;28157;51;9;28159
51;9;28159;51;9;28181
51;9;28181;51;9;28157
51;9;28161;51;9;28164
51;9;28164;51;9;28161
51;9;28165;51;9;28167
51;9;28167;51;9;28165
51;9;28154;51;9;28168
51;9;28168;51;9;28172
51;9;28172;51;9;28154
51;9;28151;51;9;28169
51;9;28169;51;9;28203
51;9;28203;51;9;28151
51;9;28162;51;9;28173
51;9;28173;51;9;28177
51;9;28177;51;9;28162
51;9;28160;51;9;28184
51;9;28184;51;9;28160
51;9;28185;51;9;28188
51;9;28188;51;9;28185
51;9;28178;51;9;28189
51;9;28189;51;9;28191
51;9;28191;51;9;28178
51;9;28174;51;9;28192
51;9;28192;51;9;28194
51;9;28194;51;9;28174
51;9;28170;51;9;28198
51;9;28198;51;9;28268
51;9;28268;51;9;28170
51;9;28196;51;9;28199
51;9;28199;51;9;28283
51;9;28283;51;9;28196
51;9;28195;51;9;28204
51;9;28204;51;9;28195
51;9;16377;51;9;28182
51;9;28182;51;9;28209
51;9;28209;51;9;16377
51;9;16378;51;9;28186
51;9;28186;51;9;28210
51;9;28210;51;9;28212
51;9;28212;51;9;28292
51;9;28292;51;9;16378
51;9;28179;51;9;28213
51;9;28213;51;9;28179
51;9;28175;51;9;28214
51;9;28214;51;9;28175
51;9;28206;51;9;28216
51;9;28216;51;9;28206
51;9;28221;51;9;28223
51;9;28223;51;9;28221
51;9;11782;51;9;11783
51;9;11783;51;9;12827
51;9;12827;51;9;17092
51;9;17092;51;9;17094
51;9;17094;51;9;17311
51;9;17311;51;9;17318
51;9;17318;51;9;17319
51;9;17319;51;9;17322
51;9;17322;51;9;28224
51;9;28224;51;9;28226
51;9;28226;51;9;28231
51;9;28231;51;9;28309
51;9;28309;51;9;11782
51;9;28232;51;9;28234
51;9;28234;51;9;28232
51;9;28237;51;9;28239
51;9;28239;51;9;28237
51;9;28240;51;9;28242
51;9;28242;51;9;28240
51;9;28243;51;9;28245
51;9;28245;51;9;28243
51;9;28236;51;9;28248
51;9;28248;51;9;28236
51;9;28252;51;9;28254
51;9;28254;51;9;28252
51;9;28255;51;9;28262
51;9;28262;51;9;28255
51;9;28263;51;9;28265
51;9;28265;51;9;28263
51;9;28256;51;9;28269
51;9;28269;51;9;28271
51;9;28271;51;9;28256
51;9;28215;51;9;28274
51;9;28274;51;9;28215
51;9;28205;51;9;28275
51;9;28275;51;9;28205
51;9;28276;51;9;28278
51;9;28278;51;9;28276
51;9;28200;51;9;28279
51;9;28279;51;9;28200
51;9;28259;51;9;28280
51;9;28280;51;9;28259
51;9;28257;51;9;28282
51;9;28282;51;9;28257
51;9;28258;51;9;28285
51;9;28285;51;9;28258
51;9;28217;51;9;28288
51;9;28288;51;9;28299
51;9;28299;51;9;28217
51;9;28201;51;9;28289
51;9;28289;51;9;28201
51;9;28260;51;9;28290
51;9;28290;51;9;28301
51;9;28301;51;9;28260
51;9;28293;51;9;28295
51;9;28295;51;9;28293
51;9;28296;51;9;28298
51;9;28298;51;9;28296
51;9;28302;51;9;28304
51;9;28304;51;9;28302
51;9;28306;51;9;28308
51;9;28308;51;9;28306
51;9;28305;51;9;28311
51;9;28311;51;9;28305
51;9;28312;51;9;28314
51;9;28314;51;9;28312
51;9;28228;51;9;28315
51;9;28315;51;9;28228
51;9;28220;51;9;28317
51;9;28317;51;9;28220
51;9;28318;51;9;28320
51;9;28320;51;9;28318
51;9;28235;51;9;28321
51;9;28321;51;9;28235
51;9;28324;51;9;28327
51;9;28327;51;9;28329
51;9;28329;51;9;28324
51;9;28330;51;9;28332
51;9;28332;51;9;28330
51;9;27890;51;9;28336
51;9;28336;51;9;27890
51;9;28337;51;9;28340
51;9;28340;51;9;28337
51;9;27887;51;9;28344
51;9;28344;51;9;27887
51;9;28345;51;9;28347
51;9;28347;51;9;28345
51;9;16990;51;9;16998
51;9;16998;51;9;17000
51;9;17000;51;9;26990
51;9;26990;51;9;28341
51;9;28341;51;9;28351
51;9;28351;51;9;16990
51;9;28342;51;9;28354
51;9;28354;51;9;28342
51;9;28357;51;9;28359
51;9;28359;51;9;28357
51;9;27849;51;9;27851
51;9;27851;51;9;28373
51;9;28373;51;9;27849
51;9;28380;51;9;28382
51;9;28382;51;9;28549
51;9;28549;51;9;28380
51;9;28383;51;9;28385
51;9;28385;51;9;28383
51;9;28012;51;9;28387
51;9;28387;51;9;28389
51;9;28389;51;9;28012
51;9;27840;51;9;28391
51;9;28391;51;9;27840
51;9;28390;51;9;28396
51;9;28396;51;9;28390
51;9;28360;51;9;28404
51;9;28404;51;9;28360
51;9;28406;51;9;28417
51;9;28417;51;9;28406
51;9;16345;51;9;16930
51;9;16930;51;9;16931
51;9;16931;51;9;28413
51;9;28413;51;9;28420
51;9;28420;51;9;28424
51;9;28424;51;9;16345
51;9;28409;51;9;28422
51;9;28422;51;9;28409
51;9;28423;51;9;28427
51;9;28427;51;9;28423
51;9;28428;51;9;28430
51;9;28430;51;9;28600
51;9;28600;51;9;28428
51;9;28434;51;9;28440
51;9;28440;51;9;28434
51;9;28450;51;9;28452
51;9;28452;51;9;28450
51;9;17591;51;9;28455
51;9;28455;51;9;28618
51;9;28618;51;9;17591
51;9;28393;51;9;28458
51;9;28458;51;9;28393
51;9;28459;51;9;28461
51;9;28461;51;9;28464
51;9;28464;51;9;28459
51;9;27842;51;9;28465
51;9;28465;51;9;28474
51;9;28474;51;9;27842
51;9;28398;51;9;28467
51;9;28467;51;9;28398
51;9;28468;51;9;28470
51;9;28470;51;9;28468
51;9;28392;51;9;28473
51;9;28473;51;9;28392
51;9;27853;51;9;28475
51;9;28475;51;9;36426
51;9;36426;51;9;27853
51;9;28480;51;9;28482
51;9;28482;51;9;28480
51;9;27876;51;9;28486
51;9;28486;51;9;27876
51;9;27883;51;9;28487
51;9;28487;51;9;27883
51;9;25360;51;9;28363
51;9;28363;51;9;28488
51;9;28488;51;9;25360
51;9;27877;51;9;28492
51;9;28492;51;9;27877
51;9;28484;51;9;28494
51;9;28494;51;9;28484
51;9;17464;51;9;28411
51;9;28411;51;9;28495
51;9;28495;51;9;28497
51;9;28497;51;9;17464
51;9;28348;51;9;28498
51;9;28498;51;9;28348
51;9;27875;51;9;28499
51;9;28499;51;9;28501
51;9;28501;51;9;28598
51;9;28598;51;9;27875
51;9;27859;51;9;28502
51;9;28502;51;9;27859
51;9;28504;51;9;28507
51;9;28507;51;9;28504
51;9;28365;51;9;28510
51;9;28510;51;9;28365
51;9;28509;51;9;28512
51;9;28512;51;9;28509
51;9;28364;51;9;28513
51;9;28513;51;9;28364
51;9;28514;51;9;28517
51;9;28517;51;9;28514
51;9;28519;51;9;28521
51;9;28521;51;9;28533
51;9;28533;51;9;28519
51;9;27884;51;9;28522
51;9;28522;51;9;28691
51;9;28691;51;9;27884
51;9;28518;51;9;28524
51;9;28524;51;9;28518
51;9;28525;51;9;28527
51;9;28527;51;9;28525
51;9;28528;51;9;28530
51;9;28530;51;9;28528
51;9;27886;51;9;28531
51;9;28531;51;9;27886
51;9;28376;51;9;28378
51;9;28378;51;9;28674
51;9;28674;51;9;28376
51;9;28506;51;9;28539
51;9;28539;51;9;28595
51;9;28595;51;9;28506
51;9;28544;51;9;28546
51;9;28546;51;9;28553
51;9;28553;51;9;28544
51;9;28550;51;9;28552
51;9;28552;51;9;28555
51;9;28555;51;9;28558
51;9;28558;51;9;28550
51;9;27995;51;9;28559
51;9;28559;51;9;28561
51;9;28561;51;9;28650
51;9;28650;51;9;27995
51;9;28547;51;9;28562
51;9;28562;51;9;28564
51;9;28564;51;9;28547
51;9;28565;51;9;28567
51;9;28567;51;9;28565
51;9;28568;51;9;28570
51;9;28570;51;9;28679
51;9;28679;51;9;28568
51;9;27994;51;9;28572
51;9;28572;51;9;27994
51;9;27913;51;9;28576
51;9;28576;51;9;27913
51;9;28571;51;9;28578
51;9;28578;51;9;28571
51;9;28581;51;9;28583
51;9;28583;51;9;28581
51;9;28508;51;9;28584
51;9;28584;51;9;28508
51;9;27860;51;9;27882
51;9;27882;51;9;28362
51;9;28362;51;9;28585
51;9;28585;51;9;28590
51;9;28590;51;9;27860
51;9;28503;51;9;28591
51;9;28591;51;9;28503
51;9;28375;51;9;28593
51;9;28593;51;9;28375
51;9;28592;51;9;28596
51;9;28596;51;9;28592
51;9;27858;51;9;28597
51;9;28597;51;9;27858
51;9;28435;51;9;28601
51;9;28601;51;9;28603
51;9;28603;51;9;28435
51;9;28449;51;9;28604
51;9;28604;51;9;28449
51;9;28448;51;9;28606
51;9;28606;51;9;28448
51;9;28441;51;9;28607
51;9;28607;51;9;28441
51;9;28478;51;9;28608
51;9;28608;51;9;28478
51;9;28479;51;9;28610
51;9;28610;51;9;28479
51;9;28437;51;9;28619
51;9;28619;51;9;28437
51;9;28343;51;9;28621
51;9;28621;51;9;28343
51;9;16405;51;9;28367
51;9;28367;51;9;28624
51;9;28624;51;9;16405
51;9;28516;51;9;28625
51;9;28625;51;9;28516
51;9;28366;51;9;28627
51;9;28627;51;9;28366
51;9;28628;51;9;28630
51;9;28630;51;9;28628
51;9;28631;51;9;28633
51;9;28633;51;9;28631
51;9;28634;51;9;28636
51;9;28636;51;9;28634
51;9;28637;51;9;28639
51;9;28639;51;9;28637
51;9;28644;51;9;28646
51;9;28646;51;9;28644
51;9;28647;51;9;28649
51;9;28649;51;9;28647
51;9;28651;51;9;28653
51;9;28653;51;9;28651
51;9;28642;51;9;28655
51;9;28655;51;9;28642
51;9;28656;51;9;28658
51;9;28658;51;9;28656
51;9;28659;51;9;28661
51;9;28661;51;9;28659
51;9;28654;51;9;28662
51;9;28662;51;9;28664
51;9;28664;51;9;28654
51;9;27846;51;9;28670
51;9;28670;51;9;27846
51;9;28671;51;9;28673
51;9;28673;51;9;28671
51;9;28386;51;9;28676
51;9;28676;51;9;28386
51;9;28556;51;9;28677
51;9;28677;51;9;28556
51;9;28680;51;9;28682
51;9;28682;51;9;28680
51;9;28580;51;9;28683
51;9;28683;51;9;28580
51;9;28684;51;9;28687
51;9;28687;51;9;28684
51;9;28579;51;9;28688
51;9;28688;51;9;28579
51;9;27878;51;9;28690
51;9;28690;51;9;27878
51;9;28695;51;9;28697
51;9;28697;51;9;28695
51;9;28698;51;9;28699
51;9;28699;51;9;28698
51;9;28705;51;9;28707
51;9;28707;51;9;28705
51;9;28704;51;9;28712
51;9;28712;51;9;28704
51;9;28723;51;9;28894
51;9;28894;51;9;28723
51;9;28725;51;9;28727
51;9;28727;51;9;28792
51;9;28792;51;9;28725
51;9;28728;51;9;28730
51;9;28730;51;9;28771
51;9;28771;51;9;28728
51;9;28731;51;9;28733
51;9;28733;51;9;28844
51;9;28844;51;9;28731
51;9;11819;51;9;11821
51;9;11821;51;9;11822
51;9;11822;51;9;12839
51;9;12839;51;9;24717
51;9;24717;51;9;24727
51;9;24727;51;9;28734
51;9;28734;51;9;28744
51;9;28744;51;9;11819
51;9;28745;51;9;28747
51;9;28747;51;9;28808
51;9;28808;51;9;28845
51;9;28845;51;9;28745
51;9;28748;51;9;28750
51;9;28750;51;9;28748
51;9;28738;51;9;28755
51;9;28755;51;9;28738
51;9;28752;51;9;28762
51;9;28762;51;9;28752
51;9;28767;51;9;28769
51;9;28769;51;9;28767
51;9;12843;51;9;24675
51;9;24675;51;9;24755
51;9;24755;51;9;25274
51;9;25274;51;9;25283
51;9;25283;51;9;28739
51;9;28739;51;9;28773
51;9;28773;51;9;28828
51;9;28828;51;9;12843
51;9;10785;51;9;28777
51;9;28777;51;9;10785
51;9;28781;51;9;28784
51;9;28784;51;9;28781
51;9;28724;51;9;28786
51;9;28786;51;9;28724
51;9;28783;51;9;28789
51;9;28789;51;9;28783
51;9;28793;51;9;28795
51;9;28795;51;9;28793
51;9;28790;51;9;28796
51;9;28796;51;9;28790
51;9;28798;51;9;28800
51;9;28800;51;9;28798
51;9;28751;51;9;28804
51;9;28804;51;9;28751
51;9;28807;51;9;28810
51;9;28810;51;9;28807
51;9;28797;51;9;28811
51;9;28811;51;9;28797
51;9;28735;51;9;28813
51;9;28813;51;9;28735
51;9;28766;51;9;28816
51;9;28816;51;9;28766
51;9;28736;51;9;28818
51;9;28818;51;9;28736
51;9;28817;51;9;28820
51;9;28820;51;9;28817
51;9;28765;51;9;28822
51;9;28822;51;9;28918
51;9;28918;51;9;28765
51;9;28821;51;9;28824
51;9;28824;51;9;28821
51;9;28825;51;9;28827
51;9;28827;51;9;28825
51;9;28831;51;9;28833
51;9;28833;51;9;28831
51;9;28834;51;9;28836
51;9;28836;51;9;28834
51;9;28737;51;9;28837
51;9;28837;51;9;28839
51;9;28839;51;9;28737
51;9;28840;51;9;28842
51;9;28842;51;9;28840
51;9;28778;51;9;28847
51;9;28847;51;9;28778
51;9;28761;51;9;28848
51;9;28848;51;9;28761
51;9;28780;51;9;28853
51;9;28853;51;9;28780
51;9;28851;51;9;28855
51;9;28855;51;9;28851
51;9;28852;51;9;28858
51;9;28858;51;9;28852
51;9;28788;51;9;28859
51;9;28859;51;9;28788
51;9;28787;51;9;28861
51;9;28861;51;9;28787
51;9;28856;51;9;28862
51;9;28862;51;9;28856
51;9;28863;51;9;28865
51;9;28865;51;9;28863
51;9;28717;51;9;28867
51;9;28867;51;9;28717
51;9;28866;51;9;28869
51;9;28869;51;9;28866
51;9;28708;51;9;28872
51;9;28872;51;9;28708
51;9;28716;51;9;28873
51;9;28873;51;9;28716
51;9;28702;51;9;28875
51;9;28875;51;9;28702
51;9;28715;51;9;28879
51;9;28879;51;9;28715
51;9;28718;51;9;28881
51;9;28881;51;9;28718
51;9;28882;51;9;28884
51;9;28884;51;9;28882
51;9;28885;51;9;28888
51;9;28888;51;9;28885
51;9;28887;51;9;28891
51;9;28891;51;9;28887
51;9;28895;51;9;28897
51;9;28897;51;9;28895
51;9;28898;51;9;28900
51;9;28900;51;9;28898
51;9;28901;51;9;28904
51;9;28904;51;9;28901
51;9;28905;51;9;28907
51;9;28907;51;9;28905
51;9;28908;51;9;28910
51;9;28910;51;9;28908
51;9;28911;51;9;28913
51;9;28913;51;9;28911
51;9;28902;51;9;28914
51;9;28914;51;9;28916
51;9;28916;51;9;28902
51;9;28756;51;9;28920
51;9;28920;51;9;28756
51;9;28774;51;9;28921
51;9;28921;51;9;28923
51;9;28923;51;9;28774
51;9;28740;51;9;28924
51;9;28924;51;9;28740
51;9;28937;51;9;28940
51;9;28940;51;9;29251
51;9;29251;51;9;28937
51;9;28929;51;9;28942
51;9;28942;51;9;28929
51;9;28951;51;9;28953
51;9;28953;51;9;29276
51;9;29276;51;9;28951
51;9;28955;51;9;28957
51;9;28957;51;9;28955
51;9;28972;51;9;28974
51;9;28974;51;9;28972
51;9;28983;51;9;28985
51;9;28985;51;9;28983
51;9;28976;51;9;28987
51;9;28987;51;9;28976
51;9;28991;51;9;28993
51;9;28993;51;9;28991
51;9;28997;51;9;28999
51;9;28999;51;9;29465
51;9;29465;51;9;28997
51;9;27680;51;9;29001
51;9;29001;51;9;29003
51;9;29003;51;9;27680
51;9;29005;51;9;29007
51;9;29007;51;9;29005
51;9;29008;51;9;29010
51;9;29010;51;9;29130
51;9;29130;51;9;29008
51;9;27683;51;9;29015
51;9;29015;51;9;29535
51;9;29535;51;9;29537
51;9;29537;51;9;27683
51;9;29021;51;9;29026
51;9;29026;51;9;29021
51;9;29027;51;9;29030
51;9;29030;51;9;29027
51;9;27673;51;9;29031
51;9;29031;51;9;29348
51;9;29348;51;9;27673
51;9;29024;51;9;29032
51;9;29032;51;9;29034
51;9;29034;51;9;29395
51;9;29395;51;9;29591
51;9;29591;51;9;29024
51;9;29035;51;9;29037
51;9;29037;51;9;29035
51;9;29045;51;9;29047
51;9;29047;51;9;29589
51;9;29589;51;9;29045
51;9;27666;51;9;29048
51;9;29048;51;9;29051
51;9;29051;51;9;27666
51;9;29053;51;9;29055
51;9;29055;51;9;29577
51;9;29577;51;9;29053
51;9;29056;51;9;29058
51;9;29058;51;9;29056
51;9;29065;51;9;29067
51;9;29067;51;9;29065
51;9;25938;51;9;29073
51;9;29073;51;9;29684
51;9;29684;51;9;25938
51;9;27677;51;9;29089
51;9;29089;51;9;29093
51;9;29093;51;9;27677
51;9;29095;51;9;29103
51;9;29103;51;9;29719
51;9;29719;51;9;29095
51;9;27686;51;9;29107
51;9;29107;51;9;29112
51;9;29112;51;9;29423
51;9;29423;51;9;29429
51;9;29429;51;9;27686
51;9;29113;51;9;29115
51;9;29115;51;9;29118
51;9;29118;51;9;29475
51;9;29475;51;9;36276
51;9;36276;51;9;29113
51;9;29121;51;9;29123
51;9;29123;51;9;29121
51;9;29127;51;9;29131
51;9;29131;51;9;29127
51;9;27671;51;9;29137
51;9;29137;51;9;29539
51;9;29539;51;9;27671
51;9;27672;51;9;29139
51;9;29139;51;9;29560
51;9;29560;51;9;27672
51;9;29134;51;9;29142
51;9;29142;51;9;29134
51;9;27670;51;9;29143
51;9;29143;51;9;29147
51;9;29147;51;9;27670
51;9;29136;51;9;29149
51;9;29149;51;9;29136
51;9;29104;51;9;29151
51;9;29151;51;9;29104
51;9;29152;51;9;29154
51;9;29154;51;9;29152
51;9;29155;51;9;29157
51;9;29157;51;9;29155
51;9;12323;51;9;12324
51;9;12324;51;9;29158
51;9;29158;51;9;29160
51;9;29160;51;9;12323
51;9;29162;51;9;29164
51;9;29164;51;9;29162
51;9;29169;51;9;29171
51;9;29171;51;9;29169
51;9;27702;51;9;29179
51;9;29179;51;9;29495
51;9;29495;51;9;29808
51;9;29808;51;9;27702
51;9;23711;51;9;27701
51;9;27701;51;9;29180
51;9;29180;51;9;29184
51;9;29184;51;9;23711
51;9;29185;51;9;29188
51;9;29188;51;9;29185
51;9;29183;51;9;29191
51;9;29191;51;9;29497
51;9;29497;51;9;29183
51;9;29189;51;9;29192
51;9;29192;51;9;29189
51;9;28932;51;9;29195
51;9;29195;51;9;28932
51;9;29200;51;9;29202
51;9;29202;51;9;29200
51;9;29132;51;9;29203
51;9;29203;51;9;29208
51;9;29208;51;9;29132
51;9;29145;51;9;29235
51;9;29235;51;9;29145
51;9;29014;51;9;29212
51;9;29212;51;9;29014
51;9;29210;51;9;29214
51;9;29214;51;9;29210
51;9;29216;51;9;29218
51;9;29218;51;9;29216
51;9;29135;51;9;29219
51;9;29219;51;9;29229
51;9;29229;51;9;29135
51;9;29215;51;9;29221
51;9;29221;51;9;29215
51;9;29133;51;9;29223
51;9;29223;51;9;29232
51;9;29232;51;9;29133
51;9;29209;51;9;29225
51;9;29225;51;9;29209
51;9;29222;51;9;29226
51;9;29226;51;9;29228
51;9;29228;51;9;29222
51;9;29146;51;9;29231
51;9;29231;51;9;29146
51;9;27690;51;9;29194
51;9;29194;51;9;29237
51;9;29237;51;9;27690
51;9;29238;51;9;29240
51;9;29240;51;9;29238
51;9;28936;51;9;29242
51;9;29242;51;9;29244
51;9;29244;51;9;28936
51;9;28927;51;9;29246
51;9;29246;51;9;28927
51;9;29245;51;9;29248
51;9;29248;51;9;29245
51;9;29252;51;9;29254
51;9;29254;51;9;29260
51;9;29260;51;9;29252
51;9;29255;51;9;29257
51;9;29257;51;9;29255
51;9;28949;51;9;29258
51;9;29258;51;9;28949
51;9;29265;51;9;29267
51;9;29267;51;9;29265
51;9;29268;51;9;29270
51;9;29270;51;9;29268
51;9;29271;51;9;29273
51;9;29273;51;9;29795
51;9;29795;51;9;29271
51;9;29277;51;9;29279
51;9;29279;51;9;29796
51;9;29796;51;9;29277
51;9;28996;51;9;29281
51;9;29281;51;9;28996
51;9;29280;51;9;29283
51;9;29283;51;9;29280
51;9;28958;51;9;29284
51;9;29284;51;9;28958
51;9;28964;51;9;29288
51;9;29288;51;9;28964
51;9;28965;51;9;29290
51;9;29290;51;9;28965
51;9;29291;51;9;29293
51;9;29293;51;9;29291
51;9;29294;51;9;29296
51;9;29296;51;9;29294
51;9;28981;51;9;29299
51;9;29299;51;9;28981
51;9;29298;51;9;29303
51;9;29303;51;9;29298
51;9;28975;51;9;29306
51;9;29306;51;9;28975
51;9;29301;51;9;29308
51;9;29308;51;9;29301
51;9;28980;51;9;29309
51;9;29309;51;9;28980
51;9;29297;51;9;29311
51;9;29311;51;9;29297
51;9;28982;51;9;29314
51;9;29314;51;9;28982
51;9;29304;51;9;29315
51;9;29315;51;9;29304
51;9;29316;51;9;29318
51;9;29318;51;9;29316
51;9;27697;51;9;28968
51;9;28968;51;9;28970
51;9;28970;51;9;29319
51;9;29319;51;9;29322
51;9;29322;51;9;29325
51;9;29325;51;9;27697
51;9;29285;51;9;29326
51;9;29326;51;9;29285
51;9;28954;51;9;29327
51;9;29327;51;9;28954
51;9;28967;51;9;29329
51;9;29329;51;9;28967
51;9;29286;51;9;29330
51;9;29330;51;9;29286
51;9;28966;51;9;29332
51;9;29332;51;9;28966
51;9;29287;51;9;29333
51;9;29333;51;9;29287
51;9;28963;51;9;29336
51;9;29336;51;9;28963
51;9;28986;51;9;29338
51;9;29338;51;9;28986
51;9;29305;51;9;29339
51;9;29339;51;9;29305
51;9;28971;51;9;29340
51;9;29340;51;9;28971
51;9;29028;51;9;29345
51;9;29345;51;9;29347
51;9;29347;51;9;29028
51;9;29344;51;9;29350
51;9;29350;51;9;29344
51;9;29352;51;9;29354
51;9;29354;51;9;29411
51;9;29411;51;9;29352
51;9;29356;51;9;29358
51;9;29358;51;9;29414
51;9;29414;51;9;29356
51;9;29360;51;9;29362
51;9;29362;51;9;29769
51;9;29769;51;9;29360
51;9;29363;51;9;29367
51;9;29367;51;9;29363
51;9;29343;51;9;29371
51;9;29371;51;9;29343
51;9;29364;51;9;29375
51;9;29375;51;9;29378
51;9;29378;51;9;29364
51;9;29379;51;9;29381
51;9;29381;51;9;29390
51;9;29390;51;9;29459
51;9;29459;51;9;29467
51;9;29467;51;9;29379
51;9;28994;51;9;29384
51;9;29384;51;9;28994
51;9;29387;51;9;29389
51;9;29389;51;9;29387
51;9;29386;51;9;29393
51;9;29393;51;9;29386
51;9;29351;51;9;29396
51;9;29396;51;9;29351
51;9;29370;51;9;29399
51;9;29399;51;9;29370
51;9;29402;51;9;29404
51;9;29404;51;9;29413
51;9;29413;51;9;29402
51;9;29368;51;9;29405
51;9;29405;51;9;29368
51;9;29376;51;9;29406
51;9;29406;51;9;29376
51;9;29382;51;9;29407
51;9;29407;51;9;29382
51;9;29369;51;9;29409
51;9;29409;51;9;29369
51;9;29401;51;9;29410
51;9;29410;51;9;29401
51;9;29374;51;9;29417
51;9;29417;51;9;29374
51;9;29418;51;9;29420
51;9;29420;51;9;29418
51;9;29421;51;9;29425
51;9;29425;51;9;29421
51;9;29426;51;9;29431
51;9;29431;51;9;29426
51;9;29432;51;9;29434
51;9;29434;51;9;29432
51;9;29437;51;9;29760
51;9;29760;51;9;29437
51;9;29106;51;9;29440
51;9;29440;51;9;29106
51;9;29438;51;9;29442
51;9;29442;51;9;29438
51;9;29428;51;9;29443
51;9;29443;51;9;29428
51;9;29439;51;9;29445
51;9;29445;51;9;29439
51;9;29427;51;9;29450
51;9;29450;51;9;29761
51;9;29761;51;9;29427
51;9;29004;51;9;29452
51;9;29452;51;9;29004
51;9;29129;51;9;29197
51;9;29197;51;9;29455
51;9;29455;51;9;29480
51;9;29480;51;9;29129
51;9;29453;51;9;29456
51;9;29456;51;9;29453
51;9;29457;51;9;29461
51;9;29461;51;9;29457
51;9;29449;51;9;29462
51;9;29462;51;9;29449
51;9;29458;51;9;29464
51;9;29464;51;9;29458
51;9;29469;51;9;29471
51;9;29471;51;9;29469
51;9;29472;51;9;29474
51;9;29474;51;9;29472
51;9;29116;51;9;29476
51;9;29476;51;9;29491
51;9;29491;51;9;29116
51;9;29182;51;9;29478
51;9;29478;51;9;29182
51;9;29448;51;9;29482
51;9;29482;51;9;29792
51;9;29792;51;9;29448
51;9;29483;51;9;29485
51;9;29485;51;9;29488
51;9;29488;51;9;29483
51;9;29119;51;9;29486
51;9;29486;51;9;29119
51;9;29120;51;9;29489
51;9;29489;51;9;29120
51;9;29492;51;9;29494
51;9;29494;51;9;29492
51;9;27687;51;9;29125
51;9;29125;51;9;29198
51;9;29198;51;9;29500
51;9;29500;51;9;27687
51;9;29501;51;9;29503
51;9;29503;51;9;29501
51;9;29498;51;9;29504
51;9;29504;51;9;29498
51;9;29505;51;9;29507
51;9;29507;51;9;29534
51;9;29534;51;9;29505
51;9;23635;51;9;27684
51;9;27684;51;9;29016
51;9;29016;51;9;29508
51;9;29508;51;9;29510
51;9;29510;51;9;23635
51;9;29511;51;9;29513
51;9;29513;51;9;29511
51;9;29514;51;9;29516
51;9;29516;51;9;29564
51;9;29564;51;9;29514
51;9;29517;51;9;29519
51;9;29519;51;9;29517
51;9;29520;51;9;29522
51;9;29522;51;9;29520
51;9;29138;51;9;29525
51;9;29525;51;9;29138
51;9;29523;51;9;29526
51;9;29526;51;9;29523
51;9;29527;51;9;29529
51;9;29529;51;9;29527
51;9;29211;51;9;29531
51;9;29531;51;9;29211
51;9;29013;51;9;29532
51;9;29532;51;9;29013
51;9;29530;51;9;29538
51;9;29538;51;9;29530
51;9;29540;51;9;29542
51;9;29542;51;9;29556
51;9;29556;51;9;29540
51;9;29543;51;9;29545
51;9;29545;51;9;29548
51;9;29548;51;9;29543
51;9;29148;51;9;29554
51;9;29554;51;9;29148
51;9;29552;51;9;29555
51;9;29555;51;9;29552
51;9;29546;51;9;29557
51;9;29557;51;9;29546
51;9;29064;51;9;29568
51;9;29568;51;9;29064
51;9;29567;51;9;29570
51;9;29570;51;9;29567
51;9;29571;51;9;29573
51;9;29573;51;9;29571
51;9;29063;51;9;29574
51;9;29574;51;9;29576
51;9;29576;51;9;29063
51;9;29062;51;9;29579
51;9;29579;51;9;29062
51;9;29023;51;9;29582
51;9;29582;51;9;29023
51;9;29580;51;9;29583
51;9;29583;51;9;29586
51;9;29586;51;9;29580
51;9;29052;51;9;29584
51;9;29584;51;9;29052
51;9;29587;51;9;29590
51;9;29590;51;9;29587
51;9;29041;51;9;29593
51;9;29593;51;9;29041
51;9;29594;51;9;29597
51;9;29597;51;9;29594
51;9;12665;51;9;27667
51;9;27667;51;9;29040
51;9;29040;51;9;29600
51;9;29600;51;9;12665
51;9;29598;51;9;29601
51;9;29601;51;9;29598
51;9;29602;51;9;29606
51;9;29606;51;9;29616
51;9;29616;51;9;29602
51;9;29595;51;9;29607
51;9;29607;51;9;29609
51;9;29609;51;9;29595
51;9;29077;51;9;29610
51;9;29610;51;9;29612
51;9;29612;51;9;29077
51;9;29603;51;9;29613
51;9;29613;51;9;29603
51;9;29084;51;9;29614
51;9;29614;51;9;29084
51;9;27668;51;9;27675
51;9;27675;51;9;29039
51;9;29039;51;9;29079
51;9;29079;51;9;29620
51;9;29620;51;9;27668
51;9;29618;51;9;29623
51;9;29623;51;9;29618
51;9;29415;51;9;29626
51;9;29626;51;9;29766
51;9;29766;51;9;29415
51;9;29624;51;9;29628
51;9;29628;51;9;29624
51;9;29086;51;9;29631
51;9;29631;51;9;29086
51;9;29101;51;9;29634
51;9;29634;51;9;29677
51;9;29677;51;9;29101
51;9;29099;51;9;29639
51;9;29639;51;9;29645
51;9;29645;51;9;29099
51;9;29168;51;9;29642
51;9;29642;51;9;29168
51;9;29640;51;9;29643
51;9;29643;51;9;29640
51;9;29646;51;9;29648
51;9;29648;51;9;29646
51;9;29649;51;9;29651
51;9;29651;51;9;29649
51;9;29652;51;9;29654
51;9;29654;51;9;29652
51;9;29658;51;9;29661
51;9;29661;51;9;29658
51;9;29637;51;9;29662
51;9;29662;51;9;29637
51;9;29663;51;9;29811
51;9;29811;51;9;29663
51;9;29098;51;9;29665
51;9;29665;51;9;29098
51;9;29638;51;9;29666
51;9;29666;51;9;29638
51;9;29655;51;9;29667
51;9;29667;51;9;29655
51;9;29657;51;9;29668
51;9;29668;51;9;29657
51;9;29072;51;9;29671
51;9;29671;51;9;29072
51;9;29669;51;9;29673
51;9;29673;51;9;29669
51;9;29659;51;9;29675
51;9;29675;51;9;29734
51;9;29734;51;9;29659
51;9;29635;51;9;29679
51;9;29679;51;9;29732
51;9;29732;51;9;29635
51;9;29676;51;9;29680
51;9;29680;51;9;29738
51;9;29738;51;9;29676
51;9;29682;51;9;29685
51;9;29685;51;9;29682
51;9;29672;51;9;29686
51;9;29686;51;9;29672
51;9;29074;51;9;29688
51;9;29688;51;9;29074
51;9;29690;51;9;29692
51;9;29692;51;9;29690
51;9;29049;51;9;29693
51;9;29693;51;9;29049
51;9;29689;51;9;29696
51;9;29696;51;9;29689
51;9;29076;51;9;29697
51;9;29697;51;9;29699
51;9;29699;51;9;29076
51;9;29604;51;9;29701
51;9;29701;51;9;29716
51;9;29716;51;9;29604
51;9;29085;51;9;29702
51;9;29702;51;9;29085
51;9;29630;51;9;29703
51;9;29703;51;9;29630
51;9;29075;51;9;29708
51;9;29708;51;9;29737
51;9;29737;51;9;29075
51;9;29706;51;9;29709
51;9;29709;51;9;29706
51;9;29632;51;9;29711
51;9;29711;51;9;29717
51;9;29717;51;9;29632
51;9;29710;51;9;29713
51;9;29713;51;9;29710
51;9;29700;51;9;29714
51;9;29714;51;9;29700
51;9;29094;51;9;29721
51;9;29721;51;9;29094
51;9;29718;51;9;29722
51;9;29722;51;9;29726
51;9;29726;51;9;29750
51;9;29750;51;9;29718
51;9;29633;51;9;29723
51;9;29723;51;9;29633
51;9;29102;51;9;29727
51;9;29727;51;9;29102
51;9;29096;51;9;29730
51;9;29730;51;9;29814
51;9;29814;51;9;29096
51;9;29728;51;9;29731
51;9;29731;51;9;29728
51;9;29636;51;9;29735
51;9;29735;51;9;29636
51;9;29674;51;9;29740
51;9;29740;51;9;29674
51;9;29681;51;9;29741
51;9;29741;51;9;29681
51;9;29355;51;9;29743
51;9;29743;51;9;29806
51;9;29806;51;9;29355
51;9;29621;51;9;29744
51;9;29744;51;9;29621
51;9;29627;51;9;29745
51;9;29745;51;9;29627
51;9;29088;51;9;29749
51;9;29749;51;9;29088
51;9;29629;51;9;29752
51;9;29752;51;9;29629
51;9;29747;51;9;29754
51;9;29754;51;9;29747
51;9;29091;51;9;29755
51;9;29755;51;9;29091
51;9;29446;51;9;29759
51;9;29759;51;9;29446
51;9;29092;51;9;36280
51;9;36280;51;9;29092
51;9;29768;51;9;29771
51;9;29771;51;9;29768
51;9;29758;51;9;29773
51;9;29773;51;9;36241
51;9;36241;51;9;29758
51;9;29772;51;9;29775
51;9;29775;51;9;29772
51;9;29776;51;9;29778
51;9;29778;51;9;29782
51;9;29782;51;9;29776
51;9;29746;51;9;29779
51;9;29779;51;9;29746
51;9;29767;51;9;29781
51;9;29781;51;9;29767
51;9;29753;51;9;29785
51;9;29785;51;9;29753
51;9;29087;51;9;29787
51;9;29787;51;9;29087
51;9;29748;51;9;29789
51;9;29789;51;9;29748
51;9;29786;51;9;29790
51;9;29790;51;9;29786
51;9;29124;51;9;29793
51;9;29793;51;9;29124
51;9;29800;51;9;29802
51;9;29802;51;9;29800
51;9;29000;51;9;29803
51;9;29803;51;9;29000
51;9;29038;51;9;29805
51;9;29805;51;9;29038
51;9;29167;51;9;29809
51;9;29809;51;9;29167
51;9;27685;51;9;29161
51;9;29161;51;9;29813
51;9;29813;51;9;27685
51;9;29261;51;9;29263
51;9;29263;51;9;29816
51;9;29816;51;9;29261
51;9;29241;51;9;29817
51;9;29817;51;9;29819
51;9;29819;51;9;29241
51;9;28930;51;9;29820
51;9;29820;51;9;29822
51;9;29822;51;9;28930
51;9;28933;51;9;29825
51;9;29825;51;9;28933
51;9;29017;51;9;29828
51;9;29828;51;9;29017
51;9;29833;51;9;29837
51;9;29837;51;9;29833
51;9;29174;51;9;29841
51;9;29841;51;9;29174
51;9;29844;51;9;29847
51;9;29847;51;9;29864
51;9;29864;51;9;29844
51;9;29848;51;9;29850
51;9;29850;51;9;29853
51;9;29853;51;9;29848
51;9;29855;51;9;29857
51;9;29857;51;9;29855
51;9;29845;51;9;29860
51;9;29860;51;9;29845
51;9;26898;51;9;29862
51;9;29862;51;9;26898
51;9;29176;51;9;29866
51;9;29866;51;9;29176
51;9;29865;51;9;29868
51;9;29868;51;9;29865
51;9;29869;51;9;29871
51;9;29871;51;9;29869
51;9;29854;51;9;29872
51;9;29872;51;9;29854
51;9;29835;51;9;29874
51;9;29874;51;9;29835
51;9;29838;51;9;29875
51;9;29875;51;9;29838
51;9;29892;51;9;29895
51;9;29895;51;9;29892
51;9;29897;51;9;29980
51;9;29980;51;9;29897
51;9;29901;51;9;29903
51;9;29903;51;9;29901
51;9;29907;51;9;29909
51;9;29909;51;9;29907
51;9;29896;51;9;29914
51;9;29914;51;9;29896
51;9;29915;51;9;29919
51;9;29919;51;9;29975
51;9;29975;51;9;29915
51;9;29883;51;9;29920
51;9;29920;51;9;29883
51;9;29882;51;9;29922
51;9;29922;51;9;29882
51;9;29923;51;9;29925
51;9;29925;51;9;29923
51;9;29884;51;9;29930
51;9;29930;51;9;29884
51;9;29931;51;9;29933
51;9;29933;51;9;29931
51;9;29935;51;9;29937
51;9;29937;51;9;29935
51;9;24243;51;9;29944
51;9;29944;51;9;29946
51;9;29946;51;9;29967
51;9;29967;51;9;24243
51;9;29900;51;9;29949
51;9;29949;51;9;36303
51;9;36303;51;9;29900
51;9;29950;51;9;29952
51;9;29952;51;9;29950
51;9;29910;51;9;29955
51;9;29955;51;9;29910
51;9;29953;51;9;29956
51;9;29956;51;9;29953
51;9;29957;51;9;29960
51;9;29960;51;9;29957
51;9;29958;51;9;29963
51;9;29963;51;9;29958
51;9;29939;51;9;29966
51;9;29966;51;9;29939
51;9;29938;51;9;29970
51;9;29970;51;9;29938
51;9;29927;51;9;29971
51;9;29971;51;9;29927
51;9;29881;51;9;29972
51;9;29972;51;9;29974
51;9;29974;51;9;29881
51;9;29926;51;9;29977
51;9;29977;51;9;29926
51;9;29934;51;9;29978
51;9;29978;51;9;29934
51;9;29911;51;9;29983
51;9;29983;51;9;29911
51;9;29879;51;9;29989
51;9;29989;51;9;29879
51;9;29990;51;9;29992
51;9;29992;51;9;29990
51;9;29997;51;9;30001
51;9;30001;51;9;29997
51;9;30002;51;9;30004
51;9;30004;51;9;30002
51;9;30017;51;9;30020
51;9;30020;51;9;30017
51;9;20237;51;9;30021
51;9;30021;51;9;20237
51;9;30011;51;9;30023
51;9;30023;51;9;30011
51;9;30029;51;9;30031
51;9;30031;51;9;30029
51;9;30032;51;9;30034
51;9;30034;51;9;30032
51;9;30040;51;9;30042
51;9;30042;51;9;30040
51;9;30043;51;9;30045
51;9;30045;51;9;30066
51;9;30066;51;9;30043
51;9;30046;51;9;30048
51;9;30048;51;9;30046
51;9;30005;51;9;30053
51;9;30053;51;9;30005
51;9;30052;51;9;30057
51;9;30057;51;9;30052
51;9;30058;51;9;30060
51;9;30060;51;9;30087
51;9;30087;51;9;30058
51;9;30036;51;9;30063
51;9;30063;51;9;30072
51;9;30072;51;9;30036
51;9;30061;51;9;30067
51;9;30067;51;9;30069
51;9;30069;51;9;30061
51;9;30070;51;9;30073
51;9;30073;51;9;30075
51;9;30075;51;9;30070
51;9;30076;51;9;30078
51;9;30078;51;9;30105
51;9;30105;51;9;30076
51;9;30055;51;9;30079
51;9;30079;51;9;30081
51;9;30081;51;9;30055
51;9;30082;51;9;30084
51;9;30084;51;9;30082
51;9;29998;51;9;30085
51;9;30085;51;9;29998
51;9;30054;51;9;30088
51;9;30088;51;9;30054
51;9;30010;51;9;30090
51;9;30090;51;9;30010
51;9;30091;51;9;30093
51;9;30093;51;9;30091
51;9;30094;51;9;30096
51;9;30096;51;9;30094
51;9;30024;51;9;30100
51;9;30100;51;9;30024
51;9;30035;51;9;30102
51;9;30102;51;9;30035
51;9;30039;51;9;30103
51;9;30103;51;9;30039
51;9;30106;51;9;30108
51;9;30108;51;9;30106
51;9;29999;51;9;30109
51;9;30109;51;9;29999
51;9;29996;51;9;30111
51;9;30111;51;9;29996
51;9;30009;51;9;30112
51;9;30112;51;9;30009
51;9;30115;51;9;30117
51;9;30117;51;9;30115
51;9;30118;51;9;30120
51;9;30120;51;9;30118
51;9;30122;51;9;30124
51;9;30124;51;9;30122
51;9;30126;51;9;30128
51;9;30128;51;9;30126
51;9;30134;51;9;30136
51;9;30136;51;9;30134
51;9;30138;51;9;30140
51;9;30140;51;9;30231
51;9;30231;51;9;30138
51;9;27210;51;9;30142
51;9;30142;51;9;30202
51;9;30202;51;9;27210
51;9;27211;51;9;30144
51;9;30144;51;9;27211
51;9;30145;51;9;30150
51;9;30150;51;9;30145
51;9;30151;51;9;30153
51;9;30153;51;9;30151
51;9;30154;51;9;30156
51;9;30156;51;9;30154
51;9;30157;51;9;30159
51;9;30159;51;9;30157
51;9;30162;51;9;30165
51;9;30165;51;9;30162
51;9;30166;51;9;30168
51;9;30168;51;9;30166
51;9;30169;51;9;30171
51;9;30171;51;9;30169
51;9;30173;51;9;30175
51;9;30175;51;9;30173
51;9;30172;51;9;30178
51;9;30178;51;9;30172
51;9;30179;51;9;30181
51;9;30181;51;9;30179
51;9;30160;51;9;30185
51;9;30185;51;9;30160
51;9;30186;51;9;30188
51;9;30188;51;9;30213
51;9;30213;51;9;30186
51;9;30125;51;9;30192
51;9;30192;51;9;30125
51;9;30193;51;9;30195
51;9;30195;51;9;30193
51;9;30196;51;9;30198
51;9;30198;51;9;30196
51;9;30199;51;9;30201
51;9;30201;51;9;30199
51;9;30143;51;9;30204
51;9;30204;51;9;30143
51;9;30205;51;9;30207
51;9;30207;51;9;30205
51;9;30208;51;9;30210
51;9;30210;51;9;30208
51;9;30184;51;9;30211
51;9;30211;51;9;30184
51;9;30214;51;9;30216
51;9;30216;51;9;30214
51;9;30217;51;9;30219
51;9;30219;51;9;30222
51;9;30222;51;9;30217
51;9;30130;51;9;30226
51;9;30226;51;9;30130
51;9;30137;51;9;30228
51;9;30228;51;9;30137
51;9;30225;51;9;30229
51;9;30229;51;9;30225
51;9;30141;51;9;30234
51;9;30234;51;9;30141
51;9;30238;51;9;36306
51;9;36306;51;9;30238
51;9;30245;51;9;30247
51;9;30247;51;9;30245
51;9;30237;51;9;30253
51;9;30253;51;9;30237
51;9;30254;51;9;30256
51;9;30256;51;9;30254
51;9;30257;51;9;30259
51;9;30259;51;9;30257
51;9;30264;51;9;30267
51;9;30267;51;9;30264
51;9;30269;51;9;30271
51;9;30271;51;9;30576
51;9;30576;51;9;30269
51;9;30272;51;9;30274
51;9;30274;51;9;30645
51;9;30645;51;9;30272
51;9;30275;51;9;30277
51;9;30277;51;9;30654
51;9;30654;51;9;30275
51;9;30278;51;9;30280
51;9;30280;51;9;30278
51;9;30281;51;9;30283
51;9;30283;51;9;30281
51;9;30284;51;9;30286
51;9;30286;51;9;30284
51;9;30288;51;9;30290
51;9;30290;51;9;30509
51;9;30509;51;9;30288
51;9;30261;51;9;30293
51;9;30293;51;9;30261
51;9;30292;51;9;30295
51;9;30295;51;9;30292
51;9;30299;51;9;30301
51;9;30301;51;9;30299
51;9;30305;51;9;30307
51;9;30307;51;9;30511
51;9;30511;51;9;30305
51;9;30308;51;9;30310
51;9;30310;51;9;30308
51;9;30298;51;9;30316
51;9;30316;51;9;30298
51;9;30317;51;9;30319
51;9;30319;51;9;30317
51;9;30320;51;9;30322
51;9;30322;51;9;30320
51;9;30323;51;9;30325
51;9;30325;51;9;30639
51;9;30639;51;9;30323
51;9;30326;51;9;30328
51;9;30328;51;9;30458
51;9;30458;51;9;30326
51;9;30329;51;9;30331
51;9;30331;51;9;30329
51;9;30332;51;9;30335
51;9;30335;51;9;30332
51;9;11471;51;9;11473
51;9;11473;51;9;12416
51;9;12416;51;9;12780
51;9;12780;51;9;20395
51;9;20395;51;9;20685
51;9;20685;51;9;30287
51;9;30287;51;9;30340
51;9;30340;51;9;30648
51;9;30648;51;9;11471
51;9;30343;51;9;30489
51;9;30489;51;9;30343
51;9;30344;51;9;30346
51;9;30346;51;9;30344
51;9;30347;51;9;30349
51;9;30349;51;9;30355
51;9;30355;51;9;30484
51;9;30484;51;9;30347
51;9;30350;51;9;30352
51;9;30352;51;9;30471
51;9;30471;51;9;30350
51;9;30357;51;9;30359
51;9;30359;51;9;30498
51;9;30498;51;9;30357
51;9;30363;51;9;30447
51;9;30447;51;9;30457
51;9;30457;51;9;30363
51;9;30378;51;9;30383
51;9;30383;51;9;30378
51;9;30370;51;9;30384
51;9;30384;51;9;30370
51;9;30366;51;9;30386
51;9;30386;51;9;30366
51;9;30379;51;9;30388
51;9;30388;51;9;30379
51;9;30380;51;9;30391
51;9;30391;51;9;30380
51;9;30395;51;9;30397
51;9;30397;51;9;30438
51;9;30438;51;9;30395
51;9;30399;51;9;30401
51;9;30401;51;9;30411
51;9;30411;51;9;30399
51;9;30402;51;9;30405
51;9;30405;51;9;30402
51;9;30406;51;9;30408
51;9;30408;51;9;30406
51;9;30412;51;9;30414
51;9;30414;51;9;30432
51;9;30432;51;9;30412
51;9;30415;51;9;30417
51;9;30417;51;9;30415
51;9;30421;51;9;30423
51;9;30423;51;9;30421
51;9;30418;51;9;30425
51;9;30425;51;9;30418
51;9;30424;51;9;30428
51;9;30428;51;9;30424
51;9;30426;51;9;30431
51;9;30431;51;9;30434
51;9;30434;51;9;30437
51;9;30437;51;9;30426
51;9;30398;51;9;30435
51;9;30435;51;9;30398
51;9;30385;51;9;30440
51;9;30440;51;9;30385
51;9;30365;51;9;30443
51;9;30443;51;9;30365
51;9;30444;51;9;30446
51;9;30446;51;9;30444
51;9;30448;51;9;30450
51;9;30450;51;9;30453
51;9;30453;51;9;30448
51;9;30454;51;9;30456
51;9;30456;51;9;30454
51;9;30364;51;9;30460
51;9;30460;51;9;30364
51;9;30336;51;9;30461
51;9;30461;51;9;30336
51;9;10704;51;9;10705
51;9;10705;51;9;30337
51;9;30337;51;9;30463
51;9;30463;51;9;10704
51;9;30468;51;9;30470
51;9;30470;51;9;30468
51;9;30467;51;9;30473
51;9;30473;51;9;30467
51;9;30474;51;9;30476
51;9;30476;51;9;30474
51;9;30477;51;9;30479
51;9;30479;51;9;30477
51;9;30481;51;9;30483
51;9;30483;51;9;30481
51;9;30480;51;9;30486
51;9;30486;51;9;30480
51;9;30490;51;9;30492
51;9;30492;51;9;30490
51;9;30493;51;9;30495
51;9;30495;51;9;30493
51;9;30356;51;9;30496
51;9;30496;51;9;30356
51;9;30260;51;9;30501
51;9;30501;51;9;30260
51;9;30251;51;9;30360
51;9;30360;51;9;30502
51;9;30502;51;9;36319
51;9;36319;51;9;30251
51;9;30303;51;9;30505
51;9;30505;51;9;30303
51;9;30291;51;9;30507
51;9;30507;51;9;30291
51;9;30506;51;9;30510
51;9;30510;51;9;30506
51;9;30302;51;9;30513
51;9;30513;51;9;30302
51;9;30304;51;9;30516
51;9;30516;51;9;30304
51;9;30514;51;9;30517
51;9;30517;51;9;30514
51;9;30521;51;9;30523
51;9;30523;51;9;30521
51;9;30525;51;9;30527
51;9;30527;51;9;30558
51;9;30558;51;9;30525
51;9;30530;51;9;30532
51;9;30532;51;9;30618
51;9;30618;51;9;30530
51;9;30534;51;9;30536
51;9;30536;51;9;30612
51;9;30612;51;9;30534
51;9;30542;51;9;30544
51;9;30544;51;9;30542
51;9;30546;51;9;30548
51;9;30548;51;9;30604
51;9;30604;51;9;30546
51;9;30549;51;9;30551
51;9;30551;51;9;30557
51;9;30557;51;9;30549
51;9;30552;51;9;30554
51;9;30554;51;9;30552
51;9;30524;51;9;30562
51;9;30562;51;9;30524
51;9;30563;51;9;30566
51;9;30566;51;9;30569
51;9;30569;51;9;30563
51;9;30559;51;9;30567
51;9;30567;51;9;30559
51;9;30570;51;9;30572
51;9;30572;51;9;30570
51;9;30573;51;9;30575
51;9;30575;51;9;30578
51;9;30578;51;9;30582
51;9;30582;51;9;30573
51;9;30268;51;9;30579
51;9;30579;51;9;30268
51;9;30560;51;9;30583
51;9;30583;51;9;30560
51;9;30585;51;9;30587
51;9;30587;51;9;30585
51;9;30588;51;9;30590
51;9;30590;51;9;30610
51;9;30610;51;9;30588
51;9;30592;51;9;30594
51;9;30594;51;9;30647
51;9;30647;51;9;30658
51;9;30658;51;9;30592
51;9;30518;51;9;30595
51;9;30595;51;9;30518
51;9;30596;51;9;30598
51;9;30598;51;9;30622
51;9;30622;51;9;30596
51;9;30312;51;9;30599
51;9;30599;51;9;30601
51;9;30601;51;9;30312
51;9;30528;51;9;30605
51;9;30605;51;9;30528
51;9;30606;51;9;30608
51;9;30608;51;9;30606
51;9;30537;51;9;30609
51;9;30609;51;9;30537
51;9;30529;51;9;30613
51;9;30613;51;9;30615
51;9;30615;51;9;30529
51;9;30545;51;9;30616
51;9;30616;51;9;30545
51;9;30539;51;9;30619
51;9;30619;51;9;30539
51;9;30540;51;9;30621
51;9;30621;51;9;30540
51;9;30533;51;9;30624
51;9;30624;51;9;30533
51;9;30625;51;9;30627
51;9;30627;51;9;30625
51;9;30591;51;9;30628
51;9;30628;51;9;30591
51;9;30265;51;9;30630
51;9;30630;51;9;30265
51;9;30580;51;9;30631
51;9;30631;51;9;30580
51;9;30632;51;9;30634
51;9;30634;51;9;30632
51;9;30635;51;9;30638
51;9;30638;51;9;30635
51;9;30637;51;9;30641
51;9;30641;51;9;30637
51;9;30642;51;9;30644
51;9;30644;51;9;30642
51;9;30541;51;9;30650
51;9;30650;51;9;30541
51;9;30313;51;9;30651
51;9;30651;51;9;30313
51;9;30655;51;9;30657
51;9;30657;51;9;30655
51;9;30244;51;9;30660
51;9;30660;51;9;30244
51;9;30661;51;9;30663
51;9;30663;51;9;30661
51;9;25798;51;9;30668
51;9;30668;51;9;30933
51;9;30933;51;9;25798
51;9;30669;51;9;30672
51;9;30672;51;9;30669
51;9;30674;51;9;30676
51;9;30676;51;9;30915
51;9;30915;51;9;31018
51;9;31018;51;9;30674
51;9;30678;51;9;30680
51;9;30680;51;9;30678
51;9;30682;51;9;30684
51;9;30684;51;9;30682
51;9;11463;51;9;19322
51;9;19322;51;9;25336
51;9;25336;51;9;25341
51;9;25341;51;9;25800
51;9;25800;51;9;30685
51;9;30685;51;9;30687
51;9;30687;51;9;30793
51;9;30793;51;9;11463
51;9;30688;51;9;30690
51;9;30690;51;9;30688
51;9;30693;51;9;30695
51;9;30695;51;9;30693
51;9;25337;51;9;30698
51;9;30698;51;9;30700
51;9;30700;51;9;30864
51;9;30864;51;9;30866
51;9;30866;51;9;25337
51;9;25338;51;9;30701
51;9;30701;51;9;30813
51;9;30813;51;9;30815
51;9;30815;51;9;25338
51;9;30681;51;9;30707
51;9;30707;51;9;30681
51;9;30692;51;9;30713
51;9;30713;51;9;30969
51;9;30969;51;9;30692
51;9;30714;51;9;30716
51;9;30716;51;9;30798
51;9;30798;51;9;30838
51;9;30838;51;9;30714
51;9;25795;51;9;30720
51;9;30720;51;9;30777
51;9;30777;51;9;25795
51;9;25395;51;9;30723
51;9;30723;51;9;30780
51;9;30780;51;9;30782
51;9;30782;51;9;30870
51;9;30870;51;9;25395
51;9;30727;51;9;30937
51;9;30937;51;9;30944
51;9;30944;51;9;30727
51;9;30728;51;9;30730
51;9;30730;51;9;30975
51;9;30975;51;9;30728
51;9;30731;51;9;30734
51;9;30734;51;9;30731
51;9;30696;51;9;30743
51;9;30743;51;9;30804
51;9;30804;51;9;30696
51;9;30747;51;9;30749
51;9;30749;51;9;30747
51;9;25385;51;9;30752
51;9;30752;51;9;30754
51;9;30754;51;9;25385
51;9;30757;51;9;30761
51;9;30761;51;9;30757
51;9;30759;51;9;30766
51;9;30766;51;9;30768
51;9;30768;51;9;30956
51;9;30956;51;9;30759
51;9;30773;51;9;30775
51;9;30775;51;9;30773
51;9;30776;51;9;30779
51;9;30779;51;9;30776
51;9;30719;51;9;30784
51;9;30784;51;9;30719
51;9;30786;51;9;30788
51;9;30788;51;9;30786
51;9;30789;51;9;30791
51;9;30791;51;9;30789
51;9;30792;51;9;30795
51;9;30795;51;9;30792
51;9;30783;51;9;30801
51;9;30801;51;9;30783
51;9;30800;51;9;30803
51;9;30803;51;9;30835
51;9;30835;51;9;30837
51;9;30837;51;9;30800
51;9;30697;51;9;30806
51;9;30806;51;9;30697
51;9;30750;51;9;30809
51;9;30809;51;9;30812
51;9;30812;51;9;30750
51;9;30816;51;9;30818
51;9;30818;51;9;30816
51;9;30819;51;9;30821
51;9;30821;51;9;30819
51;9;30822;51;9;30824
51;9;30824;51;9;30875
51;9;30875;51;9;30822
51;9;30826;51;9;30828
51;9;30828;51;9;30826
51;9;30829;51;9;30831
51;9;30831;51;9;30867
51;9;30867;51;9;30869
51;9;30869;51;9;30829
51;9;30832;51;9;30834
51;9;30834;51;9;30832
51;9;30843;51;9;30854
51;9;30854;51;9;30843
51;9;30796;51;9;30847
51;9;30847;51;9;30796
51;9;30797;51;9;30849
51;9;30849;51;9;30797
51;9;30851;51;9;30853
51;9;30853;51;9;30856
51;9;30856;51;9;30851
51;9;30718;51;9;30857
51;9;30857;51;9;30718
51;9;30717;51;9;30859
51;9;30859;51;9;30717
51;9;30850;51;9;30860
51;9;30860;51;9;30850
51;9;30846;51;9;30861
51;9;30861;51;9;30846
51;9;25384;51;9;30746
51;9;30746;51;9;30863
51;9;30863;51;9;31170
51;9;31170;51;9;25384
51;9;30825;51;9;30872
51;9;30872;51;9;30825
51;9;30724;51;9;30873
51;9;30873;51;9;30724
51;9;30876;51;9;30878
51;9;30878;51;9;30876
51;9;30725;51;9;30879
51;9;30879;51;9;30725
51;9;30702;51;9;30881
51;9;30881;51;9;30702
51;9;30882;51;9;30885
51;9;30885;51;9;30882
51;9;30751;51;9;30887
51;9;30887;51;9;30751
51;9;30886;51;9;30889
51;9;30889;51;9;30886
51;9;30755;51;9;30893
51;9;30893;51;9;30755
51;9;30738;51;9;30897
51;9;30897;51;9;30738
51;9;30896;51;9;30899
51;9;30899;51;9;30896
51;9;30900;51;9;30902
51;9;30902;51;9;30900
51;9;30673;51;9;30908
51;9;30908;51;9;30673
51;9;30907;51;9;30910
51;9;30910;51;9;30907
51;9;30708;51;9;30913
51;9;30913;51;9;30708
51;9;30912;51;9;30916
51;9;30916;51;9;30912
51;9;30709;51;9;30920
51;9;30920;51;9;30709
51;9;30917;51;9;30921
51;9;30921;51;9;30917
51;9;30911;51;9;30924
51;9;30924;51;9;30911
51;9;30922;51;9;30925
51;9;30925;51;9;30922
51;9;30906;51;9;30928
51;9;30928;51;9;30906
51;9;30926;51;9;30929
51;9;30929;51;9;30926
51;9;30918;51;9;30930
51;9;30930;51;9;30918
51;9;30710;51;9;30931
51;9;30931;51;9;30710
51;9;30934;51;9;30936
51;9;30936;51;9;30993
51;9;30993;51;9;30934
51;9;30940;51;9;30943
51;9;30943;51;9;30940
51;9;30945;51;9;30949
51;9;30949;51;9;30945
51;9;30769;51;9;30952
51;9;30952;51;9;30769
51;9;30758;51;9;30954
51;9;30954;51;9;30758
51;9;30957;51;9;30960
51;9;30960;51;9;30957
51;9;30756;51;9;30963
51;9;30963;51;9;30756
51;9;30704;51;9;30964
51;9;30964;51;9;30704
51;9;30970;51;9;30972
51;9;30972;51;9;30970
51;9;30976;51;9;30978
51;9;30978;51;9;30976
51;9;30950;51;9;30980
51;9;30980;51;9;30950
51;9;30946;51;9;30984
51;9;30984;51;9;30946
51;9;30981;51;9;30985
51;9;30985;51;9;31152
51;9;31152;51;9;30981
51;9;30983;51;9;30987
51;9;30987;51;9;30990
51;9;30990;51;9;31015
51;9;31015;51;9;30983
51;9;30948;51;9;30991
51;9;30991;51;9;30948
51;9;30939;51;9;30995
51;9;30995;51;9;30939
51;9;30994;51;9;30998
51;9;30998;51;9;30994
51;9;30667;51;9;30999
51;9;30999;51;9;31001
51;9;31001;51;9;30667
51;9;25391;51;9;31002
51;9;31002;51;9;25391
51;9;30992;51;9;31008
51;9;31008;51;9;30992
51;9;31011;51;9;31014
51;9;31014;51;9;31017
51;9;31017;51;9;31011
51;9;31023;51;9;31121
51;9;31121;51;9;31126
51;9;31126;51;9;31023
51;9;31005;51;9;31024
51;9;31024;51;9;31155
51;9;31155;51;9;31005
51;9;31027;51;9;31029
51;9;31029;51;9;31027
51;9;27393;51;9;31032
51;9;31032;51;9;31043
51;9;31043;51;9;27393
51;9;31034;51;9;31037
51;9;31037;51;9;31034
51;9;31038;51;9;31040
51;9;31040;51;9;31038
51;9;31046;51;9;31048
51;9;31048;51;9;31046
51;9;31054;51;9;31056
51;9;31056;51;9;31054
51;9;31050;51;9;31060
51;9;31060;51;9;31050
51;9;31057;51;9;31062
51;9;31062;51;9;31057
51;9;31063;51;9;31066
51;9;31066;51;9;31063
51;9;31067;51;9;31069
51;9;31069;51;9;31067
51;9;31070;51;9;31072
51;9;31072;51;9;31070
51;9;30979;51;9;31073
51;9;31073;51;9;30979
51;9;31061;51;9;31075
51;9;31075;51;9;31061
51;9;31051;51;9;31079
51;9;31079;51;9;31088
51;9;31088;51;9;31051
51;9;31076;51;9;31080
51;9;31080;51;9;31076
51;9;31077;51;9;31083
51;9;31083;51;9;31077
51;9;31082;51;9;31085
51;9;31085;51;9;31082
51;9;31086;51;9;31089
51;9;31089;51;9;31086
51;9;31044;51;9;31092
51;9;31092;51;9;31095
51;9;31095;51;9;31044
51;9;31096;51;9;31099
51;9;31099;51;9;31096
51;9;31045;51;9;31102
51;9;31102;51;9;31045
51;9;31098;51;9;31103
51;9;31103;51;9;31098
51;9;31107;51;9;31110
51;9;31110;51;9;31107
51;9;31111;51;9;31113
51;9;31113;51;9;31111
51;9;31118;51;9;31120
51;9;31120;51;9;31129
51;9;31129;51;9;31118
51;9;31030;51;9;31123
51;9;31123;51;9;31030
51;9;31004;51;9;31049
51;9;31049;51;9;31053
51;9;31053;51;9;31116
51;9;31116;51;9;31127
51;9;31127;51;9;31004
51;9;31059;51;9;31130
51;9;31130;51;9;31132
51;9;31132;51;9;31059
51;9;31090;51;9;31134
51;9;31134;51;9;31142
51;9;31142;51;9;31090
51;9;31133;51;9;31136
51;9;31136;51;9;31133
51;9;31137;51;9;31139
51;9;31139;51;9;31137
51;9;30988;51;9;31144
51;9;31144;51;9;30988
51;9;31012;51;9;31145
51;9;31145;51;9;31012
51;9;30677;51;9;31146
51;9;31146;51;9;30677
51;9;31143;51;9;31148
51;9;31148;51;9;31143
51;9;31149;51;9;31151
51;9;31151;51;9;31149
51;9;25801;51;9;30737
51;9;30737;51;9;31154
51;9;31154;51;9;25801
51;9;31026;51;9;31156
51;9;31156;51;9;31158
51;9;31158;51;9;31026
51;9;31159;51;9;31161
51;9;31161;51;9;31159
51;9;30967;51;9;31163
51;9;31163;51;9;30967
51;9;31162;51;9;31165
51;9;31165;51;9;31162
51;9;30745;51;9;30807
51;9;30807;51;9;31167
51;9;31167;51;9;30745
51;9;31166;51;9;31169
51;9;31169;51;9;31166
51;9;31174;51;9;31176
51;9;31176;51;9;31174
51;9;31177;51;9;31179
51;9;31179;51;9;31579
51;9;31579;51;9;31581
51;9;31581;51;9;31177
51;9;31181;51;9;31183
51;9;31183;51;9;31584
51;9;31584;51;9;31181
51;9;31184;51;9;31186
51;9;31186;51;9;31371
51;9;31371;51;9;31184
51;9;31194;51;9;31198
51;9;31198;51;9;31194
51;9;31199;51;9;31204
51;9;31204;51;9;31199
51;9;31202;51;9;31212
51;9;31212;51;9;31202
51;9;31211;51;9;31215
51;9;31215;51;9;31211
51;9;31201;51;9;31216
51;9;31216;51;9;31218
51;9;31218;51;9;31201
51;9;31221;51;9;31223
51;9;31223;51;9;31604
51;9;31604;51;9;31221
51;9;31226;51;9;31228
51;9;31228;51;9;31626
51;9;31626;51;9;31226
51;9;31229;51;9;31231
51;9;31231;51;9;31229
51;9;31220;51;9;31232
51;9;31232;51;9;31220
51;9;31188;51;9;31245
51;9;31245;51;9;31188
51;9;31250;51;9;31252
51;9;31252;51;9;31250
51;9;31257;51;9;31260
51;9;31260;51;9;31257
51;9;31262;51;9;31264
51;9;31264;51;9;31262
51;9;31256;51;9;31265
51;9;31265;51;9;31256
51;9;31261;51;9;31266
51;9;31266;51;9;31268
51;9;31268;51;9;31276
51;9;31276;51;9;31379
51;9;31379;51;9;31381
51;9;31381;51;9;31261
51;9;31269;51;9;31272
51;9;31272;51;9;31269
51;9;31277;51;9;31280
51;9;31280;51;9;31277
51;9;31273;51;9;31281
51;9;31281;51;9;31273
51;9;31282;51;9;31285
51;9;31285;51;9;31395
51;9;31395;51;9;31282
51;9;31286;51;9;31288
51;9;31288;51;9;31286
51;9;31274;51;9;31284
51;9;31284;51;9;31291
51;9;31291;51;9;31646
51;9;31646;51;9;31274
51;9;31294;51;9;31296
51;9;31296;51;9;31294
51;9;31297;51;9;31299
51;9;31299;51;9;31559
51;9;31559;51;9;31297
51;9;31301;51;9;31303
51;9;31303;51;9;31578
51;9;31578;51;9;31301
51;9;31180;51;9;31304
51;9;31304;51;9;31180
51;9;31305;51;9;31307
51;9;31307;51;9;31305
51;9;31308;51;9;31310
51;9;31310;51;9;31364
51;9;31364;51;9;31366
51;9;31366;51;9;31308
51;9;31311;51;9;31313
51;9;31313;51;9;31622
51;9;31622;51;9;31634
51;9;31634;51;9;31311
51;9;31205;51;9;31317
51;9;31317;51;9;31205
51;9;31193;51;9;31318
51;9;31318;51;9;31320
51;9;31320;51;9;31193
51;9;31197;51;9;31321
51;9;31321;51;9;31323
51;9;31323;51;9;31197
51;9;31209;51;9;31324
51;9;31324;51;9;31326
51;9;31326;51;9;31209
51;9;31327;51;9;31330
51;9;31330;51;9;31327
51;9;31210;51;9;31333
51;9;31333;51;9;31210
51;9;31334;51;9;31336
51;9;31336;51;9;31334
51;9;31337;51;9;31339
51;9;31339;51;9;31337
51;9;31328;51;9;31342
51;9;31342;51;9;31530
51;9;31530;51;9;31328
51;9;31340;51;9;31343
51;9;31343;51;9;31340
51;9;31213;51;9;31344
51;9;31344;51;9;31346
51;9;31346;51;9;31605
51;9;31605;51;9;31607
51;9;31607;51;9;31213
51;9;31347;51;9;31349
51;9;31349;51;9;31612
51;9;31612;51;9;31347
51;9;31350;51;9;31355
51;9;31355;51;9;31477
51;9;31477;51;9;31524
51;9;31524;51;9;31350
51;9;10741;51;9;31357
51;9;31357;51;9;31359
51;9;31359;51;9;10741
51;9;31368;51;9;31370
51;9;31370;51;9;31587
51;9;31587;51;9;31628
51;9;31628;51;9;31368
51;9;31372;51;9;31374
51;9;31374;51;9;31576
51;9;31576;51;9;31372
51;9;31258;51;9;31376
51;9;31376;51;9;31378
51;9;31378;51;9;31546
51;9;31546;51;9;31548
51;9;31548;51;9;31258
51;9;31292;51;9;31382
51;9;31382;51;9;31292
51;9;31383;51;9;31386
51;9;31386;51;9;31383
51;9;31384;51;9;31387
51;9;31387;51;9;31389
51;9;31389;51;9;31384
51;9;31391;51;9;31393
51;9;31393;51;9;31391
51;9;31270;51;9;31396
51;9;31396;51;9;31270
51;9;31397;51;9;31399
51;9;31399;51;9;31397
51;9;31401;51;9;31403
51;9;31403;51;9;31409
51;9;31409;51;9;31401
51;9;31404;51;9;31406
51;9;31406;51;9;31404
51;9;31411;51;9;31413
51;9;31413;51;9;31416
51;9;31416;51;9;31411
51;9;31246;51;9;31249
51;9;31249;51;9;31414
51;9;31414;51;9;31545
51;9;31545;51;9;31246
51;9;31419;51;9;31421
51;9;31421;51;9;31427
51;9;31427;51;9;31419
51;9;31240;51;9;31422
51;9;31422;51;9;31240
51;9;31417;51;9;31424
51;9;31424;51;9;31417
51;9;11536;51;9;11537
51;9;11537;51;9;12916
51;9;12916;51;9;22095
51;9;22095;51;9;22102
51;9;22102;51;9;22113
51;9;22113;51;9;31428
51;9;31428;51;9;31430
51;9;31430;51;9;31446
51;9;31446;51;9;11536
51;9;31436;51;9;31438
51;9;31438;51;9;31436
51;9;31439;51;9;31442
51;9;31442;51;9;31451
51;9;31451;51;9;31439
51;9;31407;51;9;31452
51;9;31452;51;9;31454
51;9;31454;51;9;31407
51;9;31455;51;9;31457
51;9;31457;51;9;31455
51;9;31458;51;9;31460
51;9;31460;51;9;31493
51;9;31493;51;9;31458
51;9;31461;51;9;31463
51;9;31463;51;9;31461
51;9;31464;51;9;31467
51;9;31467;51;9;31464
51;9;31468;51;9;31470
51;9;31470;51;9;31468
51;9;31356;51;9;31479
51;9;31479;51;9;31356
51;9;31471;51;9;31480
51;9;31480;51;9;31471
51;9;31465;51;9;31481
51;9;31481;51;9;31465
51;9;31483;51;9;31487
51;9;31487;51;9;31483
51;9;31488;51;9;31490
51;9;31490;51;9;31488
51;9;10742;51;9;31289
51;9;31289;51;9;31491
51;9;31491;51;9;31495
51;9;31495;51;9;10742
51;9;31496;51;9;31498
51;9;31498;51;9;31505
51;9;31505;51;9;31496
51;9;31499;51;9;31501
51;9;31501;51;9;31499
51;9;31484;51;9;31506
51;9;31506;51;9;31484
51;9;31503;51;9;31507
51;9;31507;51;9;31649
51;9;31649;51;9;31503
51;9;31482;51;9;31509
51;9;31509;51;9;31535
51;9;31535;51;9;31482
51;9;31511;51;9;31513
51;9;31513;51;9;31511
51;9;31475;51;9;31516
51;9;31516;51;9;31520
51;9;31520;51;9;31475
51;9;31514;51;9;31517
51;9;31517;51;9;31514
51;9;31360;51;9;31521
51;9;31521;51;9;31360
51;9;31522;51;9;31527
51;9;31527;51;9;31522
51;9;31494;51;9;31536
51;9;31536;51;9;31494
51;9;31537;51;9;31539
51;9;31539;51;9;31537
51;9;31400;51;9;31540
51;9;31540;51;9;31542
51;9;31542;51;9;31400
51;9;31253;51;9;31543
51;9;31543;51;9;31253
51;9;31293;51;9;31550
51;9;31550;51;9;31293
51;9;31549;51;9;31553
51;9;31553;51;9;31549
51;9;31554;51;9;31556
51;9;31556;51;9;31554
51;9;31557;51;9;31560
51;9;31560;51;9;31557
51;9;31561;51;9;31564
51;9;31564;51;9;31561
51;9;31562;51;9;31567
51;9;31567;51;9;31562
51;9;31375;51;9;31568
51;9;31568;51;9;31375
51;9;31300;51;9;31571
51;9;31571;51;9;31300
51;9;31565;51;9;31572
51;9;31572;51;9;31565
51;9;31573;51;9;31575
51;9;31575;51;9;31573
51;9;31367;51;9;31585
51;9;31585;51;9;31367
51;9;31241;51;9;31243
51;9;31243;51;9;31425
51;9;31425;51;9;31589
51;9;31589;51;9;31241
51;9;31187;51;9;31591
51;9;31591;51;9;31187
51;9;31588;51;9;31592
51;9;31592;51;9;31588
51;9;31431;51;9;31595
51;9;31595;51;9;31431
51;9;31596;51;9;31598
51;9;31598;51;9;31596
51;9;31224;51;9;31602
51;9;31602;51;9;31224
51;9;31432;51;9;31435
51;9;31435;51;9;31601
51;9;31601;51;9;31609
51;9;31609;51;9;31611
51;9;31611;51;9;31432
51;9;31316;51;9;31614
51;9;31614;51;9;31316
51;9;31200;51;9;31615
51;9;31615;51;9;31200
51;9;31616;51;9;31618
51;9;31618;51;9;31616
51;9;31620;51;9;31623
51;9;31623;51;9;31620
51;9;31624;51;9;31627
51;9;31627;51;9;31624
51;9;31630;51;9;31633
51;9;31633;51;9;31630
51;9;31315;51;9;31636
51;9;31636;51;9;31315
51;9;31619;51;9;31637
51;9;31637;51;9;31619
51;9;31638;51;9;31640
51;9;31640;51;9;31638
51;9;31641;51;9;31643
51;9;31643;51;9;31641
51;9;31219;51;9;31644
51;9;31644;51;9;31219
51;9;31394;51;9;31647
51;9;31647;51;9;31394
51;9;31650;51;9;31653
51;9;31653;51;9;31650
51;9;31657;51;9;31726
51;9;31726;51;9;36442
51;9;36442;51;9;31657
51;9;25675;51;9;31664
51;9;31664;51;9;31673
51;9;31673;51;9;36444
51;9;36444;51;9;25675
51;9;31666;51;9;31668
51;9;31668;51;9;31666
51;9;31675;51;9;36443
51;9;36443;51;9;31675
51;9;31681;51;9;31685
51;9;31685;51;9;31714
51;9;31714;51;9;31681
51;9;31694;51;9;31696
51;9;31696;51;9;31694
51;9;31698;51;9;31700
51;9;31700;51;9;31698
51;9;31701;51;9;31704
51;9;31704;51;9;31701
51;9;31689;51;9;31711
51;9;31711;51;9;31689
51;9;31683;51;9;31719
51;9;31719;51;9;31683
51;9;31720;51;9;31722
51;9;31722;51;9;31720
51;9;31715;51;9;31723
51;9;31723;51;9;31715
51;9;23751;51;9;23860
51;9;23860;51;9;23863
51;9;23863;51;9;25676
51;9;25676;51;9;31727
51;9;31727;51;9;31729
51;9;31729;51;9;31747
51;9;31747;51;9;31749
51;9;31749;51;9;23751
51;9;31678;51;9;31731
51;9;31731;51;9;31678
51;9;31732;51;9;31734
51;9;31734;51;9;31732
51;9;31735;51;9;31737
51;9;31737;51;9;31735
51;9;31730;51;9;31738
51;9;31738;51;9;31730
51;9;31677;51;9;31740
51;9;31740;51;9;31677
51;9;31741;51;9;31743
51;9;31743;51;9;31746
51;9;31746;51;9;31741
51;9;31676;51;9;31744
51;9;31744;51;9;31676
51;9;31693;51;9;31751
51;9;31751;51;9;31756
51;9;31756;51;9;31693
51;9;31750;51;9;31753
51;9;31753;51;9;31750
51;9;31697;51;9;31759
51;9;31759;51;9;31697
51;9;31712;51;9;31760
51;9;31760;51;9;31712
51;9;31763;51;9;31765
51;9;31765;51;9;31763
51;9;31766;51;9;31768
51;9;31768;51;9;31766
51;9;31769;51;9;31772
51;9;31772;51;9;31769
51;9;31773;51;9;31775
51;9;31775;51;9;31773
51;9;31679;51;9;31777
51;9;31777;51;9;31679
51;9;31776;51;9;31779
51;9;31779;51;9;31776
51;9;31780;51;9;31782
51;9;31782;51;9;31780
51;9;31665;51;9;31785
51;9;31785;51;9;31665
51;9;31762;51;9;31786
51;9;31786;51;9;31762
51;9;31690;51;9;31788
51;9;31788;51;9;31690
51;9;31789;51;9;31792
51;9;31792;51;9;31789
51;9;31795;51;9;31800
51;9;31800;51;9;31804
51;9;31804;51;9;31795
51;9;31798;51;9;31802
51;9;31802;51;9;31798
51;9;31805;51;9;31808
51;9;31808;51;9;31827
51;9;31827;51;9;31805
51;9;31811;51;9;31818
51;9;31818;51;9;31820
51;9;31820;51;9;31811
51;9;31807;51;9;31821
51;9;31821;51;9;31807
51;9;31822;51;9;31824
51;9;31824;51;9;31910
51;9;31910;51;9;31822
51;9;31825;51;9;31828
51;9;31828;51;9;31825
51;9;31829;51;9;31938
51;9;31938;51;9;31940
51;9;31940;51;9;31829
51;9;31837;51;9;31901
51;9;31901;51;9;36317
51;9;36317;51;9;31837
51;9;31839;51;9;31841
51;9;31841;51;9;31839
51;9;31843;51;9;31845
51;9;31845;51;9;31843
51;9;31849;51;9;31851
51;9;31851;51;9;31858
51;9;31858;51;9;31896
51;9;31896;51;9;31849
51;9;31838;51;9;31853
51;9;31853;51;9;31838
51;9;31842;51;9;31855
51;9;31855;51;9;31842
51;9;20689;51;9;31862
51;9;31862;51;9;31864
51;9;31864;51;9;20689
51;9;31815;51;9;31865
51;9;31865;51;9;31815
51;9;31816;51;9;31868
51;9;31868;51;9;31816
51;9;31814;51;9;31870
51;9;31870;51;9;31814
51;9;31817;51;9;31873
51;9;31873;51;9;31817
51;9;31874;51;9;31876
51;9;31876;51;9;31874
51;9;31877;51;9;31879
51;9;31879;51;9;31877
51;9;31848;51;9;31882
51;9;31882;51;9;31884
51;9;31884;51;9;31848
51;9;31885;51;9;31887
51;9;31887;51;9;31885
51;9;31852;51;9;31888
51;9;31888;51;9;31852
51;9;31881;51;9;31891
51;9;31891;51;9;31881
51;9;31892;51;9;31895
51;9;31895;51;9;31892
51;9;31890;51;9;31898
51;9;31898;51;9;31890
51;9;31905;51;9;31908
51;9;31908;51;9;31905
51;9;31909;51;9;31912
51;9;31912;51;9;31909
51;9;31880;51;9;31913
51;9;31913;51;9;31880
51;9;31796;51;9;31915
51;9;31915;51;9;31935
51;9;31935;51;9;31796
51;9;31916;51;9;31941
51;9;31941;51;9;31943
51;9;31943;51;9;36269
51;9;36269;51;9;31916
51;9;31922;51;9;31925
51;9;31925;51;9;31922
51;9;31926;51;9;31928
51;9;31928;51;9;31926
51;9;31929;51;9;31931
51;9;31931;51;9;31944
51;9;31944;51;9;31929
51;9;31932;51;9;31934
51;9;31934;51;9;31932
51;9;31902;51;9;31904
51;9;31904;51;9;31937
51;9;31937;51;9;31902
51;9;31955;51;9;31957
51;9;31957;51;9;31996
51;9;31996;51;9;31955
51;9;31965;51;9;31967
51;9;31967;51;9;31998
51;9;31998;51;9;31965
51;9;31968;51;9;31971
51;9;31971;51;9;31968
51;9;31973;51;9;31980
51;9;31980;51;9;31973
51;9;31981;51;9;31983
51;9;31983;51;9;32015
51;9;32015;51;9;31981
51;9;31972;51;9;31989
51;9;31989;51;9;31972
51;9;31958;51;9;31991
51;9;31991;51;9;31993
51;9;31993;51;9;31958
51;9;31990;51;9;31997
51;9;31997;51;9;31990
51;9;31994;51;9;32000
51;9;32000;51;9;31994
51;9;32001;51;9;32003
51;9;32003;51;9;32001
51;9;31953;51;9;32004
51;9;32004;51;9;31953
51;9;31954;51;9;32006
51;9;32006;51;9;31954
51;9;32007;51;9;32009
51;9;32009;51;9;32012
51;9;32012;51;9;32007
51;9;31974;51;9;32013
51;9;32013;51;9;31974
51;9;32022;51;9;32024
51;9;32024;51;9;32022
51;9;32026;51;9;32028
51;9;32028;51;9;32026
51;9;32029;51;9;32032
51;9;32032;51;9;32029
51;9;26011;51;9;32035
51;9;32035;51;9;26011
51;9;32036;51;9;32038
51;9;32038;51;9;32036
51;9;32031;51;9;32040
51;9;32040;51;9;32042
51;9;32042;51;9;32191
51;9;32191;51;9;32031
51;9;32043;51;9;32045
51;9;32045;51;9;32187
51;9;32187;51;9;32043
51;9;32046;51;9;32048
51;9;32048;51;9;32046
51;9;21731;51;9;32052
51;9;32052;51;9;32054
51;9;32054;51;9;21731
51;9;32019;51;9;32055
51;9;32055;51;9;32019
51;9;32060;51;9;32062
51;9;32062;51;9;32183
51;9;32183;51;9;32060
51;9;32063;51;9;32158
51;9;32158;51;9;32189
51;9;32189;51;9;32063
51;9;32066;51;9;32068
51;9;32068;51;9;32066
51;9;32075;51;9;32077
51;9;32077;51;9;32170
51;9;32170;51;9;32075
51;9;32080;51;9;32087
51;9;32087;51;9;32080
51;9;32078;51;9;32090
51;9;32090;51;9;32078
51;9;32091;51;9;32093
51;9;32093;51;9;32091
51;9;32074;51;9;32099
51;9;32099;51;9;32074
51;9;32104;51;9;32106
51;9;32106;51;9;32104
51;9;32110;51;9;32112
51;9;32112;51;9;32110
51;9;21944;51;9;21947
51;9;21947;51;9;32113
51;9;32113;51;9;32115
51;9;32115;51;9;32119
51;9;32119;51;9;21944
51;9;32120;51;9;32122
51;9;32122;51;9;32120
51;9;32123;51;9;32125
51;9;32125;51;9;32123
51;9;32127;51;9;32129
51;9;32129;51;9;32151
51;9;32151;51;9;32127
51;9;32130;51;9;32132
51;9;32132;51;9;32130
51;9;32133;51;9;32135
51;9;32135;51;9;32141
51;9;32141;51;9;32133
51;9;21948;51;9;32126
51;9;32126;51;9;32138
51;9;32138;51;9;21948
51;9;32142;51;9;32144
51;9;32144;51;9;32142
51;9;32116;51;9;32147
51;9;32147;51;9;32116
51;9;32148;51;9;32150
51;9;32150;51;9;32148
51;9;32079;51;9;32156
51;9;32156;51;9;32079
51;9;32154;51;9;32157
51;9;32157;51;9;32160
51;9;32160;51;9;32154
51;9;32161;51;9;32163
51;9;32163;51;9;32161
51;9;32164;51;9;32166
51;9;32166;51;9;32164
51;9;32088;51;9;32167
51;9;32167;51;9;32088
51;9;32089;51;9;32169
51;9;32169;51;9;32089
51;9;32100;51;9;32171
51;9;32171;51;9;32173
51;9;32173;51;9;32100
51;9;32174;51;9;32176
51;9;32176;51;9;32174
51;9;32178;51;9;32180
51;9;32180;51;9;32178
51;9;32073;51;9;32181
51;9;32181;51;9;32073
51;9;32033;51;9;32185
51;9;32185;51;9;32033
51;9;32184;51;9;32188
51;9;32188;51;9;32184
51;9;32056;51;9;32058
51;9;32058;51;9;32097
51;9;32097;51;9;32192
51;9;32192;51;9;32194
51;9;32194;51;9;32056
51;9;32039;51;9;32195
51;9;32195;51;9;32039
51;9;32025;51;9;32196
51;9;32196;51;9;32025
51;9;32072;51;9;32198
51;9;32198;51;9;32072
51;9;32199;51;9;32201
51;9;32201;51;9;32199
51;9;32051;51;9;32202
51;9;32202;51;9;32051
51;9;32205;51;9;32209
51;9;32209;51;9;32211
51;9;32211;51;9;32205
51;9;32215;51;9;32217
51;9;32217;51;9;32261
51;9;32261;51;9;32215
51;9;32222;51;9;32224
51;9;32224;51;9;32271
51;9;32271;51;9;32222
51;9;32225;51;9;32228
51;9;32228;51;9;32225
51;9;32229;51;9;32232
51;9;32232;51;9;32229
51;9;32236;51;9;32238
51;9;32238;51;9;32236
51;9;32239;51;9;32241
51;9;32241;51;9;32239
51;9;32248;51;9;32250
51;9;32250;51;9;32248
51;9;32251;51;9;32253
51;9;32253;51;9;32256
51;9;32256;51;9;32251
51;9;32258;51;9;32260
51;9;32260;51;9;32258
51;9;32257;51;9;32263
51;9;32263;51;9;32257
51;9;32213;51;9;32264
51;9;32264;51;9;32213
51;9;32269;51;9;32272
51;9;32272;51;9;32269
51;9;32274;51;9;32276
51;9;32276;51;9;32302
51;9;32302;51;9;32274
51;9;32273;51;9;32279
51;9;32279;51;9;32273
51;9;32281;51;9;32283
51;9;32283;51;9;32281
51;9;32218;51;9;32287
51;9;32287;51;9;32218
51;9;32285;51;9;32288
51;9;32288;51;9;32285
51;9;32289;51;9;32291
51;9;32291;51;9;32289
51;9;32292;51;9;32294
51;9;32294;51;9;32292
51;9;32214;51;9;32295
51;9;32295;51;9;32214
51;9;32284;51;9;32297
51;9;32297;51;9;32284
51;9;32267;51;9;32298
51;9;32298;51;9;32267
51;9;32280;51;9;32303
51;9;32303;51;9;32280
51;9;32304;51;9;32306
51;9;32306;51;9;32304
51;9;32268;51;9;32307
51;9;32307;51;9;32268
51;9;32299;51;9;32311
51;9;32311;51;9;32299
51;9;32310;51;9;32313
51;9;32313;51;9;32310
51;9;32314;51;9;32316
51;9;32316;51;9;32314
51;9;32320;51;9;32325
51;9;32325;51;9;32320
51;9;32321;51;9;32329
51;9;32329;51;9;32321
51;9;32322;51;9;32331
51;9;32331;51;9;32322
51;9;32333;51;9;32339
51;9;32339;51;9;32333
51;9;32345;51;9;32351
51;9;32351;51;9;32345
51;9;32353;51;9;32355
51;9;32355;51;9;32353
51;9;32356;51;9;32360
51;9;32360;51;9;32356
51;9;23998;51;9;32362
51;9;32362;51;9;23998
51;9;32369;51;9;32372
51;9;32372;51;9;32369
51;9;32335;51;9;32382
51;9;32382;51;9;32335
51;9;32340;51;9;32383
51;9;32383;51;9;32340
51;9;32326;51;9;32384
51;9;32384;51;9;32386
51;9;32386;51;9;32389
51;9;32389;51;9;32442
51;9;32442;51;9;32326
51;9;32391;51;9;32393
51;9;32393;51;9;32446
51;9;32446;51;9;32391
51;9;32343;51;9;32394
51;9;32394;51;9;32343
51;9;32344;51;9;32396
51;9;32396;51;9;32344
51;9;32349;51;9;32397
51;9;32397;51;9;32349
51;9;32375;51;9;32399
51;9;32399;51;9;32402
51;9;32402;51;9;32375
51;9;32348;51;9;32400
51;9;32400;51;9;32348
51;9;32403;51;9;32405
51;9;32405;51;9;32403
51;9;32377;51;9;32406
51;9;32406;51;9;32377
51;9;32379;51;9;32408
51;9;32408;51;9;32379
51;9;32378;51;9;32411
51;9;32411;51;9;32378
51;9;32368;51;9;32414
51;9;32414;51;9;32368
51;9;32376;51;9;32415
51;9;32415;51;9;32376
51;9;32341;51;9;32417
51;9;32417;51;9;32341
51;9;32336;51;9;32418
51;9;32418;51;9;32336
51;9;32337;51;9;32420
51;9;32420;51;9;32337
51;9;11524;51;9;11525
51;9;11525;51;9;11526
51;9;11526;51;9;24023
51;9;24023;51;9;24146
51;9;24146;51;9;24470
51;9;24470;51;9;24855
51;9;24855;51;9;25305
51;9;25305;51;9;32367
51;9;32367;51;9;32421
51;9;32421;51;9;32423
51;9;32423;51;9;11524
51;9;32347;51;9;32424
51;9;32424;51;9;32347
51;9;32334;51;9;32426
51;9;32426;51;9;32334
51;9;32427;51;9;32429
51;9;32429;51;9;32427
51;9;32430;51;9;32432
51;9;32432;51;9;32436
51;9;32436;51;9;32430
51;9;32437;51;9;32439
51;9;32439;51;9;32437
51;9;32332;51;9;32440
51;9;32440;51;9;32332
51;9;32443;51;9;32445
51;9;32445;51;9;32443
51;9;32350;51;9;32448
51;9;32448;51;9;32350
51;9;32449;51;9;32451
51;9;32451;51;9;32449
51;9;32452;51;9;32454
51;9;32454;51;9;32452
51;9;24859;51;9;32455
51;9;32455;51;9;24859
51;9;32352;51;9;32457
51;9;32457;51;9;32352
51;9;32461;51;9;32463
51;9;32463;51;9;32498
51;9;32498;51;9;32461
51;9;32467;51;9;32469
51;9;32469;51;9;32514
51;9;32514;51;9;32467
51;9;32470;51;9;32472
51;9;32472;51;9;32521
51;9;32521;51;9;32470
51;9;27277;51;9;27278
51;9;27278;51;9;32475
51;9;32475;51;9;32481
51;9;32481;51;9;27277
51;9;32483;51;9;32485
51;9;32485;51;9;32483
51;9;23487;51;9;32500
51;9;32500;51;9;23487
51;9;32499;51;9;32502
51;9;32502;51;9;32499
51;9;32503;51;9;32505
51;9;32505;51;9;32503
51;9;32495;51;9;32508
51;9;32508;51;9;32495
51;9;32509;51;9;32511
51;9;32511;51;9;32509
51;9;25617;51;9;32512
51;9;32512;51;9;25617
51;9;32488;51;9;32515
51;9;32515;51;9;32517
51;9;32517;51;9;32488
51;9;32518;51;9;32520
51;9;32520;51;9;32518
51;9;32473;51;9;32523
51;9;32523;51;9;32473
51;9;32525;51;9;32527
51;9;32527;51;9;32525
51;9;32528;51;9;32530
51;9;32530;51;9;32528
51;9;32474;51;9;32533
51;9;32533;51;9;32474
51;9;32534;51;9;32536
51;9;32536;51;9;32534
51;9;32524;51;9;32537
51;9;32537;51;9;32539
51;9;32539;51;9;32524
51;9;32489;51;9;32540
51;9;32540;51;9;32489
51;9;32482;51;9;32542
51;9;32542;51;9;32482
51;9;32493;51;9;32545
51;9;32545;51;9;32493
51;9;32546;51;9;32548
51;9;32548;51;9;32546
51;9;32549;51;9;32551
51;9;32551;51;9;32549
51;9;32552;51;9;32554
51;9;32554;51;9;32552
51;9;10444;51;9;32558
51;9;32558;51;9;32561
51;9;32561;51;9;10444
51;9;32566;51;9;32568
51;9;32568;51;9;32566
51;9;32562;51;9;32569
51;9;32569;51;9;32571
51;9;32571;51;9;32562
51;9;32572;51;9;32575
51;9;32575;51;9;32572
51;9;32576;51;9;32578
51;9;32578;51;9;32576
51;9;32563;51;9;32582
51;9;32582;51;9;32563
51;9;12173;51;9;32588
51;9;32588;51;9;32590
51;9;32590;51;9;35202
51;9;35202;51;9;12173
51;9;32591;51;9;32593
51;9;32593;51;9;32727
51;9;32727;51;9;32591
51;9;32594;51;9;32596
51;9;32596;51;9;32594
51;9;11627;51;9;22760
51;9;22760;51;9;22768
51;9;22768;51;9;22770
51;9;22770;51;9;32579
51;9;32579;51;9;32597
51;9;32597;51;9;11627
51;9;32599;51;9;32601
51;9;32601;51;9;32599
51;9;32585;51;9;32603
51;9;32603;51;9;32585
51;9;32606;51;9;32608
51;9;32608;51;9;32606
51;9;32610;51;9;32612
51;9;32612;51;9;36387
51;9;36387;51;9;32610
51;9;32614;51;9;32616
51;9;32616;51;9;32614
51;9;32618;51;9;32621
51;9;32621;51;9;32618
51;9;22777;51;9;32627
51;9;32627;51;9;32629
51;9;32629;51;9;22777
51;9;32631;51;9;32633
51;9;32633;51;9;32631
51;9;32634;51;9;32636
51;9;32636;51;9;32634
51;9;32637;51;9;32639
51;9;32639;51;9;32766
51;9;32766;51;9;32637
51;9;32605;51;9;32643
51;9;32643;51;9;32605
51;9;32640;51;9;32644
51;9;32644;51;9;32640
51;9;32645;51;9;32647
51;9;32647;51;9;32770
51;9;32770;51;9;32645
51;9;32648;51;9;32650
51;9;32650;51;9;35163
51;9;35163;51;9;32648
51;9;32651;51;9;32653
51;9;32653;51;9;32651
51;9;32656;51;9;32658
51;9;32658;51;9;35211
51;9;35211;51;9;32656
51;9;32659;51;9;32661
51;9;32661;51;9;32664
51;9;32664;51;9;32659
51;9;32662;51;9;32667
51;9;32667;51;9;35235
51;9;35235;51;9;32662
51;9;32673;51;9;32675
51;9;32675;51;9;35184
51;9;35184;51;9;32673
51;9;32680;51;9;32682
51;9;32682;51;9;32680
51;9;32683;51;9;32685
51;9;32685;51;9;32683
51;9;32686;51;9;32688
51;9;32688;51;9;32686
51;9;32689;51;9;32691
51;9;32691;51;9;35199
51;9;35199;51;9;32689
51;9;32619;51;9;32694
51;9;32694;51;9;32701
51;9;32701;51;9;32619
51;9;32695;51;9;32697
51;9;32697;51;9;32695
51;9;12179;51;9;12180
51;9;12180;51;9;22903
51;9;22903;51;9;32703
51;9;32703;51;9;32705
51;9;32705;51;9;32717
51;9;32717;51;9;35241
51;9;35241;51;9;12179
51;9;32706;51;9;32708
51;9;32708;51;9;32711
51;9;32711;51;9;35238
51;9;35238;51;9;32706
51;9;32712;51;9;32714
51;9;32714;51;9;32712
51;9;32623;51;9;32720
51;9;32720;51;9;32623
51;9;22887;51;9;32723
51;9;32723;51;9;35254
51;9;35254;51;9;22887
51;9;32573;51;9;32730
51;9;32730;51;9;32573
51;9;32598;51;9;32734
51;9;32734;51;9;32598
51;9;32583;51;9;32736
51;9;32736;51;9;32583
51;9;32742;51;9;32744
51;9;32744;51;9;32742
51;9;32584;51;9;32745
51;9;32745;51;9;32584
51;9;32741;51;9;32747
51;9;32747;51;9;32741
51;9;32748;51;9;32750
51;9;32750;51;9;32748
51;9;32630;51;9;32751
51;9;32751;51;9;32630
51;9;32740;51;9;32753
51;9;32753;51;9;32740
51;9;32754;51;9;32756
51;9;32756;51;9;32754
51;9;32757;51;9;32759
51;9;32759;51;9;32757
51;9;32760;51;9;32762
51;9;32762;51;9;32760
51;9;32626;51;9;32763
51;9;32763;51;9;32626
51;9;32604;51;9;32765
51;9;32765;51;9;32604
51;9;32767;51;9;32769
51;9;32769;51;9;32767
51;9;32655;51;9;32772
51;9;32772;51;9;32655
51;9;32671;51;9;32773
51;9;32773;51;9;35158
51;9;35158;51;9;32671
51;9;32602;51;9;35139
51;9;35139;51;9;32602
51;9;35140;51;9;35142
51;9;35142;51;9;35140
51;9;35143;51;9;35145
51;9;35145;51;9;35143
51;9;35146;51;9;35148
51;9;35148;51;9;35146
51;9;35149;51;9;35151
51;9;35151;51;9;35149
51;9;32609;51;9;35152
51;9;35152;51;9;35169
51;9;35169;51;9;32609
51;9;32654;51;9;35154
51;9;35154;51;9;32654
51;9;35155;51;9;35157
51;9;35157;51;9;35160
51;9;35160;51;9;35155
51;9;35166;51;9;35168
51;9;35168;51;9;35166
51;9;32641;51;9;35171
51;9;35171;51;9;32641
51;9;35164;51;9;35172
51;9;35172;51;9;35164
51;9;35161;51;9;35174
51;9;35174;51;9;35161
51;9;35175;51;9;35177
51;9;35177;51;9;35175
51;9;35179;51;9;35181
51;9;35181;51;9;35179
51;9;32613;51;9;35186
51;9;35186;51;9;35192
51;9;35192;51;9;32613
51;9;35178;51;9;35187
51;9;35187;51;9;35189
51;9;35189;51;9;35178
51;9;35183;51;9;35190
51;9;35190;51;9;35183
51;9;35193;51;9;35195
51;9;35195;51;9;35193
51;9;35196;51;9;35198
51;9;35198;51;9;35201
51;9;35201;51;9;35196
51;9;11564;51;9;11565
51;9;11565;51;9;11567
51;9;11567;51;9;22775
51;9;22775;51;9;22902
51;9;22902;51;9;32702
51;9;32702;51;9;35204
51;9;35204;51;9;11564
51;9;32622;51;9;35205
51;9;35205;51;9;32622
51;9;35182;51;9;35208
51;9;35208;51;9;35182
51;9;35206;51;9;35209
51;9;35209;51;9;35206
51;9;32672;51;9;35212
51;9;35212;51;9;32672
51;9;35213;51;9;35215
51;9;35215;51;9;35213
51;9;35217;51;9;35219
51;9;35219;51;9;35217
51;9;35220;51;9;35222
51;9;35222;51;9;35226
51;9;35226;51;9;35220
51;9;35227;51;9;35229
51;9;35229;51;9;35227
51;9;35230;51;9;35232
51;9;35232;51;9;35230
51;9;32668;51;9;35233
51;9;35233;51;9;32668
51;9;32721;51;9;35244
51;9;35244;51;9;32721
51;9;35245;51;9;35247
51;9;35247;51;9;35245
51;9;35248;51;9;35250
51;9;35250;51;9;35248
51;9;32724;51;9;35252
51;9;35252;51;9;32724
51;9;35251;51;9;35255
51;9;35255;51;9;35251
51;9;32722;51;9;35256
51;9;35256;51;9;32722
51;9;32676;51;9;35258
51;9;35258;51;9;32676
51;9;35223;51;9;35260
51;9;35260;51;9;35223
51;9;35259;51;9;35262
51;9;35262;51;9;35259
51;9;35263;51;9;35265
51;9;35265;51;9;35263
51;9;35270;51;9;35272
51;9;35272;51;9;35270
51;9;35274;51;9;35276
51;9;35276;51;9;35274
51;9;35278;51;9;35280
51;9;35280;51;9;35278
51;9;35281;51;9;35283
51;9;35283;51;9;35488
51;9;35488;51;9;35281
51;9;35269;51;9;35293
51;9;35293;51;9;35269
51;9;26434;51;9;35297
51;9;35297;51;9;35299
51;9;35299;51;9;35354
51;9;35354;51;9;26434
51;9;35304;51;9;35306
51;9;35306;51;9;35304
51;9;35308;51;9;35310
51;9;35310;51;9;35455
51;9;35455;51;9;35308
51;9;35311;51;9;35313
51;9;35313;51;9;35470
51;9;35470;51;9;35311
51;9;35314;51;9;35316
51;9;35316;51;9;35314
51;9;35320;51;9;35481
51;9;35481;51;9;36327
51;9;36327;51;9;35320
51;9;35327;51;9;35329
51;9;35329;51;9;35327
51;9;35330;51;9;35332
51;9;35332;51;9;35499
51;9;35499;51;9;35330
51;9;35334;51;9;35336
51;9;35336;51;9;35341
51;9;35341;51;9;35521
51;9;35521;51;9;35334
51;9;35288;51;9;35340
51;9;35340;51;9;35288
51;9;35345;51;9;35347
51;9;35347;51;9;35345
51;9;35348;51;9;35350
51;9;35350;51;9;35348
51;9;35351;51;9;35353
51;9;35353;51;9;35351
51;9;35300;51;9;35356
51;9;35356;51;9;35300
51;9;35362;51;9;35364
51;9;35364;51;9;35362
51;9;35365;51;9;35367
51;9;35367;51;9;35365
51;9;35368;51;9;35370
51;9;35370;51;9;35368
51;9;36248;51;9;36250
51;9;36250;51;9;36258
51;9;36258;51;9;36248
51;9;21382;51;9;35386
51;9;35386;51;9;36251
51;9;36251;51;9;21382
51;9;35388;51;9;35390
51;9;35390;51;9;35388
51;9;35391;51;9;35393
51;9;35393;51;9;35391
51;9;35394;51;9;35396
51;9;35396;51;9;35394
51;9;35397;51;9;35399
51;9;35399;51;9;35397
51;9;21384;51;9;35400
51;9;35400;51;9;21384
51;9;35404;51;9;35406
51;9;35406;51;9;35404
51;9;35407;51;9;35409
51;9;35409;51;9;35407
51;9;35403;51;9;35412
51;9;35412;51;9;35403
51;9;35413;51;9;35415
51;9;35415;51;9;35413
51;9;35416;51;9;35418
51;9;35418;51;9;35416
51;9;35419;51;9;35421
51;9;35421;51;9;35419
51;9;35422;51;9;35424
51;9;35424;51;9;35422
51;9;26470;51;9;35425
51;9;35425;51;9;35443
51;9;35443;51;9;26470
51;9;35277;51;9;35428
51;9;35428;51;9;35277
51;9;35357;51;9;35430
51;9;35430;51;9;35357
51;9;35435;51;9;35437
51;9;35437;51;9;35435
51;9;35410;51;9;35440
51;9;35440;51;9;35410
51;9;35438;51;9;35442
51;9;35442;51;9;35438
51;9;35446;51;9;35448
51;9;35448;51;9;35446
51;9;35449;51;9;35451
51;9;35451;51;9;35449
51;9;35434;51;9;35452
51;9;35452;51;9;35434
51;9;35439;51;9;35454
51;9;35454;51;9;35439
51;9;35344;51;9;35458
51;9;35458;51;9;35344
51;9;35459;51;9;35461
51;9;35461;51;9;35459
51;9;35358;51;9;35464
51;9;35464;51;9;35358
51;9;35433;51;9;35467
51;9;35467;51;9;35433
51;9;35472;51;9;35474
51;9;35474;51;9;35472
51;9;35402;51;9;35478
51;9;35478;51;9;35402
51;9;35477;51;9;35480
51;9;35480;51;9;35484
51;9;35484;51;9;35477
51;9;35317;51;9;35483
51;9;35483;51;9;35317
51;9;35321;51;9;35485
51;9;35485;51;9;35321
51;9;35471;51;9;35487
51;9;35487;51;9;35471
51;9;35322;51;9;35490
51;9;35490;51;9;35322
51;9;35324;51;9;35491
51;9;35491;51;9;35324
51;9;35289;51;9;35493
51;9;35493;51;9;35289
51;9;35494;51;9;35496
51;9;35496;51;9;35494
51;9;35290;51;9;35497
51;9;35497;51;9;35290
51;9;35500;51;9;35502
51;9;35502;51;9;35500
51;9;35503;51;9;35505
51;9;35505;51;9;35503
51;9;35507;51;9;35509
51;9;35509;51;9;35525
51;9;35525;51;9;35507
51;9;35516;51;9;35518
51;9;35518;51;9;35516
51;9;35337;51;9;35519
51;9;35519;51;9;35337
51;9;35522;51;9;35524
51;9;35524;51;9;35522
51;9;35333;51;9;35527
51;9;35527;51;9;35333
51;9;35506;51;9;35528
51;9;35528;51;9;35506
51;9;26800;51;9;35531
51;9;35531;51;9;35533
51;9;35533;51;9;26800
51;9;26799;51;9;35534
51;9;35534;51;9;35536
51;9;35536;51;9;26799
51;9;35537;51;9;35539
51;9;35539;51;9;35537
51;9;35544;51;9;35546
51;9;35546;51;9;35544
51;9;35550;51;9;35554
51;9;35554;51;9;35550
51;9;35556;51;9;35558
51;9;35558;51;9;35556
51;9;35565;51;9;35567
51;9;35567;51;9;35601
51;9;35601;51;9;35565
51;9;21518;51;9;21534
51;9;21534;51;9;26783
51;9;26783;51;9;26793
51;9;26793;51;9;35548
51;9;35548;51;9;35568
51;9;35568;51;9;35742
51;9;35742;51;9;21518
51;9;35571;51;9;35573
51;9;35573;51;9;35571
51;9;35574;51;9;35576
51;9;35576;51;9;35574
51;9;35551;51;9;35577
51;9;35577;51;9;35579
51;9;35579;51;9;35551
51;9;35580;51;9;35582
51;9;35582;51;9;35580
51;9;35584;51;9;35586
51;9;35586;51;9;35584
51;9;35587;51;9;35589
51;9;35589;51;9;35587
51;9;35593;51;9;35595
51;9;35595;51;9;35593
51;9;35596;51;9;35598
51;9;35598;51;9;35596
51;9;26795;51;9;26904
51;9;26904;51;9;35555
51;9;35555;51;9;35599
51;9;35599;51;9;26795
51;9;26784;51;9;35602
51;9;35602;51;9;35604
51;9;35604;51;9;35607
51;9;35607;51;9;35613
51;9;35613;51;9;26784
51;9;35608;51;9;35610
51;9;35610;51;9;35608
51;9;35617;51;9;35619
51;9;35619;51;9;35617
51;9;35620;51;9;35623
51;9;35623;51;9;35620
51;9;11610;51;9;21414
51;9;21414;51;9;35614
51;9;35614;51;9;35633
51;9;35633;51;9;35838
51;9;35838;51;9;11610
51;9;35634;51;9;35636
51;9;35636;51;9;35788
51;9;35788;51;9;35634
51;9;35632;51;9;35646
51;9;35646;51;9;35632
51;9;26769;51;9;35651
51;9;35651;51;9;35759
51;9;35759;51;9;35761
51;9;35761;51;9;26769
51;9;35654;51;9;35656
51;9;35656;51;9;35654
51;9;35661;51;9;35663
51;9;35663;51;9;35661
51;9;35660;51;9;35666
51;9;35666;51;9;35660
51;9;35667;51;9;35669
51;9;35669;51;9;35667
51;9;35670;51;9;35672
51;9;35672;51;9;35670
51;9;35673;51;9;35676
51;9;35676;51;9;35673
51;9;35677;51;9;35679
51;9;35679;51;9;35677
51;9;35680;51;9;35682
51;9;35682;51;9;35680
51;9;35683;51;9;35685
51;9;35685;51;9;35683
51;9;35674;51;9;35690
51;9;35690;51;9;35692
51;9;35692;51;9;35674
51;9;35698;51;9;35700
51;9;35700;51;9;35698
51;9;26763;51;9;26766
51;9;26766;51;9;26774
51;9;26774;51;9;35643
51;9;35643;51;9;35704
51;9;35704;51;9;26763
51;9;35702;51;9;35705
51;9;35705;51;9;35702
51;9;35706;51;9;35708
51;9;35708;51;9;35835
51;9;35835;51;9;35706
51;9;35695;51;9;35709
51;9;35709;51;9;35711
51;9;35711;51;9;35728
51;9;35728;51;9;35695
51;9;21418;51;9;35712
51;9;35712;51;9;35714
51;9;35714;51;9;21418
51;9;35715;51;9;35718
51;9;35718;51;9;35715
51;9;35719;51;9;35721
51;9;35721;51;9;35719
51;9;35722;51;9;35724
51;9;35724;51;9;35722
51;9;35725;51;9;35727
51;9;35727;51;9;35725
51;9;35694;51;9;35730
51;9;35730;51;9;35694
51;9;35540;51;9;35733
51;9;35733;51;9;35736
51;9;35736;51;9;35540
51;9;35541;51;9;35739
51;9;35739;51;9;35541
51;9;35547;51;9;35740
51;9;35740;51;9;35547
51;9;35605;51;9;35743
51;9;35743;51;9;35605
51;9;35744;51;9;35746
51;9;35746;51;9;35744
51;9;35747;51;9;35749
51;9;35749;51;9;35800
51;9;35800;51;9;35747
51;9;35750;51;9;35752
51;9;35752;51;9;35750
51;9;35754;51;9;35758
51;9;35758;51;9;35794
51;9;35794;51;9;35754
51;9;35652;51;9;35766
51;9;35766;51;9;35652
51;9;35767;51;9;35769
51;9;35769;51;9;35772
51;9;35772;51;9;35767
51;9;35764;51;9;35775
51;9;35775;51;9;35819
51;9;35819;51;9;35821
51;9;35821;51;9;35764
51;9;35770;51;9;35776
51;9;35776;51;9;35770
51;9;35780;51;9;35782
51;9;35782;51;9;35780
51;9;35783;51;9;35785
51;9;35785;51;9;35783
51;9;35653;51;9;35786
51;9;35786;51;9;35653
51;9;35790;51;9;35792
51;9;35792;51;9;35790
51;9;35793;51;9;35797
51;9;35797;51;9;35793
51;9;35796;51;9;35802
51;9;35802;51;9;35796
51;9;35753;51;9;35804
51;9;35804;51;9;35753
51;9;35801;51;9;35805
51;9;35805;51;9;35801
51;9;35762;51;9;35807
51;9;35807;51;9;35762
51;9;35755;51;9;35808
51;9;35808;51;9;35755
51;9;35798;51;9;35809
51;9;35809;51;9;35811
51;9;35811;51;9;35814
51;9;35814;51;9;35798
51;9;35789;51;9;35812
51;9;35812;51;9;35789
51;9;35756;51;9;35816
51;9;35816;51;9;35818
51;9;35818;51;9;35756
51;9;35701;51;9;35824
51;9;35824;51;9;35701
51;9;35823;51;9;35826
51;9;35826;51;9;35823
51;9;35641;51;9;35827
51;9;35827;51;9;35641
51;9;35822;51;9;35829
51;9;35829;51;9;35822
51;9;35640;51;9;35830
51;9;35830;51;9;35640
51;9;35648;51;9;35832
51;9;35832;51;9;35648
51;9;35642;51;9;35833
51;9;35833;51;9;35642
51;9;35839;51;9;35841
51;9;35841;51;9;35844
51;9;35844;51;9;35839
51;9;35621;51;9;35842
51;9;35842;51;9;35850
51;9;35850;51;9;35853
51;9;35853;51;9;35621
51;9;35845;51;9;35847
51;9;35847;51;9;35845
51;9;35630;51;9;35851
51;9;35851;51;9;35630
51;9;35854;51;9;35856
51;9;35856;51;9;35854
51;9;35862;51;9;35864
51;9;35864;51;9;35862
51;9;35865;51;9;35867
51;9;35867;51;9;35865
51;9;35869;51;9;35871
51;9;35871;51;9;35869
51;9;35873;51;9;35875
51;9;35875;51;9;35873
51;9;35885;51;9;35887
51;9;35887;51;9;35939
51;9;35939;51;9;36351
51;9;36351;51;9;35885
51;9;35892;51;9;35895
51;9;35895;51;9;36275
51;9;36275;51;9;35892
51;9;35896;51;9;35899
51;9;35899;51;9;35896
51;9;35897;51;9;35902
51;9;35902;51;9;35897
51;9;35906;51;9;35908
51;9;35908;51;9;35906
51;9;35914;51;9;35916
51;9;35916;51;9;36000
51;9;36000;51;9;35914
51;9;35919;51;9;35921
51;9;35921;51;9;36044
51;9;36044;51;9;35919
51;9;35868;51;9;35927
51;9;35927;51;9;35868
51;9;35928;51;9;36353
51;9;36353;51;9;35928
51;9;35929;51;9;35931
51;9;35931;51;9;35938
51;9;35938;51;9;36352
51;9;36352;51;9;35929
51;9;35933;51;9;35935
51;9;35935;51;9;35933
51;9;35872;51;9;35941
51;9;35941;51;9;35872
51;9;35942;51;9;35944
51;9;35944;51;9;35942
51;9;35911;51;9;35948
51;9;35948;51;9;35983
51;9;35983;51;9;35911
51;9;35951;51;9;35953
51;9;35953;51;9;35956
51;9;35956;51;9;35951
51;9;35945;51;9;35954
51;9;35954;51;9;35945
51;9;35957;51;9;35959
51;9;35959;51;9;35957
51;9;35960;51;9;35962
51;9;35962;51;9;35960
51;9;35963;51;9;35965
51;9;35965;51;9;35963
51;9;35950;51;9;35966
51;9;35966;51;9;35968
51;9;35968;51;9;36034
51;9;36034;51;9;35950
51;9;35947;51;9;35969
51;9;35969;51;9;35947
51;9;35878;51;9;35970
51;9;35970;51;9;35878
51;9;35946;51;9;35972
51;9;35972;51;9;35946
51;9;35877;51;9;35973
51;9;35973;51;9;35877
51;9;35879;51;9;35975
51;9;35975;51;9;35879
51;9;35978;51;9;36016
51;9;36016;51;9;36032
51;9;36032;51;9;35978
51;9;35976;51;9;35979
51;9;35979;51;9;35976
51;9;35980;51;9;35982
51;9;35982;51;9;35985
51;9;35985;51;9;35980
51;9;35905;51;9;35989
51;9;35989;51;9;36021
51;9;36021;51;9;35905
51;9;35988;51;9;35991
51;9;35991;51;9;36024
51;9;36024;51;9;35988
51;9;35992;51;9;36316
51;9;36316;51;9;35992
51;9;35987;51;9;35998
51;9;35998;51;9;35987
51;9;35999;51;9;36315
51;9;36315;51;9;35999
51;9;35888;51;9;36002
51;9;36002;51;9;36350
51;9;36350;51;9;35888
51;9;35936;51;9;36003
51;9;36003;51;9;35936
51;9;36004;51;9;36007
51;9;36007;51;9;36004
51;9;36008;51;9;36010
51;9;36010;51;9;36031
51;9;36031;51;9;36008
51;9;36011;51;9;36013
51;9;36013;51;9;36011
51;9;36014;51;9;36017
51;9;36017;51;9;36014
51;9;35997;51;9;36019
51;9;36019;51;9;35997
51;9;36020;51;9;36023
51;9;36023;51;9;36020
51;9;36018;51;9;36026
51;9;36026;51;9;36018
51;9;35986;51;9;36027
51;9;36027;51;9;35986
51;9;35913;51;9;36028
51;9;36028;51;9;35913
51;9;35912;51;9;36037
51;9;36037;51;9;35912
51;9;36035;51;9;36038
51;9;36038;51;9;36035
51;9;36039;51;9;36041
51;9;36041;51;9;36039
51;9;35918;51;9;36042
51;9;36042;51;9;35918
51;9;35917;51;9;36047
51;9;36047;51;9;35917
51;9;36054;51;9;36056
51;9;36056;51;9;36054
51;9;36057;51;9;36059
51;9;36059;51;9;36057
51;9;36060;51;9;36062
51;9;36062;51;9;36060
51;9;36063;51;9;36065
51;9;36065;51;9;36063
51;9;36066;51;9;36068
51;9;36068;51;9;36168
51;9;36168;51;9;36066
51;9;36073;51;9;36075
51;9;36075;51;9;36073
51;9;36076;51;9;36078
51;9;36078;51;9;36076
51;9;36079;51;9;36084
51;9;36084;51;9;36079
51;9;36085;51;9;36178
51;9;36178;51;9;36085
51;9;36072;51;9;36090
51;9;36090;51;9;36072
51;9;36094;51;9;36096
51;9;36096;51;9;36107
51;9;36107;51;9;36094
51;9;36097;51;9;36199
51;9;36199;51;9;36097
51;9;36091;51;9;36104
51;9;36104;51;9;36091
51;9;36108;51;9;36110
51;9;36110;51;9;36108
51;9;36112;51;9;36114
51;9;36114;51;9;36112
51;9;36111;51;9;36117
51;9;36117;51;9;36111
51;9;36118;51;9;36120
51;9;36120;51;9;36118
51;9;36121;51;9;36123
51;9;36123;51;9;36130
51;9;36130;51;9;36121
51;9;36124;51;9;36126
51;9;36126;51;9;36135
51;9;36135;51;9;36124
51;9;36127;51;9;36129
51;9;36129;51;9;36132
51;9;36132;51;9;36172
51;9;36172;51;9;36127
51;9;36105;51;9;36133
51;9;36133;51;9;36105
51;9;36139;51;9;36141
51;9;36141;51;9;36139
51;9;36142;51;9;36144
51;9;36144;51;9;36142
51;9;36136;51;9;36147
51;9;36147;51;9;36201
51;9;36201;51;9;36136
51;9;36148;51;9;36150
51;9;36150;51;9;36148
51;9;36151;51;9;36153
51;9;36153;51;9;36151
51;9;36115;51;9;36154
51;9;36154;51;9;36156
51;9;36156;51;9;36115
51;9;36138;51;9;36157
51;9;36157;51;9;36159
51;9;36159;51;9;36138
51;9;36160;51;9;36162
51;9;36162;51;9;36165
51;9;36165;51;9;36160
51;9;36169;51;9;36171
51;9;36171;51;9;36169
51;9;36174;51;9;36177
51;9;36177;51;9;36195
51;9;36195;51;9;36174
51;9;36175;51;9;36180
51;9;36180;51;9;36175
51;9;36181;51;9;36183
51;9;36183;51;9;36181
51;9;36184;51;9;36186
51;9;36186;51;9;36184
51;9;36187;51;9;36189
51;9;36189;51;9;36187
51;9;36190;51;9;36192
51;9;36192;51;9;36190
51;9;36093;51;9;36193
51;9;36193;51;9;36093
51;9;36196;51;9;36198
51;9;36198;51;9;36196
51;9;36202;51;9;36204
51;9;36204;51;9;36223
51;9;36223;51;9;36202
51;9;36205;51;9;36207
51;9;36207;51;9;36205
51;9;36208;51;9;36210
51;9;36210;51;9;36208
51;9;36211;51;9;36213
51;9;36213;51;9;36211
51;9;36051;51;9;36214
51;9;36214;51;9;36051
51;9;36219;51;9;36311
51;9;36311;51;9;36219
51;9;36220;51;9;36222
51;9;36222;51;9;36220
51;9;11251;51;9;36224
51;9;36224;51;9;11251
51;9;36226;51;9;36228
51;9;36228;51;9;36226
51;9;29558;51;9;36229
51;9;36229;51;9;29558
51;9;10321;51;9;36235
51;9;36235;51;9;10321
51;9;10421;51;9;36236
51;9;36236;51;9;10421
51;9;10419;51;9;36237
51;9;36237;51;9;10419
51;9;35628;51;9;36239
51;9;36239;51;9;35628
51;9;36242;51;9;36281
51;9;36281;51;9;36242
51;9;35371;51;9;36244
51;9;36244;51;9;35371
51;9;21381;51;9;36245
51;9;36245;51;9;36247
51;9;36247;51;9;21381
51;9;36252;51;9;36254
51;9;36254;51;9;36252
51;9;36255;51;9;36257
51;9;36257;51;9;36255
51;9;36261;51;9;36262
51;9;36262;51;9;36261
51;9;36263;51;9;36264
51;9;36264;51;9;36263
51;9;32733;51;9;36265
51;9;36265;51;9;32733
51;9;25926;51;9;28934
51;9;28934;51;9;29549
51;9;29549;51;9;29551
51;9;29551;51;9;25926
51;9;31007;51;9;31010
51;9;31010;51;9;36266
51;9;36266;51;9;31007
51;9;30341;51;9;30487
51;9;30487;51;9;36267
51;9;36267;51;9;30341
51;9;10406;51;9;36268
51;9;36268;51;9;10406
51;9;32387;51;9;36270
51;9;36270;51;9;32387
51;9;29843;51;9;36271
51;9;36271;51;9;29843
51;9;29400;51;9;36272
51;9;36272;51;9;29400
51;9;19668;51;9;36274
51;9;36274;51;9;19668
51;9;35510;51;9;35515
51;9;35515;51;9;35510
51;9;36277;51;9;36278
51;9;36278;51;9;36277
51;9;31234;51;9;36279
51;9;36279;51;9;31234
51;9;36282;51;9;36283
51;9;36283;51;9;36282
51;9;27974;51;9;28426
51;9;28426;51;9;27974
51;9;29799;51;9;36284
51;9;36284;51;9;29799
51;9;29705;51;9;36285
51;9;36285;51;9;29705
51;9;32679;51;9;36286
51;9;36286;51;9;32679
51;9;25677;51;9;31705
51;9;31705;51;9;25677
51;9;29435;51;9;36287
51;9;36287;51;9;29435
51;9;25302;51;9;32728
51;9;32728;51;9;25302
51;9;25279;51;9;36288
51;9;36288;51;9;36397
51;9;36397;51;9;25279
51;9;31485;51;9;36289
51;9;36289;51;9;31485
51;9;27479;51;9;36290
51;9;36290;51;9;27479
51;9;26435;51;9;35343
51;9;35343;51;9;26435
51;9;29694;51;9;36292
51;9;36292;51;9;29694
51;9;29783;51;9;36293
51;9;36293;51;9;29783
51;9;17193;51;9;28693
51;9;28693;51;9;17193
51;9;10678;51;9;36294
51;9;36294;51;9;10678
51;9;31410;51;9;36297
51;9;36297;51;9;31410
51;9;31441;51;9;36298
51;9;36298;51;9;31441
51;9;30520;51;9;36299
51;9;36299;51;9;30520
51;9;36300;51;9;36301
51;9;36301;51;9;36300
51;9;25734;51;9;28758
51;9;28758;51;9;25734
51;9;32266;51;9;36304
51;9;36304;51;9;32266
51;9;32084;51;9;32086
51;9;32086;51;9;32084
51;9;19323;51;9;30666
51;9;30666;51;9;19323
51;9;21762;51;9;36308
51;9;36308;51;9;21762
51;9;20638;51;9;36310
51;9;36310;51;9;20638
51;9;20725;51;9;30176
51;9;30176;51;9;20725
51;9;30466;51;9;36313
51;9;36313;51;9;30466
51;9;30499;51;9;36320
51;9;36320;51;9;30499
51;9;19209;51;9;30739
51;9;30739;51;9;19209
51;9;10665;51;9;36321
51;9;36321;51;9;10665
51;9;23756;51;9;31687
51;9;31687;51;9;23756
51;9;10304;51;9;36322
51;9;36322;51;9;10304
51;9;36323;51;9;36324
51;9;36324;51;9;36323
51;9;21537;51;9;35530
51;9;35530;51;9;21537
51;9;10620;51;9;36325
51;9;36325;51;9;10620
51;9;12127;51;9;28399
51;9;28399;51;9;12127
51;9;35445;51;9;36328
51;9;36328;51;9;35445
51;9;35688;51;9;36329
51;9;36329;51;9;35688
51;9;26768;51;9;35731
51;9;35731;51;9;26768
51;9;35637;51;9;36330
51;9;36330;51;9;36333
51;9;36333;51;9;35637
51;9;35639;51;9;36332
51;9;36332;51;9;35639
51;9;11690;51;9;31656
51;9;31656;51;9;36440
51;9;36440;51;9;11690
51;9;10674;51;9;36334
51;9;36334;51;9;10674
51;9;28760;51;9;28805
51;9;28805;51;9;28760
51;9;31237;51;9;31239
51;9;31239;51;9;31237
51;9;31236;51;9;31631
51;9;31631;51;9;31236
51;9;31235;51;9;31599
51;9;31599;51;9;31235
51;9;27340;51;9;36336
51;9;36336;51;9;27340
51;9;27682;51;9;29012
51;9;29012;51;9;36291
51;9;36291;51;9;27682
51;9;27845;51;9;27848
51;9;27848;51;9;28667
51;9;28667;51;9;27845
51;9;28719;51;9;28722
51;9;28722;51;9;28892
51;9;28892;51;9;28719
51;9;32083;51;9;32153
51;9;32153;51;9;32083
51;9;30182;51;9;30189
51;9;30189;51;9;30182
51;9;25351;51;9;36312
51;9;36312;51;9;25351
51;9;35318;51;9;35475
51;9;35475;51;9;36326
51;9;36326;51;9;35318
51;9;36348;51;9;36349
51;9;36349;51;9;36348
51;9;12546;51;9;36369
51;9;36369;51;9;12546
51;9;36367;51;9;36370
51;9;36370;51;9;36367
51;9;10264;51;9;36378
51;9;36378;51;9;10264
51;9;36381;51;9;36405
51;9;36405;51;9;36408
51;9;36408;51;9;36381
51;9;36383;51;9;36384
51;9;36384;51;9;36383
51;9;10441;51;9;36386
51;9;36386;51;9;10441
51;9;36355;51;9;36390
51;9;36390;51;9;36355
51;9;36399;51;9;36400
51;9;36400;51;9;36399
51;9;10584;51;9;27083
51;9;27083;51;9;10584
51;9;14841;51;9;36392
51;9;36392;51;9;14841
51;9;19643;51;9;35861
51;9;35861;51;9;19643
51;9;36406;51;9;36409
51;9;36409;51;9;36406
51;9;10668;51;9;10669
51;9;10669;51;9;10668
51;9;36403;51;9;36410
51;9;36410;51;9;36403
51;9;36404;51;9;36411
51;9;36411;51;9;36412
51;9;36412;51;9;36404
51;9;24337;51;9;36343
51;9;36343;51;9;24337
51;9;25715;51;9;36342
51;9;36342;51;9;36413
51;9;36413;51;9;25715
51;9;36415;51;9;36416
51;9;36416;51;9;36415
51;9;23381;51;9;36422
51;9;36422;51;9;23381
51;9;10249;51;9;36425
51;9;36425;51;9;10249
51;9;30049;51;9;36435
51;9;36435;51;9;36436
51;9;36436;51;9;30049
51;9;10536;51;9;36441
51;9;36441;51;9;10536
51;9;31672;51;9;36445
51;9;36445;51;9;36447
51;9;36447;51;9;31672
51;9;36438;51;9;36450
51;9;36450;51;9;36438
51;9;26587;51;9;36453
51;9;36453;51;9;26587
51;9;36452;51;9;36455
51;9;36455;51;9;36452
51;9;36427;51;9;36456
51;9;36456;51;9;36427
51;9;27497;51;9;36458
51;9;36458;51;9;27497
51;9;27498;51;9;36460
51;9;36460;51;9;27498
51;9;36475;51;9;36477
51;9;36477;51;9;36475
51;9;17360;51;9;36478
51;9;36478;51;9;17360
51;9;36481;51;9;36483
51;9;36483;51;9;36481
51;9;36487;51;9;36488
51;9;36488;51;9;36487
51;9;35777;51;9;35779
51;9;35779;51;9;35777
51;9;36473;51;9;36480
51;9;36480;51;9;36473
51;9;35559;51;9;35561
51;9;35561;51;9;35737
51;9;35737;51;9;35559
51;9;35562;51;9;35564
51;9;35564;51;9;35562
51;9;30451;51;9;36490
51;9;36490;51;9;30451
