CID;TABCD;LCD;ALLOCATED
51;9;1;1
51;9;2;0
51;9;3;1
51;9;4;1
51;9;5;1
51;9;6;1
51;9;7;1
51;9;8;1
51;9;9;1
51;9;10;1
51;9;11;1
51;9;12;1
51;9;13;1
51;9;14;1
51;9;15;1
51;9;16;1
51;9;17;1
51;9;18;1
51;9;19;1
51;9;20;1
51;9;21;1
51;9;22;1
51;9;23;1
51;9;24;1
51;9;25;1
51;9;26;1
51;9;27;1
51;9;28;1
51;9;29;1
51;9;30;1
51;9;31;1
51;9;32;1
51;9;33;1
51;9;34;1
51;9;35;1
51;9;36;1
51;9;37;1
51;9;38;1
51;9;39;1
51;9;40;1
51;9;41;1
51;9;42;1
51;9;43;1
51;9;44;1
51;9;45;1
51;9;46;1
51;9;47;1
51;9;48;1
51;9;49;1
51;9;50;1
51;9;51;1
51;9;52;1
51;9;53;1
51;9;54;1
51;9;55;0
51;9;56;0
51;9;57;0
51;9;58;0
51;9;59;0
51;9;60;0
51;9;61;0
51;9;62;0
51;9;63;0
51;9;64;0
51;9;65;0
51;9;66;0
51;9;67;0
51;9;68;0
51;9;69;0
51;9;70;0
51;9;71;0
51;9;72;0
51;9;73;0
51;9;74;0
51;9;75;0
51;9;76;0
51;9;77;0
51;9;78;0
51;9;79;0
51;9;80;0
51;9;81;0
51;9;82;0
51;9;83;0
51;9;84;0
51;9;85;0
51;9;86;0
51;9;87;0
51;9;88;0
51;9;89;0
51;9;90;0
51;9;91;0
51;9;92;0
51;9;93;0
51;9;94;0
51;9;95;0
51;9;96;0
51;9;97;0
51;9;98;0
51;9;99;0
51;9;100;0
51;9;101;0
51;9;102;0
51;9;103;0
51;9;104;0
51;9;105;0
51;9;106;0
51;9;107;0
51;9;108;0
51;9;109;0
51;9;110;0
51;9;111;0
51;9;112;0
51;9;113;0
51;9;114;0
51;9;115;0
51;9;116;0
51;9;117;0
51;9;118;0
51;9;119;0
51;9;120;0
51;9;121;0
51;9;122;0
51;9;123;0
51;9;124;0
51;9;125;0
51;9;126;0
51;9;127;0
51;9;128;0
51;9;129;0
51;9;130;0
51;9;131;0
51;9;132;0
51;9;133;0
51;9;134;0
51;9;135;0
51;9;136;0
51;9;137;0
51;9;138;0
51;9;139;0
51;9;140;0
51;9;141;0
51;9;142;0
51;9;143;0
51;9;144;0
51;9;145;0
51;9;146;0
51;9;147;0
51;9;148;0
51;9;149;0
51;9;150;0
51;9;151;0
51;9;152;0
51;9;153;0
51;9;154;0
51;9;155;0
51;9;156;0
51;9;157;0
51;9;158;0
51;9;159;0
51;9;160;0
51;9;161;0
51;9;162;0
51;9;163;0
51;9;164;0
51;9;165;0
51;9;166;0
51;9;167;0
51;9;168;0
51;9;169;0
51;9;170;0
51;9;171;0
51;9;172;0
51;9;173;0
51;9;174;0
51;9;175;0
51;9;176;0
51;9;177;0
51;9;178;0
51;9;179;0
51;9;180;0
51;9;181;0
51;9;182;0
51;9;183;0
51;9;184;0
51;9;185;0
51;9;186;0
51;9;187;0
51;9;188;0
51;9;189;0
51;9;190;0
51;9;191;0
51;9;192;0
51;9;193;0
51;9;194;0
51;9;195;0
51;9;196;0
51;9;197;0
51;9;198;0
51;9;199;0
51;9;200;0
51;9;201;0
51;9;202;0
51;9;203;0
51;9;204;0
51;9;205;0
51;9;206;0
51;9;207;0
51;9;208;0
51;9;209;0
51;9;210;0
51;9;211;0
51;9;212;0
51;9;213;0
51;9;214;0
51;9;215;0
51;9;216;0
51;9;217;0
51;9;218;0
51;9;219;0
51;9;220;0
51;9;221;0
51;9;222;0
51;9;223;0
51;9;224;0
51;9;225;0
51;9;226;0
51;9;227;0
51;9;228;0
51;9;229;0
51;9;230;0
51;9;231;0
51;9;232;0
51;9;233;0
51;9;234;0
51;9;235;0
51;9;236;0
51;9;237;0
51;9;238;0
51;9;239;0
51;9;240;0
51;9;241;0
51;9;242;0
51;9;243;0
51;9;244;0
51;9;245;0
51;9;246;0
51;9;247;0
51;9;248;0
51;9;249;0
51;9;250;0
51;9;251;0
51;9;252;0
51;9;253;0
51;9;254;0
51;9;255;0
51;9;256;0
51;9;257;0
51;9;258;0
51;9;259;0
51;9;260;0
51;9;261;0
51;9;262;0
51;9;263;0
51;9;264;0
51;9;265;0
51;9;266;0
51;9;267;0
51;9;268;0
51;9;269;0
51;9;270;0
51;9;271;0
51;9;272;0
51;9;273;0
51;9;274;0
51;9;275;0
51;9;276;0
51;9;277;0
51;9;278;0
51;9;279;0
51;9;280;0
51;9;281;0
51;9;282;0
51;9;283;0
51;9;284;0
51;9;285;0
51;9;286;0
51;9;287;0
51;9;288;0
51;9;289;0
51;9;290;0
51;9;291;0
51;9;292;0
51;9;293;0
51;9;294;0
51;9;295;0
51;9;296;0
51;9;297;0
51;9;298;0
51;9;299;0
51;9;300;0
51;9;301;0
51;9;302;0
51;9;303;0
51;9;304;0
51;9;305;0
51;9;306;0
51;9;307;0
51;9;308;0
51;9;309;0
51;9;310;0
51;9;311;0
51;9;312;0
51;9;313;0
51;9;314;0
51;9;315;0
51;9;316;0
51;9;317;0
51;9;318;0
51;9;319;0
51;9;320;0
51;9;321;0
51;9;322;0
51;9;323;0
51;9;324;0
51;9;325;0
51;9;326;0
51;9;327;0
51;9;328;0
51;9;329;0
51;9;330;0
51;9;331;0
51;9;332;0
51;9;333;0
51;9;334;0
51;9;335;0
51;9;336;0
51;9;337;0
51;9;338;0
51;9;339;0
51;9;340;0
51;9;341;0
51;9;342;0
51;9;343;0
51;9;344;0
51;9;345;0
51;9;346;0
51;9;347;0
51;9;348;0
51;9;349;0
51;9;350;0
51;9;351;0
51;9;352;0
51;9;353;0
51;9;354;0
51;9;355;0
51;9;356;0
51;9;357;0
51;9;358;0
51;9;359;0
51;9;360;0
51;9;361;0
51;9;362;0
51;9;363;0
51;9;364;0
51;9;365;0
51;9;366;0
51;9;367;0
51;9;368;0
51;9;369;0
51;9;370;0
51;9;371;0
51;9;372;0
51;9;373;0
51;9;374;0
51;9;375;0
51;9;376;0
51;9;377;0
51;9;378;0
51;9;379;0
51;9;380;0
51;9;381;0
51;9;382;0
51;9;383;0
51;9;384;0
51;9;385;0
51;9;386;0
51;9;387;0
51;9;388;0
51;9;389;0
51;9;390;0
51;9;391;0
51;9;392;0
51;9;393;0
51;9;394;0
51;9;395;0
51;9;396;0
51;9;397;0
51;9;398;0
51;9;399;0
51;9;400;0
51;9;401;0
51;9;402;0
51;9;403;0
51;9;404;0
51;9;405;0
51;9;406;0
51;9;407;0
51;9;408;0
51;9;409;0
51;9;410;0
51;9;411;0
51;9;412;0
51;9;413;0
51;9;414;0
51;9;415;0
51;9;416;0
51;9;417;0
51;9;418;0
51;9;419;0
51;9;420;0
51;9;421;0
51;9;422;0
51;9;423;0
51;9;424;0
51;9;425;0
51;9;426;0
51;9;427;0
51;9;428;0
51;9;429;0
51;9;430;0
51;9;431;0
51;9;432;0
51;9;433;0
51;9;434;0
51;9;435;0
51;9;436;0
51;9;437;0
51;9;438;0
51;9;439;0
51;9;440;0
51;9;441;0
51;9;442;0
51;9;443;0
51;9;444;0
51;9;445;0
51;9;446;0
51;9;447;0
51;9;448;0
51;9;449;0
51;9;450;0
51;9;451;0
51;9;452;0
51;9;453;0
51;9;454;0
51;9;455;0
51;9;456;0
51;9;457;0
51;9;458;0
51;9;459;0
51;9;460;0
51;9;461;0
51;9;462;0
51;9;463;0
51;9;464;0
51;9;465;0
51;9;466;0
51;9;467;0
51;9;468;0
51;9;469;0
51;9;470;0
51;9;471;0
51;9;472;0
51;9;473;0
51;9;474;0
51;9;475;0
51;9;476;0
51;9;477;0
51;9;478;0
51;9;479;0
51;9;480;0
51;9;481;0
51;9;482;0
51;9;483;0
51;9;484;0
51;9;485;0
51;9;486;0
51;9;487;0
51;9;488;0
51;9;489;0
51;9;490;0
51;9;491;0
51;9;492;0
51;9;493;0
51;9;494;0
51;9;495;0
51;9;496;0
51;9;497;0
51;9;498;0
51;9;499;0
51;9;500;0
51;9;501;0
51;9;502;0
51;9;503;0
51;9;504;0
51;9;505;0
51;9;506;0
51;9;507;0
51;9;508;0
51;9;509;0
51;9;510;0
51;9;511;0
51;9;512;0
51;9;513;0
51;9;514;0
51;9;515;0
51;9;516;0
51;9;517;0
51;9;518;0
51;9;519;0
51;9;520;0
51;9;521;0
51;9;522;0
51;9;523;0
51;9;524;0
51;9;525;0
51;9;526;0
51;9;527;0
51;9;528;0
51;9;529;0
51;9;530;0
51;9;531;0
51;9;532;0
51;9;533;0
51;9;534;0
51;9;535;0
51;9;536;0
51;9;537;0
51;9;538;0
51;9;539;0
51;9;540;0
51;9;541;0
51;9;542;0
51;9;543;0
51;9;544;0
51;9;545;0
51;9;546;0
51;9;547;0
51;9;548;0
51;9;549;0
51;9;550;0
51;9;551;0
51;9;552;0
51;9;553;0
51;9;554;0
51;9;555;0
51;9;556;0
51;9;557;0
51;9;558;0
51;9;559;0
51;9;560;0
51;9;561;0
51;9;562;0
51;9;563;0
51;9;564;0
51;9;565;0
51;9;566;0
51;9;567;0
51;9;568;0
51;9;569;0
51;9;570;0
51;9;571;0
51;9;572;0
51;9;573;0
51;9;574;0
51;9;575;0
51;9;576;0
51;9;577;0
51;9;578;0
51;9;579;0
51;9;580;0
51;9;581;0
51;9;582;0
51;9;583;0
51;9;584;0
51;9;585;0
51;9;586;0
51;9;587;0
51;9;588;0
51;9;589;0
51;9;590;0
51;9;591;0
51;9;592;0
51;9;593;0
51;9;594;0
51;9;595;0
51;9;596;0
51;9;597;0
51;9;598;0
51;9;599;0
51;9;600;0
51;9;601;0
51;9;602;0
51;9;603;0
51;9;604;0
51;9;605;0
51;9;606;0
51;9;607;0
51;9;608;0
51;9;609;0
51;9;610;0
51;9;611;0
51;9;612;0
51;9;613;0
51;9;614;0
51;9;615;0
51;9;616;0
51;9;617;0
51;9;618;0
51;9;619;0
51;9;620;0
51;9;621;0
51;9;622;0
51;9;623;0
51;9;624;0
51;9;625;0
51;9;626;0
51;9;627;0
51;9;628;0
51;9;629;0
51;9;630;0
51;9;631;0
51;9;632;0
51;9;633;0
51;9;634;0
51;9;635;0
51;9;636;0
51;9;637;0
51;9;638;0
51;9;639;0
51;9;640;0
51;9;641;0
51;9;642;0
51;9;643;0
51;9;644;0
51;9;645;0
51;9;646;0
51;9;647;0
51;9;648;0
51;9;649;0
51;9;650;0
51;9;651;0
51;9;652;0
51;9;653;0
51;9;654;0
51;9;655;0
51;9;656;0
51;9;657;0
51;9;658;0
51;9;659;0
51;9;660;0
51;9;661;0
51;9;662;0
51;9;663;0
51;9;664;0
51;9;665;0
51;9;666;0
51;9;667;0
51;9;668;0
51;9;669;0
51;9;670;0
51;9;671;0
51;9;672;0
51;9;673;0
51;9;674;0
51;9;675;0
51;9;676;0
51;9;677;0
51;9;678;0
51;9;679;0
51;9;680;0
51;9;681;0
51;9;682;0
51;9;683;0
51;9;684;0
51;9;685;0
51;9;686;0
51;9;687;0
51;9;688;0
51;9;689;0
51;9;690;0
51;9;691;0
51;9;692;0
51;9;693;0
51;9;694;0
51;9;695;0
51;9;696;0
51;9;697;0
51;9;698;0
51;9;699;0
51;9;700;0
51;9;701;0
51;9;702;0
51;9;703;0
51;9;704;0
51;9;705;0
51;9;706;0
51;9;707;0
51;9;708;0
51;9;709;0
51;9;710;0
51;9;711;0
51;9;712;0
51;9;713;0
51;9;714;0
51;9;715;0
51;9;716;0
51;9;717;0
51;9;718;0
51;9;719;0
51;9;720;0
51;9;721;0
51;9;722;0
51;9;723;0
51;9;724;0
51;9;725;0
51;9;726;0
51;9;727;0
51;9;728;0
51;9;729;0
51;9;730;0
51;9;731;0
51;9;732;0
51;9;733;0
51;9;734;0
51;9;735;0
51;9;736;0
51;9;737;0
51;9;738;0
51;9;739;0
51;9;740;0
51;9;741;0
51;9;742;0
51;9;743;0
51;9;744;0
51;9;745;0
51;9;746;0
51;9;747;0
51;9;748;0
51;9;749;0
51;9;750;0
51;9;751;0
51;9;752;0
51;9;753;0
51;9;754;0
51;9;755;0
51;9;756;0
51;9;757;0
51;9;758;0
51;9;759;0
51;9;760;0
51;9;761;0
51;9;762;0
51;9;763;0
51;9;764;0
51;9;765;0
51;9;766;0
51;9;767;0
51;9;768;0
51;9;769;0
51;9;770;0
51;9;771;0
51;9;772;0
51;9;773;0
51;9;774;0
51;9;775;0
51;9;776;0
51;9;777;0
51;9;778;0
51;9;779;0
51;9;780;0
51;9;781;0
51;9;782;0
51;9;783;0
51;9;784;0
51;9;785;0
51;9;786;0
51;9;787;0
51;9;788;0
51;9;789;0
51;9;790;0
51;9;791;0
51;9;792;0
51;9;793;0
51;9;794;0
51;9;795;0
51;9;796;0
51;9;797;0
51;9;798;0
51;9;799;0
51;9;800;0
51;9;801;0
51;9;802;0
51;9;803;0
51;9;804;0
51;9;805;0
51;9;806;0
51;9;807;0
51;9;808;0
51;9;809;0
51;9;810;0
51;9;811;0
51;9;812;0
51;9;813;0
51;9;814;0
51;9;815;0
51;9;816;0
51;9;817;0
51;9;818;0
51;9;819;0
51;9;820;0
51;9;821;0
51;9;822;0
51;9;823;0
51;9;824;0
51;9;825;0
51;9;826;0
51;9;827;0
51;9;828;0
51;9;829;0
51;9;830;0
51;9;831;0
51;9;832;0
51;9;833;0
51;9;834;0
51;9;835;0
51;9;836;0
51;9;837;0
51;9;838;0
51;9;839;0
51;9;840;0
51;9;841;0
51;9;842;0
51;9;843;0
51;9;844;0
51;9;845;0
51;9;846;0
51;9;847;0
51;9;848;0
51;9;849;0
51;9;850;0
51;9;851;0
51;9;852;0
51;9;853;0
51;9;854;0
51;9;855;0
51;9;856;0
51;9;857;0
51;9;858;0
51;9;859;0
51;9;860;0
51;9;861;0
51;9;862;0
51;9;863;0
51;9;864;0
51;9;865;0
51;9;866;0
51;9;867;0
51;9;868;0
51;9;869;0
51;9;870;0
51;9;871;0
51;9;872;0
51;9;873;0
51;9;874;0
51;9;875;0
51;9;876;0
51;9;877;0
51;9;878;0
51;9;879;0
51;9;880;0
51;9;881;0
51;9;882;0
51;9;883;0
51;9;884;0
51;9;885;0
51;9;886;0
51;9;887;0
51;9;888;0
51;9;889;0
51;9;890;0
51;9;891;0
51;9;892;0
51;9;893;0
51;9;894;0
51;9;895;0
51;9;896;0
51;9;897;0
51;9;898;0
51;9;899;0
51;9;900;0
51;9;901;0
51;9;902;0
51;9;903;0
51;9;904;0
51;9;905;0
51;9;906;0
51;9;907;0
51;9;908;0
51;9;909;0
51;9;910;0
51;9;911;0
51;9;912;0
51;9;913;0
51;9;914;0
51;9;915;0
51;9;916;0
51;9;917;0
51;9;918;0
51;9;919;0
51;9;920;0
51;9;921;0
51;9;922;0
51;9;923;0
51;9;924;0
51;9;925;0
51;9;926;0
51;9;927;0
51;9;928;0
51;9;929;0
51;9;930;0
51;9;931;0
51;9;932;0
51;9;933;0
51;9;934;0
51;9;935;0
51;9;936;0
51;9;937;0
51;9;938;0
51;9;939;0
51;9;940;0
51;9;941;0
51;9;942;0
51;9;943;0
51;9;944;0
51;9;945;0
51;9;946;0
51;9;947;0
51;9;948;0
51;9;949;0
51;9;950;0
51;9;951;0
51;9;952;0
51;9;953;0
51;9;954;0
51;9;955;0
51;9;956;0
51;9;957;0
51;9;958;0
51;9;959;0
51;9;960;0
51;9;961;0
51;9;962;0
51;9;963;0
51;9;964;0
51;9;965;0
51;9;966;0
51;9;967;0
51;9;968;0
51;9;969;0
51;9;970;0
51;9;971;0
51;9;972;0
51;9;973;0
51;9;974;0
51;9;975;0
51;9;976;0
51;9;977;0
51;9;978;0
51;9;979;0
51;9;980;0
51;9;981;0
51;9;982;0
51;9;983;0
51;9;984;0
51;9;985;0
51;9;986;0
51;9;987;0
51;9;988;0
51;9;989;0
51;9;990;0
51;9;991;0
51;9;992;0
51;9;993;0
51;9;994;0
51;9;995;0
51;9;996;0
51;9;997;0
51;9;998;0
51;9;999;0
51;9;1000;0
51;9;1001;1
51;9;1002;1
51;9;1003;0
51;9;1004;0
51;9;1005;1
51;9;1006;1
51;9;1007;1
51;9;1008;1
51;9;1009;1
51;9;1010;1
51;9;1011;1
51;9;1012;1
51;9;1013;1
51;9;1014;1
51;9;1015;0
51;9;1016;1
51;9;1017;1
51;9;1018;1
51;9;1019;1
51;9;1020;0
51;9;1021;1
51;9;1022;1
51;9;1023;1
51;9;1024;0
51;9;1025;1
51;9;1026;1
51;9;1027;1
51;9;1028;0
51;9;1029;0
51;9;1030;1
51;9;1031;0
51;9;1032;1
51;9;1033;0
51;9;1034;1
51;9;1035;1
51;9;1036;1
51;9;1037;1
51;9;1038;1
51;9;1039;1
51;9;1040;1
51;9;1041;1
51;9;1042;1
51;9;1043;1
51;9;1044;1
51;9;1045;1
51;9;1046;1
51;9;1047;1
51;9;1048;1
51;9;1049;1
51;9;1050;1
51;9;1051;1
51;9;1052;1
51;9;1053;1
51;9;1054;1
51;9;1055;1
51;9;1056;1
51;9;1057;1
51;9;1058;1
51;9;1059;1
51;9;1060;1
51;9;1061;1
51;9;1062;1
51;9;1063;1
51;9;1064;1
51;9;1065;1
51;9;1066;1
51;9;1067;1
51;9;1068;1
51;9;1069;1
51;9;1070;1
51;9;1071;1
51;9;1072;1
51;9;1073;1
51;9;1074;1
51;9;1075;1
51;9;1076;1
51;9;1077;1
51;9;1078;1
51;9;1079;1
51;9;1080;1
51;9;1081;1
51;9;1082;1
51;9;1083;1
51;9;1084;1
51;9;1085;1
51;9;1086;0
51;9;1087;1
51;9;1088;0
51;9;1089;1
51;9;1090;1
51;9;1091;1
51;9;1092;1
51;9;1093;1
51;9;1094;1
51;9;1095;1
51;9;1096;1
51;9;1097;0
51;9;1098;0
51;9;1099;1
51;9;1100;0
51;9;1101;1
51;9;1102;0
51;9;1103;1
51;9;1104;0
51;9;1105;1
51;9;1106;1
51;9;1107;0
51;9;1108;0
51;9;1109;0
51;9;1110;1
51;9;1111;0
51;9;1112;1
51;9;1113;1
51;9;1114;1
51;9;1115;1
51;9;1116;1
51;9;1117;1
51;9;1118;1
51;9;1119;1
51;9;1120;1
51;9;1121;1
51;9;1122;1
51;9;1123;0
51;9;1124;1
51;9;1125;0
51;9;1126;1
51;9;1127;1
51;9;1128;1
51;9;1129;0
51;9;1130;1
51;9;1131;1
51;9;1132;1
51;9;1133;0
51;9;1134;1
51;9;1135;0
51;9;1136;1
51;9;1137;1
51;9;1138;1
51;9;1139;0
51;9;1140;1
51;9;1141;1
51;9;1142;1
51;9;1143;1
51;9;1144;1
51;9;1145;1
51;9;1146;1
51;9;1147;1
51;9;1148;1
51;9;1149;1
51;9;1150;1
51;9;1151;1
51;9;1152;1
51;9;1153;1
51;9;1154;1
51;9;1155;1
51;9;1156;0
51;9;1157;1
51;9;1158;1
51;9;1159;1
51;9;1160;1
51;9;1161;1
51;9;1162;1
51;9;1163;1
51;9;1164;1
51;9;1165;1
51;9;1166;0
51;9;1167;1
51;9;1168;1
51;9;1169;1
51;9;1170;1
51;9;1171;1
51;9;1172;1
51;9;1173;1
51;9;1174;1
51;9;1175;1
51;9;1176;1
51;9;1177;1
51;9;1178;1
51;9;1179;0
51;9;1180;1
51;9;1181;1
51;9;1182;1
51;9;1183;1
51;9;1184;1
51;9;1185;1
51;9;1186;1
51;9;1187;1
51;9;1188;1
51;9;1189;1
51;9;1190;1
51;9;1191;0
51;9;1192;0
51;9;1193;0
51;9;1194;0
51;9;1195;0
51;9;1196;0
51;9;1197;0
51;9;1198;0
51;9;1199;0
51;9;1200;0
51;9;1201;0
51;9;1202;0
51;9;1203;0
51;9;1204;1
51;9;1205;0
51;9;1206;0
51;9;1207;0
51;9;1208;1
51;9;1209;0
51;9;1210;1
51;9;1211;1
51;9;1212;0
51;9;1213;0
51;9;1214;0
51;9;1215;0
51;9;1216;1
51;9;1217;0
51;9;1218;0
51;9;1219;0
51;9;1220;1
51;9;1221;0
51;9;1222;0
51;9;1223;0
51;9;1224;0
51;9;1225;0
51;9;1226;0
51;9;1227;0
51;9;1228;1
51;9;1229;1
51;9;1230;0
51;9;1231;0
51;9;1232;0
51;9;1233;0
51;9;1234;0
51;9;1235;1
51;9;1236;0
51;9;1237;0
51;9;1238;1
51;9;1239;0
51;9;1240;1
51;9;1241;0
51;9;1242;0
51;9;1243;0
51;9;1244;0
51;9;1245;0
51;9;1246;0
51;9;1247;1
51;9;1248;0
51;9;1249;0
51;9;1250;0
51;9;1251;0
51;9;1252;1
51;9;1253;0
51;9;1254;0
51;9;1255;1
51;9;1256;1
51;9;1257;1
51;9;1258;1
51;9;1259;0
51;9;1260;0
51;9;1261;0
51;9;1262;0
51;9;1263;0
51;9;1264;0
51;9;1265;0
51;9;1266;0
51;9;1267;0
51;9;1268;0
51;9;1269;1
51;9;1270;1
51;9;1271;1
51;9;1272;1
51;9;1273;0
51;9;1274;0
51;9;1275;0
51;9;1276;0
51;9;1277;0
51;9;1278;1
51;9;1279;0
51;9;1280;0
51;9;1281;0
51;9;1282;0
51;9;1283;1
51;9;1284;1
51;9;1285;0
51;9;1286;0
51;9;1287;1
51;9;1288;0
51;9;1289;1
51;9;1290;1
51;9;1291;0
51;9;1292;1
51;9;1293;0
51;9;1294;1
51;9;1295;0
51;9;1296;1
51;9;1297;1
51;9;1298;0
51;9;1299;0
51;9;1300;0
51;9;1301;0
51;9;1302;1
51;9;1303;1
51;9;1304;1
51;9;1305;1
51;9;1306;0
51;9;1307;1
51;9;1308;1
51;9;1309;0
51;9;1310;1
51;9;1311;0
51;9;1312;0
51;9;1313;1
51;9;1314;0
51;9;1315;1
51;9;1316;0
51;9;1317;0
51;9;1318;1
51;9;1319;0
51;9;1320;0
51;9;1321;0
51;9;1322;1
51;9;1323;0
51;9;1324;0
51;9;1325;0
51;9;1326;0
51;9;1327;1
51;9;1328;0
51;9;1329;1
51;9;1330;0
51;9;1331;1
51;9;1332;0
51;9;1333;0
51;9;1334;0
51;9;1335;0
51;9;1336;0
51;9;1337;0
51;9;1338;0
51;9;1339;0
51;9;1340;0
51;9;1341;0
51;9;1342;0
51;9;1343;0
51;9;1344;0
51;9;1345;0
51;9;1346;0
51;9;1347;0
51;9;1348;0
51;9;1349;0
51;9;1350;0
51;9;1351;1
51;9;1352;0
51;9;1353;0
51;9;1354;1
51;9;1355;0
51;9;1356;1
51;9;1357;1
51;9;1358;0
51;9;1359;1
51;9;1360;1
51;9;1361;0
51;9;1362;0
51;9;1363;1
51;9;1364;1
51;9;1365;0
51;9;1366;1
51;9;1367;0
51;9;1368;0
51;9;1369;0
51;9;1370;0
51;9;1371;0
51;9;1372;1
51;9;1373;0
51;9;1374;1
51;9;1375;1
51;9;1376;0
51;9;1377;1
51;9;1378;0
51;9;1379;1
51;9;1380;1
51;9;1381;0
51;9;1382;0
51;9;1383;0
51;9;1384;1
51;9;1385;1
51;9;1386;0
51;9;1387;1
51;9;1388;0
51;9;1389;1
51;9;1390;0
51;9;1391;0
51;9;1392;0
51;9;1393;0
51;9;1394;0
51;9;1395;0
51;9;1396;0
51;9;1397;0
51;9;1398;0
51;9;1399;0
51;9;1400;0
51;9;1401;0
51;9;1402;0
51;9;1403;0
51;9;1404;0
51;9;1405;0
51;9;1406;0
51;9;1407;1
51;9;1408;0
51;9;1409;0
51;9;1410;0
51;9;1411;1
51;9;1412;0
51;9;1413;0
51;9;1414;0
51;9;1415;0
51;9;1416;0
51;9;1417;0
51;9;1418;0
51;9;1419;0
51;9;1420;0
51;9;1421;0
51;9;1422;1
51;9;1423;1
51;9;1424;0
51;9;1425;0
51;9;1426;1
51;9;1427;1
51;9;1428;1
51;9;1429;1
51;9;1430;1
51;9;1431;1
51;9;1432;1
51;9;1433;1
51;9;1434;1
51;9;1435;1
51;9;1436;1
51;9;1437;1
51;9;1438;0
51;9;1439;1
51;9;1440;0
51;9;1441;1
51;9;1442;0
51;9;1443;1
51;9;1444;1
51;9;1445;1
51;9;1446;0
51;9;1447;1
51;9;1448;1
51;9;1449;1
51;9;1450;0
51;9;1451;1
51;9;1452;1
51;9;1453;1
51;9;1454;1
51;9;1455;1
51;9;1456;1
51;9;1457;1
51;9;1458;1
51;9;1459;1
51;9;1460;1
51;9;1461;0
51;9;1462;1
51;9;1463;1
51;9;1464;1
51;9;1465;0
51;9;1466;1
51;9;1467;1
51;9;1468;1
51;9;1469;1
51;9;1470;1
51;9;1471;1
51;9;1472;1
51;9;1473;1
51;9;1474;1
51;9;1475;1
51;9;1476;0
51;9;1477;0
51;9;1478;1
51;9;1479;0
51;9;1480;1
51;9;1481;1
51;9;1482;1
51;9;1483;1
51;9;1484;1
51;9;1485;1
51;9;1486;1
51;9;1487;1
51;9;1488;1
51;9;1489;1
51;9;1490;1
51;9;1491;1
51;9;1492;1
51;9;1493;0
51;9;1494;1
51;9;1495;0
51;9;1496;1
51;9;1497;1
51;9;1498;1
51;9;1499;1
51;9;1500;0
51;9;1501;0
51;9;1502;1
51;9;1503;1
51;9;1504;0
51;9;1505;1
51;9;1506;0
51;9;1507;1
51;9;1508;1
51;9;1509;1
51;9;1510;1
51;9;1511;1
51;9;1512;1
51;9;1513;1
51;9;1514;1
51;9;1515;1
51;9;1516;0
51;9;1517;1
51;9;1518;1
51;9;1519;0
51;9;1520;1
51;9;1521;0
51;9;1522;1
51;9;1523;1
51;9;1524;1
51;9;1525;1
51;9;1526;1
51;9;1527;0
51;9;1528;1
51;9;1529;0
51;9;1530;0
51;9;1531;1
51;9;1532;0
51;9;1533;0
51;9;1534;1
51;9;1535;0
51;9;1536;0
51;9;1537;1
51;9;1538;0
51;9;1539;1
51;9;1540;1
51;9;1541;1
51;9;1542;1
51;9;1543;0
51;9;1544;1
51;9;1545;0
51;9;1546;1
51;9;1547;1
51;9;1548;0
51;9;1549;1
51;9;1550;1
51;9;1551;1
51;9;1552;1
51;9;1553;1
51;9;1554;0
51;9;1555;1
51;9;1556;1
51;9;1557;1
51;9;1558;1
51;9;1559;1
51;9;1560;1
51;9;1561;1
51;9;1562;1
51;9;1563;0
51;9;1564;1
51;9;1565;1
51;9;1566;1
51;9;1567;0
51;9;1568;0
51;9;1569;1
51;9;1570;0
51;9;1571;1
51;9;1572;0
51;9;1573;1
51;9;1574;0
51;9;1575;1
51;9;1576;1
51;9;1577;1
51;9;1578;1
51;9;1579;0
51;9;1580;1
51;9;1581;1
51;9;1582;1
51;9;1583;0
51;9;1584;0
51;9;1585;1
51;9;1586;0
51;9;1587;1
51;9;1588;0
51;9;1589;0
51;9;1590;0
51;9;1591;0
51;9;1592;0
51;9;1593;0
51;9;1594;0
51;9;1595;0
51;9;1596;0
51;9;1597;0
51;9;1598;0
51;9;1599;0
51;9;1600;0
51;9;1601;0
51;9;1602;0
51;9;1603;0
51;9;1604;0
51;9;1605;0
51;9;1606;0
51;9;1607;0
51;9;1608;0
51;9;1609;0
51;9;1610;0
51;9;1611;0
51;9;1612;0
51;9;1613;0
51;9;1614;0
51;9;1615;0
51;9;1616;0
51;9;1617;0
51;9;1618;0
51;9;1619;0
51;9;1620;0
51;9;1621;0
51;9;1622;0
51;9;1623;0
51;9;1624;0
51;9;1625;0
51;9;1626;0
51;9;1627;0
51;9;1628;0
51;9;1629;0
51;9;1630;0
51;9;1631;0
51;9;1632;0
51;9;1633;0
51;9;1634;0
51;9;1635;0
51;9;1636;0
51;9;1637;0
51;9;1638;0
51;9;1639;0
51;9;1640;0
51;9;1641;0
51;9;1642;0
51;9;1643;0
51;9;1644;0
51;9;1645;0
51;9;1646;0
51;9;1647;0
51;9;1648;0
51;9;1649;0
51;9;1650;0
51;9;1651;0
51;9;1652;0
51;9;1653;0
51;9;1654;0
51;9;1655;0
51;9;1656;0
51;9;1657;0
51;9;1658;0
51;9;1659;0
51;9;1660;0
51;9;1661;0
51;9;1662;0
51;9;1663;0
51;9;1664;0
51;9;1665;0
51;9;1666;0
51;9;1667;0
51;9;1668;0
51;9;1669;0
51;9;1670;0
51;9;1671;0
51;9;1672;0
51;9;1673;0
51;9;1674;0
51;9;1675;0
51;9;1676;0
51;9;1677;0
51;9;1678;0
51;9;1679;0
51;9;1680;0
51;9;1681;0
51;9;1682;0
51;9;1683;0
51;9;1684;0
51;9;1685;0
51;9;1686;0
51;9;1687;0
51;9;1688;0
51;9;1689;0
51;9;1690;0
51;9;1691;0
51;9;1692;0
51;9;1693;0
51;9;1694;0
51;9;1695;0
51;9;1696;0
51;9;1697;0
51;9;1698;0
51;9;1699;0
51;9;1700;0
51;9;1701;0
51;9;1702;0
51;9;1703;0
51;9;1704;0
51;9;1705;0
51;9;1706;0
51;9;1707;0
51;9;1708;0
51;9;1709;0
51;9;1710;0
51;9;1711;0
51;9;1712;0
51;9;1713;0
51;9;1714;0
51;9;1715;0
51;9;1716;0
51;9;1717;0
51;9;1718;0
51;9;1719;0
51;9;1720;0
51;9;1721;0
51;9;1722;0
51;9;1723;0
51;9;1724;0
51;9;1725;0
51;9;1726;0
51;9;1727;0
51;9;1728;0
51;9;1729;0
51;9;1730;0
51;9;1731;0
51;9;1732;0
51;9;1733;0
51;9;1734;0
51;9;1735;0
51;9;1736;0
51;9;1737;0
51;9;1738;0
51;9;1739;0
51;9;1740;0
51;9;1741;0
51;9;1742;0
51;9;1743;0
51;9;1744;0
51;9;1745;0
51;9;1746;0
51;9;1747;0
51;9;1748;0
51;9;1749;0
51;9;1750;0
51;9;1751;0
51;9;1752;0
51;9;1753;0
51;9;1754;0
51;9;1755;0
51;9;1756;0
51;9;1757;0
51;9;1758;0
51;9;1759;0
51;9;1760;0
51;9;1761;0
51;9;1762;0
51;9;1763;0
51;9;1764;0
51;9;1765;0
51;9;1766;0
51;9;1767;0
51;9;1768;0
51;9;1769;0
51;9;1770;0
51;9;1771;0
51;9;1772;0
51;9;1773;0
51;9;1774;0
51;9;1775;0
51;9;1776;0
51;9;1777;0
51;9;1778;0
51;9;1779;0
51;9;1780;0
51;9;1781;0
51;9;1782;0
51;9;1783;0
51;9;1784;0
51;9;1785;0
51;9;1786;0
51;9;1787;0
51;9;1788;0
51;9;1789;0
51;9;1790;0
51;9;1791;0
51;9;1792;0
51;9;1793;0
51;9;1794;0
51;9;1795;0
51;9;1796;0
51;9;1797;0
51;9;1798;0
51;9;1799;0
51;9;1800;0
51;9;1801;0
51;9;1802;0
51;9;1803;0
51;9;1804;0
51;9;1805;0
51;9;1806;0
51;9;1807;0
51;9;1808;0
51;9;1809;0
51;9;1810;0
51;9;1811;0
51;9;1812;0
51;9;1813;0
51;9;1814;0
51;9;1815;0
51;9;1816;0
51;9;1817;0
51;9;1818;0
51;9;1819;0
51;9;1820;0
51;9;1821;0
51;9;1822;0
51;9;1823;0
51;9;1824;0
51;9;1825;0
51;9;1826;0
51;9;1827;0
51;9;1828;0
51;9;1829;0
51;9;1830;0
51;9;1831;0
51;9;1832;0
51;9;1833;0
51;9;1834;0
51;9;1835;0
51;9;1836;0
51;9;1837;0
51;9;1838;0
51;9;1839;0
51;9;1840;0
51;9;1841;0
51;9;1842;0
51;9;1843;0
51;9;1844;0
51;9;1845;0
51;9;1846;0
51;9;1847;0
51;9;1848;0
51;9;1849;0
51;9;1850;0
51;9;1851;0
51;9;1852;0
51;9;1853;0
51;9;1854;0
51;9;1855;0
51;9;1856;0
51;9;1857;0
51;9;1858;0
51;9;1859;0
51;9;1860;0
51;9;1861;0
51;9;1862;0
51;9;1863;0
51;9;1864;0
51;9;1865;0
51;9;1866;0
51;9;1867;0
51;9;1868;0
51;9;1869;0
51;9;1870;0
51;9;1871;0
51;9;1872;0
51;9;1873;0
51;9;1874;0
51;9;1875;0
51;9;1876;0
51;9;1877;0
51;9;1878;0
51;9;1879;0
51;9;1880;0
51;9;1881;0
51;9;1882;0
51;9;1883;0
51;9;1884;0
51;9;1885;0
51;9;1886;0
51;9;1887;0
51;9;1888;0
51;9;1889;0
51;9;1890;0
51;9;1891;0
51;9;1892;0
51;9;1893;0
51;9;1894;0
51;9;1895;0
51;9;1896;0
51;9;1897;0
51;9;1898;0
51;9;1899;0
51;9;1900;0
51;9;1901;0
51;9;1902;0
51;9;1903;0
51;9;1904;0
51;9;1905;0
51;9;1906;0
51;9;1907;0
51;9;1908;0
51;9;1909;0
51;9;1910;0
51;9;1911;0
51;9;1912;0
51;9;1913;0
51;9;1914;0
51;9;1915;0
51;9;1916;0
51;9;1917;0
51;9;1918;0
51;9;1919;0
51;9;1920;0
51;9;1921;0
51;9;1922;0
51;9;1923;0
51;9;1924;0
51;9;1925;0
51;9;1926;0
51;9;1927;0
51;9;1928;0
51;9;1929;0
51;9;1930;0
51;9;1931;0
51;9;1932;0
51;9;1933;0
51;9;1934;0
51;9;1935;0
51;9;1936;0
51;9;1937;0
51;9;1938;0
51;9;1939;0
51;9;1940;0
51;9;1941;0
51;9;1942;0
51;9;1943;0
51;9;1944;0
51;9;1945;0
51;9;1946;0
51;9;1947;0
51;9;1948;0
51;9;1949;0
51;9;1950;0
51;9;1951;0
51;9;1952;0
51;9;1953;0
51;9;1954;0
51;9;1955;0
51;9;1956;0
51;9;1957;0
51;9;1958;0
51;9;1959;0
51;9;1960;0
51;9;1961;0
51;9;1962;0
51;9;1963;0
51;9;1964;0
51;9;1965;0
51;9;1966;0
51;9;1967;0
51;9;1968;0
51;9;1969;0
51;9;1970;0
51;9;1971;0
51;9;1972;0
51;9;1973;0
51;9;1974;0
51;9;1975;0
51;9;1976;0
51;9;1977;0
51;9;1978;0
51;9;1979;0
51;9;1980;0
51;9;1981;0
51;9;1982;0
51;9;1983;0
51;9;1984;0
51;9;1985;0
51;9;1986;0
51;9;1987;0
51;9;1988;0
51;9;1989;0
51;9;1990;0
51;9;1991;0
51;9;1992;0
51;9;1993;0
51;9;1994;0
51;9;1995;0
51;9;1996;0
51;9;1997;0
51;9;1998;0
51;9;1999;0
51;9;2000;0
51;9;2001;0
51;9;2002;0
51;9;2003;0
51;9;2004;0
51;9;2005;0
51;9;2006;0
51;9;2007;0
51;9;2008;0
51;9;2009;0
51;9;2010;0
51;9;2011;0
51;9;2012;0
51;9;2013;0
51;9;2014;0
51;9;2015;0
51;9;2016;0
51;9;2017;0
51;9;2018;0
51;9;2019;0
51;9;2020;0
51;9;2021;0
51;9;2022;0
51;9;2023;0
51;9;2024;0
51;9;2025;0
51;9;2026;0
51;9;2027;0
51;9;2028;0
51;9;2029;0
51;9;2030;0
51;9;2031;0
51;9;2032;0
51;9;2033;0
51;9;2034;0
51;9;2035;0
51;9;2036;0
51;9;2037;0
51;9;2038;0
51;9;2039;0
51;9;2040;0
51;9;2041;0
51;9;2042;0
51;9;2043;0
51;9;2044;0
51;9;2045;0
51;9;2046;0
51;9;2047;0
51;9;2048;0
51;9;2049;0
51;9;2050;0
51;9;2051;0
51;9;2052;0
51;9;2053;0
51;9;2054;0
51;9;2055;0
51;9;2056;0
51;9;2057;0
51;9;2058;0
51;9;2059;0
51;9;2060;0
51;9;2061;0
51;9;2062;0
51;9;2063;0
51;9;2064;0
51;9;2065;0
51;9;2066;0
51;9;2067;0
51;9;2068;0
51;9;2069;0
51;9;2070;0
51;9;2071;0
51;9;2072;0
51;9;2073;0
51;9;2074;0
51;9;2075;0
51;9;2076;0
51;9;2077;0
51;9;2078;0
51;9;2079;0
51;9;2080;0
51;9;2081;0
51;9;2082;0
51;9;2083;0
51;9;2084;0
51;9;2085;0
51;9;2086;0
51;9;2087;0
51;9;2088;0
51;9;2089;0
51;9;2090;0
51;9;2091;0
51;9;2092;0
51;9;2093;0
51;9;2094;0
51;9;2095;0
51;9;2096;0
51;9;2097;0
51;9;2098;0
51;9;2099;0
51;9;2100;0
51;9;2101;0
51;9;2102;0
51;9;2103;0
51;9;2104;0
51;9;2105;0
51;9;2106;0
51;9;2107;0
51;9;2108;0
51;9;2109;0
51;9;2110;0
51;9;2111;0
51;9;2112;0
51;9;2113;0
51;9;2114;0
51;9;2115;0
51;9;2116;0
51;9;2117;0
51;9;2118;0
51;9;2119;0
51;9;2120;0
51;9;2121;0
51;9;2122;0
51;9;2123;0
51;9;2124;0
51;9;2125;0
51;9;2126;0
51;9;2127;0
51;9;2128;0
51;9;2129;0
51;9;2130;0
51;9;2131;0
51;9;2132;0
51;9;2133;0
51;9;2134;0
51;9;2135;0
51;9;2136;0
51;9;2137;0
51;9;2138;0
51;9;2139;0
51;9;2140;0
51;9;2141;0
51;9;2142;0
51;9;2143;0
51;9;2144;0
51;9;2145;0
51;9;2146;0
51;9;2147;0
51;9;2148;0
51;9;2149;0
51;9;2150;0
51;9;2151;0
51;9;2152;0
51;9;2153;0
51;9;2154;0
51;9;2155;0
51;9;2156;0
51;9;2157;0
51;9;2158;0
51;9;2159;0
51;9;2160;0
51;9;2161;0
51;9;2162;0
51;9;2163;0
51;9;2164;0
51;9;2165;0
51;9;2166;0
51;9;2167;0
51;9;2168;0
51;9;2169;0
51;9;2170;0
51;9;2171;0
51;9;2172;0
51;9;2173;0
51;9;2174;0
51;9;2175;0
51;9;2176;0
51;9;2177;0
51;9;2178;0
51;9;2179;0
51;9;2180;0
51;9;2181;0
51;9;2182;0
51;9;2183;0
51;9;2184;0
51;9;2185;0
51;9;2186;0
51;9;2187;0
51;9;2188;0
51;9;2189;0
51;9;2190;0
51;9;2191;0
51;9;2192;0
51;9;2193;0
51;9;2194;0
51;9;2195;0
51;9;2196;0
51;9;2197;0
51;9;2198;0
51;9;2199;0
51;9;2200;0
51;9;2201;0
51;9;2202;0
51;9;2203;0
51;9;2204;0
51;9;2205;0
51;9;2206;0
51;9;2207;0
51;9;2208;0
51;9;2209;0
51;9;2210;0
51;9;2211;0
51;9;2212;0
51;9;2213;0
51;9;2214;0
51;9;2215;0
51;9;2216;0
51;9;2217;0
51;9;2218;0
51;9;2219;0
51;9;2220;0
51;9;2221;0
51;9;2222;0
51;9;2223;0
51;9;2224;0
51;9;2225;0
51;9;2226;0
51;9;2227;0
51;9;2228;0
51;9;2229;0
51;9;2230;0
51;9;2231;0
51;9;2232;0
51;9;2233;0
51;9;2234;0
51;9;2235;0
51;9;2236;0
51;9;2237;0
51;9;2238;0
51;9;2239;0
51;9;2240;0
51;9;2241;0
51;9;2242;0
51;9;2243;0
51;9;2244;0
51;9;2245;0
51;9;2246;0
51;9;2247;0
51;9;2248;0
51;9;2249;0
51;9;2250;0
51;9;2251;0
51;9;2252;0
51;9;2253;0
51;9;2254;0
51;9;2255;0
51;9;2256;0
51;9;2257;0
51;9;2258;0
51;9;2259;0
51;9;2260;0
51;9;2261;0
51;9;2262;0
51;9;2263;0
51;9;2264;0
51;9;2265;0
51;9;2266;0
51;9;2267;0
51;9;2268;0
51;9;2269;0
51;9;2270;0
51;9;2271;0
51;9;2272;0
51;9;2273;0
51;9;2274;0
51;9;2275;0
51;9;2276;0
51;9;2277;0
51;9;2278;0
51;9;2279;0
51;9;2280;0
51;9;2281;0
51;9;2282;0
51;9;2283;0
51;9;2284;0
51;9;2285;0
51;9;2286;0
51;9;2287;0
51;9;2288;0
51;9;2289;0
51;9;2290;0
51;9;2291;0
51;9;2292;0
51;9;2293;0
51;9;2294;0
51;9;2295;0
51;9;2296;0
51;9;2297;0
51;9;2298;0
51;9;2299;0
51;9;2300;0
51;9;2301;0
51;9;2302;0
51;9;2303;0
51;9;2304;0
51;9;2305;0
51;9;2306;0
51;9;2307;0
51;9;2308;0
51;9;2309;0
51;9;2310;0
51;9;2311;0
51;9;2312;0
51;9;2313;0
51;9;2314;0
51;9;2315;0
51;9;2316;0
51;9;2317;0
51;9;2318;0
51;9;2319;0
51;9;2320;0
51;9;2321;0
51;9;2322;0
51;9;2323;0
51;9;2324;0
51;9;2325;0
51;9;2326;0
51;9;2327;0
51;9;2328;0
51;9;2329;0
51;9;2330;0
51;9;2331;0
51;9;2332;0
51;9;2333;0
51;9;2334;0
51;9;2335;0
51;9;2336;0
51;9;2337;0
51;9;2338;0
51;9;2339;0
51;9;2340;0
51;9;2341;0
51;9;2342;0
51;9;2343;0
51;9;2344;0
51;9;2345;0
51;9;2346;0
51;9;2347;0
51;9;2348;0
51;9;2349;0
51;9;2350;0
51;9;2351;0
51;9;2352;0
51;9;2353;0
51;9;2354;0
51;9;2355;0
51;9;2356;0
51;9;2357;0
51;9;2358;0
51;9;2359;0
51;9;2360;0
51;9;2361;0
51;9;2362;0
51;9;2363;0
51;9;2364;0
51;9;2365;0
51;9;2366;0
51;9;2367;0
51;9;2368;0
51;9;2369;0
51;9;2370;0
51;9;2371;0
51;9;2372;0
51;9;2373;0
51;9;2374;0
51;9;2375;0
51;9;2376;0
51;9;2377;0
51;9;2378;0
51;9;2379;0
51;9;2380;0
51;9;2381;0
51;9;2382;0
51;9;2383;0
51;9;2384;0
51;9;2385;0
51;9;2386;0
51;9;2387;0
51;9;2388;0
51;9;2389;0
51;9;2390;0
51;9;2391;0
51;9;2392;0
51;9;2393;0
51;9;2394;0
51;9;2395;0
51;9;2396;0
51;9;2397;0
51;9;2398;0
51;9;2399;0
51;9;2400;0
51;9;2401;0
51;9;2402;0
51;9;2403;0
51;9;2404;0
51;9;2405;0
51;9;2406;0
51;9;2407;0
51;9;2408;0
51;9;2409;0
51;9;2410;0
51;9;2411;0
51;9;2412;0
51;9;2413;0
51;9;2414;0
51;9;2415;0
51;9;2416;0
51;9;2417;0
51;9;2418;0
51;9;2419;0
51;9;2420;0
51;9;2421;0
51;9;2422;0
51;9;2423;0
51;9;2424;0
51;9;2425;0
51;9;2426;0
51;9;2427;0
51;9;2428;0
51;9;2429;0
51;9;2430;0
51;9;2431;0
51;9;2432;0
51;9;2433;0
51;9;2434;0
51;9;2435;0
51;9;2436;0
51;9;2437;0
51;9;2438;0
51;9;2439;0
51;9;2440;0
51;9;2441;0
51;9;2442;0
51;9;2443;0
51;9;2444;0
51;9;2445;0
51;9;2446;0
51;9;2447;0
51;9;2448;0
51;9;2449;0
51;9;2450;0
51;9;2451;0
51;9;2452;0
51;9;2453;0
51;9;2454;0
51;9;2455;0
51;9;2456;0
51;9;2457;0
51;9;2458;0
51;9;2459;0
51;9;2460;0
51;9;2461;0
51;9;2462;0
51;9;2463;0
51;9;2464;0
51;9;2465;0
51;9;2466;0
51;9;2467;0
51;9;2468;0
51;9;2469;0
51;9;2470;0
51;9;2471;0
51;9;2472;0
51;9;2473;0
51;9;2474;0
51;9;2475;0
51;9;2476;0
51;9;2477;0
51;9;2478;0
51;9;2479;0
51;9;2480;0
51;9;2481;0
51;9;2482;0
51;9;2483;0
51;9;2484;0
51;9;2485;0
51;9;2486;0
51;9;2487;0
51;9;2488;0
51;9;2489;0
51;9;2490;0
51;9;2491;0
51;9;2492;0
51;9;2493;0
51;9;2494;0
51;9;2495;0
51;9;2496;0
51;9;2497;0
51;9;2498;0
51;9;2499;0
51;9;2500;0
51;9;2501;0
51;9;2502;0
51;9;2503;0
51;9;2504;0
51;9;2505;0
51;9;2506;0
51;9;2507;0
51;9;2508;0
51;9;2509;0
51;9;2510;0
51;9;2511;0
51;9;2512;0
51;9;2513;0
51;9;2514;0
51;9;2515;0
51;9;2516;0
51;9;2517;0
51;9;2518;0
51;9;2519;0
51;9;2520;0
51;9;2521;0
51;9;2522;0
51;9;2523;0
51;9;2524;0
51;9;2525;0
51;9;2526;0
51;9;2527;0
51;9;2528;0
51;9;2529;0
51;9;2530;0
51;9;2531;0
51;9;2532;0
51;9;2533;0
51;9;2534;0
51;9;2535;0
51;9;2536;0
51;9;2537;0
51;9;2538;0
51;9;2539;0
51;9;2540;0
51;9;2541;0
51;9;2542;0
51;9;2543;0
51;9;2544;0
51;9;2545;0
51;9;2546;0
51;9;2547;0
51;9;2548;0
51;9;2549;0
51;9;2550;0
51;9;2551;0
51;9;2552;0
51;9;2553;0
51;9;2554;0
51;9;2555;0
51;9;2556;0
51;9;2557;0
51;9;2558;0
51;9;2559;0
51;9;2560;0
51;9;2561;0
51;9;2562;0
51;9;2563;0
51;9;2564;0
51;9;2565;0
51;9;2566;0
51;9;2567;0
51;9;2568;0
51;9;2569;0
51;9;2570;0
51;9;2571;0
51;9;2572;0
51;9;2573;0
51;9;2574;0
51;9;2575;0
51;9;2576;0
51;9;2577;0
51;9;2578;0
51;9;2579;0
51;9;2580;0
51;9;2581;0
51;9;2582;0
51;9;2583;0
51;9;2584;0
51;9;2585;0
51;9;2586;0
51;9;2587;0
51;9;2588;0
51;9;2589;0
51;9;2590;0
51;9;2591;0
51;9;2592;0
51;9;2593;0
51;9;2594;0
51;9;2595;0
51;9;2596;0
51;9;2597;0
51;9;2598;0
51;9;2599;0
51;9;2600;0
51;9;2601;0
51;9;2602;0
51;9;2603;0
51;9;2604;0
51;9;2605;0
51;9;2606;0
51;9;2607;0
51;9;2608;0
51;9;2609;0
51;9;2610;0
51;9;2611;0
51;9;2612;0
51;9;2613;0
51;9;2614;0
51;9;2615;0
51;9;2616;0
51;9;2617;0
51;9;2618;0
51;9;2619;0
51;9;2620;0
51;9;2621;0
51;9;2622;0
51;9;2623;0
51;9;2624;0
51;9;2625;0
51;9;2626;0
51;9;2627;0
51;9;2628;0
51;9;2629;0
51;9;2630;0
51;9;2631;0
51;9;2632;0
51;9;2633;0
51;9;2634;0
51;9;2635;0
51;9;2636;0
51;9;2637;0
51;9;2638;0
51;9;2639;0
51;9;2640;0
51;9;2641;0
51;9;2642;0
51;9;2643;0
51;9;2644;0
51;9;2645;0
51;9;2646;0
51;9;2647;0
51;9;2648;0
51;9;2649;0
51;9;2650;0
51;9;2651;0
51;9;2652;0
51;9;2653;0
51;9;2654;0
51;9;2655;0
51;9;2656;0
51;9;2657;0
51;9;2658;0
51;9;2659;0
51;9;2660;0
51;9;2661;0
51;9;2662;0
51;9;2663;0
51;9;2664;0
51;9;2665;0
51;9;2666;0
51;9;2667;0
51;9;2668;0
51;9;2669;0
51;9;2670;0
51;9;2671;0
51;9;2672;0
51;9;2673;0
51;9;2674;0
51;9;2675;0
51;9;2676;0
51;9;2677;0
51;9;2678;0
51;9;2679;0
51;9;2680;0
51;9;2681;0
51;9;2682;0
51;9;2683;0
51;9;2684;0
51;9;2685;0
51;9;2686;0
51;9;2687;0
51;9;2688;0
51;9;2689;0
51;9;2690;0
51;9;2691;0
51;9;2692;0
51;9;2693;0
51;9;2694;0
51;9;2695;0
51;9;2696;0
51;9;2697;0
51;9;2698;0
51;9;2699;0
51;9;2700;0
51;9;2701;0
51;9;2702;0
51;9;2703;0
51;9;2704;0
51;9;2705;0
51;9;2706;0
51;9;2707;0
51;9;2708;0
51;9;2709;0
51;9;2710;0
51;9;2711;0
51;9;2712;0
51;9;2713;0
51;9;2714;0
51;9;2715;0
51;9;2716;0
51;9;2717;0
51;9;2718;0
51;9;2719;0
51;9;2720;0
51;9;2721;0
51;9;2722;0
51;9;2723;0
51;9;2724;0
51;9;2725;0
51;9;2726;0
51;9;2727;0
51;9;2728;0
51;9;2729;0
51;9;2730;0
51;9;2731;0
51;9;2732;0
51;9;2733;0
51;9;2734;0
51;9;2735;0
51;9;2736;0
51;9;2737;0
51;9;2738;0
51;9;2739;0
51;9;2740;0
51;9;2741;0
51;9;2742;0
51;9;2743;0
51;9;2744;0
51;9;2745;0
51;9;2746;0
51;9;2747;0
51;9;2748;0
51;9;2749;0
51;9;2750;0
51;9;2751;0
51;9;2752;0
51;9;2753;0
51;9;2754;0
51;9;2755;0
51;9;2756;0
51;9;2757;0
51;9;2758;0
51;9;2759;0
51;9;2760;0
51;9;2761;0
51;9;2762;0
51;9;2763;0
51;9;2764;0
51;9;2765;0
51;9;2766;0
51;9;2767;0
51;9;2768;0
51;9;2769;0
51;9;2770;0
51;9;2771;0
51;9;2772;0
51;9;2773;0
51;9;2774;0
51;9;2775;0
51;9;2776;0
51;9;2777;0
51;9;2778;0
51;9;2779;0
51;9;2780;0
51;9;2781;0
51;9;2782;0
51;9;2783;0
51;9;2784;0
51;9;2785;0
51;9;2786;0
51;9;2787;0
51;9;2788;0
51;9;2789;0
51;9;2790;0
51;9;2791;0
51;9;2792;0
51;9;2793;0
51;9;2794;0
51;9;2795;0
51;9;2796;0
51;9;2797;0
51;9;2798;0
51;9;2799;0
51;9;2800;0
51;9;2801;0
51;9;2802;0
51;9;2803;0
51;9;2804;0
51;9;2805;0
51;9;2806;0
51;9;2807;0
51;9;2808;0
51;9;2809;0
51;9;2810;0
51;9;2811;0
51;9;2812;0
51;9;2813;0
51;9;2814;0
51;9;2815;0
51;9;2816;0
51;9;2817;0
51;9;2818;0
51;9;2819;0
51;9;2820;0
51;9;2821;0
51;9;2822;0
51;9;2823;0
51;9;2824;0
51;9;2825;0
51;9;2826;0
51;9;2827;0
51;9;2828;0
51;9;2829;0
51;9;2830;0
51;9;2831;0
51;9;2832;0
51;9;2833;0
51;9;2834;0
51;9;2835;0
51;9;2836;0
51;9;2837;0
51;9;2838;0
51;9;2839;0
51;9;2840;0
51;9;2841;0
51;9;2842;0
51;9;2843;0
51;9;2844;0
51;9;2845;0
51;9;2846;0
51;9;2847;0
51;9;2848;0
51;9;2849;0
51;9;2850;0
51;9;2851;0
51;9;2852;0
51;9;2853;0
51;9;2854;0
51;9;2855;0
51;9;2856;0
51;9;2857;0
51;9;2858;0
51;9;2859;0
51;9;2860;0
51;9;2861;0
51;9;2862;0
51;9;2863;0
51;9;2864;0
51;9;2865;0
51;9;2866;0
51;9;2867;0
51;9;2868;0
51;9;2869;0
51;9;2870;0
51;9;2871;0
51;9;2872;0
51;9;2873;0
51;9;2874;0
51;9;2875;0
51;9;2876;0
51;9;2877;0
51;9;2878;0
51;9;2879;0
51;9;2880;0
51;9;2881;0
51;9;2882;0
51;9;2883;0
51;9;2884;0
51;9;2885;0
51;9;2886;0
51;9;2887;0
51;9;2888;0
51;9;2889;0
51;9;2890;0
51;9;2891;0
51;9;2892;0
51;9;2893;0
51;9;2894;0
51;9;2895;0
51;9;2896;0
51;9;2897;0
51;9;2898;0
51;9;2899;0
51;9;2900;0
51;9;2901;0
51;9;2902;0
51;9;2903;0
51;9;2904;0
51;9;2905;0
51;9;2906;0
51;9;2907;0
51;9;2908;0
51;9;2909;0
51;9;2910;0
51;9;2911;0
51;9;2912;0
51;9;2913;0
51;9;2914;0
51;9;2915;0
51;9;2916;0
51;9;2917;0
51;9;2918;0
51;9;2919;0
51;9;2920;0
51;9;2921;0
51;9;2922;0
51;9;2923;0
51;9;2924;0
51;9;2925;0
51;9;2926;0
51;9;2927;0
51;9;2928;0
51;9;2929;0
51;9;2930;0
51;9;2931;0
51;9;2932;0
51;9;2933;0
51;9;2934;0
51;9;2935;0
51;9;2936;0
51;9;2937;0
51;9;2938;0
51;9;2939;0
51;9;2940;0
51;9;2941;0
51;9;2942;0
51;9;2943;0
51;9;2944;0
51;9;2945;0
51;9;2946;0
51;9;2947;0
51;9;2948;0
51;9;2949;0
51;9;2950;0
51;9;2951;0
51;9;2952;0
51;9;2953;0
51;9;2954;0
51;9;2955;0
51;9;2956;0
51;9;2957;0
51;9;2958;0
51;9;2959;0
51;9;2960;0
51;9;2961;0
51;9;2962;0
51;9;2963;0
51;9;2964;0
51;9;2965;0
51;9;2966;0
51;9;2967;0
51;9;2968;0
51;9;2969;0
51;9;2970;0
51;9;2971;0
51;9;2972;0
51;9;2973;0
51;9;2974;0
51;9;2975;0
51;9;2976;0
51;9;2977;0
51;9;2978;0
51;9;2979;0
51;9;2980;0
51;9;2981;0
51;9;2982;0
51;9;2983;0
51;9;2984;0
51;9;2985;0
51;9;2986;0
51;9;2987;0
51;9;2988;0
51;9;2989;0
51;9;2990;0
51;9;2991;0
51;9;2992;0
51;9;2993;0
51;9;2994;0
51;9;2995;0
51;9;2996;0
51;9;2997;0
51;9;2998;0
51;9;2999;0
51;9;3000;0
51;9;3001;0
51;9;3002;0
51;9;3003;0
51;9;3004;0
51;9;3005;0
51;9;3006;0
51;9;3007;0
51;9;3008;0
51;9;3009;0
51;9;3010;0
51;9;3011;0
51;9;3012;0
51;9;3013;0
51;9;3014;0
51;9;3015;0
51;9;3016;0
51;9;3017;0
51;9;3018;0
51;9;3019;0
51;9;3020;0
51;9;3021;0
51;9;3022;0
51;9;3023;0
51;9;3024;0
51;9;3025;0
51;9;3026;0
51;9;3027;0
51;9;3028;0
51;9;3029;0
51;9;3030;0
51;9;3031;0
51;9;3032;0
51;9;3033;0
51;9;3034;0
51;9;3035;0
51;9;3036;0
51;9;3037;0
51;9;3038;0
51;9;3039;0
51;9;3040;0
51;9;3041;0
51;9;3042;0
51;9;3043;0
51;9;3044;0
51;9;3045;0
51;9;3046;0
51;9;3047;0
51;9;3048;0
51;9;3049;0
51;9;3050;0
51;9;3051;0
51;9;3052;0
51;9;3053;0
51;9;3054;0
51;9;3055;0
51;9;3056;0
51;9;3057;0
51;9;3058;0
51;9;3059;0
51;9;3060;0
51;9;3061;0
51;9;3062;0
51;9;3063;0
51;9;3064;0
51;9;3065;0
51;9;3066;0
51;9;3067;0
51;9;3068;0
51;9;3069;0
51;9;3070;0
51;9;3071;0
51;9;3072;0
51;9;3073;0
51;9;3074;0
51;9;3075;0
51;9;3076;0
51;9;3077;0
51;9;3078;0
51;9;3079;0
51;9;3080;0
51;9;3081;0
51;9;3082;0
51;9;3083;0
51;9;3084;0
51;9;3085;0
51;9;3086;0
51;9;3087;0
51;9;3088;0
51;9;3089;0
51;9;3090;0
51;9;3091;0
51;9;3092;0
51;9;3093;0
51;9;3094;0
51;9;3095;0
51;9;3096;0
51;9;3097;0
51;9;3098;0
51;9;3099;0
51;9;3100;0
51;9;3101;0
51;9;3102;0
51;9;3103;0
51;9;3104;0
51;9;3105;0
51;9;3106;0
51;9;3107;0
51;9;3108;0
51;9;3109;0
51;9;3110;0
51;9;3111;0
51;9;3112;0
51;9;3113;0
51;9;3114;0
51;9;3115;0
51;9;3116;0
51;9;3117;0
51;9;3118;0
51;9;3119;0
51;9;3120;0
51;9;3121;0
51;9;3122;0
51;9;3123;0
51;9;3124;0
51;9;3125;0
51;9;3126;0
51;9;3127;0
51;9;3128;0
51;9;3129;0
51;9;3130;0
51;9;3131;0
51;9;3132;0
51;9;3133;0
51;9;3134;0
51;9;3135;0
51;9;3136;0
51;9;3137;0
51;9;3138;0
51;9;3139;0
51;9;3140;0
51;9;3141;0
51;9;3142;0
51;9;3143;0
51;9;3144;0
51;9;3145;0
51;9;3146;0
51;9;3147;0
51;9;3148;0
51;9;3149;0
51;9;3150;0
51;9;3151;0
51;9;3152;0
51;9;3153;0
51;9;3154;0
51;9;3155;0
51;9;3156;0
51;9;3157;0
51;9;3158;0
51;9;3159;0
51;9;3160;0
51;9;3161;0
51;9;3162;0
51;9;3163;0
51;9;3164;0
51;9;3165;0
51;9;3166;0
51;9;3167;0
51;9;3168;0
51;9;3169;0
51;9;3170;0
51;9;3171;0
51;9;3172;0
51;9;3173;0
51;9;3174;0
51;9;3175;0
51;9;3176;0
51;9;3177;0
51;9;3178;0
51;9;3179;0
51;9;3180;0
51;9;3181;0
51;9;3182;0
51;9;3183;0
51;9;3184;0
51;9;3185;0
51;9;3186;0
51;9;3187;0
51;9;3188;0
51;9;3189;0
51;9;3190;0
51;9;3191;0
51;9;3192;0
51;9;3193;0
51;9;3194;0
51;9;3195;0
51;9;3196;0
51;9;3197;0
51;9;3198;0
51;9;3199;0
51;9;3200;0
51;9;3201;0
51;9;3202;0
51;9;3203;0
51;9;3204;0
51;9;3205;0
51;9;3206;0
51;9;3207;0
51;9;3208;0
51;9;3209;0
51;9;3210;0
51;9;3211;0
51;9;3212;0
51;9;3213;0
51;9;3214;0
51;9;3215;0
51;9;3216;0
51;9;3217;0
51;9;3218;0
51;9;3219;0
51;9;3220;0
51;9;3221;0
51;9;3222;0
51;9;3223;0
51;9;3224;0
51;9;3225;0
51;9;3226;0
51;9;3227;0
51;9;3228;0
51;9;3229;0
51;9;3230;0
51;9;3231;0
51;9;3232;0
51;9;3233;0
51;9;3234;0
51;9;3235;0
51;9;3236;0
51;9;3237;0
51;9;3238;0
51;9;3239;0
51;9;3240;0
51;9;3241;0
51;9;3242;0
51;9;3243;0
51;9;3244;0
51;9;3245;0
51;9;3246;0
51;9;3247;0
51;9;3248;0
51;9;3249;0
51;9;3250;0
51;9;3251;0
51;9;3252;0
51;9;3253;0
51;9;3254;0
51;9;3255;0
51;9;3256;0
51;9;3257;0
51;9;3258;0
51;9;3259;0
51;9;3260;0
51;9;3261;0
51;9;3262;0
51;9;3263;0
51;9;3264;0
51;9;3265;0
51;9;3266;0
51;9;3267;0
51;9;3268;0
51;9;3269;0
51;9;3270;0
51;9;3271;0
51;9;3272;0
51;9;3273;0
51;9;3274;0
51;9;3275;0
51;9;3276;0
51;9;3277;0
51;9;3278;0
51;9;3279;0
51;9;3280;0
51;9;3281;0
51;9;3282;0
51;9;3283;0
51;9;3284;0
51;9;3285;0
51;9;3286;0
51;9;3287;0
51;9;3288;0
51;9;3289;0
51;9;3290;0
51;9;3291;0
51;9;3292;0
51;9;3293;0
51;9;3294;0
51;9;3295;0
51;9;3296;0
51;9;3297;0
51;9;3298;0
51;9;3299;0
51;9;3300;0
51;9;3301;0
51;9;3302;0
51;9;3303;0
51;9;3304;0
51;9;3305;0
51;9;3306;0
51;9;3307;0
51;9;3308;0
51;9;3309;0
51;9;3310;0
51;9;3311;0
51;9;3312;0
51;9;3313;0
51;9;3314;0
51;9;3315;0
51;9;3316;0
51;9;3317;0
51;9;3318;0
51;9;3319;0
51;9;3320;0
51;9;3321;0
51;9;3322;0
51;9;3323;0
51;9;3324;0
51;9;3325;0
51;9;3326;0
51;9;3327;0
51;9;3328;0
51;9;3329;0
51;9;3330;0
51;9;3331;0
51;9;3332;0
51;9;3333;0
51;9;3334;0
51;9;3335;0
51;9;3336;0
51;9;3337;0
51;9;3338;0
51;9;3339;0
51;9;3340;0
51;9;3341;0
51;9;3342;0
51;9;3343;0
51;9;3344;0
51;9;3345;0
51;9;3346;0
51;9;3347;0
51;9;3348;0
51;9;3349;0
51;9;3350;0
51;9;3351;0
51;9;3352;0
51;9;3353;0
51;9;3354;0
51;9;3355;0
51;9;3356;0
51;9;3357;0
51;9;3358;0
51;9;3359;0
51;9;3360;0
51;9;3361;0
51;9;3362;0
51;9;3363;0
51;9;3364;0
51;9;3365;0
51;9;3366;0
51;9;3367;0
51;9;3368;0
51;9;3369;0
51;9;3370;0
51;9;3371;0
51;9;3372;0
51;9;3373;0
51;9;3374;0
51;9;3375;0
51;9;3376;0
51;9;3377;0
51;9;3378;0
51;9;3379;0
51;9;3380;0
51;9;3381;0
51;9;3382;0
51;9;3383;0
51;9;3384;0
51;9;3385;0
51;9;3386;0
51;9;3387;0
51;9;3388;0
51;9;3389;0
51;9;3390;0
51;9;3391;0
51;9;3392;0
51;9;3393;0
51;9;3394;0
51;9;3395;0
51;9;3396;0
51;9;3397;0
51;9;3398;0
51;9;3399;0
51;9;3400;0
51;9;3401;0
51;9;3402;0
51;9;3403;0
51;9;3404;0
51;9;3405;0
51;9;3406;0
51;9;3407;0
51;9;3408;0
51;9;3409;0
51;9;3410;0
51;9;3411;0
51;9;3412;0
51;9;3413;0
51;9;3414;0
51;9;3415;0
51;9;3416;0
51;9;3417;0
51;9;3418;0
51;9;3419;0
51;9;3420;0
51;9;3421;0
51;9;3422;0
51;9;3423;0
51;9;3424;0
51;9;3425;0
51;9;3426;0
51;9;3427;0
51;9;3428;0
51;9;3429;0
51;9;3430;0
51;9;3431;0
51;9;3432;0
51;9;3433;0
51;9;3434;0
51;9;3435;0
51;9;3436;0
51;9;3437;0
51;9;3438;0
51;9;3439;0
51;9;3440;0
51;9;3441;0
51;9;3442;0
51;9;3443;0
51;9;3444;0
51;9;3445;0
51;9;3446;0
51;9;3447;0
51;9;3448;0
51;9;3449;0
51;9;3450;0
51;9;3451;0
51;9;3452;0
51;9;3453;0
51;9;3454;0
51;9;3455;0
51;9;3456;0
51;9;3457;0
51;9;3458;0
51;9;3459;0
51;9;3460;0
51;9;3461;0
51;9;3462;0
51;9;3463;0
51;9;3464;0
51;9;3465;0
51;9;3466;0
51;9;3467;0
51;9;3468;0
51;9;3469;0
51;9;3470;0
51;9;3471;0
51;9;3472;0
51;9;3473;0
51;9;3474;0
51;9;3475;0
51;9;3476;0
51;9;3477;0
51;9;3478;0
51;9;3479;0
51;9;3480;0
51;9;3481;0
51;9;3482;0
51;9;3483;0
51;9;3484;0
51;9;3485;0
51;9;3486;0
51;9;3487;0
51;9;3488;0
51;9;3489;0
51;9;3490;0
51;9;3491;0
51;9;3492;0
51;9;3493;0
51;9;3494;0
51;9;3495;0
51;9;3496;0
51;9;3497;0
51;9;3498;0
51;9;3499;0
51;9;3500;0
51;9;3501;0
51;9;3502;0
51;9;3503;0
51;9;3504;0
51;9;3505;0
51;9;3506;0
51;9;3507;0
51;9;3508;0
51;9;3509;0
51;9;3510;0
51;9;3511;0
51;9;3512;0
51;9;3513;0
51;9;3514;0
51;9;3515;0
51;9;3516;0
51;9;3517;0
51;9;3518;0
51;9;3519;0
51;9;3520;0
51;9;3521;0
51;9;3522;0
51;9;3523;0
51;9;3524;0
51;9;3525;0
51;9;3526;0
51;9;3527;0
51;9;3528;0
51;9;3529;0
51;9;3530;0
51;9;3531;0
51;9;3532;0
51;9;3533;0
51;9;3534;0
51;9;3535;0
51;9;3536;0
51;9;3537;0
51;9;3538;0
51;9;3539;0
51;9;3540;0
51;9;3541;0
51;9;3542;0
51;9;3543;0
51;9;3544;0
51;9;3545;0
51;9;3546;0
51;9;3547;0
51;9;3548;0
51;9;3549;0
51;9;3550;0
51;9;3551;0
51;9;3552;0
51;9;3553;0
51;9;3554;0
51;9;3555;0
51;9;3556;0
51;9;3557;0
51;9;3558;0
51;9;3559;0
51;9;3560;0
51;9;3561;0
51;9;3562;0
51;9;3563;0
51;9;3564;0
51;9;3565;0
51;9;3566;0
51;9;3567;0
51;9;3568;0
51;9;3569;0
51;9;3570;0
51;9;3571;0
51;9;3572;0
51;9;3573;0
51;9;3574;0
51;9;3575;0
51;9;3576;0
51;9;3577;0
51;9;3578;0
51;9;3579;0
51;9;3580;0
51;9;3581;0
51;9;3582;0
51;9;3583;0
51;9;3584;0
51;9;3585;0
51;9;3586;0
51;9;3587;0
51;9;3588;0
51;9;3589;0
51;9;3590;0
51;9;3591;0
51;9;3592;0
51;9;3593;0
51;9;3594;0
51;9;3595;0
51;9;3596;0
51;9;3597;0
51;9;3598;0
51;9;3599;0
51;9;3600;0
51;9;3601;0
51;9;3602;0
51;9;3603;0
51;9;3604;0
51;9;3605;0
51;9;3606;0
51;9;3607;0
51;9;3608;0
51;9;3609;0
51;9;3610;0
51;9;3611;0
51;9;3612;0
51;9;3613;0
51;9;3614;0
51;9;3615;0
51;9;3616;0
51;9;3617;0
51;9;3618;0
51;9;3619;0
51;9;3620;0
51;9;3621;0
51;9;3622;0
51;9;3623;0
51;9;3624;0
51;9;3625;0
51;9;3626;0
51;9;3627;0
51;9;3628;0
51;9;3629;0
51;9;3630;0
51;9;3631;0
51;9;3632;0
51;9;3633;0
51;9;3634;0
51;9;3635;0
51;9;3636;0
51;9;3637;0
51;9;3638;0
51;9;3639;0
51;9;3640;0
51;9;3641;0
51;9;3642;0
51;9;3643;0
51;9;3644;0
51;9;3645;0
51;9;3646;0
51;9;3647;0
51;9;3648;0
51;9;3649;0
51;9;3650;0
51;9;3651;0
51;9;3652;0
51;9;3653;0
51;9;3654;0
51;9;3655;0
51;9;3656;0
51;9;3657;0
51;9;3658;0
51;9;3659;0
51;9;3660;0
51;9;3661;0
51;9;3662;0
51;9;3663;0
51;9;3664;0
51;9;3665;0
51;9;3666;0
51;9;3667;0
51;9;3668;0
51;9;3669;0
51;9;3670;0
51;9;3671;0
51;9;3672;0
51;9;3673;0
51;9;3674;0
51;9;3675;0
51;9;3676;0
51;9;3677;0
51;9;3678;0
51;9;3679;0
51;9;3680;0
51;9;3681;0
51;9;3682;0
51;9;3683;0
51;9;3684;0
51;9;3685;0
51;9;3686;0
51;9;3687;0
51;9;3688;0
51;9;3689;0
51;9;3690;0
51;9;3691;0
51;9;3692;0
51;9;3693;0
51;9;3694;0
51;9;3695;0
51;9;3696;0
51;9;3697;0
51;9;3698;0
51;9;3699;0
51;9;3700;0
51;9;3701;0
51;9;3702;0
51;9;3703;0
51;9;3704;0
51;9;3705;0
51;9;3706;0
51;9;3707;0
51;9;3708;0
51;9;3709;0
51;9;3710;0
51;9;3711;0
51;9;3712;0
51;9;3713;0
51;9;3714;0
51;9;3715;0
51;9;3716;0
51;9;3717;0
51;9;3718;0
51;9;3719;0
51;9;3720;0
51;9;3721;0
51;9;3722;0
51;9;3723;0
51;9;3724;0
51;9;3725;0
51;9;3726;0
51;9;3727;0
51;9;3728;0
51;9;3729;0
51;9;3730;0
51;9;3731;0
51;9;3732;0
51;9;3733;0
51;9;3734;0
51;9;3735;0
51;9;3736;0
51;9;3737;0
51;9;3738;0
51;9;3739;0
51;9;3740;0
51;9;3741;0
51;9;3742;0
51;9;3743;0
51;9;3744;0
51;9;3745;0
51;9;3746;0
51;9;3747;0
51;9;3748;0
51;9;3749;0
51;9;3750;0
51;9;3751;0
51;9;3752;0
51;9;3753;0
51;9;3754;0
51;9;3755;0
51;9;3756;0
51;9;3757;0
51;9;3758;0
51;9;3759;0
51;9;3760;0
51;9;3761;0
51;9;3762;0
51;9;3763;0
51;9;3764;0
51;9;3765;0
51;9;3766;0
51;9;3767;0
51;9;3768;0
51;9;3769;0
51;9;3770;0
51;9;3771;0
51;9;3772;0
51;9;3773;0
51;9;3774;0
51;9;3775;0
51;9;3776;0
51;9;3777;0
51;9;3778;0
51;9;3779;0
51;9;3780;0
51;9;3781;0
51;9;3782;0
51;9;3783;0
51;9;3784;0
51;9;3785;0
51;9;3786;0
51;9;3787;0
51;9;3788;0
51;9;3789;0
51;9;3790;0
51;9;3791;0
51;9;3792;0
51;9;3793;0
51;9;3794;0
51;9;3795;0
51;9;3796;0
51;9;3797;0
51;9;3798;0
51;9;3799;0
51;9;3800;0
51;9;3801;0
51;9;3802;0
51;9;3803;0
51;9;3804;0
51;9;3805;0
51;9;3806;0
51;9;3807;0
51;9;3808;0
51;9;3809;0
51;9;3810;0
51;9;3811;0
51;9;3812;0
51;9;3813;0
51;9;3814;0
51;9;3815;0
51;9;3816;0
51;9;3817;0
51;9;3818;0
51;9;3819;0
51;9;3820;0
51;9;3821;0
51;9;3822;0
51;9;3823;0
51;9;3824;0
51;9;3825;0
51;9;3826;0
51;9;3827;0
51;9;3828;0
51;9;3829;0
51;9;3830;0
51;9;3831;0
51;9;3832;0
51;9;3833;0
51;9;3834;0
51;9;3835;0
51;9;3836;0
51;9;3837;0
51;9;3838;0
51;9;3839;0
51;9;3840;0
51;9;3841;0
51;9;3842;0
51;9;3843;0
51;9;3844;0
51;9;3845;0
51;9;3846;0
51;9;3847;0
51;9;3848;0
51;9;3849;0
51;9;3850;0
51;9;3851;0
51;9;3852;0
51;9;3853;0
51;9;3854;0
51;9;3855;0
51;9;3856;0
51;9;3857;0
51;9;3858;0
51;9;3859;0
51;9;3860;0
51;9;3861;0
51;9;3862;0
51;9;3863;0
51;9;3864;0
51;9;3865;0
51;9;3866;0
51;9;3867;0
51;9;3868;0
51;9;3869;0
51;9;3870;0
51;9;3871;0
51;9;3872;0
51;9;3873;0
51;9;3874;0
51;9;3875;0
51;9;3876;0
51;9;3877;0
51;9;3878;0
51;9;3879;0
51;9;3880;0
51;9;3881;0
51;9;3882;0
51;9;3883;0
51;9;3884;0
51;9;3885;0
51;9;3886;0
51;9;3887;0
51;9;3888;0
51;9;3889;0
51;9;3890;0
51;9;3891;0
51;9;3892;0
51;9;3893;0
51;9;3894;0
51;9;3895;0
51;9;3896;0
51;9;3897;0
51;9;3898;0
51;9;3899;0
51;9;3900;0
51;9;3901;0
51;9;3902;0
51;9;3903;0
51;9;3904;0
51;9;3905;0
51;9;3906;0
51;9;3907;0
51;9;3908;0
51;9;3909;0
51;9;3910;0
51;9;3911;0
51;9;3912;0
51;9;3913;0
51;9;3914;0
51;9;3915;0
51;9;3916;0
51;9;3917;0
51;9;3918;0
51;9;3919;0
51;9;3920;0
51;9;3921;0
51;9;3922;0
51;9;3923;0
51;9;3924;0
51;9;3925;0
51;9;3926;0
51;9;3927;0
51;9;3928;0
51;9;3929;0
51;9;3930;0
51;9;3931;0
51;9;3932;0
51;9;3933;0
51;9;3934;0
51;9;3935;0
51;9;3936;0
51;9;3937;0
51;9;3938;0
51;9;3939;0
51;9;3940;0
51;9;3941;0
51;9;3942;0
51;9;3943;0
51;9;3944;0
51;9;3945;0
51;9;3946;0
51;9;3947;0
51;9;3948;0
51;9;3949;0
51;9;3950;0
51;9;3951;0
51;9;3952;0
51;9;3953;0
51;9;3954;0
51;9;3955;0
51;9;3956;0
51;9;3957;0
51;9;3958;0
51;9;3959;0
51;9;3960;0
51;9;3961;0
51;9;3962;0
51;9;3963;0
51;9;3964;0
51;9;3965;0
51;9;3966;0
51;9;3967;0
51;9;3968;0
51;9;3969;0
51;9;3970;0
51;9;3971;0
51;9;3972;0
51;9;3973;0
51;9;3974;0
51;9;3975;0
51;9;3976;0
51;9;3977;0
51;9;3978;0
51;9;3979;0
51;9;3980;0
51;9;3981;0
51;9;3982;0
51;9;3983;0
51;9;3984;0
51;9;3985;0
51;9;3986;0
51;9;3987;0
51;9;3988;0
51;9;3989;0
51;9;3990;0
51;9;3991;0
51;9;3992;0
51;9;3993;0
51;9;3994;0
51;9;3995;0
51;9;3996;0
51;9;3997;0
51;9;3998;0
51;9;3999;0
51;9;4000;0
51;9;4001;0
51;9;4002;0
51;9;4003;0
51;9;4004;0
51;9;4005;0
51;9;4006;0
51;9;4007;0
51;9;4008;0
51;9;4009;0
51;9;4010;0
51;9;4011;0
51;9;4012;0
51;9;4013;0
51;9;4014;0
51;9;4015;0
51;9;4016;0
51;9;4017;0
51;9;4018;0
51;9;4019;0
51;9;4020;0
51;9;4021;0
51;9;4022;0
51;9;4023;0
51;9;4024;0
51;9;4025;0
51;9;4026;0
51;9;4027;0
51;9;4028;0
51;9;4029;0
51;9;4030;0
51;9;4031;0
51;9;4032;0
51;9;4033;0
51;9;4034;0
51;9;4035;0
51;9;4036;0
51;9;4037;0
51;9;4038;0
51;9;4039;0
51;9;4040;0
51;9;4041;0
51;9;4042;0
51;9;4043;0
51;9;4044;0
51;9;4045;0
51;9;4046;0
51;9;4047;0
51;9;4048;0
51;9;4049;0
51;9;4050;0
51;9;4051;0
51;9;4052;0
51;9;4053;0
51;9;4054;0
51;9;4055;0
51;9;4056;0
51;9;4057;0
51;9;4058;0
51;9;4059;0
51;9;4060;0
51;9;4061;0
51;9;4062;0
51;9;4063;0
51;9;4064;0
51;9;4065;0
51;9;4066;0
51;9;4067;0
51;9;4068;0
51;9;4069;0
51;9;4070;0
51;9;4071;0
51;9;4072;0
51;9;4073;0
51;9;4074;0
51;9;4075;0
51;9;4076;0
51;9;4077;0
51;9;4078;0
51;9;4079;0
51;9;4080;0
51;9;4081;0
51;9;4082;0
51;9;4083;0
51;9;4084;0
51;9;4085;0
51;9;4086;0
51;9;4087;0
51;9;4088;0
51;9;4089;0
51;9;4090;0
51;9;4091;0
51;9;4092;0
51;9;4093;0
51;9;4094;0
51;9;4095;0
51;9;4096;0
51;9;4097;0
51;9;4098;0
51;9;4099;0
51;9;4100;0
51;9;4101;0
51;9;4102;0
51;9;4103;0
51;9;4104;0
51;9;4105;0
51;9;4106;0
51;9;4107;0
51;9;4108;0
51;9;4109;0
51;9;4110;0
51;9;4111;0
51;9;4112;0
51;9;4113;0
51;9;4114;0
51;9;4115;0
51;9;4116;0
51;9;4117;0
51;9;4118;0
51;9;4119;0
51;9;4120;0
51;9;4121;0
51;9;4122;0
51;9;4123;0
51;9;4124;0
51;9;4125;0
51;9;4126;0
51;9;4127;0
51;9;4128;0
51;9;4129;0
51;9;4130;0
51;9;4131;0
51;9;4132;0
51;9;4133;0
51;9;4134;0
51;9;4135;0
51;9;4136;0
51;9;4137;0
51;9;4138;0
51;9;4139;0
51;9;4140;0
51;9;4141;0
51;9;4142;0
51;9;4143;0
51;9;4144;0
51;9;4145;0
51;9;4146;0
51;9;4147;0
51;9;4148;0
51;9;4149;0
51;9;4150;0
51;9;4151;0
51;9;4152;0
51;9;4153;0
51;9;4154;0
51;9;4155;0
51;9;4156;0
51;9;4157;0
51;9;4158;0
51;9;4159;0
51;9;4160;0
51;9;4161;0
51;9;4162;0
51;9;4163;0
51;9;4164;0
51;9;4165;0
51;9;4166;0
51;9;4167;0
51;9;4168;0
51;9;4169;0
51;9;4170;0
51;9;4171;0
51;9;4172;0
51;9;4173;0
51;9;4174;0
51;9;4175;0
51;9;4176;0
51;9;4177;0
51;9;4178;0
51;9;4179;0
51;9;4180;0
51;9;4181;0
51;9;4182;0
51;9;4183;0
51;9;4184;0
51;9;4185;0
51;9;4186;0
51;9;4187;0
51;9;4188;0
51;9;4189;0
51;9;4190;0
51;9;4191;0
51;9;4192;0
51;9;4193;0
51;9;4194;0
51;9;4195;0
51;9;4196;0
51;9;4197;0
51;9;4198;0
51;9;4199;0
51;9;4200;0
51;9;4201;0
51;9;4202;0
51;9;4203;0
51;9;4204;0
51;9;4205;0
51;9;4206;0
51;9;4207;0
51;9;4208;0
51;9;4209;0
51;9;4210;0
51;9;4211;0
51;9;4212;0
51;9;4213;0
51;9;4214;0
51;9;4215;0
51;9;4216;0
51;9;4217;0
51;9;4218;0
51;9;4219;0
51;9;4220;0
51;9;4221;0
51;9;4222;0
51;9;4223;0
51;9;4224;0
51;9;4225;0
51;9;4226;0
51;9;4227;0
51;9;4228;0
51;9;4229;0
51;9;4230;0
51;9;4231;0
51;9;4232;0
51;9;4233;0
51;9;4234;0
51;9;4235;0
51;9;4236;0
51;9;4237;0
51;9;4238;0
51;9;4239;0
51;9;4240;0
51;9;4241;0
51;9;4242;0
51;9;4243;0
51;9;4244;0
51;9;4245;0
51;9;4246;0
51;9;4247;0
51;9;4248;0
51;9;4249;0
51;9;4250;0
51;9;4251;0
51;9;4252;0
51;9;4253;0
51;9;4254;0
51;9;4255;0
51;9;4256;0
51;9;4257;0
51;9;4258;0
51;9;4259;0
51;9;4260;0
51;9;4261;0
51;9;4262;0
51;9;4263;0
51;9;4264;0
51;9;4265;0
51;9;4266;0
51;9;4267;0
51;9;4268;0
51;9;4269;0
51;9;4270;0
51;9;4271;0
51;9;4272;0
51;9;4273;0
51;9;4274;0
51;9;4275;0
51;9;4276;0
51;9;4277;0
51;9;4278;0
51;9;4279;0
51;9;4280;0
51;9;4281;0
51;9;4282;0
51;9;4283;0
51;9;4284;0
51;9;4285;0
51;9;4286;0
51;9;4287;0
51;9;4288;0
51;9;4289;0
51;9;4290;0
51;9;4291;0
51;9;4292;0
51;9;4293;0
51;9;4294;0
51;9;4295;0
51;9;4296;0
51;9;4297;0
51;9;4298;0
51;9;4299;0
51;9;4300;0
51;9;4301;0
51;9;4302;0
51;9;4303;0
51;9;4304;0
51;9;4305;0
51;9;4306;0
51;9;4307;0
51;9;4308;0
51;9;4309;0
51;9;4310;0
51;9;4311;0
51;9;4312;0
51;9;4313;0
51;9;4314;0
51;9;4315;0
51;9;4316;0
51;9;4317;0
51;9;4318;0
51;9;4319;0
51;9;4320;0
51;9;4321;0
51;9;4322;0
51;9;4323;0
51;9;4324;0
51;9;4325;0
51;9;4326;0
51;9;4327;0
51;9;4328;0
51;9;4329;0
51;9;4330;0
51;9;4331;0
51;9;4332;0
51;9;4333;0
51;9;4334;0
51;9;4335;0
51;9;4336;0
51;9;4337;0
51;9;4338;0
51;9;4339;0
51;9;4340;0
51;9;4341;0
51;9;4342;0
51;9;4343;0
51;9;4344;0
51;9;4345;0
51;9;4346;0
51;9;4347;0
51;9;4348;0
51;9;4349;0
51;9;4350;0
51;9;4351;0
51;9;4352;0
51;9;4353;0
51;9;4354;0
51;9;4355;0
51;9;4356;0
51;9;4357;0
51;9;4358;0
51;9;4359;0
51;9;4360;0
51;9;4361;0
51;9;4362;0
51;9;4363;0
51;9;4364;0
51;9;4365;0
51;9;4366;0
51;9;4367;0
51;9;4368;0
51;9;4369;0
51;9;4370;0
51;9;4371;0
51;9;4372;0
51;9;4373;0
51;9;4374;0
51;9;4375;0
51;9;4376;0
51;9;4377;0
51;9;4378;0
51;9;4379;0
51;9;4380;0
51;9;4381;0
51;9;4382;0
51;9;4383;0
51;9;4384;0
51;9;4385;0
51;9;4386;0
51;9;4387;0
51;9;4388;0
51;9;4389;0
51;9;4390;0
51;9;4391;0
51;9;4392;0
51;9;4393;0
51;9;4394;0
51;9;4395;0
51;9;4396;0
51;9;4397;0
51;9;4398;0
51;9;4399;0
51;9;4400;0
51;9;4401;0
51;9;4402;0
51;9;4403;0
51;9;4404;0
51;9;4405;0
51;9;4406;0
51;9;4407;0
51;9;4408;0
51;9;4409;0
51;9;4410;0
51;9;4411;0
51;9;4412;0
51;9;4413;0
51;9;4414;0
51;9;4415;0
51;9;4416;0
51;9;4417;0
51;9;4418;0
51;9;4419;0
51;9;4420;0
51;9;4421;0
51;9;4422;0
51;9;4423;0
51;9;4424;0
51;9;4425;0
51;9;4426;0
51;9;4427;0
51;9;4428;0
51;9;4429;0
51;9;4430;0
51;9;4431;0
51;9;4432;0
51;9;4433;0
51;9;4434;0
51;9;4435;0
51;9;4436;0
51;9;4437;0
51;9;4438;0
51;9;4439;0
51;9;4440;0
51;9;4441;0
51;9;4442;0
51;9;4443;0
51;9;4444;0
51;9;4445;0
51;9;4446;0
51;9;4447;0
51;9;4448;0
51;9;4449;0
51;9;4450;0
51;9;4451;0
51;9;4452;0
51;9;4453;0
51;9;4454;0
51;9;4455;0
51;9;4456;0
51;9;4457;0
51;9;4458;0
51;9;4459;0
51;9;4460;0
51;9;4461;0
51;9;4462;0
51;9;4463;0
51;9;4464;0
51;9;4465;0
51;9;4466;0
51;9;4467;0
51;9;4468;0
51;9;4469;0
51;9;4470;0
51;9;4471;0
51;9;4472;0
51;9;4473;0
51;9;4474;0
51;9;4475;0
51;9;4476;0
51;9;4477;0
51;9;4478;0
51;9;4479;0
51;9;4480;0
51;9;4481;0
51;9;4482;0
51;9;4483;0
51;9;4484;0
51;9;4485;0
51;9;4486;0
51;9;4487;0
51;9;4488;0
51;9;4489;0
51;9;4490;0
51;9;4491;0
51;9;4492;0
51;9;4493;0
51;9;4494;0
51;9;4495;0
51;9;4496;0
51;9;4497;0
51;9;4498;0
51;9;4499;0
51;9;4500;0
51;9;4501;0
51;9;4502;0
51;9;4503;0
51;9;4504;0
51;9;4505;0
51;9;4506;0
51;9;4507;0
51;9;4508;0
51;9;4509;0
51;9;4510;0
51;9;4511;0
51;9;4512;0
51;9;4513;0
51;9;4514;0
51;9;4515;0
51;9;4516;0
51;9;4517;0
51;9;4518;0
51;9;4519;0
51;9;4520;0
51;9;4521;0
51;9;4522;0
51;9;4523;0
51;9;4524;0
51;9;4525;0
51;9;4526;0
51;9;4527;0
51;9;4528;0
51;9;4529;0
51;9;4530;0
51;9;4531;0
51;9;4532;0
51;9;4533;0
51;9;4534;0
51;9;4535;0
51;9;4536;0
51;9;4537;0
51;9;4538;0
51;9;4539;0
51;9;4540;0
51;9;4541;0
51;9;4542;0
51;9;4543;0
51;9;4544;0
51;9;4545;0
51;9;4546;0
51;9;4547;0
51;9;4548;0
51;9;4549;0
51;9;4550;0
51;9;4551;0
51;9;4552;0
51;9;4553;0
51;9;4554;0
51;9;4555;0
51;9;4556;0
51;9;4557;0
51;9;4558;0
51;9;4559;0
51;9;4560;0
51;9;4561;0
51;9;4562;0
51;9;4563;0
51;9;4564;0
51;9;4565;0
51;9;4566;0
51;9;4567;0
51;9;4568;0
51;9;4569;0
51;9;4570;0
51;9;4571;0
51;9;4572;0
51;9;4573;0
51;9;4574;0
51;9;4575;0
51;9;4576;0
51;9;4577;0
51;9;4578;0
51;9;4579;0
51;9;4580;0
51;9;4581;0
51;9;4582;0
51;9;4583;0
51;9;4584;0
51;9;4585;0
51;9;4586;0
51;9;4587;0
51;9;4588;0
51;9;4589;0
51;9;4590;0
51;9;4591;0
51;9;4592;0
51;9;4593;0
51;9;4594;0
51;9;4595;0
51;9;4596;0
51;9;4597;0
51;9;4598;0
51;9;4599;0
51;9;4600;0
51;9;4601;0
51;9;4602;0
51;9;4603;0
51;9;4604;0
51;9;4605;0
51;9;4606;0
51;9;4607;0
51;9;4608;0
51;9;4609;0
51;9;4610;0
51;9;4611;0
51;9;4612;0
51;9;4613;0
51;9;4614;0
51;9;4615;0
51;9;4616;0
51;9;4617;0
51;9;4618;0
51;9;4619;0
51;9;4620;0
51;9;4621;0
51;9;4622;0
51;9;4623;0
51;9;4624;0
51;9;4625;0
51;9;4626;0
51;9;4627;0
51;9;4628;0
51;9;4629;0
51;9;4630;0
51;9;4631;0
51;9;4632;0
51;9;4633;0
51;9;4634;0
51;9;4635;0
51;9;4636;0
51;9;4637;0
51;9;4638;0
51;9;4639;0
51;9;4640;0
51;9;4641;0
51;9;4642;0
51;9;4643;0
51;9;4644;0
51;9;4645;0
51;9;4646;0
51;9;4647;0
51;9;4648;0
51;9;4649;0
51;9;4650;0
51;9;4651;0
51;9;4652;0
51;9;4653;0
51;9;4654;0
51;9;4655;0
51;9;4656;0
51;9;4657;0
51;9;4658;0
51;9;4659;0
51;9;4660;0
51;9;4661;0
51;9;4662;0
51;9;4663;0
51;9;4664;0
51;9;4665;0
51;9;4666;0
51;9;4667;0
51;9;4668;0
51;9;4669;0
51;9;4670;0
51;9;4671;0
51;9;4672;0
51;9;4673;0
51;9;4674;0
51;9;4675;0
51;9;4676;0
51;9;4677;0
51;9;4678;0
51;9;4679;0
51;9;4680;0
51;9;4681;0
51;9;4682;0
51;9;4683;0
51;9;4684;0
51;9;4685;0
51;9;4686;0
51;9;4687;0
51;9;4688;0
51;9;4689;0
51;9;4690;0
51;9;4691;0
51;9;4692;0
51;9;4693;0
51;9;4694;0
51;9;4695;0
51;9;4696;0
51;9;4697;0
51;9;4698;0
51;9;4699;0
51;9;4700;0
51;9;4701;0
51;9;4702;0
51;9;4703;0
51;9;4704;0
51;9;4705;0
51;9;4706;0
51;9;4707;0
51;9;4708;0
51;9;4709;0
51;9;4710;0
51;9;4711;0
51;9;4712;0
51;9;4713;0
51;9;4714;0
51;9;4715;0
51;9;4716;0
51;9;4717;0
51;9;4718;0
51;9;4719;0
51;9;4720;0
51;9;4721;0
51;9;4722;0
51;9;4723;0
51;9;4724;0
51;9;4725;0
51;9;4726;0
51;9;4727;0
51;9;4728;0
51;9;4729;0
51;9;4730;0
51;9;4731;0
51;9;4732;0
51;9;4733;0
51;9;4734;0
51;9;4735;0
51;9;4736;0
51;9;4737;0
51;9;4738;0
51;9;4739;0
51;9;4740;0
51;9;4741;0
51;9;4742;0
51;9;4743;0
51;9;4744;0
51;9;4745;0
51;9;4746;0
51;9;4747;0
51;9;4748;0
51;9;4749;0
51;9;4750;0
51;9;4751;0
51;9;4752;0
51;9;4753;0
51;9;4754;0
51;9;4755;0
51;9;4756;0
51;9;4757;0
51;9;4758;0
51;9;4759;0
51;9;4760;0
51;9;4761;0
51;9;4762;0
51;9;4763;0
51;9;4764;0
51;9;4765;0
51;9;4766;0
51;9;4767;0
51;9;4768;0
51;9;4769;0
51;9;4770;0
51;9;4771;0
51;9;4772;0
51;9;4773;0
51;9;4774;0
51;9;4775;0
51;9;4776;0
51;9;4777;0
51;9;4778;0
51;9;4779;0
51;9;4780;0
51;9;4781;0
51;9;4782;0
51;9;4783;0
51;9;4784;0
51;9;4785;0
51;9;4786;0
51;9;4787;0
51;9;4788;0
51;9;4789;0
51;9;4790;0
51;9;4791;0
51;9;4792;0
51;9;4793;0
51;9;4794;0
51;9;4795;0
51;9;4796;0
51;9;4797;0
51;9;4798;0
51;9;4799;0
51;9;4800;0
51;9;4801;0
51;9;4802;0
51;9;4803;0
51;9;4804;0
51;9;4805;0
51;9;4806;0
51;9;4807;0
51;9;4808;0
51;9;4809;0
51;9;4810;0
51;9;4811;0
51;9;4812;0
51;9;4813;0
51;9;4814;0
51;9;4815;0
51;9;4816;0
51;9;4817;0
51;9;4818;0
51;9;4819;0
51;9;4820;0
51;9;4821;0
51;9;4822;0
51;9;4823;0
51;9;4824;0
51;9;4825;0
51;9;4826;0
51;9;4827;0
51;9;4828;0
51;9;4829;0
51;9;4830;0
51;9;4831;0
51;9;4832;0
51;9;4833;0
51;9;4834;0
51;9;4835;0
51;9;4836;0
51;9;4837;0
51;9;4838;0
51;9;4839;0
51;9;4840;0
51;9;4841;0
51;9;4842;0
51;9;4843;0
51;9;4844;0
51;9;4845;0
51;9;4846;0
51;9;4847;0
51;9;4848;0
51;9;4849;0
51;9;4850;0
51;9;4851;0
51;9;4852;0
51;9;4853;0
51;9;4854;0
51;9;4855;0
51;9;4856;0
51;9;4857;0
51;9;4858;0
51;9;4859;0
51;9;4860;0
51;9;4861;0
51;9;4862;0
51;9;4863;0
51;9;4864;0
51;9;4865;0
51;9;4866;0
51;9;4867;0
51;9;4868;0
51;9;4869;0
51;9;4870;0
51;9;4871;0
51;9;4872;0
51;9;4873;0
51;9;4874;0
51;9;4875;0
51;9;4876;0
51;9;4877;0
51;9;4878;0
51;9;4879;0
51;9;4880;0
51;9;4881;0
51;9;4882;0
51;9;4883;0
51;9;4884;0
51;9;4885;0
51;9;4886;0
51;9;4887;0
51;9;4888;0
51;9;4889;0
51;9;4890;0
51;9;4891;0
51;9;4892;0
51;9;4893;0
51;9;4894;0
51;9;4895;0
51;9;4896;0
51;9;4897;0
51;9;4898;0
51;9;4899;0
51;9;4900;0
51;9;4901;0
51;9;4902;0
51;9;4903;0
51;9;4904;0
51;9;4905;0
51;9;4906;0
51;9;4907;0
51;9;4908;0
51;9;4909;0
51;9;4910;0
51;9;4911;0
51;9;4912;0
51;9;4913;0
51;9;4914;0
51;9;4915;0
51;9;4916;0
51;9;4917;0
51;9;4918;0
51;9;4919;0
51;9;4920;0
51;9;4921;0
51;9;4922;0
51;9;4923;0
51;9;4924;0
51;9;4925;0
51;9;4926;0
51;9;4927;0
51;9;4928;0
51;9;4929;0
51;9;4930;0
51;9;4931;0
51;9;4932;0
51;9;4933;0
51;9;4934;0
51;9;4935;0
51;9;4936;0
51;9;4937;0
51;9;4938;0
51;9;4939;0
51;9;4940;0
51;9;4941;0
51;9;4942;0
51;9;4943;0
51;9;4944;0
51;9;4945;0
51;9;4946;0
51;9;4947;0
51;9;4948;0
51;9;4949;0
51;9;4950;0
51;9;4951;0
51;9;4952;0
51;9;4953;0
51;9;4954;0
51;9;4955;0
51;9;4956;0
51;9;4957;0
51;9;4958;0
51;9;4959;0
51;9;4960;0
51;9;4961;0
51;9;4962;0
51;9;4963;0
51;9;4964;0
51;9;4965;0
51;9;4966;0
51;9;4967;0
51;9;4968;0
51;9;4969;0
51;9;4970;0
51;9;4971;0
51;9;4972;0
51;9;4973;0
51;9;4974;0
51;9;4975;0
51;9;4976;0
51;9;4977;0
51;9;4978;0
51;9;4979;0
51;9;4980;0
51;9;4981;0
51;9;4982;0
51;9;4983;0
51;9;4984;0
51;9;4985;0
51;9;4986;0
51;9;4987;0
51;9;4988;0
51;9;4989;0
51;9;4990;0
51;9;4991;0
51;9;4992;0
51;9;4993;0
51;9;4994;0
51;9;4995;0
51;9;4996;0
51;9;4997;0
51;9;4998;0
51;9;4999;0
51;9;5000;0
51;9;5001;0
51;9;5002;0
51;9;5003;0
51;9;5004;0
51;9;5005;0
51;9;5006;0
51;9;5007;0
51;9;5008;0
51;9;5009;0
51;9;5010;0
51;9;5011;0
51;9;5012;0
51;9;5013;0
51;9;5014;0
51;9;5015;0
51;9;5016;0
51;9;5017;0
51;9;5018;0
51;9;5019;0
51;9;5020;0
51;9;5021;0
51;9;5022;0
51;9;5023;0
51;9;5024;0
51;9;5025;0
51;9;5026;0
51;9;5027;0
51;9;5028;0
51;9;5029;0
51;9;5030;0
51;9;5031;0
51;9;5032;0
51;9;5033;0
51;9;5034;0
51;9;5035;0
51;9;5036;0
51;9;5037;0
51;9;5038;0
51;9;5039;0
51;9;5040;0
51;9;5041;0
51;9;5042;0
51;9;5043;0
51;9;5044;0
51;9;5045;0
51;9;5046;0
51;9;5047;0
51;9;5048;0
51;9;5049;0
51;9;5050;0
51;9;5051;0
51;9;5052;0
51;9;5053;0
51;9;5054;0
51;9;5055;0
51;9;5056;0
51;9;5057;0
51;9;5058;0
51;9;5059;0
51;9;5060;0
51;9;5061;0
51;9;5062;0
51;9;5063;0
51;9;5064;0
51;9;5065;0
51;9;5066;0
51;9;5067;0
51;9;5068;0
51;9;5069;0
51;9;5070;0
51;9;5071;0
51;9;5072;0
51;9;5073;0
51;9;5074;0
51;9;5075;0
51;9;5076;0
51;9;5077;0
51;9;5078;0
51;9;5079;0
51;9;5080;0
51;9;5081;0
51;9;5082;0
51;9;5083;0
51;9;5084;0
51;9;5085;0
51;9;5086;0
51;9;5087;0
51;9;5088;0
51;9;5089;0
51;9;5090;0
51;9;5091;0
51;9;5092;0
51;9;5093;0
51;9;5094;0
51;9;5095;0
51;9;5096;0
51;9;5097;0
51;9;5098;0
51;9;5099;0
51;9;5100;0
51;9;5101;0
51;9;5102;0
51;9;5103;0
51;9;5104;0
51;9;5105;0
51;9;5106;0
51;9;5107;0
51;9;5108;0
51;9;5109;0
51;9;5110;0
51;9;5111;0
51;9;5112;0
51;9;5113;0
51;9;5114;0
51;9;5115;0
51;9;5116;0
51;9;5117;0
51;9;5118;0
51;9;5119;0
51;9;5120;0
51;9;5121;0
51;9;5122;0
51;9;5123;0
51;9;5124;0
51;9;5125;0
51;9;5126;0
51;9;5127;0
51;9;5128;0
51;9;5129;0
51;9;5130;0
51;9;5131;0
51;9;5132;0
51;9;5133;0
51;9;5134;0
51;9;5135;0
51;9;5136;0
51;9;5137;0
51;9;5138;0
51;9;5139;0
51;9;5140;0
51;9;5141;0
51;9;5142;0
51;9;5143;0
51;9;5144;0
51;9;5145;0
51;9;5146;0
51;9;5147;0
51;9;5148;0
51;9;5149;0
51;9;5150;0
51;9;5151;0
51;9;5152;0
51;9;5153;0
51;9;5154;0
51;9;5155;0
51;9;5156;0
51;9;5157;0
51;9;5158;0
51;9;5159;0
51;9;5160;0
51;9;5161;0
51;9;5162;0
51;9;5163;0
51;9;5164;0
51;9;5165;0
51;9;5166;0
51;9;5167;0
51;9;5168;0
51;9;5169;0
51;9;5170;0
51;9;5171;0
51;9;5172;0
51;9;5173;0
51;9;5174;0
51;9;5175;0
51;9;5176;0
51;9;5177;0
51;9;5178;0
51;9;5179;0
51;9;5180;0
51;9;5181;0
51;9;5182;0
51;9;5183;0
51;9;5184;0
51;9;5185;0
51;9;5186;0
51;9;5187;0
51;9;5188;0
51;9;5189;0
51;9;5190;0
51;9;5191;0
51;9;5192;0
51;9;5193;0
51;9;5194;0
51;9;5195;0
51;9;5196;0
51;9;5197;0
51;9;5198;0
51;9;5199;0
51;9;5200;0
51;9;5201;0
51;9;5202;0
51;9;5203;0
51;9;5204;0
51;9;5205;0
51;9;5206;0
51;9;5207;0
51;9;5208;0
51;9;5209;0
51;9;5210;0
51;9;5211;0
51;9;5212;0
51;9;5213;0
51;9;5214;0
51;9;5215;0
51;9;5216;0
51;9;5217;0
51;9;5218;0
51;9;5219;0
51;9;5220;0
51;9;5221;0
51;9;5222;0
51;9;5223;0
51;9;5224;0
51;9;5225;0
51;9;5226;0
51;9;5227;0
51;9;5228;0
51;9;5229;0
51;9;5230;0
51;9;5231;0
51;9;5232;0
51;9;5233;0
51;9;5234;0
51;9;5235;0
51;9;5236;0
51;9;5237;0
51;9;5238;0
51;9;5239;0
51;9;5240;0
51;9;5241;0
51;9;5242;0
51;9;5243;0
51;9;5244;0
51;9;5245;0
51;9;5246;0
51;9;5247;0
51;9;5248;0
51;9;5249;0
51;9;5250;0
51;9;5251;0
51;9;5252;0
51;9;5253;0
51;9;5254;0
51;9;5255;0
51;9;5256;0
51;9;5257;0
51;9;5258;0
51;9;5259;0
51;9;5260;0
51;9;5261;0
51;9;5262;0
51;9;5263;0
51;9;5264;0
51;9;5265;0
51;9;5266;0
51;9;5267;0
51;9;5268;0
51;9;5269;0
51;9;5270;0
51;9;5271;0
51;9;5272;0
51;9;5273;0
51;9;5274;0
51;9;5275;0
51;9;5276;0
51;9;5277;0
51;9;5278;0
51;9;5279;0
51;9;5280;0
51;9;5281;0
51;9;5282;0
51;9;5283;0
51;9;5284;0
51;9;5285;0
51;9;5286;0
51;9;5287;0
51;9;5288;0
51;9;5289;0
51;9;5290;0
51;9;5291;0
51;9;5292;0
51;9;5293;0
51;9;5294;0
51;9;5295;0
51;9;5296;0
51;9;5297;0
51;9;5298;0
51;9;5299;0
51;9;5300;0
51;9;5301;0
51;9;5302;0
51;9;5303;0
51;9;5304;0
51;9;5305;0
51;9;5306;0
51;9;5307;0
51;9;5308;0
51;9;5309;0
51;9;5310;0
51;9;5311;0
51;9;5312;0
51;9;5313;0
51;9;5314;0
51;9;5315;0
51;9;5316;0
51;9;5317;0
51;9;5318;0
51;9;5319;0
51;9;5320;0
51;9;5321;0
51;9;5322;0
51;9;5323;0
51;9;5324;0
51;9;5325;0
51;9;5326;0
51;9;5327;0
51;9;5328;0
51;9;5329;0
51;9;5330;0
51;9;5331;0
51;9;5332;0
51;9;5333;0
51;9;5334;0
51;9;5335;0
51;9;5336;0
51;9;5337;0
51;9;5338;0
51;9;5339;0
51;9;5340;0
51;9;5341;0
51;9;5342;0
51;9;5343;0
51;9;5344;0
51;9;5345;0
51;9;5346;0
51;9;5347;0
51;9;5348;0
51;9;5349;0
51;9;5350;0
51;9;5351;0
51;9;5352;0
51;9;5353;0
51;9;5354;0
51;9;5355;0
51;9;5356;0
51;9;5357;0
51;9;5358;0
51;9;5359;0
51;9;5360;0
51;9;5361;0
51;9;5362;0
51;9;5363;0
51;9;5364;0
51;9;5365;0
51;9;5366;0
51;9;5367;0
51;9;5368;0
51;9;5369;0
51;9;5370;0
51;9;5371;0
51;9;5372;0
51;9;5373;0
51;9;5374;0
51;9;5375;0
51;9;5376;0
51;9;5377;0
51;9;5378;0
51;9;5379;0
51;9;5380;0
51;9;5381;0
51;9;5382;0
51;9;5383;0
51;9;5384;0
51;9;5385;0
51;9;5386;0
51;9;5387;0
51;9;5388;0
51;9;5389;0
51;9;5390;0
51;9;5391;0
51;9;5392;0
51;9;5393;0
51;9;5394;0
51;9;5395;0
51;9;5396;0
51;9;5397;0
51;9;5398;0
51;9;5399;0
51;9;5400;0
51;9;5401;0
51;9;5402;0
51;9;5403;0
51;9;5404;0
51;9;5405;0
51;9;5406;0
51;9;5407;0
51;9;5408;0
51;9;5409;0
51;9;5410;0
51;9;5411;0
51;9;5412;0
51;9;5413;0
51;9;5414;0
51;9;5415;0
51;9;5416;0
51;9;5417;0
51;9;5418;0
51;9;5419;0
51;9;5420;0
51;9;5421;0
51;9;5422;0
51;9;5423;0
51;9;5424;0
51;9;5425;0
51;9;5426;0
51;9;5427;0
51;9;5428;0
51;9;5429;0
51;9;5430;0
51;9;5431;0
51;9;5432;0
51;9;5433;0
51;9;5434;0
51;9;5435;0
51;9;5436;0
51;9;5437;0
51;9;5438;0
51;9;5439;0
51;9;5440;0
51;9;5441;0
51;9;5442;0
51;9;5443;0
51;9;5444;0
51;9;5445;0
51;9;5446;0
51;9;5447;0
51;9;5448;0
51;9;5449;0
51;9;5450;0
51;9;5451;0
51;9;5452;0
51;9;5453;0
51;9;5454;0
51;9;5455;0
51;9;5456;0
51;9;5457;0
51;9;5458;0
51;9;5459;0
51;9;5460;0
51;9;5461;0
51;9;5462;0
51;9;5463;0
51;9;5464;0
51;9;5465;0
51;9;5466;0
51;9;5467;0
51;9;5468;0
51;9;5469;0
51;9;5470;0
51;9;5471;0
51;9;5472;0
51;9;5473;0
51;9;5474;0
51;9;5475;0
51;9;5476;0
51;9;5477;0
51;9;5478;0
51;9;5479;0
51;9;5480;0
51;9;5481;0
51;9;5482;0
51;9;5483;0
51;9;5484;0
51;9;5485;0
51;9;5486;0
51;9;5487;0
51;9;5488;0
51;9;5489;0
51;9;5490;0
51;9;5491;0
51;9;5492;0
51;9;5493;0
51;9;5494;0
51;9;5495;0
51;9;5496;0
51;9;5497;0
51;9;5498;0
51;9;5499;0
51;9;5500;0
51;9;5501;0
51;9;5502;0
51;9;5503;0
51;9;5504;0
51;9;5505;0
51;9;5506;0
51;9;5507;0
51;9;5508;0
51;9;5509;0
51;9;5510;0
51;9;5511;0
51;9;5512;0
51;9;5513;0
51;9;5514;0
51;9;5515;0
51;9;5516;0
51;9;5517;0
51;9;5518;0
51;9;5519;0
51;9;5520;0
51;9;5521;0
51;9;5522;0
51;9;5523;0
51;9;5524;0
51;9;5525;0
51;9;5526;0
51;9;5527;0
51;9;5528;0
51;9;5529;0
51;9;5530;0
51;9;5531;0
51;9;5532;0
51;9;5533;0
51;9;5534;0
51;9;5535;0
51;9;5536;0
51;9;5537;0
51;9;5538;0
51;9;5539;0
51;9;5540;0
51;9;5541;0
51;9;5542;0
51;9;5543;0
51;9;5544;0
51;9;5545;0
51;9;5546;0
51;9;5547;0
51;9;5548;0
51;9;5549;0
51;9;5550;0
51;9;5551;0
51;9;5552;0
51;9;5553;0
51;9;5554;0
51;9;5555;0
51;9;5556;0
51;9;5557;0
51;9;5558;0
51;9;5559;0
51;9;5560;0
51;9;5561;0
51;9;5562;0
51;9;5563;0
51;9;5564;0
51;9;5565;0
51;9;5566;0
51;9;5567;0
51;9;5568;0
51;9;5569;0
51;9;5570;0
51;9;5571;0
51;9;5572;0
51;9;5573;0
51;9;5574;0
51;9;5575;0
51;9;5576;0
51;9;5577;0
51;9;5578;0
51;9;5579;0
51;9;5580;0
51;9;5581;0
51;9;5582;0
51;9;5583;0
51;9;5584;0
51;9;5585;0
51;9;5586;0
51;9;5587;0
51;9;5588;0
51;9;5589;0
51;9;5590;0
51;9;5591;0
51;9;5592;0
51;9;5593;0
51;9;5594;0
51;9;5595;0
51;9;5596;0
51;9;5597;0
51;9;5598;0
51;9;5599;0
51;9;5600;0
51;9;5601;0
51;9;5602;0
51;9;5603;0
51;9;5604;0
51;9;5605;0
51;9;5606;0
51;9;5607;0
51;9;5608;0
51;9;5609;0
51;9;5610;0
51;9;5611;0
51;9;5612;0
51;9;5613;0
51;9;5614;0
51;9;5615;0
51;9;5616;0
51;9;5617;0
51;9;5618;0
51;9;5619;0
51;9;5620;0
51;9;5621;0
51;9;5622;0
51;9;5623;0
51;9;5624;0
51;9;5625;0
51;9;5626;0
51;9;5627;0
51;9;5628;0
51;9;5629;0
51;9;5630;0
51;9;5631;0
51;9;5632;0
51;9;5633;0
51;9;5634;0
51;9;5635;0
51;9;5636;0
51;9;5637;0
51;9;5638;0
51;9;5639;0
51;9;5640;0
51;9;5641;0
51;9;5642;0
51;9;5643;0
51;9;5644;0
51;9;5645;0
51;9;5646;0
51;9;5647;0
51;9;5648;0
51;9;5649;0
51;9;5650;0
51;9;5651;0
51;9;5652;0
51;9;5653;0
51;9;5654;0
51;9;5655;0
51;9;5656;0
51;9;5657;0
51;9;5658;0
51;9;5659;0
51;9;5660;0
51;9;5661;0
51;9;5662;0
51;9;5663;0
51;9;5664;0
51;9;5665;0
51;9;5666;0
51;9;5667;0
51;9;5668;0
51;9;5669;0
51;9;5670;0
51;9;5671;0
51;9;5672;0
51;9;5673;0
51;9;5674;0
51;9;5675;0
51;9;5676;0
51;9;5677;0
51;9;5678;0
51;9;5679;0
51;9;5680;0
51;9;5681;0
51;9;5682;0
51;9;5683;0
51;9;5684;0
51;9;5685;0
51;9;5686;0
51;9;5687;0
51;9;5688;0
51;9;5689;0
51;9;5690;0
51;9;5691;0
51;9;5692;0
51;9;5693;0
51;9;5694;0
51;9;5695;0
51;9;5696;0
51;9;5697;0
51;9;5698;0
51;9;5699;0
51;9;5700;0
51;9;5701;0
51;9;5702;0
51;9;5703;0
51;9;5704;0
51;9;5705;0
51;9;5706;0
51;9;5707;0
51;9;5708;0
51;9;5709;0
51;9;5710;0
51;9;5711;0
51;9;5712;0
51;9;5713;0
51;9;5714;0
51;9;5715;0
51;9;5716;0
51;9;5717;0
51;9;5718;0
51;9;5719;0
51;9;5720;0
51;9;5721;0
51;9;5722;0
51;9;5723;0
51;9;5724;0
51;9;5725;0
51;9;5726;0
51;9;5727;0
51;9;5728;0
51;9;5729;0
51;9;5730;0
51;9;5731;0
51;9;5732;0
51;9;5733;0
51;9;5734;0
51;9;5735;0
51;9;5736;0
51;9;5737;0
51;9;5738;0
51;9;5739;0
51;9;5740;0
51;9;5741;0
51;9;5742;0
51;9;5743;0
51;9;5744;0
51;9;5745;0
51;9;5746;0
51;9;5747;0
51;9;5748;0
51;9;5749;0
51;9;5750;0
51;9;5751;0
51;9;5752;0
51;9;5753;0
51;9;5754;0
51;9;5755;0
51;9;5756;0
51;9;5757;0
51;9;5758;0
51;9;5759;0
51;9;5760;0
51;9;5761;0
51;9;5762;0
51;9;5763;0
51;9;5764;0
51;9;5765;0
51;9;5766;0
51;9;5767;0
51;9;5768;0
51;9;5769;0
51;9;5770;0
51;9;5771;0
51;9;5772;0
51;9;5773;0
51;9;5774;0
51;9;5775;0
51;9;5776;0
51;9;5777;0
51;9;5778;0
51;9;5779;0
51;9;5780;0
51;9;5781;0
51;9;5782;0
51;9;5783;0
51;9;5784;0
51;9;5785;0
51;9;5786;0
51;9;5787;0
51;9;5788;0
51;9;5789;0
51;9;5790;0
51;9;5791;0
51;9;5792;0
51;9;5793;0
51;9;5794;0
51;9;5795;0
51;9;5796;0
51;9;5797;0
51;9;5798;0
51;9;5799;0
51;9;5800;0
51;9;5801;0
51;9;5802;0
51;9;5803;0
51;9;5804;0
51;9;5805;0
51;9;5806;0
51;9;5807;0
51;9;5808;0
51;9;5809;0
51;9;5810;0
51;9;5811;0
51;9;5812;0
51;9;5813;0
51;9;5814;0
51;9;5815;0
51;9;5816;0
51;9;5817;0
51;9;5818;0
51;9;5819;0
51;9;5820;0
51;9;5821;0
51;9;5822;0
51;9;5823;0
51;9;5824;0
51;9;5825;0
51;9;5826;0
51;9;5827;0
51;9;5828;0
51;9;5829;0
51;9;5830;0
51;9;5831;0
51;9;5832;0
51;9;5833;0
51;9;5834;0
51;9;5835;0
51;9;5836;0
51;9;5837;0
51;9;5838;0
51;9;5839;0
51;9;5840;0
51;9;5841;0
51;9;5842;0
51;9;5843;0
51;9;5844;0
51;9;5845;0
51;9;5846;0
51;9;5847;0
51;9;5848;0
51;9;5849;0
51;9;5850;0
51;9;5851;0
51;9;5852;0
51;9;5853;0
51;9;5854;0
51;9;5855;0
51;9;5856;0
51;9;5857;0
51;9;5858;0
51;9;5859;0
51;9;5860;0
51;9;5861;0
51;9;5862;0
51;9;5863;0
51;9;5864;0
51;9;5865;0
51;9;5866;0
51;9;5867;0
51;9;5868;0
51;9;5869;0
51;9;5870;0
51;9;5871;0
51;9;5872;0
51;9;5873;0
51;9;5874;0
51;9;5875;0
51;9;5876;0
51;9;5877;0
51;9;5878;0
51;9;5879;0
51;9;5880;0
51;9;5881;0
51;9;5882;0
51;9;5883;0
51;9;5884;0
51;9;5885;0
51;9;5886;0
51;9;5887;0
51;9;5888;0
51;9;5889;0
51;9;5890;0
51;9;5891;0
51;9;5892;0
51;9;5893;0
51;9;5894;0
51;9;5895;0
51;9;5896;0
51;9;5897;0
51;9;5898;0
51;9;5899;0
51;9;5900;0
51;9;5901;0
51;9;5902;0
51;9;5903;0
51;9;5904;0
51;9;5905;0
51;9;5906;0
51;9;5907;0
51;9;5908;0
51;9;5909;0
51;9;5910;0
51;9;5911;0
51;9;5912;0
51;9;5913;0
51;9;5914;0
51;9;5915;0
51;9;5916;0
51;9;5917;0
51;9;5918;0
51;9;5919;0
51;9;5920;0
51;9;5921;0
51;9;5922;0
51;9;5923;0
51;9;5924;0
51;9;5925;0
51;9;5926;0
51;9;5927;0
51;9;5928;0
51;9;5929;0
51;9;5930;0
51;9;5931;0
51;9;5932;0
51;9;5933;0
51;9;5934;0
51;9;5935;0
51;9;5936;0
51;9;5937;0
51;9;5938;0
51;9;5939;0
51;9;5940;0
51;9;5941;0
51;9;5942;0
51;9;5943;0
51;9;5944;0
51;9;5945;0
51;9;5946;0
51;9;5947;0
51;9;5948;0
51;9;5949;0
51;9;5950;0
51;9;5951;0
51;9;5952;0
51;9;5953;0
51;9;5954;0
51;9;5955;0
51;9;5956;0
51;9;5957;0
51;9;5958;0
51;9;5959;0
51;9;5960;0
51;9;5961;0
51;9;5962;0
51;9;5963;0
51;9;5964;0
51;9;5965;0
51;9;5966;0
51;9;5967;0
51;9;5968;0
51;9;5969;0
51;9;5970;0
51;9;5971;0
51;9;5972;0
51;9;5973;0
51;9;5974;0
51;9;5975;0
51;9;5976;0
51;9;5977;0
51;9;5978;0
51;9;5979;0
51;9;5980;0
51;9;5981;0
51;9;5982;0
51;9;5983;0
51;9;5984;0
51;9;5985;0
51;9;5986;0
51;9;5987;0
51;9;5988;0
51;9;5989;0
51;9;5990;0
51;9;5991;0
51;9;5992;0
51;9;5993;0
51;9;5994;0
51;9;5995;0
51;9;5996;0
51;9;5997;0
51;9;5998;0
51;9;5999;0
51;9;6000;0
51;9;6001;0
51;9;6002;0
51;9;6003;0
51;9;6004;0
51;9;6005;0
51;9;6006;0
51;9;6007;0
51;9;6008;0
51;9;6009;0
51;9;6010;0
51;9;6011;0
51;9;6012;0
51;9;6013;0
51;9;6014;0
51;9;6015;0
51;9;6016;0
51;9;6017;0
51;9;6018;0
51;9;6019;0
51;9;6020;0
51;9;6021;0
51;9;6022;0
51;9;6023;0
51;9;6024;0
51;9;6025;0
51;9;6026;0
51;9;6027;0
51;9;6028;0
51;9;6029;0
51;9;6030;0
51;9;6031;0
51;9;6032;0
51;9;6033;0
51;9;6034;0
51;9;6035;0
51;9;6036;0
51;9;6037;0
51;9;6038;0
51;9;6039;0
51;9;6040;0
51;9;6041;0
51;9;6042;0
51;9;6043;0
51;9;6044;0
51;9;6045;0
51;9;6046;0
51;9;6047;0
51;9;6048;0
51;9;6049;0
51;9;6050;0
51;9;6051;0
51;9;6052;0
51;9;6053;0
51;9;6054;0
51;9;6055;0
51;9;6056;0
51;9;6057;0
51;9;6058;0
51;9;6059;0
51;9;6060;0
51;9;6061;0
51;9;6062;0
51;9;6063;0
51;9;6064;0
51;9;6065;0
51;9;6066;0
51;9;6067;0
51;9;6068;0
51;9;6069;0
51;9;6070;0
51;9;6071;0
51;9;6072;0
51;9;6073;0
51;9;6074;0
51;9;6075;0
51;9;6076;0
51;9;6077;0
51;9;6078;0
51;9;6079;0
51;9;6080;0
51;9;6081;0
51;9;6082;0
51;9;6083;0
51;9;6084;0
51;9;6085;0
51;9;6086;0
51;9;6087;0
51;9;6088;0
51;9;6089;0
51;9;6090;0
51;9;6091;0
51;9;6092;0
51;9;6093;0
51;9;6094;0
51;9;6095;0
51;9;6096;0
51;9;6097;0
51;9;6098;0
51;9;6099;0
51;9;6100;0
51;9;6101;0
51;9;6102;0
51;9;6103;0
51;9;6104;0
51;9;6105;0
51;9;6106;0
51;9;6107;0
51;9;6108;0
51;9;6109;0
51;9;6110;0
51;9;6111;0
51;9;6112;0
51;9;6113;0
51;9;6114;0
51;9;6115;0
51;9;6116;0
51;9;6117;0
51;9;6118;0
51;9;6119;0
51;9;6120;0
51;9;6121;0
51;9;6122;0
51;9;6123;0
51;9;6124;0
51;9;6125;0
51;9;6126;0
51;9;6127;0
51;9;6128;0
51;9;6129;0
51;9;6130;0
51;9;6131;0
51;9;6132;0
51;9;6133;0
51;9;6134;0
51;9;6135;0
51;9;6136;0
51;9;6137;0
51;9;6138;0
51;9;6139;0
51;9;6140;0
51;9;6141;0
51;9;6142;0
51;9;6143;0
51;9;6144;0
51;9;6145;0
51;9;6146;0
51;9;6147;0
51;9;6148;0
51;9;6149;0
51;9;6150;0
51;9;6151;0
51;9;6152;0
51;9;6153;0
51;9;6154;0
51;9;6155;0
51;9;6156;0
51;9;6157;0
51;9;6158;0
51;9;6159;0
51;9;6160;0
51;9;6161;0
51;9;6162;0
51;9;6163;0
51;9;6164;0
51;9;6165;0
51;9;6166;0
51;9;6167;0
51;9;6168;0
51;9;6169;0
51;9;6170;0
51;9;6171;0
51;9;6172;0
51;9;6173;0
51;9;6174;0
51;9;6175;0
51;9;6176;0
51;9;6177;0
51;9;6178;0
51;9;6179;0
51;9;6180;0
51;9;6181;0
51;9;6182;0
51;9;6183;0
51;9;6184;0
51;9;6185;0
51;9;6186;0
51;9;6187;0
51;9;6188;0
51;9;6189;0
51;9;6190;0
51;9;6191;0
51;9;6192;0
51;9;6193;0
51;9;6194;0
51;9;6195;0
51;9;6196;0
51;9;6197;0
51;9;6198;0
51;9;6199;0
51;9;6200;0
51;9;6201;0
51;9;6202;0
51;9;6203;0
51;9;6204;0
51;9;6205;0
51;9;6206;0
51;9;6207;0
51;9;6208;0
51;9;6209;0
51;9;6210;0
51;9;6211;0
51;9;6212;0
51;9;6213;0
51;9;6214;0
51;9;6215;0
51;9;6216;0
51;9;6217;0
51;9;6218;0
51;9;6219;0
51;9;6220;0
51;9;6221;0
51;9;6222;0
51;9;6223;0
51;9;6224;0
51;9;6225;0
51;9;6226;0
51;9;6227;0
51;9;6228;0
51;9;6229;0
51;9;6230;0
51;9;6231;0
51;9;6232;0
51;9;6233;0
51;9;6234;0
51;9;6235;0
51;9;6236;0
51;9;6237;0
51;9;6238;0
51;9;6239;0
51;9;6240;0
51;9;6241;0
51;9;6242;0
51;9;6243;0
51;9;6244;0
51;9;6245;0
51;9;6246;0
51;9;6247;0
51;9;6248;0
51;9;6249;0
51;9;6250;0
51;9;6251;0
51;9;6252;0
51;9;6253;0
51;9;6254;0
51;9;6255;0
51;9;6256;0
51;9;6257;0
51;9;6258;0
51;9;6259;0
51;9;6260;0
51;9;6261;0
51;9;6262;0
51;9;6263;0
51;9;6264;0
51;9;6265;0
51;9;6266;0
51;9;6267;0
51;9;6268;0
51;9;6269;0
51;9;6270;0
51;9;6271;0
51;9;6272;0
51;9;6273;0
51;9;6274;0
51;9;6275;0
51;9;6276;0
51;9;6277;0
51;9;6278;0
51;9;6279;0
51;9;6280;0
51;9;6281;0
51;9;6282;0
51;9;6283;0
51;9;6284;0
51;9;6285;0
51;9;6286;0
51;9;6287;0
51;9;6288;0
51;9;6289;0
51;9;6290;0
51;9;6291;0
51;9;6292;0
51;9;6293;0
51;9;6294;0
51;9;6295;0
51;9;6296;0
51;9;6297;0
51;9;6298;0
51;9;6299;0
51;9;6300;0
51;9;6301;0
51;9;6302;0
51;9;6303;0
51;9;6304;0
51;9;6305;0
51;9;6306;0
51;9;6307;0
51;9;6308;0
51;9;6309;0
51;9;6310;0
51;9;6311;0
51;9;6312;0
51;9;6313;0
51;9;6314;0
51;9;6315;0
51;9;6316;0
51;9;6317;0
51;9;6318;0
51;9;6319;0
51;9;6320;0
51;9;6321;0
51;9;6322;0
51;9;6323;0
51;9;6324;0
51;9;6325;0
51;9;6326;0
51;9;6327;0
51;9;6328;0
51;9;6329;0
51;9;6330;0
51;9;6331;0
51;9;6332;0
51;9;6333;0
51;9;6334;0
51;9;6335;0
51;9;6336;0
51;9;6337;0
51;9;6338;0
51;9;6339;0
51;9;6340;0
51;9;6341;0
51;9;6342;0
51;9;6343;0
51;9;6344;0
51;9;6345;0
51;9;6346;0
51;9;6347;0
51;9;6348;0
51;9;6349;0
51;9;6350;0
51;9;6351;0
51;9;6352;0
51;9;6353;0
51;9;6354;0
51;9;6355;0
51;9;6356;0
51;9;6357;0
51;9;6358;0
51;9;6359;0
51;9;6360;0
51;9;6361;0
51;9;6362;0
51;9;6363;0
51;9;6364;0
51;9;6365;0
51;9;6366;0
51;9;6367;0
51;9;6368;0
51;9;6369;0
51;9;6370;0
51;9;6371;0
51;9;6372;0
51;9;6373;0
51;9;6374;0
51;9;6375;0
51;9;6376;0
51;9;6377;0
51;9;6378;0
51;9;6379;0
51;9;6380;0
51;9;6381;0
51;9;6382;0
51;9;6383;0
51;9;6384;0
51;9;6385;0
51;9;6386;0
51;9;6387;0
51;9;6388;0
51;9;6389;0
51;9;6390;0
51;9;6391;0
51;9;6392;0
51;9;6393;0
51;9;6394;0
51;9;6395;0
51;9;6396;0
51;9;6397;0
51;9;6398;0
51;9;6399;0
51;9;6400;0
51;9;6401;0
51;9;6402;0
51;9;6403;0
51;9;6404;0
51;9;6405;0
51;9;6406;0
51;9;6407;0
51;9;6408;0
51;9;6409;0
51;9;6410;0
51;9;6411;0
51;9;6412;0
51;9;6413;0
51;9;6414;0
51;9;6415;0
51;9;6416;0
51;9;6417;0
51;9;6418;0
51;9;6419;0
51;9;6420;0
51;9;6421;0
51;9;6422;0
51;9;6423;0
51;9;6424;0
51;9;6425;0
51;9;6426;0
51;9;6427;0
51;9;6428;0
51;9;6429;0
51;9;6430;0
51;9;6431;0
51;9;6432;0
51;9;6433;0
51;9;6434;0
51;9;6435;0
51;9;6436;0
51;9;6437;0
51;9;6438;0
51;9;6439;0
51;9;6440;0
51;9;6441;0
51;9;6442;0
51;9;6443;0
51;9;6444;0
51;9;6445;0
51;9;6446;0
51;9;6447;0
51;9;6448;0
51;9;6449;0
51;9;6450;0
51;9;6451;0
51;9;6452;0
51;9;6453;0
51;9;6454;0
51;9;6455;0
51;9;6456;0
51;9;6457;0
51;9;6458;0
51;9;6459;0
51;9;6460;0
51;9;6461;0
51;9;6462;0
51;9;6463;0
51;9;6464;0
51;9;6465;0
51;9;6466;0
51;9;6467;0
51;9;6468;0
51;9;6469;0
51;9;6470;0
51;9;6471;0
51;9;6472;0
51;9;6473;0
51;9;6474;0
51;9;6475;0
51;9;6476;0
51;9;6477;0
51;9;6478;0
51;9;6479;0
51;9;6480;0
51;9;6481;0
51;9;6482;0
51;9;6483;0
51;9;6484;0
51;9;6485;0
51;9;6486;0
51;9;6487;0
51;9;6488;0
51;9;6489;0
51;9;6490;0
51;9;6491;0
51;9;6492;0
51;9;6493;0
51;9;6494;0
51;9;6495;0
51;9;6496;0
51;9;6497;0
51;9;6498;0
51;9;6499;0
51;9;6500;0
51;9;6501;0
51;9;6502;0
51;9;6503;0
51;9;6504;0
51;9;6505;0
51;9;6506;0
51;9;6507;0
51;9;6508;0
51;9;6509;0
51;9;6510;0
51;9;6511;0
51;9;6512;0
51;9;6513;0
51;9;6514;0
51;9;6515;0
51;9;6516;0
51;9;6517;0
51;9;6518;0
51;9;6519;0
51;9;6520;0
51;9;6521;0
51;9;6522;0
51;9;6523;0
51;9;6524;0
51;9;6525;0
51;9;6526;0
51;9;6527;0
51;9;6528;0
51;9;6529;0
51;9;6530;0
51;9;6531;0
51;9;6532;0
51;9;6533;0
51;9;6534;0
51;9;6535;0
51;9;6536;0
51;9;6537;0
51;9;6538;0
51;9;6539;0
51;9;6540;0
51;9;6541;0
51;9;6542;0
51;9;6543;0
51;9;6544;0
51;9;6545;0
51;9;6546;0
51;9;6547;0
51;9;6548;0
51;9;6549;0
51;9;6550;0
51;9;6551;0
51;9;6552;0
51;9;6553;0
51;9;6554;0
51;9;6555;0
51;9;6556;0
51;9;6557;0
51;9;6558;0
51;9;6559;0
51;9;6560;0
51;9;6561;0
51;9;6562;0
51;9;6563;0
51;9;6564;0
51;9;6565;0
51;9;6566;0
51;9;6567;0
51;9;6568;0
51;9;6569;0
51;9;6570;0
51;9;6571;0
51;9;6572;0
51;9;6573;0
51;9;6574;0
51;9;6575;0
51;9;6576;0
51;9;6577;0
51;9;6578;0
51;9;6579;0
51;9;6580;0
51;9;6581;0
51;9;6582;0
51;9;6583;0
51;9;6584;0
51;9;6585;0
51;9;6586;0
51;9;6587;0
51;9;6588;0
51;9;6589;0
51;9;6590;0
51;9;6591;0
51;9;6592;0
51;9;6593;0
51;9;6594;0
51;9;6595;0
51;9;6596;0
51;9;6597;0
51;9;6598;0
51;9;6599;0
51;9;6600;0
51;9;6601;0
51;9;6602;0
51;9;6603;0
51;9;6604;0
51;9;6605;0
51;9;6606;0
51;9;6607;0
51;9;6608;0
51;9;6609;0
51;9;6610;0
51;9;6611;0
51;9;6612;0
51;9;6613;0
51;9;6614;0
51;9;6615;0
51;9;6616;0
51;9;6617;0
51;9;6618;0
51;9;6619;0
51;9;6620;0
51;9;6621;0
51;9;6622;0
51;9;6623;0
51;9;6624;0
51;9;6625;0
51;9;6626;0
51;9;6627;0
51;9;6628;0
51;9;6629;0
51;9;6630;0
51;9;6631;0
51;9;6632;0
51;9;6633;0
51;9;6634;0
51;9;6635;0
51;9;6636;0
51;9;6637;0
51;9;6638;0
51;9;6639;0
51;9;6640;0
51;9;6641;0
51;9;6642;0
51;9;6643;0
51;9;6644;0
51;9;6645;0
51;9;6646;0
51;9;6647;0
51;9;6648;0
51;9;6649;0
51;9;6650;0
51;9;6651;0
51;9;6652;0
51;9;6653;0
51;9;6654;0
51;9;6655;0
51;9;6656;0
51;9;6657;0
51;9;6658;0
51;9;6659;0
51;9;6660;0
51;9;6661;0
51;9;6662;0
51;9;6663;0
51;9;6664;0
51;9;6665;0
51;9;6666;0
51;9;6667;0
51;9;6668;0
51;9;6669;0
51;9;6670;0
51;9;6671;0
51;9;6672;0
51;9;6673;0
51;9;6674;0
51;9;6675;0
51;9;6676;0
51;9;6677;0
51;9;6678;0
51;9;6679;0
51;9;6680;0
51;9;6681;0
51;9;6682;0
51;9;6683;0
51;9;6684;0
51;9;6685;0
51;9;6686;0
51;9;6687;0
51;9;6688;0
51;9;6689;0
51;9;6690;0
51;9;6691;0
51;9;6692;0
51;9;6693;0
51;9;6694;0
51;9;6695;0
51;9;6696;0
51;9;6697;0
51;9;6698;0
51;9;6699;0
51;9;6700;0
51;9;6701;0
51;9;6702;0
51;9;6703;0
51;9;6704;0
51;9;6705;0
51;9;6706;0
51;9;6707;0
51;9;6708;0
51;9;6709;0
51;9;6710;0
51;9;6711;0
51;9;6712;0
51;9;6713;0
51;9;6714;0
51;9;6715;0
51;9;6716;0
51;9;6717;0
51;9;6718;0
51;9;6719;0
51;9;6720;0
51;9;6721;0
51;9;6722;0
51;9;6723;0
51;9;6724;0
51;9;6725;0
51;9;6726;0
51;9;6727;0
51;9;6728;0
51;9;6729;0
51;9;6730;0
51;9;6731;0
51;9;6732;0
51;9;6733;0
51;9;6734;0
51;9;6735;0
51;9;6736;0
51;9;6737;0
51;9;6738;0
51;9;6739;0
51;9;6740;0
51;9;6741;0
51;9;6742;0
51;9;6743;0
51;9;6744;0
51;9;6745;0
51;9;6746;0
51;9;6747;0
51;9;6748;0
51;9;6749;0
51;9;6750;0
51;9;6751;0
51;9;6752;0
51;9;6753;0
51;9;6754;0
51;9;6755;0
51;9;6756;0
51;9;6757;0
51;9;6758;0
51;9;6759;0
51;9;6760;0
51;9;6761;0
51;9;6762;0
51;9;6763;0
51;9;6764;0
51;9;6765;0
51;9;6766;0
51;9;6767;0
51;9;6768;0
51;9;6769;0
51;9;6770;0
51;9;6771;0
51;9;6772;0
51;9;6773;0
51;9;6774;0
51;9;6775;0
51;9;6776;0
51;9;6777;0
51;9;6778;0
51;9;6779;0
51;9;6780;0
51;9;6781;0
51;9;6782;0
51;9;6783;0
51;9;6784;0
51;9;6785;0
51;9;6786;0
51;9;6787;0
51;9;6788;0
51;9;6789;0
51;9;6790;0
51;9;6791;0
51;9;6792;0
51;9;6793;0
51;9;6794;0
51;9;6795;0
51;9;6796;0
51;9;6797;0
51;9;6798;0
51;9;6799;0
51;9;6800;0
51;9;6801;0
51;9;6802;0
51;9;6803;0
51;9;6804;0
51;9;6805;0
51;9;6806;0
51;9;6807;0
51;9;6808;0
51;9;6809;0
51;9;6810;0
51;9;6811;0
51;9;6812;0
51;9;6813;0
51;9;6814;0
51;9;6815;0
51;9;6816;0
51;9;6817;0
51;9;6818;0
51;9;6819;0
51;9;6820;0
51;9;6821;0
51;9;6822;0
51;9;6823;0
51;9;6824;0
51;9;6825;0
51;9;6826;0
51;9;6827;0
51;9;6828;0
51;9;6829;0
51;9;6830;0
51;9;6831;0
51;9;6832;0
51;9;6833;0
51;9;6834;0
51;9;6835;0
51;9;6836;0
51;9;6837;0
51;9;6838;0
51;9;6839;0
51;9;6840;0
51;9;6841;0
51;9;6842;0
51;9;6843;0
51;9;6844;0
51;9;6845;0
51;9;6846;0
51;9;6847;0
51;9;6848;0
51;9;6849;0
51;9;6850;0
51;9;6851;0
51;9;6852;0
51;9;6853;0
51;9;6854;0
51;9;6855;0
51;9;6856;0
51;9;6857;0
51;9;6858;0
51;9;6859;0
51;9;6860;0
51;9;6861;0
51;9;6862;0
51;9;6863;0
51;9;6864;0
51;9;6865;0
51;9;6866;0
51;9;6867;0
51;9;6868;0
51;9;6869;0
51;9;6870;0
51;9;6871;0
51;9;6872;0
51;9;6873;0
51;9;6874;0
51;9;6875;0
51;9;6876;0
51;9;6877;0
51;9;6878;0
51;9;6879;0
51;9;6880;0
51;9;6881;0
51;9;6882;0
51;9;6883;0
51;9;6884;0
51;9;6885;0
51;9;6886;0
51;9;6887;0
51;9;6888;0
51;9;6889;0
51;9;6890;0
51;9;6891;0
51;9;6892;0
51;9;6893;0
51;9;6894;0
51;9;6895;0
51;9;6896;0
51;9;6897;0
51;9;6898;0
51;9;6899;0
51;9;6900;0
51;9;6901;0
51;9;6902;0
51;9;6903;0
51;9;6904;0
51;9;6905;0
51;9;6906;0
51;9;6907;0
51;9;6908;0
51;9;6909;0
51;9;6910;0
51;9;6911;0
51;9;6912;0
51;9;6913;0
51;9;6914;0
51;9;6915;0
51;9;6916;0
51;9;6917;0
51;9;6918;0
51;9;6919;0
51;9;6920;0
51;9;6921;0
51;9;6922;0
51;9;6923;0
51;9;6924;0
51;9;6925;0
51;9;6926;0
51;9;6927;0
51;9;6928;0
51;9;6929;0
51;9;6930;0
51;9;6931;0
51;9;6932;0
51;9;6933;0
51;9;6934;0
51;9;6935;0
51;9;6936;0
51;9;6937;0
51;9;6938;0
51;9;6939;0
51;9;6940;0
51;9;6941;0
51;9;6942;0
51;9;6943;0
51;9;6944;0
51;9;6945;0
51;9;6946;0
51;9;6947;0
51;9;6948;0
51;9;6949;0
51;9;6950;0
51;9;6951;0
51;9;6952;0
51;9;6953;0
51;9;6954;0
51;9;6955;0
51;9;6956;0
51;9;6957;0
51;9;6958;0
51;9;6959;0
51;9;6960;0
51;9;6961;0
51;9;6962;0
51;9;6963;0
51;9;6964;0
51;9;6965;0
51;9;6966;0
51;9;6967;0
51;9;6968;0
51;9;6969;0
51;9;6970;0
51;9;6971;0
51;9;6972;0
51;9;6973;0
51;9;6974;0
51;9;6975;0
51;9;6976;0
51;9;6977;0
51;9;6978;0
51;9;6979;0
51;9;6980;0
51;9;6981;0
51;9;6982;0
51;9;6983;0
51;9;6984;0
51;9;6985;0
51;9;6986;0
51;9;6987;0
51;9;6988;0
51;9;6989;0
51;9;6990;0
51;9;6991;0
51;9;6992;0
51;9;6993;0
51;9;6994;0
51;9;6995;0
51;9;6996;0
51;9;6997;0
51;9;6998;0
51;9;6999;0
51;9;7000;0
51;9;7001;0
51;9;7002;0
51;9;7003;0
51;9;7004;0
51;9;7005;0
51;9;7006;0
51;9;7007;0
51;9;7008;0
51;9;7009;0
51;9;7010;0
51;9;7011;0
51;9;7012;0
51;9;7013;0
51;9;7014;0
51;9;7015;0
51;9;7016;0
51;9;7017;0
51;9;7018;0
51;9;7019;0
51;9;7020;0
51;9;7021;0
51;9;7022;0
51;9;7023;0
51;9;7024;0
51;9;7025;0
51;9;7026;0
51;9;7027;0
51;9;7028;0
51;9;7029;0
51;9;7030;0
51;9;7031;0
51;9;7032;0
51;9;7033;0
51;9;7034;0
51;9;7035;0
51;9;7036;0
51;9;7037;0
51;9;7038;0
51;9;7039;0
51;9;7040;0
51;9;7041;0
51;9;7042;0
51;9;7043;0
51;9;7044;0
51;9;7045;0
51;9;7046;0
51;9;7047;0
51;9;7048;0
51;9;7049;0
51;9;7050;0
51;9;7051;0
51;9;7052;0
51;9;7053;0
51;9;7054;0
51;9;7055;0
51;9;7056;0
51;9;7057;0
51;9;7058;0
51;9;7059;0
51;9;7060;0
51;9;7061;0
51;9;7062;0
51;9;7063;0
51;9;7064;0
51;9;7065;0
51;9;7066;0
51;9;7067;0
51;9;7068;0
51;9;7069;0
51;9;7070;0
51;9;7071;0
51;9;7072;0
51;9;7073;0
51;9;7074;0
51;9;7075;0
51;9;7076;0
51;9;7077;0
51;9;7078;0
51;9;7079;0
51;9;7080;0
51;9;7081;0
51;9;7082;0
51;9;7083;0
51;9;7084;0
51;9;7085;0
51;9;7086;0
51;9;7087;0
51;9;7088;0
51;9;7089;0
51;9;7090;0
51;9;7091;0
51;9;7092;0
51;9;7093;0
51;9;7094;0
51;9;7095;0
51;9;7096;0
51;9;7097;0
51;9;7098;0
51;9;7099;0
51;9;7100;0
51;9;7101;0
51;9;7102;0
51;9;7103;0
51;9;7104;0
51;9;7105;0
51;9;7106;0
51;9;7107;0
51;9;7108;0
51;9;7109;0
51;9;7110;0
51;9;7111;0
51;9;7112;0
51;9;7113;0
51;9;7114;0
51;9;7115;0
51;9;7116;0
51;9;7117;0
51;9;7118;0
51;9;7119;0
51;9;7120;0
51;9;7121;0
51;9;7122;0
51;9;7123;0
51;9;7124;0
51;9;7125;0
51;9;7126;0
51;9;7127;0
51;9;7128;0
51;9;7129;0
51;9;7130;0
51;9;7131;0
51;9;7132;0
51;9;7133;0
51;9;7134;0
51;9;7135;0
51;9;7136;0
51;9;7137;0
51;9;7138;0
51;9;7139;0
51;9;7140;0
51;9;7141;0
51;9;7142;0
51;9;7143;0
51;9;7144;0
51;9;7145;0
51;9;7146;0
51;9;7147;0
51;9;7148;0
51;9;7149;0
51;9;7150;0
51;9;7151;0
51;9;7152;0
51;9;7153;0
51;9;7154;0
51;9;7155;0
51;9;7156;0
51;9;7157;0
51;9;7158;0
51;9;7159;0
51;9;7160;0
51;9;7161;0
51;9;7162;0
51;9;7163;0
51;9;7164;0
51;9;7165;0
51;9;7166;0
51;9;7167;0
51;9;7168;0
51;9;7169;0
51;9;7170;0
51;9;7171;0
51;9;7172;0
51;9;7173;0
51;9;7174;0
51;9;7175;0
51;9;7176;0
51;9;7177;0
51;9;7178;0
51;9;7179;0
51;9;7180;0
51;9;7181;0
51;9;7182;0
51;9;7183;0
51;9;7184;0
51;9;7185;0
51;9;7186;0
51;9;7187;0
51;9;7188;0
51;9;7189;0
51;9;7190;0
51;9;7191;0
51;9;7192;0
51;9;7193;0
51;9;7194;0
51;9;7195;0
51;9;7196;0
51;9;7197;0
51;9;7198;0
51;9;7199;0
51;9;7200;0
51;9;7201;0
51;9;7202;0
51;9;7203;0
51;9;7204;0
51;9;7205;0
51;9;7206;0
51;9;7207;0
51;9;7208;0
51;9;7209;0
51;9;7210;0
51;9;7211;0
51;9;7212;0
51;9;7213;0
51;9;7214;0
51;9;7215;0
51;9;7216;0
51;9;7217;0
51;9;7218;0
51;9;7219;0
51;9;7220;0
51;9;7221;0
51;9;7222;0
51;9;7223;0
51;9;7224;0
51;9;7225;0
51;9;7226;0
51;9;7227;0
51;9;7228;0
51;9;7229;0
51;9;7230;0
51;9;7231;0
51;9;7232;0
51;9;7233;0
51;9;7234;0
51;9;7235;0
51;9;7236;0
51;9;7237;0
51;9;7238;0
51;9;7239;0
51;9;7240;0
51;9;7241;0
51;9;7242;0
51;9;7243;0
51;9;7244;0
51;9;7245;0
51;9;7246;0
51;9;7247;0
51;9;7248;0
51;9;7249;0
51;9;7250;0
51;9;7251;0
51;9;7252;0
51;9;7253;0
51;9;7254;0
51;9;7255;0
51;9;7256;0
51;9;7257;0
51;9;7258;0
51;9;7259;0
51;9;7260;0
51;9;7261;0
51;9;7262;0
51;9;7263;0
51;9;7264;0
51;9;7265;0
51;9;7266;0
51;9;7267;0
51;9;7268;0
51;9;7269;0
51;9;7270;0
51;9;7271;0
51;9;7272;0
51;9;7273;0
51;9;7274;0
51;9;7275;0
51;9;7276;0
51;9;7277;0
51;9;7278;0
51;9;7279;0
51;9;7280;0
51;9;7281;0
51;9;7282;0
51;9;7283;0
51;9;7284;0
51;9;7285;0
51;9;7286;0
51;9;7287;0
51;9;7288;0
51;9;7289;0
51;9;7290;0
51;9;7291;0
51;9;7292;0
51;9;7293;0
51;9;7294;0
51;9;7295;0
51;9;7296;0
51;9;7297;0
51;9;7298;0
51;9;7299;0
51;9;7300;0
51;9;7301;0
51;9;7302;0
51;9;7303;0
51;9;7304;0
51;9;7305;0
51;9;7306;0
51;9;7307;0
51;9;7308;0
51;9;7309;0
51;9;7310;0
51;9;7311;0
51;9;7312;0
51;9;7313;0
51;9;7314;0
51;9;7315;0
51;9;7316;0
51;9;7317;0
51;9;7318;0
51;9;7319;0
51;9;7320;0
51;9;7321;0
51;9;7322;0
51;9;7323;0
51;9;7324;0
51;9;7325;0
51;9;7326;0
51;9;7327;0
51;9;7328;0
51;9;7329;0
51;9;7330;0
51;9;7331;0
51;9;7332;0
51;9;7333;0
51;9;7334;0
51;9;7335;0
51;9;7336;0
51;9;7337;0
51;9;7338;0
51;9;7339;0
51;9;7340;0
51;9;7341;0
51;9;7342;0
51;9;7343;0
51;9;7344;0
51;9;7345;0
51;9;7346;0
51;9;7347;0
51;9;7348;0
51;9;7349;0
51;9;7350;0
51;9;7351;0
51;9;7352;0
51;9;7353;0
51;9;7354;0
51;9;7355;0
51;9;7356;0
51;9;7357;0
51;9;7358;0
51;9;7359;0
51;9;7360;0
51;9;7361;0
51;9;7362;0
51;9;7363;0
51;9;7364;0
51;9;7365;0
51;9;7366;0
51;9;7367;0
51;9;7368;0
51;9;7369;0
51;9;7370;0
51;9;7371;0
51;9;7372;0
51;9;7373;0
51;9;7374;0
51;9;7375;0
51;9;7376;0
51;9;7377;0
51;9;7378;0
51;9;7379;0
51;9;7380;0
51;9;7381;0
51;9;7382;0
51;9;7383;0
51;9;7384;0
51;9;7385;0
51;9;7386;0
51;9;7387;0
51;9;7388;0
51;9;7389;0
51;9;7390;0
51;9;7391;0
51;9;7392;0
51;9;7393;0
51;9;7394;0
51;9;7395;0
51;9;7396;0
51;9;7397;0
51;9;7398;0
51;9;7399;0
51;9;7400;0
51;9;7401;0
51;9;7402;0
51;9;7403;0
51;9;7404;0
51;9;7405;0
51;9;7406;0
51;9;7407;0
51;9;7408;0
51;9;7409;0
51;9;7410;0
51;9;7411;0
51;9;7412;0
51;9;7413;0
51;9;7414;0
51;9;7415;0
51;9;7416;0
51;9;7417;0
51;9;7418;0
51;9;7419;0
51;9;7420;0
51;9;7421;0
51;9;7422;0
51;9;7423;0
51;9;7424;0
51;9;7425;0
51;9;7426;0
51;9;7427;0
51;9;7428;0
51;9;7429;0
51;9;7430;0
51;9;7431;0
51;9;7432;0
51;9;7433;0
51;9;7434;0
51;9;7435;0
51;9;7436;0
51;9;7437;0
51;9;7438;0
51;9;7439;0
51;9;7440;0
51;9;7441;0
51;9;7442;0
51;9;7443;0
51;9;7444;0
51;9;7445;0
51;9;7446;0
51;9;7447;0
51;9;7448;0
51;9;7449;0
51;9;7450;0
51;9;7451;0
51;9;7452;0
51;9;7453;0
51;9;7454;0
51;9;7455;0
51;9;7456;0
51;9;7457;0
51;9;7458;0
51;9;7459;0
51;9;7460;0
51;9;7461;0
51;9;7462;0
51;9;7463;0
51;9;7464;0
51;9;7465;0
51;9;7466;0
51;9;7467;0
51;9;7468;0
51;9;7469;0
51;9;7470;0
51;9;7471;0
51;9;7472;0
51;9;7473;0
51;9;7474;0
51;9;7475;0
51;9;7476;0
51;9;7477;0
51;9;7478;0
51;9;7479;0
51;9;7480;0
51;9;7481;0
51;9;7482;0
51;9;7483;0
51;9;7484;0
51;9;7485;0
51;9;7486;0
51;9;7487;0
51;9;7488;0
51;9;7489;0
51;9;7490;0
51;9;7491;0
51;9;7492;0
51;9;7493;0
51;9;7494;0
51;9;7495;0
51;9;7496;0
51;9;7497;0
51;9;7498;0
51;9;7499;0
51;9;7500;0
51;9;7501;0
51;9;7502;0
51;9;7503;0
51;9;7504;0
51;9;7505;0
51;9;7506;0
51;9;7507;0
51;9;7508;0
51;9;7509;0
51;9;7510;0
51;9;7511;0
51;9;7512;0
51;9;7513;0
51;9;7514;0
51;9;7515;0
51;9;7516;0
51;9;7517;0
51;9;7518;0
51;9;7519;0
51;9;7520;0
51;9;7521;0
51;9;7522;0
51;9;7523;0
51;9;7524;0
51;9;7525;0
51;9;7526;0
51;9;7527;0
51;9;7528;0
51;9;7529;0
51;9;7530;0
51;9;7531;0
51;9;7532;0
51;9;7533;0
51;9;7534;0
51;9;7535;0
51;9;7536;0
51;9;7537;0
51;9;7538;0
51;9;7539;0
51;9;7540;0
51;9;7541;0
51;9;7542;0
51;9;7543;0
51;9;7544;0
51;9;7545;0
51;9;7546;0
51;9;7547;0
51;9;7548;0
51;9;7549;0
51;9;7550;0
51;9;7551;0
51;9;7552;0
51;9;7553;0
51;9;7554;0
51;9;7555;0
51;9;7556;0
51;9;7557;0
51;9;7558;0
51;9;7559;0
51;9;7560;0
51;9;7561;0
51;9;7562;0
51;9;7563;0
51;9;7564;0
51;9;7565;0
51;9;7566;0
51;9;7567;0
51;9;7568;0
51;9;7569;0
51;9;7570;0
51;9;7571;0
51;9;7572;0
51;9;7573;0
51;9;7574;0
51;9;7575;0
51;9;7576;0
51;9;7577;0
51;9;7578;0
51;9;7579;0
51;9;7580;0
51;9;7581;0
51;9;7582;0
51;9;7583;0
51;9;7584;0
51;9;7585;0
51;9;7586;0
51;9;7587;0
51;9;7588;0
51;9;7589;0
51;9;7590;0
51;9;7591;0
51;9;7592;0
51;9;7593;0
51;9;7594;0
51;9;7595;0
51;9;7596;0
51;9;7597;0
51;9;7598;0
51;9;7599;0
51;9;7600;0
51;9;7601;0
51;9;7602;0
51;9;7603;0
51;9;7604;0
51;9;7605;0
51;9;7606;0
51;9;7607;0
51;9;7608;0
51;9;7609;0
51;9;7610;0
51;9;7611;0
51;9;7612;0
51;9;7613;0
51;9;7614;0
51;9;7615;0
51;9;7616;0
51;9;7617;0
51;9;7618;0
51;9;7619;0
51;9;7620;0
51;9;7621;0
51;9;7622;0
51;9;7623;0
51;9;7624;0
51;9;7625;0
51;9;7626;0
51;9;7627;0
51;9;7628;0
51;9;7629;0
51;9;7630;0
51;9;7631;0
51;9;7632;0
51;9;7633;0
51;9;7634;0
51;9;7635;0
51;9;7636;0
51;9;7637;0
51;9;7638;0
51;9;7639;0
51;9;7640;0
51;9;7641;0
51;9;7642;0
51;9;7643;0
51;9;7644;0
51;9;7645;0
51;9;7646;0
51;9;7647;0
51;9;7648;0
51;9;7649;0
51;9;7650;0
51;9;7651;0
51;9;7652;0
51;9;7653;0
51;9;7654;0
51;9;7655;0
51;9;7656;0
51;9;7657;0
51;9;7658;0
51;9;7659;0
51;9;7660;0
51;9;7661;0
51;9;7662;0
51;9;7663;0
51;9;7664;0
51;9;7665;0
51;9;7666;0
51;9;7667;0
51;9;7668;0
51;9;7669;0
51;9;7670;0
51;9;7671;0
51;9;7672;0
51;9;7673;0
51;9;7674;0
51;9;7675;0
51;9;7676;0
51;9;7677;0
51;9;7678;0
51;9;7679;0
51;9;7680;0
51;9;7681;0
51;9;7682;0
51;9;7683;0
51;9;7684;0
51;9;7685;0
51;9;7686;0
51;9;7687;0
51;9;7688;0
51;9;7689;0
51;9;7690;0
51;9;7691;0
51;9;7692;0
51;9;7693;0
51;9;7694;0
51;9;7695;0
51;9;7696;0
51;9;7697;0
51;9;7698;0
51;9;7699;0
51;9;7700;0
51;9;7701;0
51;9;7702;0
51;9;7703;0
51;9;7704;0
51;9;7705;0
51;9;7706;0
51;9;7707;0
51;9;7708;0
51;9;7709;0
51;9;7710;0
51;9;7711;0
51;9;7712;0
51;9;7713;0
51;9;7714;0
51;9;7715;0
51;9;7716;0
51;9;7717;0
51;9;7718;0
51;9;7719;0
51;9;7720;0
51;9;7721;0
51;9;7722;0
51;9;7723;0
51;9;7724;0
51;9;7725;0
51;9;7726;0
51;9;7727;0
51;9;7728;0
51;9;7729;0
51;9;7730;0
51;9;7731;0
51;9;7732;0
51;9;7733;0
51;9;7734;0
51;9;7735;0
51;9;7736;0
51;9;7737;0
51;9;7738;0
51;9;7739;0
51;9;7740;0
51;9;7741;0
51;9;7742;0
51;9;7743;0
51;9;7744;0
51;9;7745;0
51;9;7746;0
51;9;7747;0
51;9;7748;0
51;9;7749;0
51;9;7750;0
51;9;7751;0
51;9;7752;0
51;9;7753;0
51;9;7754;0
51;9;7755;0
51;9;7756;0
51;9;7757;0
51;9;7758;0
51;9;7759;0
51;9;7760;0
51;9;7761;0
51;9;7762;0
51;9;7763;0
51;9;7764;0
51;9;7765;0
51;9;7766;0
51;9;7767;0
51;9;7768;0
51;9;7769;0
51;9;7770;0
51;9;7771;0
51;9;7772;0
51;9;7773;0
51;9;7774;0
51;9;7775;0
51;9;7776;0
51;9;7777;0
51;9;7778;0
51;9;7779;0
51;9;7780;0
51;9;7781;0
51;9;7782;0
51;9;7783;0
51;9;7784;0
51;9;7785;0
51;9;7786;0
51;9;7787;0
51;9;7788;0
51;9;7789;0
51;9;7790;0
51;9;7791;0
51;9;7792;0
51;9;7793;0
51;9;7794;0
51;9;7795;0
51;9;7796;0
51;9;7797;0
51;9;7798;0
51;9;7799;0
51;9;7800;0
51;9;7801;0
51;9;7802;0
51;9;7803;0
51;9;7804;0
51;9;7805;0
51;9;7806;0
51;9;7807;0
51;9;7808;0
51;9;7809;0
51;9;7810;0
51;9;7811;0
51;9;7812;0
51;9;7813;0
51;9;7814;0
51;9;7815;0
51;9;7816;0
51;9;7817;0
51;9;7818;0
51;9;7819;0
51;9;7820;0
51;9;7821;0
51;9;7822;0
51;9;7823;0
51;9;7824;0
51;9;7825;0
51;9;7826;0
51;9;7827;0
51;9;7828;0
51;9;7829;0
51;9;7830;0
51;9;7831;0
51;9;7832;0
51;9;7833;0
51;9;7834;0
51;9;7835;0
51;9;7836;0
51;9;7837;0
51;9;7838;0
51;9;7839;0
51;9;7840;0
51;9;7841;0
51;9;7842;0
51;9;7843;0
51;9;7844;0
51;9;7845;0
51;9;7846;0
51;9;7847;0
51;9;7848;0
51;9;7849;0
51;9;7850;0
51;9;7851;0
51;9;7852;0
51;9;7853;0
51;9;7854;0
51;9;7855;0
51;9;7856;0
51;9;7857;0
51;9;7858;0
51;9;7859;0
51;9;7860;0
51;9;7861;0
51;9;7862;0
51;9;7863;0
51;9;7864;0
51;9;7865;0
51;9;7866;0
51;9;7867;0
51;9;7868;0
51;9;7869;0
51;9;7870;0
51;9;7871;0
51;9;7872;0
51;9;7873;0
51;9;7874;0
51;9;7875;0
51;9;7876;0
51;9;7877;0
51;9;7878;0
51;9;7879;0
51;9;7880;0
51;9;7881;0
51;9;7882;0
51;9;7883;0
51;9;7884;0
51;9;7885;0
51;9;7886;0
51;9;7887;0
51;9;7888;0
51;9;7889;0
51;9;7890;0
51;9;7891;0
51;9;7892;0
51;9;7893;0
51;9;7894;0
51;9;7895;0
51;9;7896;0
51;9;7897;0
51;9;7898;0
51;9;7899;0
51;9;7900;0
51;9;7901;0
51;9;7902;0
51;9;7903;0
51;9;7904;0
51;9;7905;0
51;9;7906;0
51;9;7907;0
51;9;7908;0
51;9;7909;0
51;9;7910;0
51;9;7911;0
51;9;7912;0
51;9;7913;0
51;9;7914;0
51;9;7915;0
51;9;7916;0
51;9;7917;0
51;9;7918;0
51;9;7919;0
51;9;7920;0
51;9;7921;0
51;9;7922;0
51;9;7923;0
51;9;7924;0
51;9;7925;0
51;9;7926;0
51;9;7927;0
51;9;7928;0
51;9;7929;0
51;9;7930;0
51;9;7931;0
51;9;7932;0
51;9;7933;0
51;9;7934;0
51;9;7935;0
51;9;7936;0
51;9;7937;0
51;9;7938;0
51;9;7939;0
51;9;7940;0
51;9;7941;0
51;9;7942;0
51;9;7943;0
51;9;7944;0
51;9;7945;0
51;9;7946;0
51;9;7947;0
51;9;7948;0
51;9;7949;0
51;9;7950;0
51;9;7951;0
51;9;7952;0
51;9;7953;0
51;9;7954;0
51;9;7955;0
51;9;7956;0
51;9;7957;0
51;9;7958;0
51;9;7959;0
51;9;7960;0
51;9;7961;0
51;9;7962;0
51;9;7963;0
51;9;7964;0
51;9;7965;0
51;9;7966;0
51;9;7967;0
51;9;7968;0
51;9;7969;0
51;9;7970;0
51;9;7971;0
51;9;7972;0
51;9;7973;0
51;9;7974;0
51;9;7975;0
51;9;7976;0
51;9;7977;0
51;9;7978;0
51;9;7979;0
51;9;7980;0
51;9;7981;0
51;9;7982;0
51;9;7983;0
51;9;7984;0
51;9;7985;0
51;9;7986;0
51;9;7987;0
51;9;7988;0
51;9;7989;0
51;9;7990;0
51;9;7991;0
51;9;7992;0
51;9;7993;0
51;9;7994;0
51;9;7995;0
51;9;7996;0
51;9;7997;0
51;9;7998;0
51;9;7999;0
51;9;8000;0
51;9;8001;0
51;9;8002;0
51;9;8003;0
51;9;8004;0
51;9;8005;0
51;9;8006;0
51;9;8007;0
51;9;8008;0
51;9;8009;0
51;9;8010;0
51;9;8011;0
51;9;8012;0
51;9;8013;0
51;9;8014;0
51;9;8015;0
51;9;8016;0
51;9;8017;0
51;9;8018;0
51;9;8019;0
51;9;8020;0
51;9;8021;0
51;9;8022;0
51;9;8023;0
51;9;8024;0
51;9;8025;0
51;9;8026;0
51;9;8027;0
51;9;8028;0
51;9;8029;0
51;9;8030;0
51;9;8031;0
51;9;8032;0
51;9;8033;0
51;9;8034;0
51;9;8035;0
51;9;8036;0
51;9;8037;0
51;9;8038;0
51;9;8039;0
51;9;8040;0
51;9;8041;0
51;9;8042;0
51;9;8043;0
51;9;8044;0
51;9;8045;0
51;9;8046;0
51;9;8047;0
51;9;8048;0
51;9;8049;0
51;9;8050;0
51;9;8051;0
51;9;8052;0
51;9;8053;0
51;9;8054;0
51;9;8055;0
51;9;8056;0
51;9;8057;0
51;9;8058;0
51;9;8059;0
51;9;8060;0
51;9;8061;0
51;9;8062;0
51;9;8063;0
51;9;8064;0
51;9;8065;0
51;9;8066;0
51;9;8067;0
51;9;8068;0
51;9;8069;0
51;9;8070;0
51;9;8071;0
51;9;8072;0
51;9;8073;0
51;9;8074;0
51;9;8075;0
51;9;8076;0
51;9;8077;0
51;9;8078;0
51;9;8079;0
51;9;8080;0
51;9;8081;0
51;9;8082;0
51;9;8083;0
51;9;8084;0
51;9;8085;0
51;9;8086;0
51;9;8087;0
51;9;8088;0
51;9;8089;0
51;9;8090;0
51;9;8091;0
51;9;8092;0
51;9;8093;0
51;9;8094;0
51;9;8095;0
51;9;8096;0
51;9;8097;0
51;9;8098;0
51;9;8099;0
51;9;8100;0
51;9;8101;0
51;9;8102;0
51;9;8103;0
51;9;8104;0
51;9;8105;0
51;9;8106;0
51;9;8107;0
51;9;8108;0
51;9;8109;0
51;9;8110;0
51;9;8111;0
51;9;8112;0
51;9;8113;0
51;9;8114;0
51;9;8115;0
51;9;8116;0
51;9;8117;0
51;9;8118;0
51;9;8119;0
51;9;8120;0
51;9;8121;0
51;9;8122;0
51;9;8123;0
51;9;8124;0
51;9;8125;0
51;9;8126;0
51;9;8127;0
51;9;8128;0
51;9;8129;0
51;9;8130;0
51;9;8131;0
51;9;8132;0
51;9;8133;0
51;9;8134;0
51;9;8135;0
51;9;8136;0
51;9;8137;0
51;9;8138;0
51;9;8139;0
51;9;8140;0
51;9;8141;0
51;9;8142;0
51;9;8143;0
51;9;8144;0
51;9;8145;0
51;9;8146;0
51;9;8147;0
51;9;8148;0
51;9;8149;0
51;9;8150;0
51;9;8151;0
51;9;8152;0
51;9;8153;0
51;9;8154;0
51;9;8155;0
51;9;8156;0
51;9;8157;0
51;9;8158;0
51;9;8159;0
51;9;8160;0
51;9;8161;0
51;9;8162;0
51;9;8163;0
51;9;8164;0
51;9;8165;0
51;9;8166;0
51;9;8167;0
51;9;8168;0
51;9;8169;0
51;9;8170;0
51;9;8171;0
51;9;8172;0
51;9;8173;0
51;9;8174;0
51;9;8175;0
51;9;8176;0
51;9;8177;0
51;9;8178;0
51;9;8179;0
51;9;8180;0
51;9;8181;0
51;9;8182;0
51;9;8183;0
51;9;8184;0
51;9;8185;0
51;9;8186;0
51;9;8187;0
51;9;8188;0
51;9;8189;0
51;9;8190;0
51;9;8191;0
51;9;8192;0
51;9;8193;0
51;9;8194;0
51;9;8195;0
51;9;8196;0
51;9;8197;0
51;9;8198;0
51;9;8199;0
51;9;8200;0
51;9;8201;0
51;9;8202;0
51;9;8203;0
51;9;8204;0
51;9;8205;0
51;9;8206;0
51;9;8207;0
51;9;8208;0
51;9;8209;0
51;9;8210;0
51;9;8211;0
51;9;8212;0
51;9;8213;0
51;9;8214;0
51;9;8215;0
51;9;8216;0
51;9;8217;0
51;9;8218;0
51;9;8219;0
51;9;8220;0
51;9;8221;0
51;9;8222;0
51;9;8223;0
51;9;8224;0
51;9;8225;0
51;9;8226;0
51;9;8227;0
51;9;8228;0
51;9;8229;0
51;9;8230;0
51;9;8231;0
51;9;8232;0
51;9;8233;0
51;9;8234;0
51;9;8235;0
51;9;8236;0
51;9;8237;0
51;9;8238;0
51;9;8239;0
51;9;8240;0
51;9;8241;0
51;9;8242;0
51;9;8243;0
51;9;8244;0
51;9;8245;0
51;9;8246;0
51;9;8247;0
51;9;8248;0
51;9;8249;0
51;9;8250;0
51;9;8251;0
51;9;8252;0
51;9;8253;0
51;9;8254;0
51;9;8255;0
51;9;8256;0
51;9;8257;0
51;9;8258;0
51;9;8259;0
51;9;8260;0
51;9;8261;0
51;9;8262;0
51;9;8263;0
51;9;8264;0
51;9;8265;0
51;9;8266;0
51;9;8267;0
51;9;8268;0
51;9;8269;0
51;9;8270;0
51;9;8271;0
51;9;8272;0
51;9;8273;0
51;9;8274;0
51;9;8275;0
51;9;8276;0
51;9;8277;0
51;9;8278;0
51;9;8279;0
51;9;8280;0
51;9;8281;0
51;9;8282;0
51;9;8283;0
51;9;8284;0
51;9;8285;0
51;9;8286;0
51;9;8287;0
51;9;8288;0
51;9;8289;0
51;9;8290;0
51;9;8291;0
51;9;8292;0
51;9;8293;0
51;9;8294;0
51;9;8295;0
51;9;8296;0
51;9;8297;0
51;9;8298;0
51;9;8299;0
51;9;8300;0
51;9;8301;0
51;9;8302;0
51;9;8303;0
51;9;8304;0
51;9;8305;0
51;9;8306;0
51;9;8307;0
51;9;8308;0
51;9;8309;0
51;9;8310;0
51;9;8311;0
51;9;8312;0
51;9;8313;0
51;9;8314;0
51;9;8315;0
51;9;8316;0
51;9;8317;0
51;9;8318;0
51;9;8319;0
51;9;8320;0
51;9;8321;0
51;9;8322;0
51;9;8323;0
51;9;8324;0
51;9;8325;0
51;9;8326;0
51;9;8327;0
51;9;8328;0
51;9;8329;0
51;9;8330;0
51;9;8331;0
51;9;8332;0
51;9;8333;0
51;9;8334;0
51;9;8335;0
51;9;8336;0
51;9;8337;0
51;9;8338;0
51;9;8339;0
51;9;8340;0
51;9;8341;0
51;9;8342;0
51;9;8343;0
51;9;8344;0
51;9;8345;0
51;9;8346;0
51;9;8347;0
51;9;8348;0
51;9;8349;0
51;9;8350;0
51;9;8351;0
51;9;8352;0
51;9;8353;0
51;9;8354;0
51;9;8355;0
51;9;8356;0
51;9;8357;0
51;9;8358;0
51;9;8359;0
51;9;8360;0
51;9;8361;0
51;9;8362;0
51;9;8363;0
51;9;8364;0
51;9;8365;0
51;9;8366;0
51;9;8367;0
51;9;8368;0
51;9;8369;0
51;9;8370;0
51;9;8371;0
51;9;8372;0
51;9;8373;0
51;9;8374;0
51;9;8375;0
51;9;8376;0
51;9;8377;0
51;9;8378;0
51;9;8379;0
51;9;8380;0
51;9;8381;0
51;9;8382;0
51;9;8383;0
51;9;8384;0
51;9;8385;0
51;9;8386;0
51;9;8387;0
51;9;8388;0
51;9;8389;0
51;9;8390;0
51;9;8391;0
51;9;8392;0
51;9;8393;0
51;9;8394;0
51;9;8395;0
51;9;8396;0
51;9;8397;0
51;9;8398;0
51;9;8399;0
51;9;8400;0
51;9;8401;0
51;9;8402;0
51;9;8403;0
51;9;8404;0
51;9;8405;0
51;9;8406;0
51;9;8407;0
51;9;8408;0
51;9;8409;0
51;9;8410;0
51;9;8411;0
51;9;8412;0
51;9;8413;0
51;9;8414;0
51;9;8415;0
51;9;8416;0
51;9;8417;0
51;9;8418;0
51;9;8419;0
51;9;8420;0
51;9;8421;0
51;9;8422;0
51;9;8423;0
51;9;8424;0
51;9;8425;0
51;9;8426;0
51;9;8427;0
51;9;8428;0
51;9;8429;0
51;9;8430;0
51;9;8431;0
51;9;8432;0
51;9;8433;0
51;9;8434;0
51;9;8435;0
51;9;8436;0
51;9;8437;0
51;9;8438;0
51;9;8439;0
51;9;8440;0
51;9;8441;0
51;9;8442;0
51;9;8443;0
51;9;8444;0
51;9;8445;0
51;9;8446;0
51;9;8447;0
51;9;8448;0
51;9;8449;0
51;9;8450;0
51;9;8451;0
51;9;8452;0
51;9;8453;0
51;9;8454;0
51;9;8455;0
51;9;8456;0
51;9;8457;0
51;9;8458;0
51;9;8459;0
51;9;8460;0
51;9;8461;0
51;9;8462;0
51;9;8463;0
51;9;8464;0
51;9;8465;0
51;9;8466;0
51;9;8467;0
51;9;8468;0
51;9;8469;0
51;9;8470;0
51;9;8471;0
51;9;8472;0
51;9;8473;0
51;9;8474;0
51;9;8475;0
51;9;8476;0
51;9;8477;0
51;9;8478;0
51;9;8479;0
51;9;8480;0
51;9;8481;0
51;9;8482;0
51;9;8483;0
51;9;8484;0
51;9;8485;0
51;9;8486;0
51;9;8487;0
51;9;8488;0
51;9;8489;0
51;9;8490;0
51;9;8491;0
51;9;8492;0
51;9;8493;0
51;9;8494;0
51;9;8495;0
51;9;8496;0
51;9;8497;0
51;9;8498;0
51;9;8499;0
51;9;8500;0
51;9;8501;0
51;9;8502;0
51;9;8503;0
51;9;8504;0
51;9;8505;0
51;9;8506;0
51;9;8507;0
51;9;8508;0
51;9;8509;0
51;9;8510;0
51;9;8511;0
51;9;8512;0
51;9;8513;0
51;9;8514;0
51;9;8515;0
51;9;8516;0
51;9;8517;0
51;9;8518;0
51;9;8519;0
51;9;8520;0
51;9;8521;0
51;9;8522;0
51;9;8523;0
51;9;8524;0
51;9;8525;0
51;9;8526;0
51;9;8527;0
51;9;8528;0
51;9;8529;0
51;9;8530;0
51;9;8531;0
51;9;8532;0
51;9;8533;0
51;9;8534;0
51;9;8535;0
51;9;8536;0
51;9;8537;0
51;9;8538;0
51;9;8539;0
51;9;8540;0
51;9;8541;0
51;9;8542;0
51;9;8543;0
51;9;8544;0
51;9;8545;0
51;9;8546;0
51;9;8547;0
51;9;8548;0
51;9;8549;0
51;9;8550;0
51;9;8551;0
51;9;8552;0
51;9;8553;0
51;9;8554;0
51;9;8555;0
51;9;8556;0
51;9;8557;0
51;9;8558;0
51;9;8559;0
51;9;8560;0
51;9;8561;0
51;9;8562;0
51;9;8563;0
51;9;8564;0
51;9;8565;0
51;9;8566;0
51;9;8567;0
51;9;8568;0
51;9;8569;0
51;9;8570;0
51;9;8571;0
51;9;8572;0
51;9;8573;0
51;9;8574;0
51;9;8575;0
51;9;8576;0
51;9;8577;0
51;9;8578;0
51;9;8579;0
51;9;8580;0
51;9;8581;0
51;9;8582;0
51;9;8583;0
51;9;8584;0
51;9;8585;0
51;9;8586;0
51;9;8587;0
51;9;8588;0
51;9;8589;0
51;9;8590;0
51;9;8591;0
51;9;8592;0
51;9;8593;0
51;9;8594;0
51;9;8595;0
51;9;8596;0
51;9;8597;0
51;9;8598;0
51;9;8599;0
51;9;8600;0
51;9;8601;0
51;9;8602;0
51;9;8603;0
51;9;8604;0
51;9;8605;0
51;9;8606;0
51;9;8607;0
51;9;8608;0
51;9;8609;0
51;9;8610;0
51;9;8611;0
51;9;8612;0
51;9;8613;0
51;9;8614;0
51;9;8615;0
51;9;8616;0
51;9;8617;0
51;9;8618;0
51;9;8619;0
51;9;8620;0
51;9;8621;0
51;9;8622;0
51;9;8623;0
51;9;8624;0
51;9;8625;0
51;9;8626;0
51;9;8627;0
51;9;8628;0
51;9;8629;0
51;9;8630;0
51;9;8631;0
51;9;8632;0
51;9;8633;0
51;9;8634;0
51;9;8635;0
51;9;8636;0
51;9;8637;0
51;9;8638;0
51;9;8639;0
51;9;8640;0
51;9;8641;0
51;9;8642;0
51;9;8643;0
51;9;8644;0
51;9;8645;0
51;9;8646;0
51;9;8647;0
51;9;8648;0
51;9;8649;0
51;9;8650;0
51;9;8651;0
51;9;8652;0
51;9;8653;0
51;9;8654;0
51;9;8655;0
51;9;8656;0
51;9;8657;0
51;9;8658;0
51;9;8659;0
51;9;8660;0
51;9;8661;0
51;9;8662;0
51;9;8663;0
51;9;8664;0
51;9;8665;0
51;9;8666;0
51;9;8667;0
51;9;8668;0
51;9;8669;0
51;9;8670;0
51;9;8671;0
51;9;8672;0
51;9;8673;0
51;9;8674;0
51;9;8675;0
51;9;8676;0
51;9;8677;0
51;9;8678;0
51;9;8679;0
51;9;8680;0
51;9;8681;0
51;9;8682;0
51;9;8683;0
51;9;8684;0
51;9;8685;0
51;9;8686;0
51;9;8687;0
51;9;8688;0
51;9;8689;0
51;9;8690;0
51;9;8691;0
51;9;8692;0
51;9;8693;0
51;9;8694;0
51;9;8695;0
51;9;8696;0
51;9;8697;0
51;9;8698;0
51;9;8699;0
51;9;8700;0
51;9;8701;0
51;9;8702;0
51;9;8703;0
51;9;8704;0
51;9;8705;0
51;9;8706;0
51;9;8707;0
51;9;8708;0
51;9;8709;0
51;9;8710;0
51;9;8711;0
51;9;8712;0
51;9;8713;0
51;9;8714;0
51;9;8715;0
51;9;8716;0
51;9;8717;0
51;9;8718;0
51;9;8719;0
51;9;8720;0
51;9;8721;0
51;9;8722;0
51;9;8723;0
51;9;8724;0
51;9;8725;0
51;9;8726;0
51;9;8727;0
51;9;8728;0
51;9;8729;0
51;9;8730;0
51;9;8731;0
51;9;8732;0
51;9;8733;0
51;9;8734;0
51;9;8735;0
51;9;8736;0
51;9;8737;0
51;9;8738;0
51;9;8739;0
51;9;8740;0
51;9;8741;0
51;9;8742;0
51;9;8743;0
51;9;8744;0
51;9;8745;0
51;9;8746;0
51;9;8747;0
51;9;8748;0
51;9;8749;0
51;9;8750;0
51;9;8751;0
51;9;8752;0
51;9;8753;0
51;9;8754;0
51;9;8755;0
51;9;8756;0
51;9;8757;0
51;9;8758;0
51;9;8759;0
51;9;8760;0
51;9;8761;0
51;9;8762;0
51;9;8763;0
51;9;8764;0
51;9;8765;0
51;9;8766;0
51;9;8767;0
51;9;8768;0
51;9;8769;0
51;9;8770;0
51;9;8771;0
51;9;8772;0
51;9;8773;0
51;9;8774;0
51;9;8775;0
51;9;8776;0
51;9;8777;0
51;9;8778;0
51;9;8779;0
51;9;8780;0
51;9;8781;0
51;9;8782;0
51;9;8783;0
51;9;8784;0
51;9;8785;0
51;9;8786;0
51;9;8787;0
51;9;8788;0
51;9;8789;0
51;9;8790;0
51;9;8791;0
51;9;8792;0
51;9;8793;0
51;9;8794;0
51;9;8795;0
51;9;8796;0
51;9;8797;0
51;9;8798;0
51;9;8799;0
51;9;8800;0
51;9;8801;0
51;9;8802;0
51;9;8803;0
51;9;8804;0
51;9;8805;0
51;9;8806;0
51;9;8807;0
51;9;8808;0
51;9;8809;0
51;9;8810;0
51;9;8811;0
51;9;8812;0
51;9;8813;0
51;9;8814;0
51;9;8815;0
51;9;8816;0
51;9;8817;0
51;9;8818;0
51;9;8819;0
51;9;8820;0
51;9;8821;0
51;9;8822;0
51;9;8823;0
51;9;8824;0
51;9;8825;0
51;9;8826;0
51;9;8827;0
51;9;8828;0
51;9;8829;0
51;9;8830;0
51;9;8831;0
51;9;8832;0
51;9;8833;0
51;9;8834;0
51;9;8835;0
51;9;8836;0
51;9;8837;0
51;9;8838;0
51;9;8839;0
51;9;8840;0
51;9;8841;0
51;9;8842;0
51;9;8843;0
51;9;8844;0
51;9;8845;0
51;9;8846;0
51;9;8847;0
51;9;8848;0
51;9;8849;0
51;9;8850;0
51;9;8851;0
51;9;8852;0
51;9;8853;0
51;9;8854;0
51;9;8855;0
51;9;8856;0
51;9;8857;0
51;9;8858;0
51;9;8859;0
51;9;8860;0
51;9;8861;0
51;9;8862;0
51;9;8863;0
51;9;8864;0
51;9;8865;0
51;9;8866;0
51;9;8867;0
51;9;8868;0
51;9;8869;0
51;9;8870;0
51;9;8871;0
51;9;8872;0
51;9;8873;0
51;9;8874;0
51;9;8875;0
51;9;8876;0
51;9;8877;0
51;9;8878;0
51;9;8879;0
51;9;8880;0
51;9;8881;0
51;9;8882;0
51;9;8883;0
51;9;8884;0
51;9;8885;0
51;9;8886;0
51;9;8887;0
51;9;8888;0
51;9;8889;0
51;9;8890;0
51;9;8891;0
51;9;8892;0
51;9;8893;0
51;9;8894;0
51;9;8895;0
51;9;8896;0
51;9;8897;0
51;9;8898;0
51;9;8899;0
51;9;8900;0
51;9;8901;0
51;9;8902;0
51;9;8903;0
51;9;8904;0
51;9;8905;0
51;9;8906;0
51;9;8907;0
51;9;8908;0
51;9;8909;0
51;9;8910;0
51;9;8911;0
51;9;8912;0
51;9;8913;0
51;9;8914;0
51;9;8915;0
51;9;8916;0
51;9;8917;0
51;9;8918;0
51;9;8919;0
51;9;8920;0
51;9;8921;0
51;9;8922;0
51;9;8923;0
51;9;8924;0
51;9;8925;0
51;9;8926;0
51;9;8927;0
51;9;8928;0
51;9;8929;0
51;9;8930;0
51;9;8931;0
51;9;8932;0
51;9;8933;0
51;9;8934;0
51;9;8935;0
51;9;8936;0
51;9;8937;0
51;9;8938;0
51;9;8939;0
51;9;8940;0
51;9;8941;0
51;9;8942;0
51;9;8943;0
51;9;8944;0
51;9;8945;0
51;9;8946;0
51;9;8947;0
51;9;8948;0
51;9;8949;0
51;9;8950;0
51;9;8951;0
51;9;8952;0
51;9;8953;0
51;9;8954;0
51;9;8955;0
51;9;8956;0
51;9;8957;0
51;9;8958;0
51;9;8959;0
51;9;8960;0
51;9;8961;0
51;9;8962;0
51;9;8963;0
51;9;8964;0
51;9;8965;0
51;9;8966;0
51;9;8967;0
51;9;8968;0
51;9;8969;0
51;9;8970;0
51;9;8971;0
51;9;8972;0
51;9;8973;0
51;9;8974;0
51;9;8975;0
51;9;8976;0
51;9;8977;0
51;9;8978;0
51;9;8979;0
51;9;8980;0
51;9;8981;0
51;9;8982;0
51;9;8983;0
51;9;8984;0
51;9;8985;0
51;9;8986;0
51;9;8987;0
51;9;8988;0
51;9;8989;0
51;9;8990;0
51;9;8991;0
51;9;8992;0
51;9;8993;0
51;9;8994;0
51;9;8995;0
51;9;8996;0
51;9;8997;0
51;9;8998;0
51;9;8999;0
51;9;9000;0
51;9;9001;0
51;9;9002;0
51;9;9003;0
51;9;9004;0
51;9;9005;0
51;9;9006;0
51;9;9007;0
51;9;9008;0
51;9;9009;0
51;9;9010;0
51;9;9011;0
51;9;9012;0
51;9;9013;0
51;9;9014;0
51;9;9015;0
51;9;9016;0
51;9;9017;0
51;9;9018;0
51;9;9019;0
51;9;9020;0
51;9;9021;0
51;9;9022;0
51;9;9023;0
51;9;9024;0
51;9;9025;0
51;9;9026;0
51;9;9027;0
51;9;9028;0
51;9;9029;0
51;9;9030;0
51;9;9031;0
51;9;9032;0
51;9;9033;0
51;9;9034;0
51;9;9035;0
51;9;9036;0
51;9;9037;0
51;9;9038;0
51;9;9039;0
51;9;9040;0
51;9;9041;0
51;9;9042;0
51;9;9043;0
51;9;9044;0
51;9;9045;0
51;9;9046;0
51;9;9047;0
51;9;9048;0
51;9;9049;0
51;9;9050;0
51;9;9051;0
51;9;9052;0
51;9;9053;0
51;9;9054;0
51;9;9055;0
51;9;9056;0
51;9;9057;0
51;9;9058;0
51;9;9059;0
51;9;9060;0
51;9;9061;0
51;9;9062;0
51;9;9063;0
51;9;9064;0
51;9;9065;0
51;9;9066;0
51;9;9067;0
51;9;9068;0
51;9;9069;0
51;9;9070;0
51;9;9071;0
51;9;9072;0
51;9;9073;0
51;9;9074;0
51;9;9075;0
51;9;9076;0
51;9;9077;0
51;9;9078;0
51;9;9079;0
51;9;9080;0
51;9;9081;0
51;9;9082;0
51;9;9083;0
51;9;9084;0
51;9;9085;0
51;9;9086;0
51;9;9087;0
51;9;9088;0
51;9;9089;0
51;9;9090;0
51;9;9091;0
51;9;9092;0
51;9;9093;0
51;9;9094;0
51;9;9095;0
51;9;9096;0
51;9;9097;0
51;9;9098;0
51;9;9099;0
51;9;9100;0
51;9;9101;0
51;9;9102;0
51;9;9103;0
51;9;9104;0
51;9;9105;0
51;9;9106;0
51;9;9107;0
51;9;9108;0
51;9;9109;0
51;9;9110;0
51;9;9111;0
51;9;9112;0
51;9;9113;0
51;9;9114;0
51;9;9115;0
51;9;9116;0
51;9;9117;0
51;9;9118;0
51;9;9119;0
51;9;9120;0
51;9;9121;0
51;9;9122;0
51;9;9123;0
51;9;9124;0
51;9;9125;0
51;9;9126;0
51;9;9127;0
51;9;9128;0
51;9;9129;0
51;9;9130;0
51;9;9131;0
51;9;9132;0
51;9;9133;0
51;9;9134;0
51;9;9135;0
51;9;9136;0
51;9;9137;0
51;9;9138;0
51;9;9139;0
51;9;9140;0
51;9;9141;0
51;9;9142;0
51;9;9143;0
51;9;9144;0
51;9;9145;0
51;9;9146;0
51;9;9147;0
51;9;9148;0
51;9;9149;0
51;9;9150;0
51;9;9151;0
51;9;9152;0
51;9;9153;0
51;9;9154;0
51;9;9155;0
51;9;9156;0
51;9;9157;0
51;9;9158;0
51;9;9159;0
51;9;9160;0
51;9;9161;0
51;9;9162;0
51;9;9163;0
51;9;9164;0
51;9;9165;0
51;9;9166;0
51;9;9167;0
51;9;9168;0
51;9;9169;0
51;9;9170;0
51;9;9171;0
51;9;9172;0
51;9;9173;0
51;9;9174;0
51;9;9175;0
51;9;9176;0
51;9;9177;0
51;9;9178;0
51;9;9179;0
51;9;9180;0
51;9;9181;0
51;9;9182;0
51;9;9183;0
51;9;9184;0
51;9;9185;0
51;9;9186;0
51;9;9187;0
51;9;9188;0
51;9;9189;0
51;9;9190;0
51;9;9191;0
51;9;9192;0
51;9;9193;0
51;9;9194;0
51;9;9195;0
51;9;9196;0
51;9;9197;0
51;9;9198;0
51;9;9199;0
51;9;9200;0
51;9;9201;0
51;9;9202;0
51;9;9203;0
51;9;9204;0
51;9;9205;0
51;9;9206;0
51;9;9207;0
51;9;9208;0
51;9;9209;0
51;9;9210;0
51;9;9211;0
51;9;9212;0
51;9;9213;0
51;9;9214;0
51;9;9215;0
51;9;9216;0
51;9;9217;0
51;9;9218;0
51;9;9219;0
51;9;9220;0
51;9;9221;0
51;9;9222;0
51;9;9223;0
51;9;9224;0
51;9;9225;0
51;9;9226;0
51;9;9227;0
51;9;9228;0
51;9;9229;0
51;9;9230;0
51;9;9231;0
51;9;9232;0
51;9;9233;0
51;9;9234;0
51;9;9235;0
51;9;9236;0
51;9;9237;0
51;9;9238;0
51;9;9239;0
51;9;9240;0
51;9;9241;0
51;9;9242;0
51;9;9243;0
51;9;9244;0
51;9;9245;0
51;9;9246;0
51;9;9247;0
51;9;9248;0
51;9;9249;0
51;9;9250;0
51;9;9251;0
51;9;9252;0
51;9;9253;0
51;9;9254;0
51;9;9255;0
51;9;9256;0
51;9;9257;0
51;9;9258;0
51;9;9259;0
51;9;9260;0
51;9;9261;0
51;9;9262;0
51;9;9263;0
51;9;9264;0
51;9;9265;0
51;9;9266;0
51;9;9267;0
51;9;9268;0
51;9;9269;0
51;9;9270;0
51;9;9271;0
51;9;9272;0
51;9;9273;0
51;9;9274;0
51;9;9275;0
51;9;9276;0
51;9;9277;0
51;9;9278;0
51;9;9279;0
51;9;9280;0
51;9;9281;0
51;9;9282;0
51;9;9283;0
51;9;9284;0
51;9;9285;0
51;9;9286;0
51;9;9287;0
51;9;9288;0
51;9;9289;0
51;9;9290;0
51;9;9291;0
51;9;9292;0
51;9;9293;0
51;9;9294;0
51;9;9295;0
51;9;9296;0
51;9;9297;0
51;9;9298;0
51;9;9299;0
51;9;9300;0
51;9;9301;0
51;9;9302;0
51;9;9303;0
51;9;9304;0
51;9;9305;0
51;9;9306;0
51;9;9307;0
51;9;9308;0
51;9;9309;0
51;9;9310;0
51;9;9311;0
51;9;9312;0
51;9;9313;0
51;9;9314;0
51;9;9315;0
51;9;9316;0
51;9;9317;0
51;9;9318;0
51;9;9319;0
51;9;9320;0
51;9;9321;0
51;9;9322;0
51;9;9323;0
51;9;9324;0
51;9;9325;0
51;9;9326;0
51;9;9327;0
51;9;9328;0
51;9;9329;0
51;9;9330;0
51;9;9331;0
51;9;9332;0
51;9;9333;0
51;9;9334;0
51;9;9335;0
51;9;9336;0
51;9;9337;0
51;9;9338;0
51;9;9339;0
51;9;9340;0
51;9;9341;0
51;9;9342;0
51;9;9343;0
51;9;9344;0
51;9;9345;0
51;9;9346;0
51;9;9347;0
51;9;9348;0
51;9;9349;0
51;9;9350;0
51;9;9351;0
51;9;9352;0
51;9;9353;0
51;9;9354;0
51;9;9355;0
51;9;9356;0
51;9;9357;0
51;9;9358;0
51;9;9359;0
51;9;9360;0
51;9;9361;0
51;9;9362;0
51;9;9363;0
51;9;9364;0
51;9;9365;0
51;9;9366;0
51;9;9367;0
51;9;9368;0
51;9;9369;0
51;9;9370;0
51;9;9371;0
51;9;9372;0
51;9;9373;0
51;9;9374;0
51;9;9375;0
51;9;9376;0
51;9;9377;0
51;9;9378;0
51;9;9379;0
51;9;9380;0
51;9;9381;0
51;9;9382;0
51;9;9383;0
51;9;9384;0
51;9;9385;0
51;9;9386;0
51;9;9387;0
51;9;9388;0
51;9;9389;0
51;9;9390;0
51;9;9391;0
51;9;9392;0
51;9;9393;0
51;9;9394;0
51;9;9395;0
51;9;9396;0
51;9;9397;0
51;9;9398;0
51;9;9399;0
51;9;9400;0
51;9;9401;0
51;9;9402;0
51;9;9403;0
51;9;9404;0
51;9;9405;0
51;9;9406;0
51;9;9407;0
51;9;9408;0
51;9;9409;0
51;9;9410;0
51;9;9411;0
51;9;9412;0
51;9;9413;0
51;9;9414;0
51;9;9415;0
51;9;9416;0
51;9;9417;0
51;9;9418;0
51;9;9419;0
51;9;9420;0
51;9;9421;0
51;9;9422;0
51;9;9423;0
51;9;9424;0
51;9;9425;0
51;9;9426;0
51;9;9427;0
51;9;9428;0
51;9;9429;0
51;9;9430;0
51;9;9431;0
51;9;9432;0
51;9;9433;0
51;9;9434;0
51;9;9435;0
51;9;9436;0
51;9;9437;0
51;9;9438;0
51;9;9439;0
51;9;9440;0
51;9;9441;0
51;9;9442;0
51;9;9443;0
51;9;9444;0
51;9;9445;0
51;9;9446;0
51;9;9447;0
51;9;9448;0
51;9;9449;0
51;9;9450;0
51;9;9451;0
51;9;9452;0
51;9;9453;0
51;9;9454;0
51;9;9455;0
51;9;9456;0
51;9;9457;0
51;9;9458;0
51;9;9459;0
51;9;9460;0
51;9;9461;0
51;9;9462;0
51;9;9463;0
51;9;9464;0
51;9;9465;0
51;9;9466;0
51;9;9467;0
51;9;9468;0
51;9;9469;0
51;9;9470;0
51;9;9471;0
51;9;9472;0
51;9;9473;0
51;9;9474;0
51;9;9475;0
51;9;9476;0
51;9;9477;0
51;9;9478;0
51;9;9479;0
51;9;9480;0
51;9;9481;0
51;9;9482;0
51;9;9483;0
51;9;9484;0
51;9;9485;0
51;9;9486;0
51;9;9487;0
51;9;9488;0
51;9;9489;0
51;9;9490;0
51;9;9491;0
51;9;9492;0
51;9;9493;0
51;9;9494;0
51;9;9495;0
51;9;9496;0
51;9;9497;0
51;9;9498;0
51;9;9499;0
51;9;9500;0
51;9;9501;0
51;9;9502;0
51;9;9503;0
51;9;9504;0
51;9;9505;0
51;9;9506;0
51;9;9507;0
51;9;9508;0
51;9;9509;0
51;9;9510;0
51;9;9511;0
51;9;9512;0
51;9;9513;0
51;9;9514;0
51;9;9515;0
51;9;9516;0
51;9;9517;0
51;9;9518;0
51;9;9519;0
51;9;9520;0
51;9;9521;0
51;9;9522;0
51;9;9523;0
51;9;9524;0
51;9;9525;0
51;9;9526;0
51;9;9527;0
51;9;9528;0
51;9;9529;0
51;9;9530;0
51;9;9531;0
51;9;9532;0
51;9;9533;0
51;9;9534;0
51;9;9535;0
51;9;9536;0
51;9;9537;0
51;9;9538;0
51;9;9539;0
51;9;9540;0
51;9;9541;0
51;9;9542;0
51;9;9543;0
51;9;9544;0
51;9;9545;0
51;9;9546;0
51;9;9547;0
51;9;9548;0
51;9;9549;0
51;9;9550;0
51;9;9551;0
51;9;9552;0
51;9;9553;0
51;9;9554;0
51;9;9555;0
51;9;9556;0
51;9;9557;0
51;9;9558;0
51;9;9559;0
51;9;9560;0
51;9;9561;0
51;9;9562;0
51;9;9563;0
51;9;9564;0
51;9;9565;0
51;9;9566;0
51;9;9567;0
51;9;9568;0
51;9;9569;0
51;9;9570;0
51;9;9571;0
51;9;9572;0
51;9;9573;0
51;9;9574;0
51;9;9575;0
51;9;9576;0
51;9;9577;0
51;9;9578;0
51;9;9579;0
51;9;9580;0
51;9;9581;0
51;9;9582;0
51;9;9583;0
51;9;9584;0
51;9;9585;0
51;9;9586;0
51;9;9587;0
51;9;9588;0
51;9;9589;0
51;9;9590;0
51;9;9591;0
51;9;9592;0
51;9;9593;0
51;9;9594;0
51;9;9595;0
51;9;9596;0
51;9;9597;0
51;9;9598;0
51;9;9599;0
51;9;9600;0
51;9;9601;0
51;9;9602;0
51;9;9603;0
51;9;9604;0
51;9;9605;0
51;9;9606;0
51;9;9607;0
51;9;9608;0
51;9;9609;0
51;9;9610;0
51;9;9611;0
51;9;9612;0
51;9;9613;0
51;9;9614;0
51;9;9615;0
51;9;9616;0
51;9;9617;0
51;9;9618;0
51;9;9619;0
51;9;9620;0
51;9;9621;0
51;9;9622;0
51;9;9623;0
51;9;9624;0
51;9;9625;0
51;9;9626;0
51;9;9627;0
51;9;9628;0
51;9;9629;0
51;9;9630;0
51;9;9631;0
51;9;9632;0
51;9;9633;0
51;9;9634;0
51;9;9635;0
51;9;9636;0
51;9;9637;0
51;9;9638;0
51;9;9639;0
51;9;9640;0
51;9;9641;0
51;9;9642;0
51;9;9643;0
51;9;9644;0
51;9;9645;0
51;9;9646;0
51;9;9647;0
51;9;9648;0
51;9;9649;0
51;9;9650;0
51;9;9651;0
51;9;9652;0
51;9;9653;0
51;9;9654;0
51;9;9655;0
51;9;9656;0
51;9;9657;0
51;9;9658;0
51;9;9659;0
51;9;9660;0
51;9;9661;0
51;9;9662;0
51;9;9663;0
51;9;9664;0
51;9;9665;0
51;9;9666;0
51;9;9667;0
51;9;9668;0
51;9;9669;0
51;9;9670;0
51;9;9671;0
51;9;9672;0
51;9;9673;0
51;9;9674;0
51;9;9675;0
51;9;9676;0
51;9;9677;0
51;9;9678;0
51;9;9679;0
51;9;9680;0
51;9;9681;0
51;9;9682;0
51;9;9683;0
51;9;9684;0
51;9;9685;0
51;9;9686;0
51;9;9687;0
51;9;9688;0
51;9;9689;0
51;9;9690;0
51;9;9691;0
51;9;9692;0
51;9;9693;0
51;9;9694;0
51;9;9695;0
51;9;9696;0
51;9;9697;0
51;9;9698;0
51;9;9699;0
51;9;9700;0
51;9;9701;0
51;9;9702;0
51;9;9703;0
51;9;9704;0
51;9;9705;0
51;9;9706;0
51;9;9707;0
51;9;9708;0
51;9;9709;0
51;9;9710;0
51;9;9711;0
51;9;9712;0
51;9;9713;0
51;9;9714;0
51;9;9715;0
51;9;9716;0
51;9;9717;0
51;9;9718;0
51;9;9719;0
51;9;9720;0
51;9;9721;0
51;9;9722;0
51;9;9723;0
51;9;9724;0
51;9;9725;0
51;9;9726;0
51;9;9727;0
51;9;9728;0
51;9;9729;0
51;9;9730;0
51;9;9731;0
51;9;9732;0
51;9;9733;0
51;9;9734;0
51;9;9735;0
51;9;9736;0
51;9;9737;0
51;9;9738;0
51;9;9739;0
51;9;9740;0
51;9;9741;0
51;9;9742;0
51;9;9743;0
51;9;9744;0
51;9;9745;0
51;9;9746;0
51;9;9747;0
51;9;9748;0
51;9;9749;0
51;9;9750;0
51;9;9751;0
51;9;9752;0
51;9;9753;0
51;9;9754;0
51;9;9755;0
51;9;9756;0
51;9;9757;0
51;9;9758;0
51;9;9759;0
51;9;9760;0
51;9;9761;0
51;9;9762;0
51;9;9763;0
51;9;9764;0
51;9;9765;0
51;9;9766;0
51;9;9767;0
51;9;9768;0
51;9;9769;0
51;9;9770;0
51;9;9771;0
51;9;9772;0
51;9;9773;0
51;9;9774;0
51;9;9775;0
51;9;9776;0
51;9;9777;0
51;9;9778;0
51;9;9779;0
51;9;9780;0
51;9;9781;0
51;9;9782;0
51;9;9783;0
51;9;9784;0
51;9;9785;0
51;9;9786;0
51;9;9787;0
51;9;9788;0
51;9;9789;0
51;9;9790;0
51;9;9791;0
51;9;9792;0
51;9;9793;0
51;9;9794;0
51;9;9795;0
51;9;9796;0
51;9;9797;0
51;9;9798;0
51;9;9799;0
51;9;9800;0
51;9;9801;0
51;9;9802;0
51;9;9803;0
51;9;9804;0
51;9;9805;0
51;9;9806;0
51;9;9807;0
51;9;9808;0
51;9;9809;0
51;9;9810;0
51;9;9811;0
51;9;9812;0
51;9;9813;0
51;9;9814;0
51;9;9815;0
51;9;9816;0
51;9;9817;0
51;9;9818;0
51;9;9819;0
51;9;9820;0
51;9;9821;0
51;9;9822;0
51;9;9823;0
51;9;9824;0
51;9;9825;0
51;9;9826;0
51;9;9827;0
51;9;9828;0
51;9;9829;0
51;9;9830;0
51;9;9831;0
51;9;9832;0
51;9;9833;0
51;9;9834;0
51;9;9835;0
51;9;9836;0
51;9;9837;0
51;9;9838;0
51;9;9839;0
51;9;9840;0
51;9;9841;0
51;9;9842;0
51;9;9843;0
51;9;9844;0
51;9;9845;0
51;9;9846;0
51;9;9847;0
51;9;9848;0
51;9;9849;0
51;9;9850;0
51;9;9851;0
51;9;9852;0
51;9;9853;0
51;9;9854;0
51;9;9855;0
51;9;9856;0
51;9;9857;0
51;9;9858;0
51;9;9859;0
51;9;9860;0
51;9;9861;0
51;9;9862;0
51;9;9863;0
51;9;9864;0
51;9;9865;0
51;9;9866;0
51;9;9867;0
51;9;9868;0
51;9;9869;0
51;9;9870;0
51;9;9871;0
51;9;9872;0
51;9;9873;0
51;9;9874;0
51;9;9875;0
51;9;9876;0
51;9;9877;0
51;9;9878;0
51;9;9879;0
51;9;9880;0
51;9;9881;0
51;9;9882;0
51;9;9883;0
51;9;9884;0
51;9;9885;0
51;9;9886;0
51;9;9887;0
51;9;9888;0
51;9;9889;0
51;9;9890;0
51;9;9891;0
51;9;9892;0
51;9;9893;0
51;9;9894;0
51;9;9895;0
51;9;9896;0
51;9;9897;0
51;9;9898;0
51;9;9899;0
51;9;9900;0
51;9;9901;0
51;9;9902;0
51;9;9903;0
51;9;9904;0
51;9;9905;0
51;9;9906;0
51;9;9907;0
51;9;9908;0
51;9;9909;0
51;9;9910;0
51;9;9911;0
51;9;9912;0
51;9;9913;0
51;9;9914;0
51;9;9915;0
51;9;9916;0
51;9;9917;0
51;9;9918;0
51;9;9919;0
51;9;9920;0
51;9;9921;0
51;9;9922;0
51;9;9923;0
51;9;9924;0
51;9;9925;0
51;9;9926;0
51;9;9927;0
51;9;9928;0
51;9;9929;0
51;9;9930;0
51;9;9931;0
51;9;9932;0
51;9;9933;0
51;9;9934;0
51;9;9935;0
51;9;9936;0
51;9;9937;0
51;9;9938;0
51;9;9939;0
51;9;9940;0
51;9;9941;0
51;9;9942;0
51;9;9943;0
51;9;9944;0
51;9;9945;0
51;9;9946;0
51;9;9947;0
51;9;9948;0
51;9;9949;0
51;9;9950;0
51;9;9951;0
51;9;9952;0
51;9;9953;0
51;9;9954;0
51;9;9955;0
51;9;9956;0
51;9;9957;0
51;9;9958;0
51;9;9959;0
51;9;9960;0
51;9;9961;0
51;9;9962;0
51;9;9963;0
51;9;9964;0
51;9;9965;0
51;9;9966;0
51;9;9967;0
51;9;9968;0
51;9;9969;0
51;9;9970;0
51;9;9971;0
51;9;9972;0
51;9;9973;0
51;9;9974;0
51;9;9975;0
51;9;9976;0
51;9;9977;0
51;9;9978;0
51;9;9979;0
51;9;9980;0
51;9;9981;0
51;9;9982;0
51;9;9983;0
51;9;9984;0
51;9;9985;0
51;9;9986;0
51;9;9987;0
51;9;9988;0
51;9;9989;0
51;9;9990;0
51;9;9991;0
51;9;9992;0
51;9;9993;0
51;9;9994;0
51;9;9995;0
51;9;9996;0
51;9;9997;0
51;9;9998;0
51;9;9999;0
51;9;10000;0
51;9;10001;1
51;9;10002;1
51;9;10003;1
51;9;10004;0
51;9;10005;0
51;9;10006;0
51;9;10007;0
51;9;10008;0
51;9;10009;1
51;9;10010;1
51;9;10011;1
51;9;10012;1
51;9;10013;0
51;9;10014;1
51;9;10015;1
51;9;10016;0
51;9;10017;1
51;9;10018;1
51;9;10019;0
51;9;10020;0
51;9;10021;0
51;9;10022;1
51;9;10023;1
51;9;10024;1
51;9;10025;0
51;9;10026;1
51;9;10027;1
51;9;10028;0
51;9;10029;1
51;9;10030;0
51;9;10031;1
51;9;10032;1
51;9;10033;0
51;9;10034;0
51;9;10035;1
51;9;10036;0
51;9;10037;1
51;9;10038;1
51;9;10039;1
51;9;10040;0
51;9;10041;1
51;9;10042;0
51;9;10043;1
51;9;10044;1
51;9;10045;1
51;9;10046;0
51;9;10047;1
51;9;10048;0
51;9;10049;1
51;9;10050;1
51;9;10051;1
51;9;10052;1
51;9;10053;0
51;9;10054;1
51;9;10055;0
51;9;10056;1
51;9;10057;1
51;9;10058;0
51;9;10059;1
51;9;10060;1
51;9;10061;0
51;9;10062;1
51;9;10063;0
51;9;10064;1
51;9;10065;1
51;9;10066;0
51;9;10067;1
51;9;10068;0
51;9;10069;1
51;9;10070;1
51;9;10071;0
51;9;10072;1
51;9;10073;1
51;9;10074;0
51;9;10075;0
51;9;10076;1
51;9;10077;0
51;9;10078;1
51;9;10079;1
51;9;10080;1
51;9;10081;0
51;9;10082;1
51;9;10083;1
51;9;10084;1
51;9;10085;0
51;9;10086;0
51;9;10087;1
51;9;10088;0
51;9;10089;0
51;9;10090;0
51;9;10091;0
51;9;10092;0
51;9;10093;0
51;9;10094;1
51;9;10095;1
51;9;10096;0
51;9;10097;1
51;9;10098;1
51;9;10099;0
51;9;10100;0
51;9;10101;1
51;9;10102;1
51;9;10103;0
51;9;10104;1
51;9;10105;0
51;9;10106;1
51;9;10107;1
51;9;10108;0
51;9;10109;1
51;9;10110;1
51;9;10111;1
51;9;10112;1
51;9;10113;0
51;9;10114;1
51;9;10115;1
51;9;10116;0
51;9;10117;0
51;9;10118;0
51;9;10119;1
51;9;10120;1
51;9;10121;1
51;9;10122;1
51;9;10123;0
51;9;10124;1
51;9;10125;0
51;9;10126;0
51;9;10127;1
51;9;10128;1
51;9;10129;0
51;9;10130;1
51;9;10131;1
51;9;10132;0
51;9;10133;0
51;9;10134;1
51;9;10135;0
51;9;10136;1
51;9;10137;1
51;9;10138;0
51;9;10139;1
51;9;10140;0
51;9;10141;1
51;9;10142;1
51;9;10143;1
51;9;10144;0
51;9;10145;1
51;9;10146;1
51;9;10147;0
51;9;10148;1
51;9;10149;1
51;9;10150;0
51;9;10151;1
51;9;10152;0
51;9;10153;1
51;9;10154;1
51;9;10155;0
51;9;10156;1
51;9;10157;0
51;9;10158;0
51;9;10159;0
51;9;10160;1
51;9;10161;0
51;9;10162;1
51;9;10163;1
51;9;10164;0
51;9;10165;0
51;9;10166;0
51;9;10167;0
51;9;10168;0
51;9;10169;0
51;9;10170;0
51;9;10171;0
51;9;10172;0
51;9;10173;0
51;9;10174;0
51;9;10175;0
51;9;10176;0
51;9;10177;0
51;9;10178;0
51;9;10179;0
51;9;10180;0
51;9;10181;0
51;9;10182;1
51;9;10183;0
51;9;10184;0
51;9;10185;0
51;9;10186;0
51;9;10187;0
51;9;10188;1
51;9;10189;0
51;9;10190;1
51;9;10191;0
51;9;10192;1
51;9;10193;0
51;9;10194;1
51;9;10195;0
51;9;10196;1
51;9;10197;1
51;9;10198;1
51;9;10199;0
51;9;10200;0
51;9;10201;0
51;9;10202;0
51;9;10203;1
51;9;10204;1
51;9;10205;1
51;9;10206;0
51;9;10207;0
51;9;10208;0
51;9;10209;1
51;9;10210;1
51;9;10211;0
51;9;10212;1
51;9;10213;0
51;9;10214;0
51;9;10215;1
51;9;10216;1
51;9;10217;1
51;9;10218;1
51;9;10219;0
51;9;10220;1
51;9;10221;1
51;9;10222;1
51;9;10223;1
51;9;10224;1
51;9;10225;1
51;9;10226;1
51;9;10227;1
51;9;10228;1
51;9;10229;1
51;9;10230;1
51;9;10231;1
51;9;10232;1
51;9;10233;0
51;9;10234;1
51;9;10235;1
51;9;10236;1
51;9;10237;1
51;9;10238;0
51;9;10239;1
51;9;10240;1
51;9;10241;1
51;9;10242;0
51;9;10243;1
51;9;10244;1
51;9;10245;1
51;9;10246;1
51;9;10247;1
51;9;10248;1
51;9;10249;1
51;9;10250;1
51;9;10251;1
51;9;10252;1
51;9;10253;1
51;9;10254;1
51;9;10255;1
51;9;10256;1
51;9;10257;1
51;9;10258;1
51;9;10259;0
51;9;10260;1
51;9;10261;1
51;9;10262;1
51;9;10263;1
51;9;10264;1
51;9;10265;0
51;9;10266;1
51;9;10267;1
51;9;10268;1
51;9;10269;1
51;9;10270;1
51;9;10271;1
51;9;10272;1
51;9;10273;1
51;9;10274;1
51;9;10275;1
51;9;10276;1
51;9;10277;1
51;9;10278;0
51;9;10279;1
51;9;10280;1
51;9;10281;0
51;9;10282;0
51;9;10283;1
51;9;10284;1
51;9;10285;1
51;9;10286;1
51;9;10287;1
51;9;10288;1
51;9;10289;1
51;9;10290;1
51;9;10291;1
51;9;10292;1
51;9;10293;1
51;9;10294;1
51;9;10295;1
51;9;10296;1
51;9;10297;1
51;9;10298;1
51;9;10299;0
51;9;10300;1
51;9;10301;1
51;9;10302;0
51;9;10303;1
51;9;10304;1
51;9;10305;1
51;9;10306;1
51;9;10307;1
51;9;10308;1
51;9;10309;0
51;9;10310;1
51;9;10311;1
51;9;10312;1
51;9;10313;0
51;9;10314;1
51;9;10315;1
51;9;10316;1
51;9;10317;0
51;9;10318;0
51;9;10319;1
51;9;10320;0
51;9;10321;1
51;9;10322;1
51;9;10323;1
51;9;10324;1
51;9;10325;1
51;9;10326;1
51;9;10327;1
51;9;10328;1
51;9;10329;1
51;9;10330;1
51;9;10331;1
51;9;10332;1
51;9;10333;1
51;9;10334;1
51;9;10335;1
51;9;10336;1
51;9;10337;1
51;9;10338;0
51;9;10339;1
51;9;10340;1
51;9;10341;1
51;9;10342;1
51;9;10343;1
51;9;10344;1
51;9;10345;1
51;9;10346;0
51;9;10347;1
51;9;10348;1
51;9;10349;1
51;9;10350;1
51;9;10351;1
51;9;10352;1
51;9;10353;1
51;9;10354;1
51;9;10355;1
51;9;10356;1
51;9;10357;1
51;9;10358;1
51;9;10359;1
51;9;10360;1
51;9;10361;1
51;9;10362;1
51;9;10363;1
51;9;10364;1
51;9;10365;1
51;9;10366;1
51;9;10367;1
51;9;10368;1
51;9;10369;1
51;9;10370;1
51;9;10371;0
51;9;10372;0
51;9;10373;0
51;9;10374;0
51;9;10375;1
51;9;10376;0
51;9;10377;1
51;9;10378;1
51;9;10379;1
51;9;10380;1
51;9;10381;0
51;9;10382;1
51;9;10383;0
51;9;10384;0
51;9;10385;0
51;9;10386;0
51;9;10387;0
51;9;10388;0
51;9;10389;1
51;9;10390;0
51;9;10391;1
51;9;10392;0
51;9;10393;0
51;9;10394;1
51;9;10395;0
51;9;10396;0
51;9;10397;0
51;9;10398;0
51;9;10399;1
51;9;10400;1
51;9;10401;1
51;9;10402;1
51;9;10403;1
51;9;10404;1
51;9;10405;1
51;9;10406;1
51;9;10407;1
51;9;10408;1
51;9;10409;1
51;9;10410;1
51;9;10411;1
51;9;10412;1
51;9;10413;0
51;9;10414;1
51;9;10415;1
51;9;10416;1
51;9;10417;1
51;9;10418;1
51;9;10419;1
51;9;10420;0
51;9;10421;1
51;9;10422;1
51;9;10423;1
51;9;10424;1
51;9;10425;1
51;9;10426;1
51;9;10427;1
51;9;10428;1
51;9;10429;1
51;9;10430;1
51;9;10431;1
51;9;10432;1
51;9;10433;1
51;9;10434;1
51;9;10435;1
51;9;10436;1
51;9;10437;1
51;9;10438;1
51;9;10439;1
51;9;10440;0
51;9;10441;1
51;9;10442;0
51;9;10443;0
51;9;10444;1
51;9;10445;1
51;9;10446;1
51;9;10447;1
51;9;10448;0
51;9;10449;1
51;9;10450;1
51;9;10451;1
51;9;10452;1
51;9;10453;1
51;9;10454;1
51;9;10455;1
51;9;10456;1
51;9;10457;1
51;9;10458;1
51;9;10459;1
51;9;10460;1
51;9;10461;1
51;9;10462;1
51;9;10463;1
51;9;10464;0
51;9;10465;1
51;9;10466;0
51;9;10467;1
51;9;10468;0
51;9;10469;1
51;9;10470;1
51;9;10471;1
51;9;10472;1
51;9;10473;1
51;9;10474;0
51;9;10475;1
51;9;10476;1
51;9;10477;1
51;9;10478;1
51;9;10479;1
51;9;10480;1
51;9;10481;1
51;9;10482;1
51;9;10483;0
51;9;10484;1
51;9;10485;1
51;9;10486;1
51;9;10487;1
51;9;10488;1
51;9;10489;0
51;9;10490;1
51;9;10491;0
51;9;10492;1
51;9;10493;1
51;9;10494;1
51;9;10495;0
51;9;10496;1
51;9;10497;1
51;9;10498;1
51;9;10499;1
51;9;10500;1
51;9;10501;0
51;9;10502;0
51;9;10503;0
51;9;10504;0
51;9;10505;1
51;9;10506;1
51;9;10507;1
51;9;10508;1
51;9;10509;1
51;9;10510;1
51;9;10511;1
51;9;10512;1
51;9;10513;1
51;9;10514;1
51;9;10515;1
51;9;10516;0
51;9;10517;1
51;9;10518;1
51;9;10519;1
51;9;10520;1
51;9;10521;1
51;9;10522;1
51;9;10523;1
51;9;10524;1
51;9;10525;1
51;9;10526;1
51;9;10527;1
51;9;10528;1
51;9;10529;0
51;9;10530;0
51;9;10531;0
51;9;10532;0
51;9;10533;0
51;9;10534;1
51;9;10535;1
51;9;10536;1
51;9;10537;1
51;9;10538;1
51;9;10539;1
51;9;10540;1
51;9;10541;0
51;9;10542;1
51;9;10543;1
51;9;10544;1
51;9;10545;0
51;9;10546;0
51;9;10547;0
51;9;10548;1
51;9;10549;1
51;9;10550;1
51;9;10551;1
51;9;10552;1
51;9;10553;1
51;9;10554;1
51;9;10555;1
51;9;10556;1
51;9;10557;1
51;9;10558;0
51;9;10559;0
51;9;10560;0
51;9;10561;1
51;9;10562;0
51;9;10563;1
51;9;10564;1
51;9;10565;1
51;9;10566;1
51;9;10567;1
51;9;10568;0
51;9;10569;1
51;9;10570;0
51;9;10571;0
51;9;10572;1
51;9;10573;0
51;9;10574;1
51;9;10575;0
51;9;10576;1
51;9;10577;1
51;9;10578;0
51;9;10579;0
51;9;10580;0
51;9;10581;1
51;9;10582;1
51;9;10583;1
51;9;10584;1
51;9;10585;1
51;9;10586;1
51;9;10587;1
51;9;10588;1
51;9;10589;0
51;9;10590;0
51;9;10591;1
51;9;10592;0
51;9;10593;0
51;9;10594;0
51;9;10595;0
51;9;10596;0
51;9;10597;0
51;9;10598;1
51;9;10599;0
51;9;10600;0
51;9;10601;1
51;9;10602;1
51;9;10603;1
51;9;10604;1
51;9;10605;1
51;9;10606;1
51;9;10607;0
51;9;10608;1
51;9;10609;0
51;9;10610;1
51;9;10611;1
51;9;10612;1
51;9;10613;1
51;9;10614;0
51;9;10615;0
51;9;10616;1
51;9;10617;1
51;9;10618;1
51;9;10619;1
51;9;10620;1
51;9;10621;1
51;9;10622;0
51;9;10623;1
51;9;10624;1
51;9;10625;1
51;9;10626;1
51;9;10627;1
51;9;10628;0
51;9;10629;1
51;9;10630;0
51;9;10631;0
51;9;10632;0
51;9;10633;0
51;9;10634;0
51;9;10635;0
51;9;10636;0
51;9;10637;1
51;9;10638;1
51;9;10639;1
51;9;10640;1
51;9;10641;1
51;9;10642;1
51;9;10643;0
51;9;10644;1
51;9;10645;1
51;9;10646;1
51;9;10647;0
51;9;10648;1
51;9;10649;1
51;9;10650;0
51;9;10651;1
51;9;10652;1
51;9;10653;1
51;9;10654;1
51;9;10655;0
51;9;10656;0
51;9;10657;1
51;9;10658;1
51;9;10659;1
51;9;10660;1
51;9;10661;1
51;9;10662;0
51;9;10663;1
51;9;10664;1
51;9;10665;1
51;9;10666;1
51;9;10667;1
51;9;10668;1
51;9;10669;1
51;9;10670;1
51;9;10671;0
51;9;10672;0
51;9;10673;1
51;9;10674;1
51;9;10675;0
51;9;10676;1
51;9;10677;1
51;9;10678;1
51;9;10679;1
51;9;10680;1
51;9;10681;0
51;9;10682;1
51;9;10683;0
51;9;10684;1
51;9;10685;0
51;9;10686;0
51;9;10687;1
51;9;10688;1
51;9;10689;1
51;9;10690;1
51;9;10691;0
51;9;10692;1
51;9;10693;1
51;9;10694;0
51;9;10695;1
51;9;10696;1
51;9;10697;1
51;9;10698;1
51;9;10699;1
51;9;10700;1
51;9;10701;1
51;9;10702;1
51;9;10703;1
51;9;10704;1
51;9;10705;1
51;9;10706;1
51;9;10707;1
51;9;10708;1
51;9;10709;1
51;9;10710;1
51;9;10711;1
51;9;10712;1
51;9;10713;1
51;9;10714;1
51;9;10715;0
51;9;10716;1
51;9;10717;1
51;9;10718;1
51;9;10719;1
51;9;10720;1
51;9;10721;1
51;9;10722;1
51;9;10723;1
51;9;10724;0
51;9;10725;1
51;9;10726;1
51;9;10727;1
51;9;10728;1
51;9;10729;1
51;9;10730;0
51;9;10731;1
51;9;10732;0
51;9;10733;0
51;9;10734;0
51;9;10735;0
51;9;10736;1
51;9;10737;0
51;9;10738;1
51;9;10739;0
51;9;10740;1
51;9;10741;1
51;9;10742;1
51;9;10743;0
51;9;10744;1
51;9;10745;0
51;9;10746;1
51;9;10747;1
51;9;10748;0
51;9;10749;1
51;9;10750;0
51;9;10751;1
51;9;10752;1
51;9;10753;1
51;9;10754;0
51;9;10755;1
51;9;10756;1
51;9;10757;1
51;9;10758;1
51;9;10759;0
51;9;10760;0
51;9;10761;0
51;9;10762;1
51;9;10763;1
51;9;10764;1
51;9;10765;0
51;9;10766;1
51;9;10767;0
51;9;10768;0
51;9;10769;0
51;9;10770;1
51;9;10771;1
51;9;10772;0
51;9;10773;0
51;9;10774;0
51;9;10775;1
51;9;10776;1
51;9;10777;1
51;9;10778;0
51;9;10779;0
51;9;10780;0
51;9;10781;1
51;9;10782;0
51;9;10783;0
51;9;10784;0
51;9;10785;1
51;9;10786;0
51;9;10787;0
51;9;10788;0
51;9;10789;0
51;9;10790;0
51;9;10791;0
51;9;10792;0
51;9;10793;1
51;9;10794;0
51;9;10795;1
51;9;10796;1
51;9;10797;0
51;9;10798;1
51;9;10799;1
51;9;10800;1
51;9;10801;1
51;9;10802;0
51;9;10803;0
51;9;10804;0
51;9;10805;0
51;9;10806;1
51;9;10807;0
51;9;10808;0
51;9;10809;1
51;9;10810;0
51;9;10811;0
51;9;10812;0
51;9;10813;0
51;9;10814;1
51;9;10815;1
51;9;10816;0
51;9;10817;1
51;9;10818;1
51;9;10819;1
51;9;10820;0
51;9;10821;1
51;9;10822;1
51;9;10823;1
51;9;10824;1
51;9;10825;1
51;9;10826;0
51;9;10827;0
51;9;10828;1
51;9;10829;1
51;9;10830;1
51;9;10831;1
51;9;10832;0
51;9;10833;0
51;9;10834;1
51;9;10835;1
51;9;10836;1
51;9;10837;0
51;9;10838;1
51;9;10839;1
51;9;10840;0
51;9;10841;0
51;9;10842;0
51;9;10843;1
51;9;10844;1
51;9;10845;0
51;9;10846;0
51;9;10847;1
51;9;10848;0
51;9;10849;1
51;9;10850;1
51;9;10851;0
51;9;10852;0
51;9;10853;0
51;9;10854;0
51;9;10855;0
51;9;10856;0
51;9;10857;0
51;9;10858;1
51;9;10859;1
51;9;10860;1
51;9;10861;1
51;9;10862;0
51;9;10863;0
51;9;10864;0
51;9;10865;0
51;9;10866;0
51;9;10867;0
51;9;10868;0
51;9;10869;0
51;9;10870;0
51;9;10871;0
51;9;10872;0
51;9;10873;0
51;9;10874;0
51;9;10875;0
51;9;10876;0
51;9;10877;0
51;9;10878;0
51;9;10879;0
51;9;10880;0
51;9;10881;0
51;9;10882;0
51;9;10883;0
51;9;10884;0
51;9;10885;0
51;9;10886;0
51;9;10887;1
51;9;10888;1
51;9;10889;1
51;9;10890;0
51;9;10891;0
51;9;10892;1
51;9;10893;1
51;9;10894;0
51;9;10895;1
51;9;10896;0
51;9;10897;1
51;9;10898;0
51;9;10899;0
51;9;10900;0
51;9;10901;0
51;9;10902;0
51;9;10903;0
51;9;10904;0
51;9;10905;0
51;9;10906;0
51;9;10907;0
51;9;10908;0
51;9;10909;0
51;9;10910;0
51;9;10911;0
51;9;10912;0
51;9;10913;0
51;9;10914;0
51;9;10915;0
51;9;10916;0
51;9;10917;0
51;9;10918;0
51;9;10919;0
51;9;10920;0
51;9;10921;0
51;9;10922;0
51;9;10923;0
51;9;10924;0
51;9;10925;0
51;9;10926;0
51;9;10927;0
51;9;10928;0
51;9;10929;0
51;9;10930;0
51;9;10931;0
51;9;10932;0
51;9;10933;0
51;9;10934;0
51;9;10935;0
51;9;10936;0
51;9;10937;0
51;9;10938;0
51;9;10939;0
51;9;10940;0
51;9;10941;0
51;9;10942;0
51;9;10943;0
51;9;10944;0
51;9;10945;0
51;9;10946;0
51;9;10947;0
51;9;10948;0
51;9;10949;0
51;9;10950;0
51;9;10951;0
51;9;10952;0
51;9;10953;0
51;9;10954;0
51;9;10955;0
51;9;10956;0
51;9;10957;0
51;9;10958;0
51;9;10959;0
51;9;10960;0
51;9;10961;0
51;9;10962;0
51;9;10963;0
51;9;10964;0
51;9;10965;0
51;9;10966;0
51;9;10967;0
51;9;10968;0
51;9;10969;0
51;9;10970;0
51;9;10971;0
51;9;10972;0
51;9;10973;0
51;9;10974;0
51;9;10975;0
51;9;10976;0
51;9;10977;0
51;9;10978;0
51;9;10979;0
51;9;10980;0
51;9;10981;0
51;9;10982;0
51;9;10983;0
51;9;10984;0
51;9;10985;0
51;9;10986;0
51;9;10987;0
51;9;10988;0
51;9;10989;0
51;9;10990;0
51;9;10991;0
51;9;10992;0
51;9;10993;0
51;9;10994;0
51;9;10995;0
51;9;10996;0
51;9;10997;0
51;9;10998;0
51;9;10999;0
51;9;11000;0
51;9;11001;0
51;9;11002;0
51;9;11003;0
51;9;11004;0
51;9;11005;0
51;9;11006;0
51;9;11007;0
51;9;11008;0
51;9;11009;0
51;9;11010;0
51;9;11011;0
51;9;11012;0
51;9;11013;0
51;9;11014;0
51;9;11015;0
51;9;11016;0
51;9;11017;0
51;9;11018;0
51;9;11019;0
51;9;11020;0
51;9;11021;0
51;9;11022;0
51;9;11023;0
51;9;11024;0
51;9;11025;0
51;9;11026;0
51;9;11027;0
51;9;11028;0
51;9;11029;0
51;9;11030;0
51;9;11031;0
51;9;11032;0
51;9;11033;0
51;9;11034;0
51;9;11035;0
51;9;11036;0
51;9;11037;0
51;9;11038;0
51;9;11039;0
51;9;11040;0
51;9;11041;0
51;9;11042;0
51;9;11043;0
51;9;11044;0
51;9;11045;0
51;9;11046;0
51;9;11047;0
51;9;11048;0
51;9;11049;0
51;9;11050;0
51;9;11051;0
51;9;11052;1
51;9;11053;0
51;9;11054;1
51;9;11055;1
51;9;11056;0
51;9;11057;1
51;9;11058;0
51;9;11059;0
51;9;11060;0
51;9;11061;0
51;9;11062;0
51;9;11063;0
51;9;11064;0
51;9;11065;0
51;9;11066;0
51;9;11067;0
51;9;11068;0
51;9;11069;0
51;9;11070;0
51;9;11071;0
51;9;11072;0
51;9;11073;0
51;9;11074;0
51;9;11075;0
51;9;11076;0
51;9;11077;0
51;9;11078;0
51;9;11079;0
51;9;11080;0
51;9;11081;0
51;9;11082;0
51;9;11083;0
51;9;11084;0
51;9;11085;0
51;9;11086;0
51;9;11087;0
51;9;11088;0
51;9;11089;0
51;9;11090;0
51;9;11091;0
51;9;11092;0
51;9;11093;0
51;9;11094;0
51;9;11095;0
51;9;11096;0
51;9;11097;0
51;9;11098;0
51;9;11099;0
51;9;11100;0
51;9;11101;0
51;9;11102;0
51;9;11103;0
51;9;11104;0
51;9;11105;0
51;9;11106;0
51;9;11107;0
51;9;11108;0
51;9;11109;1
51;9;11110;1
51;9;11111;1
51;9;11112;1
51;9;11113;1
51;9;11114;1
51;9;11115;0
51;9;11116;1
51;9;11117;1
51;9;11118;1
51;9;11119;0
51;9;11120;0
51;9;11121;0
51;9;11122;1
51;9;11123;1
51;9;11124;1
51;9;11125;0
51;9;11126;0
51;9;11127;0
51;9;11128;1
51;9;11129;0
51;9;11130;0
51;9;11131;1
51;9;11132;1
51;9;11133;1
51;9;11134;1
51;9;11135;1
51;9;11136;1
51;9;11137;1
51;9;11138;1
51;9;11139;1
51;9;11140;0
51;9;11141;1
51;9;11142;1
51;9;11143;1
51;9;11144;1
51;9;11145;1
51;9;11146;1
51;9;11147;1
51;9;11148;1
51;9;11149;0
51;9;11150;1
51;9;11151;0
51;9;11152;0
51;9;11153;1
51;9;11154;1
51;9;11155;1
51;9;11156;1
51;9;11157;1
51;9;11158;1
51;9;11159;1
51;9;11160;1
51;9;11161;0
51;9;11162;0
51;9;11163;0
51;9;11164;0
51;9;11165;0
51;9;11166;1
51;9;11167;1
51;9;11168;1
51;9;11169;1
51;9;11170;1
51;9;11171;1
51;9;11172;0
51;9;11173;0
51;9;11174;0
51;9;11175;1
51;9;11176;1
51;9;11177;1
51;9;11178;0
51;9;11179;0
51;9;11180;0
51;9;11181;1
51;9;11182;0
51;9;11183;1
51;9;11184;1
51;9;11185;0
51;9;11186;1
51;9;11187;1
51;9;11188;0
51;9;11189;1
51;9;11190;1
51;9;11191;1
51;9;11192;1
51;9;11193;1
51;9;11194;1
51;9;11195;1
51;9;11196;1
51;9;11197;1
51;9;11198;0
51;9;11199;1
51;9;11200;0
51;9;11201;0
51;9;11202;0
51;9;11203;1
51;9;11204;0
51;9;11205;0
51;9;11206;1
51;9;11207;1
51;9;11208;1
51;9;11209;1
51;9;11210;1
51;9;11211;1
51;9;11212;1
51;9;11213;1
51;9;11214;1
51;9;11215;1
51;9;11216;1
51;9;11217;1
51;9;11218;1
51;9;11219;1
51;9;11220;1
51;9;11221;1
51;9;11222;1
51;9;11223;1
51;9;11224;1
51;9;11225;1
51;9;11226;1
51;9;11227;1
51;9;11228;1
51;9;11229;1
51;9;11230;1
51;9;11231;1
51;9;11232;1
51;9;11233;1
51;9;11234;0
51;9;11235;0
51;9;11236;1
51;9;11237;0
51;9;11238;0
51;9;11239;0
51;9;11240;1
51;9;11241;1
51;9;11242;0
51;9;11243;1
51;9;11244;1
51;9;11245;0
51;9;11246;1
51;9;11247;0
51;9;11248;1
51;9;11249;0
51;9;11250;1
51;9;11251;1
51;9;11252;0
51;9;11253;0
51;9;11254;1
51;9;11255;1
51;9;11256;1
51;9;11257;1
51;9;11258;1
51;9;11259;0
51;9;11260;0
51;9;11261;1
51;9;11262;1
51;9;11263;1
51;9;11264;0
51;9;11265;1
51;9;11266;0
51;9;11267;0
51;9;11268;0
51;9;11269;1
51;9;11270;0
51;9;11271;1
51;9;11272;1
51;9;11273;0
51;9;11274;1
51;9;11275;0
51;9;11276;1
51;9;11277;0
51;9;11278;1
51;9;11279;0
51;9;11280;1
51;9;11281;0
51;9;11282;0
51;9;11283;1
51;9;11284;0
51;9;11285;1
51;9;11286;1
51;9;11287;0
51;9;11288;1
51;9;11289;0
51;9;11290;0
51;9;11291;1
51;9;11292;0
51;9;11293;1
51;9;11294;0
51;9;11295;0
51;9;11296;1
51;9;11297;1
51;9;11298;1
51;9;11299;0
51;9;11300;1
51;9;11301;1
51;9;11302;1
51;9;11303;0
51;9;11304;1
51;9;11305;1
51;9;11306;0
51;9;11307;0
51;9;11308;0
51;9;11309;1
51;9;11310;0
51;9;11311;1
51;9;11312;0
51;9;11313;1
51;9;11314;0
51;9;11315;1
51;9;11316;1
51;9;11317;0
51;9;11318;0
51;9;11319;1
51;9;11320;1
51;9;11321;1
51;9;11322;1
51;9;11323;0
51;9;11324;0
51;9;11325;1
51;9;11326;0
51;9;11327;1
51;9;11328;0
51;9;11329;0
51;9;11330;1
51;9;11331;1
51;9;11332;1
51;9;11333;1
51;9;11334;0
51;9;11335;1
51;9;11336;1
51;9;11337;0
51;9;11338;1
51;9;11339;1
51;9;11340;1
51;9;11341;0
51;9;11342;0
51;9;11343;1
51;9;11344;1
51;9;11345;1
51;9;11346;1
51;9;11347;0
51;9;11348;0
51;9;11349;1
51;9;11350;1
51;9;11351;1
51;9;11352;1
51;9;11353;1
51;9;11354;1
51;9;11355;0
51;9;11356;0
51;9;11357;0
51;9;11358;0
51;9;11359;0
51;9;11360;0
51;9;11361;0
51;9;11362;1
51;9;11363;1
51;9;11364;1
51;9;11365;1
51;9;11366;0
51;9;11367;0
51;9;11368;1
51;9;11369;1
51;9;11370;1
51;9;11371;1
51;9;11372;0
51;9;11373;1
51;9;11374;0
51;9;11375;0
51;9;11376;0
51;9;11377;0
51;9;11378;0
51;9;11379;0
51;9;11380;0
51;9;11381;0
51;9;11382;0
51;9;11383;1
51;9;11384;1
51;9;11385;1
51;9;11386;1
51;9;11387;0
51;9;11388;0
51;9;11389;0
51;9;11390;1
51;9;11391;1
51;9;11392;0
51;9;11393;1
51;9;11394;1
51;9;11395;1
51;9;11396;0
51;9;11397;0
51;9;11398;0
51;9;11399;1
51;9;11400;0
51;9;11401;0
51;9;11402;0
51;9;11403;0
51;9;11404;0
51;9;11405;0
51;9;11406;0
51;9;11407;1
51;9;11408;1
51;9;11409;0
51;9;11410;1
51;9;11411;1
51;9;11412;0
51;9;11413;0
51;9;11414;1
51;9;11415;1
51;9;11416;0
51;9;11417;1
51;9;11418;1
51;9;11419;1
51;9;11420;1
51;9;11421;1
51;9;11422;0
51;9;11423;1
51;9;11424;1
51;9;11425;1
51;9;11426;1
51;9;11427;1
51;9;11428;0
51;9;11429;1
51;9;11430;1
51;9;11431;0
51;9;11432;1
51;9;11433;1
51;9;11434;1
51;9;11435;0
51;9;11436;1
51;9;11437;1
51;9;11438;1
51;9;11439;0
51;9;11440;1
51;9;11441;0
51;9;11442;1
51;9;11443;1
51;9;11444;1
51;9;11445;1
51;9;11446;0
51;9;11447;1
51;9;11448;0
51;9;11449;1
51;9;11450;1
51;9;11451;1
51;9;11452;0
51;9;11453;1
51;9;11454;0
51;9;11455;1
51;9;11456;1
51;9;11457;0
51;9;11458;0
51;9;11459;1
51;9;11460;1
51;9;11461;0
51;9;11462;1
51;9;11463;1
51;9;11464;1
51;9;11465;1
51;9;11466;1
51;9;11467;1
51;9;11468;0
51;9;11469;1
51;9;11470;1
51;9;11471;1
51;9;11472;0
51;9;11473;1
51;9;11474;0
51;9;11475;1
51;9;11476;1
51;9;11477;1
51;9;11478;1
51;9;11479;1
51;9;11480;0
51;9;11481;1
51;9;11482;0
51;9;11483;1
51;9;11484;1
51;9;11485;1
51;9;11486;0
51;9;11487;1
51;9;11488;1
51;9;11489;0
51;9;11490;1
51;9;11491;0
51;9;11492;1
51;9;11493;1
51;9;11494;1
51;9;11495;0
51;9;11496;1
51;9;11497;1
51;9;11498;0
51;9;11499;1
51;9;11500;0
51;9;11501;1
51;9;11502;1
51;9;11503;0
51;9;11504;1
51;9;11505;1
51;9;11506;0
51;9;11507;1
51;9;11508;1
51;9;11509;1
51;9;11510;1
51;9;11511;0
51;9;11512;1
51;9;11513;0
51;9;11514;0
51;9;11515;0
51;9;11516;1
51;9;11517;0
51;9;11518;1
51;9;11519;1
51;9;11520;0
51;9;11521;1
51;9;11522;1
51;9;11523;1
51;9;11524;1
51;9;11525;1
51;9;11526;1
51;9;11527;0
51;9;11528;1
51;9;11529;0
51;9;11530;1
51;9;11531;0
51;9;11532;1
51;9;11533;1
51;9;11534;0
51;9;11535;1
51;9;11536;1
51;9;11537;1
51;9;11538;1
51;9;11539;0
51;9;11540;1
51;9;11541;0
51;9;11542;0
51;9;11543;0
51;9;11544;0
51;9;11545;1
51;9;11546;0
51;9;11547;1
51;9;11548;1
51;9;11549;0
51;9;11550;0
51;9;11551;0
51;9;11552;1
51;9;11553;1
51;9;11554;0
51;9;11555;1
51;9;11556;1
51;9;11557;0
51;9;11558;1
51;9;11559;1
51;9;11560;0
51;9;11561;1
51;9;11562;0
51;9;11563;1
51;9;11564;1
51;9;11565;1
51;9;11566;0
51;9;11567;1
51;9;11568;1
51;9;11569;1
51;9;11570;0
51;9;11571;1
51;9;11572;1
51;9;11573;0
51;9;11574;1
51;9;11575;1
51;9;11576;0
51;9;11577;1
51;9;11578;1
51;9;11579;0
51;9;11580;1
51;9;11581;1
51;9;11582;0
51;9;11583;0
51;9;11584;0
51;9;11585;0
51;9;11586;1
51;9;11587;1
51;9;11588;1
51;9;11589;1
51;9;11590;1
51;9;11591;1
51;9;11592;1
51;9;11593;0
51;9;11594;1
51;9;11595;0
51;9;11596;0
51;9;11597;1
51;9;11598;1
51;9;11599;1
51;9;11600;1
51;9;11601;1
51;9;11602;0
51;9;11603;0
51;9;11604;0
51;9;11605;1
51;9;11606;1
51;9;11607;1
51;9;11608;0
51;9;11609;0
51;9;11610;1
51;9;11611;0
51;9;11612;1
51;9;11613;0
51;9;11614;1
51;9;11615;1
51;9;11616;0
51;9;11617;1
51;9;11618;1
51;9;11619;1
51;9;11620;0
51;9;11621;1
51;9;11622;0
51;9;11623;0
51;9;11624;1
51;9;11625;1
51;9;11626;0
51;9;11627;1
51;9;11628;0
51;9;11629;1
51;9;11630;0
51;9;11631;1
51;9;11632;0
51;9;11633;1
51;9;11634;0
51;9;11635;1
51;9;11636;1
51;9;11637;1
51;9;11638;1
51;9;11639;1
51;9;11640;0
51;9;11641;0
51;9;11642;0
51;9;11643;1
51;9;11644;0
51;9;11645;1
51;9;11646;0
51;9;11647;1
51;9;11648;1
51;9;11649;1
51;9;11650;0
51;9;11651;1
51;9;11652;1
51;9;11653;0
51;9;11654;1
51;9;11655;1
51;9;11656;0
51;9;11657;1
51;9;11658;1
51;9;11659;1
51;9;11660;0
51;9;11661;0
51;9;11662;0
51;9;11663;1
51;9;11664;0
51;9;11665;1
51;9;11666;1
51;9;11667;1
51;9;11668;1
51;9;11669;0
51;9;11670;0
51;9;11671;0
51;9;11672;1
51;9;11673;1
51;9;11674;1
51;9;11675;1
51;9;11676;1
51;9;11677;1
51;9;11678;0
51;9;11679;0
51;9;11680;1
51;9;11681;1
51;9;11682;1
51;9;11683;0
51;9;11684;0
51;9;11685;1
51;9;11686;1
51;9;11687;0
51;9;11688;1
51;9;11689;1
51;9;11690;1
51;9;11691;0
51;9;11692;0
51;9;11693;0
51;9;11694;1
51;9;11695;1
51;9;11696;0
51;9;11697;1
51;9;11698;1
51;9;11699;0
51;9;11700;1
51;9;11701;0
51;9;11702;1
51;9;11703;0
51;9;11704;1
51;9;11705;0
51;9;11706;0
51;9;11707;0
51;9;11708;1
51;9;11709;1
51;9;11710;0
51;9;11711;1
51;9;11712;1
51;9;11713;1
51;9;11714;1
51;9;11715;0
51;9;11716;0
51;9;11717;0
51;9;11718;0
51;9;11719;1
51;9;11720;1
51;9;11721;0
51;9;11722;0
51;9;11723;1
51;9;11724;1
51;9;11725;1
51;9;11726;1
51;9;11727;1
51;9;11728;0
51;9;11729;1
51;9;11730;1
51;9;11731;1
51;9;11732;0
51;9;11733;1
51;9;11734;1
51;9;11735;1
51;9;11736;1
51;9;11737;0
51;9;11738;0
51;9;11739;1
51;9;11740;0
51;9;11741;0
51;9;11742;0
51;9;11743;1
51;9;11744;0
51;9;11745;1
51;9;11746;1
51;9;11747;1
51;9;11748;1
51;9;11749;0
51;9;11750;1
51;9;11751;0
51;9;11752;1
51;9;11753;1
51;9;11754;1
51;9;11755;1
51;9;11756;1
51;9;11757;1
51;9;11758;0
51;9;11759;0
51;9;11760;1
51;9;11761;1
51;9;11762;1
51;9;11763;1
51;9;11764;1
51;9;11765;1
51;9;11766;0
51;9;11767;1
51;9;11768;1
51;9;11769;1
51;9;11770;0
51;9;11771;0
51;9;11772;1
51;9;11773;1
51;9;11774;0
51;9;11775;1
51;9;11776;1
51;9;11777;1
51;9;11778;0
51;9;11779;1
51;9;11780;0
51;9;11781;0
51;9;11782;1
51;9;11783;1
51;9;11784;1
51;9;11785;1
51;9;11786;0
51;9;11787;0
51;9;11788;0
51;9;11789;1
51;9;11790;1
51;9;11791;0
51;9;11792;1
51;9;11793;0
51;9;11794;1
51;9;11795;0
51;9;11796;1
51;9;11797;1
51;9;11798;1
51;9;11799;1
51;9;11800;1
51;9;11801;0
51;9;11802;1
51;9;11803;0
51;9;11804;1
51;9;11805;1
51;9;11806;1
51;9;11807;1
51;9;11808;1
51;9;11809;1
51;9;11810;1
51;9;11811;0
51;9;11812;1
51;9;11813;0
51;9;11814;0
51;9;11815;1
51;9;11816;1
51;9;11817;1
51;9;11818;0
51;9;11819;1
51;9;11820;0
51;9;11821;1
51;9;11822;1
51;9;11823;1
51;9;11824;0
51;9;11825;1
51;9;11826;1
51;9;11827;1
51;9;11828;1
51;9;11829;1
51;9;11830;0
51;9;11831;1
51;9;11832;1
51;9;11833;1
51;9;11834;1
51;9;11835;0
51;9;11836;0
51;9;11837;1
51;9;11838;1
51;9;11839;1
51;9;11840;1
51;9;11841;0
51;9;11842;1
51;9;11843;0
51;9;11844;1
51;9;11845;0
51;9;11846;1
51;9;11847;1
51;9;11848;0
51;9;11849;1
51;9;11850;1
51;9;11851;0
51;9;11852;1
51;9;11853;0
51;9;11854;1
51;9;11855;1
51;9;11856;1
51;9;11857;0
51;9;11858;1
51;9;11859;1
51;9;11860;1
51;9;11861;1
51;9;11862;1
51;9;11863;0
51;9;11864;1
51;9;11865;1
51;9;11866;0
51;9;11867;1
51;9;11868;1
51;9;11869;1
51;9;11870;1
51;9;11871;1
51;9;11872;1
51;9;11873;0
51;9;11874;1
51;9;11875;1
51;9;11876;1
51;9;11877;1
51;9;11878;1
51;9;11879;0
51;9;11880;1
51;9;11881;1
51;9;11882;0
51;9;11883;0
51;9;11884;0
51;9;11885;1
51;9;11886;1
51;9;11887;0
51;9;11888;0
51;9;11889;1
51;9;11890;1
51;9;11891;0
51;9;11892;1
51;9;11893;0
51;9;11894;1
51;9;11895;0
51;9;11896;1
51;9;11897;1
51;9;11898;1
51;9;11899;1
51;9;11900;0
51;9;11901;1
51;9;11902;1
51;9;11903;1
51;9;11904;1
51;9;11905;1
51;9;11906;0
51;9;11907;1
51;9;11908;1
51;9;11909;0
51;9;11910;0
51;9;11911;1
51;9;11912;0
51;9;11913;0
51;9;11914;1
51;9;11915;1
51;9;11916;0
51;9;11917;1
51;9;11918;0
51;9;11919;1
51;9;11920;1
51;9;11921;1
51;9;11922;1
51;9;11923;1
51;9;11924;0
51;9;11925;1
51;9;11926;1
51;9;11927;0
51;9;11928;0
51;9;11929;1
51;9;11930;0
51;9;11931;1
51;9;11932;1
51;9;11933;1
51;9;11934;1
51;9;11935;1
51;9;11936;1
51;9;11937;0
51;9;11938;1
51;9;11939;1
51;9;11940;1
51;9;11941;0
51;9;11942;1
51;9;11943;0
51;9;11944;0
51;9;11945;1
51;9;11946;1
51;9;11947;1
51;9;11948;0
51;9;11949;1
51;9;11950;0
51;9;11951;1
51;9;11952;1
51;9;11953;1
51;9;11954;1
51;9;11955;1
51;9;11956;0
51;9;11957;1
51;9;11958;0
51;9;11959;1
51;9;11960;1
51;9;11961;1
51;9;11962;0
51;9;11963;1
51;9;11964;1
51;9;11965;1
51;9;11966;1
51;9;11967;1
51;9;11968;1
51;9;11969;1
51;9;11970;1
51;9;11971;1
51;9;11972;0
51;9;11973;1
51;9;11974;0
51;9;11975;1
51;9;11976;1
51;9;11977;1
51;9;11978;1
51;9;11979;1
51;9;11980;1
51;9;11981;1
51;9;11982;0
51;9;11983;1
51;9;11984;1
51;9;11985;1
51;9;11986;1
51;9;11987;1
51;9;11988;1
51;9;11989;1
51;9;11990;1
51;9;11991;1
51;9;11992;0
51;9;11993;1
51;9;11994;1
51;9;11995;0
51;9;11996;1
51;9;11997;1
51;9;11998;0
51;9;11999;1
51;9;12000;1
51;9;12001;0
51;9;12002;1
51;9;12003;1
51;9;12004;1
51;9;12005;0
51;9;12006;1
51;9;12007;0
51;9;12008;1
51;9;12009;1
51;9;12010;1
51;9;12011;0
51;9;12012;0
51;9;12013;1
51;9;12014;1
51;9;12015;0
51;9;12016;1
51;9;12017;1
51;9;12018;1
51;9;12019;1
51;9;12020;0
51;9;12021;1
51;9;12022;1
51;9;12023;1
51;9;12024;1
51;9;12025;1
51;9;12026;1
51;9;12027;1
51;9;12028;1
51;9;12029;0
51;9;12030;1
51;9;12031;0
51;9;12032;1
51;9;12033;0
51;9;12034;1
51;9;12035;1
51;9;12036;1
51;9;12037;1
51;9;12038;0
51;9;12039;1
51;9;12040;1
51;9;12041;1
51;9;12042;1
51;9;12043;1
51;9;12044;1
51;9;12045;1
51;9;12046;1
51;9;12047;0
51;9;12048;0
51;9;12049;1
51;9;12050;0
51;9;12051;1
51;9;12052;1
51;9;12053;1
51;9;12054;1
51;9;12055;0
51;9;12056;1
51;9;12057;1
51;9;12058;1
51;9;12059;0
51;9;12060;1
51;9;12061;1
51;9;12062;1
51;9;12063;1
51;9;12064;0
51;9;12065;1
51;9;12066;0
51;9;12067;1
51;9;12068;1
51;9;12069;0
51;9;12070;1
51;9;12071;1
51;9;12072;1
51;9;12073;1
51;9;12074;0
51;9;12075;1
51;9;12076;1
51;9;12077;0
51;9;12078;1
51;9;12079;1
51;9;12080;0
51;9;12081;1
51;9;12082;1
51;9;12083;1
51;9;12084;0
51;9;12085;1
51;9;12086;0
51;9;12087;1
51;9;12088;0
51;9;12089;1
51;9;12090;0
51;9;12091;0
51;9;12092;1
51;9;12093;0
51;9;12094;1
51;9;12095;0
51;9;12096;1
51;9;12097;1
51;9;12098;1
51;9;12099;1
51;9;12100;1
51;9;12101;0
51;9;12102;1
51;9;12103;0
51;9;12104;1
51;9;12105;1
51;9;12106;1
51;9;12107;1
51;9;12108;1
51;9;12109;0
51;9;12110;0
51;9;12111;1
51;9;12112;1
51;9;12113;1
51;9;12114;1
51;9;12115;0
51;9;12116;1
51;9;12117;1
51;9;12118;1
51;9;12119;0
51;9;12120;1
51;9;12121;1
51;9;12122;1
51;9;12123;1
51;9;12124;1
51;9;12125;0
51;9;12126;1
51;9;12127;1
51;9;12128;0
51;9;12129;0
51;9;12130;1
51;9;12131;1
51;9;12132;1
51;9;12133;1
51;9;12134;0
51;9;12135;1
51;9;12136;1
51;9;12137;1
51;9;12138;0
51;9;12139;1
51;9;12140;1
51;9;12141;1
51;9;12142;0
51;9;12143;1
51;9;12144;0
51;9;12145;1
51;9;12146;1
51;9;12147;1
51;9;12148;1
51;9;12149;0
51;9;12150;1
51;9;12151;0
51;9;12152;1
51;9;12153;0
51;9;12154;0
51;9;12155;1
51;9;12156;1
51;9;12157;0
51;9;12158;1
51;9;12159;1
51;9;12160;1
51;9;12161;1
51;9;12162;1
51;9;12163;1
51;9;12164;1
51;9;12165;1
51;9;12166;1
51;9;12167;1
51;9;12168;1
51;9;12169;0
51;9;12170;0
51;9;12171;1
51;9;12172;0
51;9;12173;1
51;9;12174;0
51;9;12175;1
51;9;12176;1
51;9;12177;1
51;9;12178;0
51;9;12179;1
51;9;12180;1
51;9;12181;1
51;9;12182;0
51;9;12183;1
51;9;12184;1
51;9;12185;1
51;9;12186;1
51;9;12187;1
51;9;12188;1
51;9;12189;0
51;9;12190;1
51;9;12191;1
51;9;12192;1
51;9;12193;1
51;9;12194;0
51;9;12195;1
51;9;12196;1
51;9;12197;1
51;9;12198;1
51;9;12199;0
51;9;12200;1
51;9;12201;0
51;9;12202;1
51;9;12203;1
51;9;12204;0
51;9;12205;0
51;9;12206;1
51;9;12207;1
51;9;12208;1
51;9;12209;1
51;9;12210;1
51;9;12211;1
51;9;12212;1
51;9;12213;1
51;9;12214;1
51;9;12215;1
51;9;12216;0
51;9;12217;1
51;9;12218;1
51;9;12219;1
51;9;12220;1
51;9;12221;1
51;9;12222;0
51;9;12223;1
51;9;12224;0
51;9;12225;0
51;9;12226;1
51;9;12227;1
51;9;12228;0
51;9;12229;0
51;9;12230;1
51;9;12231;0
51;9;12232;1
51;9;12233;1
51;9;12234;1
51;9;12235;1
51;9;12236;1
51;9;12237;1
51;9;12238;0
51;9;12239;0
51;9;12240;0
51;9;12241;1
51;9;12242;1
51;9;12243;1
51;9;12244;1
51;9;12245;1
51;9;12246;1
51;9;12247;1
51;9;12248;1
51;9;12249;1
51;9;12250;1
51;9;12251;1
51;9;12252;1
51;9;12253;1
51;9;12254;0
51;9;12255;0
51;9;12256;1
51;9;12257;1
51;9;12258;1
51;9;12259;1
51;9;12260;1
51;9;12261;1
51;9;12262;1
51;9;12263;1
51;9;12264;1
51;9;12265;1
51;9;12266;1
51;9;12267;1
51;9;12268;1
51;9;12269;1
51;9;12270;0
51;9;12271;1
51;9;12272;1
51;9;12273;1
51;9;12274;1
51;9;12275;1
51;9;12276;1
51;9;12277;1
51;9;12278;1
51;9;12279;1
51;9;12280;1
51;9;12281;1
51;9;12282;0
51;9;12283;0
51;9;12284;0
51;9;12285;1
51;9;12286;1
51;9;12287;1
51;9;12288;1
51;9;12289;1
51;9;12290;1
51;9;12291;1
51;9;12292;1
51;9;12293;1
51;9;12294;0
51;9;12295;1
51;9;12296;1
51;9;12297;1
51;9;12298;1
51;9;12299;1
51;9;12300;1
51;9;12301;0
51;9;12302;0
51;9;12303;0
51;9;12304;1
51;9;12305;0
51;9;12306;0
51;9;12307;1
51;9;12308;1
51;9;12309;0
51;9;12310;0
51;9;12311;1
51;9;12312;0
51;9;12313;1
51;9;12314;0
51;9;12315;1
51;9;12316;0
51;9;12317;1
51;9;12318;1
51;9;12319;0
51;9;12320;1
51;9;12321;1
51;9;12322;0
51;9;12323;1
51;9;12324;1
51;9;12325;0
51;9;12326;1
51;9;12327;1
51;9;12328;0
51;9;12329;1
51;9;12330;0
51;9;12331;1
51;9;12332;1
51;9;12333;1
51;9;12334;0
51;9;12335;1
51;9;12336;0
51;9;12337;0
51;9;12338;1
51;9;12339;0
51;9;12340;0
51;9;12341;0
51;9;12342;0
51;9;12343;1
51;9;12344;0
51;9;12345;0
51;9;12346;0
51;9;12347;0
51;9;12348;1
51;9;12349;0
51;9;12350;1
51;9;12351;1
51;9;12352;0
51;9;12353;0
51;9;12354;1
51;9;12355;0
51;9;12356;1
51;9;12357;1
51;9;12358;0
51;9;12359;1
51;9;12360;0
51;9;12361;1
51;9;12362;1
51;9;12363;0
51;9;12364;1
51;9;12365;1
51;9;12366;0
51;9;12367;0
51;9;12368;1
51;9;12369;1
51;9;12370;1
51;9;12371;0
51;9;12372;1
51;9;12373;1
51;9;12374;0
51;9;12375;1
51;9;12376;0
51;9;12377;0
51;9;12378;0
51;9;12379;0
51;9;12380;1
51;9;12381;0
51;9;12382;0
51;9;12383;0
51;9;12384;1
51;9;12385;0
51;9;12386;1
51;9;12387;1
51;9;12388;1
51;9;12389;0
51;9;12390;0
51;9;12391;1
51;9;12392;0
51;9;12393;1
51;9;12394;0
51;9;12395;0
51;9;12396;0
51;9;12397;0
51;9;12398;1
51;9;12399;1
51;9;12400;0
51;9;12401;0
51;9;12402;0
51;9;12403;0
51;9;12404;0
51;9;12405;0
51;9;12406;0
51;9;12407;0
51;9;12408;0
51;9;12409;0
51;9;12410;0
51;9;12411;0
51;9;12412;1
51;9;12413;0
51;9;12414;0
51;9;12415;1
51;9;12416;1
51;9;12417;0
51;9;12418;0
51;9;12419;0
51;9;12420;0
51;9;12421;0
51;9;12422;0
51;9;12423;0
51;9;12424;0
51;9;12425;0
51;9;12426;0
51;9;12427;1
51;9;12428;0
51;9;12429;0
51;9;12430;0
51;9;12431;0
51;9;12432;0
51;9;12433;0
51;9;12434;0
51;9;12435;0
51;9;12436;0
51;9;12437;0
51;9;12438;0
51;9;12439;1
51;9;12440;0
51;9;12441;1
51;9;12442;1
51;9;12443;0
51;9;12444;0
51;9;12445;1
51;9;12446;0
51;9;12447;0
51;9;12448;0
51;9;12449;0
51;9;12450;0
51;9;12451;0
51;9;12452;0
51;9;12453;0
51;9;12454;0
51;9;12455;0
51;9;12456;0
51;9;12457;0
51;9;12458;0
51;9;12459;0
51;9;12460;0
51;9;12461;0
51;9;12462;0
51;9;12463;0
51;9;12464;0
51;9;12465;0
51;9;12466;0
51;9;12467;0
51;9;12468;0
51;9;12469;0
51;9;12470;0
51;9;12471;0
51;9;12472;0
51;9;12473;0
51;9;12474;0
51;9;12475;0
51;9;12476;0
51;9;12477;0
51;9;12478;0
51;9;12479;0
51;9;12480;0
51;9;12481;1
51;9;12482;0
51;9;12483;1
51;9;12484;1
51;9;12485;0
51;9;12486;0
51;9;12487;0
51;9;12488;0
51;9;12489;0
51;9;12490;1
51;9;12491;0
51;9;12492;0
51;9;12493;1
51;9;12494;0
51;9;12495;0
51;9;12496;0
51;9;12497;1
51;9;12498;0
51;9;12499;1
51;9;12500;1
51;9;12501;0
51;9;12502;0
51;9;12503;0
51;9;12504;0
51;9;12505;1
51;9;12506;1
51;9;12507;0
51;9;12508;1
51;9;12509;0
51;9;12510;0
51;9;12511;0
51;9;12512;0
51;9;12513;0
51;9;12514;1
51;9;12515;0
51;9;12516;0
51;9;12517;0
51;9;12518;1
51;9;12519;0
51;9;12520;1
51;9;12521;1
51;9;12522;0
51;9;12523;1
51;9;12524;1
51;9;12525;1
51;9;12526;0
51;9;12527;1
51;9;12528;0
51;9;12529;1
51;9;12530;1
51;9;12531;0
51;9;12532;0
51;9;12533;1
51;9;12534;1
51;9;12535;0
51;9;12536;1
51;9;12537;0
51;9;12538;1
51;9;12539;1
51;9;12540;1
51;9;12541;1
51;9;12542;1
51;9;12543;1
51;9;12544;1
51;9;12545;1
51;9;12546;1
51;9;12547;1
51;9;12548;1
51;9;12549;1
51;9;12550;0
51;9;12551;0
51;9;12552;1
51;9;12553;0
51;9;12554;1
51;9;12555;1
51;9;12556;1
51;9;12557;1
51;9;12558;1
51;9;12559;1
51;9;12560;1
51;9;12561;1
51;9;12562;0
51;9;12563;1
51;9;12564;1
51;9;12565;1
51;9;12566;1
51;9;12567;1
51;9;12568;1
51;9;12569;1
51;9;12570;1
51;9;12571;1
51;9;12572;1
51;9;12573;1
51;9;12574;1
51;9;12575;1
51;9;12576;1
51;9;12577;1
51;9;12578;1
51;9;12579;1
51;9;12580;1
51;9;12581;1
51;9;12582;1
51;9;12583;1
51;9;12584;1
51;9;12585;1
51;9;12586;1
51;9;12587;0
51;9;12588;1
51;9;12589;1
51;9;12590;1
51;9;12591;1
51;9;12592;1
51;9;12593;1
51;9;12594;1
51;9;12595;1
51;9;12596;1
51;9;12597;1
51;9;12598;1
51;9;12599;1
51;9;12600;1
51;9;12601;1
51;9;12602;1
51;9;12603;1
51;9;12604;1
51;9;12605;1
51;9;12606;1
51;9;12607;1
51;9;12608;1
51;9;12609;1
51;9;12610;1
51;9;12611;1
51;9;12612;1
51;9;12613;1
51;9;12614;1
51;9;12615;1
51;9;12616;1
51;9;12617;1
51;9;12618;1
51;9;12619;1
51;9;12620;1
51;9;12621;0
51;9;12622;1
51;9;12623;1
51;9;12624;1
51;9;12625;0
51;9;12626;1
51;9;12627;1
51;9;12628;1
51;9;12629;0
51;9;12630;1
51;9;12631;0
51;9;12632;1
51;9;12633;1
51;9;12634;0
51;9;12635;0
51;9;12636;0
51;9;12637;0
51;9;12638;0
51;9;12639;0
51;9;12640;0
51;9;12641;0
51;9;12642;0
51;9;12643;0
51;9;12644;0
51;9;12645;1
51;9;12646;1
51;9;12647;0
51;9;12648;0
51;9;12649;1
51;9;12650;1
51;9;12651;1
51;9;12652;1
51;9;12653;1
51;9;12654;1
51;9;12655;1
51;9;12656;1
51;9;12657;1
51;9;12658;1
51;9;12659;1
51;9;12660;0
51;9;12661;0
51;9;12662;1
51;9;12663;0
51;9;12664;1
51;9;12665;1
51;9;12666;1
51;9;12667;1
51;9;12668;1
51;9;12669;1
51;9;12670;1
51;9;12671;1
51;9;12672;1
51;9;12673;1
51;9;12674;1
51;9;12675;1
51;9;12676;1
51;9;12677;1
51;9;12678;1
51;9;12679;1
51;9;12680;1
51;9;12681;1
51;9;12682;1
51;9;12683;1
51;9;12684;1
51;9;12685;1
51;9;12686;1
51;9;12687;1
51;9;12688;1
51;9;12689;1
51;9;12690;0
51;9;12691;0
51;9;12692;0
51;9;12693;0
51;9;12694;1
51;9;12695;1
51;9;12696;0
51;9;12697;1
51;9;12698;1
51;9;12699;1
51;9;12700;1
51;9;12701;1
51;9;12702;1
51;9;12703;1
51;9;12704;1
51;9;12705;1
51;9;12706;1
51;9;12707;1
51;9;12708;1
51;9;12709;1
51;9;12710;1
51;9;12711;1
51;9;12712;1
51;9;12713;1
51;9;12714;1
51;9;12715;0
51;9;12716;1
51;9;12717;1
51;9;12718;1
51;9;12719;1
51;9;12720;1
51;9;12721;1
51;9;12722;1
51;9;12723;1
51;9;12724;1
51;9;12725;1
51;9;12726;1
51;9;12727;1
51;9;12728;1
51;9;12729;1
51;9;12730;1
51;9;12731;1
51;9;12732;1
51;9;12733;1
51;9;12734;1
51;9;12735;1
51;9;12736;0
51;9;12737;0
51;9;12738;0
51;9;12739;1
51;9;12740;1
51;9;12741;1
51;9;12742;0
51;9;12743;0
51;9;12744;1
51;9;12745;0
51;9;12746;1
51;9;12747;1
51;9;12748;1
51;9;12749;1
51;9;12750;1
51;9;12751;1
51;9;12752;1
51;9;12753;1
51;9;12754;1
51;9;12755;1
51;9;12756;1
51;9;12757;1
51;9;12758;1
51;9;12759;1
51;9;12760;1
51;9;12761;1
51;9;12762;1
51;9;12763;1
51;9;12764;1
51;9;12765;1
51;9;12766;1
51;9;12767;1
51;9;12768;1
51;9;12769;1
51;9;12770;1
51;9;12771;1
51;9;12772;1
51;9;12773;1
51;9;12774;1
51;9;12775;1
51;9;12776;1
51;9;12777;1
51;9;12778;1
51;9;12779;0
51;9;12780;1
51;9;12781;1
51;9;12782;1
51;9;12783;1
51;9;12784;0
51;9;12785;0
51;9;12786;0
51;9;12787;0
51;9;12788;0
51;9;12789;0
51;9;12790;1
51;9;12791;1
51;9;12792;1
51;9;12793;1
51;9;12794;1
51;9;12795;0
51;9;12796;1
51;9;12797;1
51;9;12798;1
51;9;12799;1
51;9;12800;0
51;9;12801;1
51;9;12802;1
51;9;12803;1
51;9;12804;1
51;9;12805;1
51;9;12806;1
51;9;12807;1
51;9;12808;1
51;9;12809;1
51;9;12810;1
51;9;12811;1
51;9;12812;1
51;9;12813;1
51;9;12814;1
51;9;12815;1
51;9;12816;1
51;9;12817;1
51;9;12818;1
51;9;12819;1
51;9;12820;1
51;9;12821;1
51;9;12822;1
51;9;12823;0
51;9;12824;1
51;9;12825;1
51;9;12826;1
51;9;12827;1
51;9;12828;1
51;9;12829;1
51;9;12830;1
51;9;12831;1
51;9;12832;1
51;9;12833;1
51;9;12834;1
51;9;12835;1
51;9;12836;0
51;9;12837;1
51;9;12838;0
51;9;12839;1
51;9;12840;1
51;9;12841;0
51;9;12842;1
51;9;12843;1
51;9;12844;1
51;9;12845;1
51;9;12846;1
51;9;12847;1
51;9;12848;1
51;9;12849;1
51;9;12850;0
51;9;12851;1
51;9;12852;1
51;9;12853;1
51;9;12854;1
51;9;12855;1
51;9;12856;1
51;9;12857;1
51;9;12858;0
51;9;12859;1
51;9;12860;1
51;9;12861;1
51;9;12862;1
51;9;12863;1
51;9;12864;1
51;9;12865;1
51;9;12866;1
51;9;12867;1
51;9;12868;1
51;9;12869;1
51;9;12870;1
51;9;12871;1
51;9;12872;1
51;9;12873;1
51;9;12874;1
51;9;12875;1
51;9;12876;1
51;9;12877;1
51;9;12878;1
51;9;12879;1
51;9;12880;1
51;9;12881;0
51;9;12882;0
51;9;12883;1
51;9;12884;1
51;9;12885;1
51;9;12886;1
51;9;12887;1
51;9;12888;1
51;9;12889;0
51;9;12890;1
51;9;12891;1
51;9;12892;1
51;9;12893;0
51;9;12894;1
51;9;12895;1
51;9;12896;1
51;9;12897;1
51;9;12898;1
51;9;12899;1
51;9;12900;1
51;9;12901;1
51;9;12902;1
51;9;12903;1
51;9;12904;1
51;9;12905;1
51;9;12906;1
51;9;12907;1
51;9;12908;1
51;9;12909;1
51;9;12910;1
51;9;12911;1
51;9;12912;1
51;9;12913;1
51;9;12914;1
51;9;12915;1
51;9;12916;1
51;9;12917;1
51;9;12918;0
51;9;12919;0
51;9;12920;0
51;9;12921;0
51;9;12922;0
51;9;12923;1
51;9;12924;1
51;9;12925;1
51;9;12926;1
51;9;12927;1
51;9;12928;0
51;9;12929;1
51;9;12930;1
51;9;12931;0
51;9;12932;1
51;9;12933;1
51;9;12934;1
51;9;12935;1
51;9;12936;1
51;9;12937;1
51;9;12938;1
51;9;12939;0
51;9;12940;1
51;9;12941;1
51;9;12942;1
51;9;12943;1
51;9;12944;1
51;9;12945;1
51;9;12946;1
51;9;12947;1
51;9;12948;1
51;9;12949;1
51;9;12950;1
51;9;12951;0
51;9;12952;1
51;9;12953;1
51;9;12954;1
51;9;12955;0
51;9;12956;0
51;9;12957;1
51;9;12958;0
51;9;12959;1
51;9;12960;1
51;9;12961;0
51;9;12962;1
51;9;12963;1
51;9;12964;1
51;9;12965;1
51;9;12966;1
51;9;12967;1
51;9;12968;0
51;9;12969;0
51;9;12970;0
51;9;12971;0
51;9;12972;0
51;9;12973;0
51;9;12974;0
51;9;12975;0
51;9;12976;0
51;9;12977;0
51;9;12978;0
51;9;12979;0
51;9;12980;0
51;9;12981;0
51;9;12982;0
51;9;12983;0
51;9;12984;0
51;9;12985;0
51;9;12986;0
51;9;12987;0
51;9;12988;0
51;9;12989;0
51;9;12990;0
51;9;12991;0
51;9;12992;0
51;9;12993;0
51;9;12994;0
51;9;12995;0
51;9;12996;0
51;9;12997;0
51;9;12998;0
51;9;12999;0
51;9;13000;0
51;9;13001;0
51;9;13002;0
51;9;13003;0
51;9;13004;0
51;9;13005;0
51;9;13006;0
51;9;13007;0
51;9;13008;0
51;9;13009;0
51;9;13010;0
51;9;13011;0
51;9;13012;0
51;9;13013;0
51;9;13014;0
51;9;13015;0
51;9;13016;0
51;9;13017;0
51;9;13018;0
51;9;13019;0
51;9;13020;0
51;9;13021;0
51;9;13022;0
51;9;13023;0
51;9;13024;0
51;9;13025;0
51;9;13026;0
51;9;13027;0
51;9;13028;0
51;9;13029;0
51;9;13030;0
51;9;13031;0
51;9;13032;0
51;9;13033;0
51;9;13034;0
51;9;13035;0
51;9;13036;0
51;9;13037;0
51;9;13038;0
51;9;13039;0
51;9;13040;0
51;9;13041;0
51;9;13042;0
51;9;13043;0
51;9;13044;0
51;9;13045;0
51;9;13046;0
51;9;13047;0
51;9;13048;0
51;9;13049;0
51;9;13050;0
51;9;13051;0
51;9;13052;0
51;9;13053;0
51;9;13054;0
51;9;13055;0
51;9;13056;0
51;9;13057;0
51;9;13058;0
51;9;13059;0
51;9;13060;0
51;9;13061;0
51;9;13062;0
51;9;13063;0
51;9;13064;0
51;9;13065;0
51;9;13066;0
51;9;13067;0
51;9;13068;0
51;9;13069;0
51;9;13070;0
51;9;13071;0
51;9;13072;0
51;9;13073;0
51;9;13074;0
51;9;13075;0
51;9;13076;0
51;9;13077;0
51;9;13078;0
51;9;13079;0
51;9;13080;0
51;9;13081;0
51;9;13082;0
51;9;13083;0
51;9;13084;0
51;9;13085;0
51;9;13086;0
51;9;13087;0
51;9;13088;0
51;9;13089;0
51;9;13090;0
51;9;13091;0
51;9;13092;0
51;9;13093;0
51;9;13094;0
51;9;13095;0
51;9;13096;0
51;9;13097;0
51;9;13098;0
51;9;13099;0
51;9;13100;0
51;9;13101;0
51;9;13102;0
51;9;13103;0
51;9;13104;0
51;9;13105;0
51;9;13106;0
51;9;13107;0
51;9;13108;0
51;9;13109;0
51;9;13110;0
51;9;13111;0
51;9;13112;0
51;9;13113;0
51;9;13114;0
51;9;13115;0
51;9;13116;0
51;9;13117;0
51;9;13118;0
51;9;13119;0
51;9;13120;0
51;9;13121;0
51;9;13122;0
51;9;13123;0
51;9;13124;0
51;9;13125;0
51;9;13126;0
51;9;13127;0
51;9;13128;0
51;9;13129;0
51;9;13130;0
51;9;13131;0
51;9;13132;0
51;9;13133;0
51;9;13134;0
51;9;13135;0
51;9;13136;0
51;9;13137;0
51;9;13138;0
51;9;13139;0
51;9;13140;0
51;9;13141;0
51;9;13142;0
51;9;13143;0
51;9;13144;0
51;9;13145;0
51;9;13146;0
51;9;13147;0
51;9;13148;0
51;9;13149;0
51;9;13150;0
51;9;13151;0
51;9;13152;0
51;9;13153;0
51;9;13154;0
51;9;13155;0
51;9;13156;0
51;9;13157;0
51;9;13158;0
51;9;13159;0
51;9;13160;0
51;9;13161;0
51;9;13162;0
51;9;13163;0
51;9;13164;0
51;9;13165;0
51;9;13166;0
51;9;13167;0
51;9;13168;0
51;9;13169;0
51;9;13170;0
51;9;13171;0
51;9;13172;0
51;9;13173;0
51;9;13174;0
51;9;13175;0
51;9;13176;0
51;9;13177;0
51;9;13178;0
51;9;13179;0
51;9;13180;0
51;9;13181;0
51;9;13182;0
51;9;13183;0
51;9;13184;0
51;9;13185;0
51;9;13186;0
51;9;13187;0
51;9;13188;0
51;9;13189;0
51;9;13190;0
51;9;13191;0
51;9;13192;0
51;9;13193;0
51;9;13194;0
51;9;13195;0
51;9;13196;0
51;9;13197;0
51;9;13198;0
51;9;13199;0
51;9;13200;0
51;9;13201;0
51;9;13202;0
51;9;13203;0
51;9;13204;0
51;9;13205;0
51;9;13206;0
51;9;13207;0
51;9;13208;0
51;9;13209;0
51;9;13210;0
51;9;13211;0
51;9;13212;0
51;9;13213;0
51;9;13214;0
51;9;13215;0
51;9;13216;0
51;9;13217;0
51;9;13218;0
51;9;13219;0
51;9;13220;0
51;9;13221;0
51;9;13222;0
51;9;13223;0
51;9;13224;0
51;9;13225;0
51;9;13226;0
51;9;13227;0
51;9;13228;0
51;9;13229;0
51;9;13230;0
51;9;13231;0
51;9;13232;0
51;9;13233;0
51;9;13234;0
51;9;13235;0
51;9;13236;0
51;9;13237;0
51;9;13238;0
51;9;13239;0
51;9;13240;0
51;9;13241;0
51;9;13242;0
51;9;13243;0
51;9;13244;0
51;9;13245;0
51;9;13246;0
51;9;13247;0
51;9;13248;0
51;9;13249;0
51;9;13250;0
51;9;13251;0
51;9;13252;0
51;9;13253;0
51;9;13254;0
51;9;13255;0
51;9;13256;0
51;9;13257;0
51;9;13258;0
51;9;13259;0
51;9;13260;0
51;9;13261;0
51;9;13262;0
51;9;13263;0
51;9;13264;0
51;9;13265;0
51;9;13266;0
51;9;13267;0
51;9;13268;0
51;9;13269;0
51;9;13270;0
51;9;13271;0
51;9;13272;0
51;9;13273;0
51;9;13274;0
51;9;13275;0
51;9;13276;0
51;9;13277;0
51;9;13278;0
51;9;13279;0
51;9;13280;0
51;9;13281;0
51;9;13282;0
51;9;13283;0
51;9;13284;0
51;9;13285;0
51;9;13286;0
51;9;13287;0
51;9;13288;0
51;9;13289;0
51;9;13290;0
51;9;13291;0
51;9;13292;0
51;9;13293;0
51;9;13294;0
51;9;13295;0
51;9;13296;0
51;9;13297;0
51;9;13298;0
51;9;13299;0
51;9;13300;0
51;9;13301;0
51;9;13302;0
51;9;13303;0
51;9;13304;0
51;9;13305;0
51;9;13306;0
51;9;13307;0
51;9;13308;0
51;9;13309;0
51;9;13310;0
51;9;13311;0
51;9;13312;0
51;9;13313;0
51;9;13314;0
51;9;13315;0
51;9;13316;0
51;9;13317;0
51;9;13318;0
51;9;13319;0
51;9;13320;0
51;9;13321;0
51;9;13322;0
51;9;13323;0
51;9;13324;0
51;9;13325;0
51;9;13326;0
51;9;13327;0
51;9;13328;0
51;9;13329;0
51;9;13330;0
51;9;13331;0
51;9;13332;0
51;9;13333;0
51;9;13334;0
51;9;13335;0
51;9;13336;0
51;9;13337;0
51;9;13338;0
51;9;13339;0
51;9;13340;0
51;9;13341;0
51;9;13342;0
51;9;13343;0
51;9;13344;0
51;9;13345;0
51;9;13346;0
51;9;13347;0
51;9;13348;0
51;9;13349;0
51;9;13350;0
51;9;13351;0
51;9;13352;0
51;9;13353;0
51;9;13354;0
51;9;13355;0
51;9;13356;0
51;9;13357;0
51;9;13358;0
51;9;13359;0
51;9;13360;0
51;9;13361;0
51;9;13362;0
51;9;13363;0
51;9;13364;0
51;9;13365;0
51;9;13366;0
51;9;13367;0
51;9;13368;0
51;9;13369;0
51;9;13370;0
51;9;13371;0
51;9;13372;0
51;9;13373;0
51;9;13374;0
51;9;13375;0
51;9;13376;0
51;9;13377;0
51;9;13378;0
51;9;13379;0
51;9;13380;0
51;9;13381;0
51;9;13382;0
51;9;13383;0
51;9;13384;0
51;9;13385;0
51;9;13386;0
51;9;13387;0
51;9;13388;0
51;9;13389;0
51;9;13390;0
51;9;13391;0
51;9;13392;0
51;9;13393;0
51;9;13394;0
51;9;13395;0
51;9;13396;0
51;9;13397;0
51;9;13398;0
51;9;13399;0
51;9;13400;0
51;9;13401;0
51;9;13402;0
51;9;13403;0
51;9;13404;0
51;9;13405;0
51;9;13406;0
51;9;13407;0
51;9;13408;0
51;9;13409;0
51;9;13410;0
51;9;13411;0
51;9;13412;0
51;9;13413;0
51;9;13414;0
51;9;13415;0
51;9;13416;0
51;9;13417;0
51;9;13418;0
51;9;13419;0
51;9;13420;0
51;9;13421;0
51;9;13422;0
51;9;13423;0
51;9;13424;0
51;9;13425;0
51;9;13426;0
51;9;13427;0
51;9;13428;0
51;9;13429;0
51;9;13430;0
51;9;13431;0
51;9;13432;0
51;9;13433;0
51;9;13434;0
51;9;13435;0
51;9;13436;0
51;9;13437;0
51;9;13438;0
51;9;13439;0
51;9;13440;0
51;9;13441;0
51;9;13442;0
51;9;13443;0
51;9;13444;0
51;9;13445;0
51;9;13446;0
51;9;13447;0
51;9;13448;0
51;9;13449;0
51;9;13450;0
51;9;13451;0
51;9;13452;0
51;9;13453;0
51;9;13454;0
51;9;13455;0
51;9;13456;0
51;9;13457;0
51;9;13458;0
51;9;13459;0
51;9;13460;0
51;9;13461;0
51;9;13462;0
51;9;13463;0
51;9;13464;0
51;9;13465;0
51;9;13466;0
51;9;13467;0
51;9;13468;0
51;9;13469;0
51;9;13470;0
51;9;13471;0
51;9;13472;0
51;9;13473;0
51;9;13474;0
51;9;13475;0
51;9;13476;0
51;9;13477;0
51;9;13478;0
51;9;13479;0
51;9;13480;0
51;9;13481;0
51;9;13482;0
51;9;13483;0
51;9;13484;0
51;9;13485;0
51;9;13486;0
51;9;13487;0
51;9;13488;0
51;9;13489;0
51;9;13490;0
51;9;13491;0
51;9;13492;0
51;9;13493;0
51;9;13494;0
51;9;13495;0
51;9;13496;0
51;9;13497;0
51;9;13498;0
51;9;13499;0
51;9;13500;0
51;9;13501;0
51;9;13502;0
51;9;13503;0
51;9;13504;0
51;9;13505;0
51;9;13506;0
51;9;13507;0
51;9;13508;0
51;9;13509;0
51;9;13510;0
51;9;13511;0
51;9;13512;0
51;9;13513;0
51;9;13514;0
51;9;13515;0
51;9;13516;0
51;9;13517;0
51;9;13518;0
51;9;13519;0
51;9;13520;0
51;9;13521;0
51;9;13522;0
51;9;13523;0
51;9;13524;0
51;9;13525;0
51;9;13526;0
51;9;13527;0
51;9;13528;0
51;9;13529;0
51;9;13530;0
51;9;13531;0
51;9;13532;0
51;9;13533;0
51;9;13534;0
51;9;13535;0
51;9;13536;0
51;9;13537;0
51;9;13538;0
51;9;13539;0
51;9;13540;0
51;9;13541;0
51;9;13542;0
51;9;13543;0
51;9;13544;0
51;9;13545;0
51;9;13546;0
51;9;13547;0
51;9;13548;0
51;9;13549;0
51;9;13550;0
51;9;13551;0
51;9;13552;0
51;9;13553;0
51;9;13554;0
51;9;13555;0
51;9;13556;0
51;9;13557;0
51;9;13558;0
51;9;13559;0
51;9;13560;0
51;9;13561;0
51;9;13562;0
51;9;13563;0
51;9;13564;0
51;9;13565;0
51;9;13566;0
51;9;13567;0
51;9;13568;0
51;9;13569;0
51;9;13570;0
51;9;13571;0
51;9;13572;0
51;9;13573;0
51;9;13574;0
51;9;13575;0
51;9;13576;0
51;9;13577;0
51;9;13578;0
51;9;13579;0
51;9;13580;0
51;9;13581;0
51;9;13582;0
51;9;13583;0
51;9;13584;0
51;9;13585;0
51;9;13586;0
51;9;13587;0
51;9;13588;0
51;9;13589;0
51;9;13590;0
51;9;13591;0
51;9;13592;0
51;9;13593;0
51;9;13594;0
51;9;13595;0
51;9;13596;0
51;9;13597;0
51;9;13598;0
51;9;13599;0
51;9;13600;0
51;9;13601;0
51;9;13602;0
51;9;13603;0
51;9;13604;0
51;9;13605;0
51;9;13606;0
51;9;13607;0
51;9;13608;0
51;9;13609;0
51;9;13610;0
51;9;13611;0
51;9;13612;0
51;9;13613;0
51;9;13614;0
51;9;13615;0
51;9;13616;0
51;9;13617;0
51;9;13618;0
51;9;13619;0
51;9;13620;0
51;9;13621;0
51;9;13622;0
51;9;13623;0
51;9;13624;0
51;9;13625;0
51;9;13626;0
51;9;13627;0
51;9;13628;0
51;9;13629;0
51;9;13630;0
51;9;13631;0
51;9;13632;0
51;9;13633;0
51;9;13634;0
51;9;13635;0
51;9;13636;0
51;9;13637;0
51;9;13638;0
51;9;13639;0
51;9;13640;0
51;9;13641;0
51;9;13642;0
51;9;13643;0
51;9;13644;0
51;9;13645;0
51;9;13646;0
51;9;13647;0
51;9;13648;0
51;9;13649;0
51;9;13650;0
51;9;13651;0
51;9;13652;0
51;9;13653;0
51;9;13654;0
51;9;13655;0
51;9;13656;0
51;9;13657;0
51;9;13658;0
51;9;13659;0
51;9;13660;0
51;9;13661;0
51;9;13662;0
51;9;13663;0
51;9;13664;0
51;9;13665;0
51;9;13666;0
51;9;13667;0
51;9;13668;0
51;9;13669;0
51;9;13670;0
51;9;13671;0
51;9;13672;0
51;9;13673;0
51;9;13674;0
51;9;13675;0
51;9;13676;0
51;9;13677;0
51;9;13678;0
51;9;13679;0
51;9;13680;0
51;9;13681;0
51;9;13682;0
51;9;13683;0
51;9;13684;0
51;9;13685;0
51;9;13686;0
51;9;13687;0
51;9;13688;0
51;9;13689;0
51;9;13690;0
51;9;13691;0
51;9;13692;0
51;9;13693;0
51;9;13694;0
51;9;13695;0
51;9;13696;0
51;9;13697;0
51;9;13698;0
51;9;13699;0
51;9;13700;0
51;9;13701;0
51;9;13702;0
51;9;13703;0
51;9;13704;0
51;9;13705;0
51;9;13706;0
51;9;13707;0
51;9;13708;0
51;9;13709;0
51;9;13710;0
51;9;13711;0
51;9;13712;0
51;9;13713;0
51;9;13714;0
51;9;13715;0
51;9;13716;0
51;9;13717;0
51;9;13718;0
51;9;13719;0
51;9;13720;0
51;9;13721;0
51;9;13722;0
51;9;13723;0
51;9;13724;0
51;9;13725;0
51;9;13726;0
51;9;13727;0
51;9;13728;0
51;9;13729;0
51;9;13730;0
51;9;13731;0
51;9;13732;0
51;9;13733;0
51;9;13734;0
51;9;13735;0
51;9;13736;0
51;9;13737;0
51;9;13738;0
51;9;13739;0
51;9;13740;0
51;9;13741;0
51;9;13742;0
51;9;13743;0
51;9;13744;0
51;9;13745;0
51;9;13746;0
51;9;13747;0
51;9;13748;0
51;9;13749;0
51;9;13750;0
51;9;13751;0
51;9;13752;0
51;9;13753;0
51;9;13754;0
51;9;13755;0
51;9;13756;0
51;9;13757;0
51;9;13758;0
51;9;13759;0
51;9;13760;0
51;9;13761;0
51;9;13762;0
51;9;13763;0
51;9;13764;0
51;9;13765;0
51;9;13766;0
51;9;13767;0
51;9;13768;0
51;9;13769;0
51;9;13770;0
51;9;13771;0
51;9;13772;0
51;9;13773;0
51;9;13774;0
51;9;13775;0
51;9;13776;0
51;9;13777;0
51;9;13778;0
51;9;13779;0
51;9;13780;0
51;9;13781;0
51;9;13782;0
51;9;13783;0
51;9;13784;0
51;9;13785;0
51;9;13786;0
51;9;13787;0
51;9;13788;0
51;9;13789;0
51;9;13790;0
51;9;13791;0
51;9;13792;0
51;9;13793;0
51;9;13794;0
51;9;13795;0
51;9;13796;0
51;9;13797;0
51;9;13798;0
51;9;13799;0
51;9;13800;0
51;9;13801;0
51;9;13802;0
51;9;13803;0
51;9;13804;0
51;9;13805;0
51;9;13806;0
51;9;13807;0
51;9;13808;0
51;9;13809;0
51;9;13810;0
51;9;13811;0
51;9;13812;0
51;9;13813;0
51;9;13814;0
51;9;13815;0
51;9;13816;0
51;9;13817;0
51;9;13818;0
51;9;13819;0
51;9;13820;0
51;9;13821;0
51;9;13822;0
51;9;13823;0
51;9;13824;0
51;9;13825;0
51;9;13826;0
51;9;13827;0
51;9;13828;0
51;9;13829;0
51;9;13830;0
51;9;13831;0
51;9;13832;0
51;9;13833;0
51;9;13834;0
51;9;13835;0
51;9;13836;0
51;9;13837;0
51;9;13838;0
51;9;13839;0
51;9;13840;0
51;9;13841;0
51;9;13842;0
51;9;13843;0
51;9;13844;0
51;9;13845;0
51;9;13846;0
51;9;13847;0
51;9;13848;0
51;9;13849;0
51;9;13850;0
51;9;13851;0
51;9;13852;0
51;9;13853;0
51;9;13854;0
51;9;13855;0
51;9;13856;0
51;9;13857;0
51;9;13858;0
51;9;13859;0
51;9;13860;0
51;9;13861;0
51;9;13862;0
51;9;13863;0
51;9;13864;0
51;9;13865;0
51;9;13866;0
51;9;13867;0
51;9;13868;0
51;9;13869;0
51;9;13870;0
51;9;13871;0
51;9;13872;0
51;9;13873;0
51;9;13874;0
51;9;13875;0
51;9;13876;0
51;9;13877;0
51;9;13878;0
51;9;13879;0
51;9;13880;0
51;9;13881;0
51;9;13882;0
51;9;13883;0
51;9;13884;0
51;9;13885;0
51;9;13886;0
51;9;13887;0
51;9;13888;0
51;9;13889;0
51;9;13890;0
51;9;13891;0
51;9;13892;0
51;9;13893;0
51;9;13894;0
51;9;13895;0
51;9;13896;0
51;9;13897;0
51;9;13898;0
51;9;13899;0
51;9;13900;0
51;9;13901;0
51;9;13902;0
51;9;13903;0
51;9;13904;0
51;9;13905;0
51;9;13906;0
51;9;13907;0
51;9;13908;0
51;9;13909;0
51;9;13910;0
51;9;13911;0
51;9;13912;0
51;9;13913;0
51;9;13914;0
51;9;13915;0
51;9;13916;0
51;9;13917;0
51;9;13918;0
51;9;13919;0
51;9;13920;0
51;9;13921;0
51;9;13922;0
51;9;13923;0
51;9;13924;0
51;9;13925;0
51;9;13926;0
51;9;13927;0
51;9;13928;0
51;9;13929;0
51;9;13930;0
51;9;13931;0
51;9;13932;0
51;9;13933;0
51;9;13934;0
51;9;13935;0
51;9;13936;0
51;9;13937;0
51;9;13938;0
51;9;13939;0
51;9;13940;0
51;9;13941;0
51;9;13942;0
51;9;13943;0
51;9;13944;0
51;9;13945;0
51;9;13946;0
51;9;13947;0
51;9;13948;0
51;9;13949;0
51;9;13950;0
51;9;13951;0
51;9;13952;0
51;9;13953;0
51;9;13954;0
51;9;13955;0
51;9;13956;0
51;9;13957;0
51;9;13958;0
51;9;13959;0
51;9;13960;0
51;9;13961;0
51;9;13962;0
51;9;13963;0
51;9;13964;0
51;9;13965;0
51;9;13966;0
51;9;13967;0
51;9;13968;0
51;9;13969;0
51;9;13970;0
51;9;13971;0
51;9;13972;0
51;9;13973;0
51;9;13974;0
51;9;13975;0
51;9;13976;0
51;9;13977;0
51;9;13978;0
51;9;13979;0
51;9;13980;0
51;9;13981;0
51;9;13982;0
51;9;13983;0
51;9;13984;0
51;9;13985;0
51;9;13986;0
51;9;13987;0
51;9;13988;0
51;9;13989;0
51;9;13990;0
51;9;13991;0
51;9;13992;0
51;9;13993;0
51;9;13994;0
51;9;13995;0
51;9;13996;0
51;9;13997;0
51;9;13998;0
51;9;13999;0
51;9;14000;0
51;9;14001;0
51;9;14002;0
51;9;14003;0
51;9;14004;0
51;9;14005;0
51;9;14006;0
51;9;14007;0
51;9;14008;0
51;9;14009;0
51;9;14010;0
51;9;14011;0
51;9;14012;0
51;9;14013;0
51;9;14014;0
51;9;14015;0
51;9;14016;0
51;9;14017;0
51;9;14018;0
51;9;14019;0
51;9;14020;0
51;9;14021;0
51;9;14022;0
51;9;14023;0
51;9;14024;0
51;9;14025;0
51;9;14026;0
51;9;14027;0
51;9;14028;0
51;9;14029;0
51;9;14030;0
51;9;14031;0
51;9;14032;0
51;9;14033;0
51;9;14034;0
51;9;14035;0
51;9;14036;0
51;9;14037;0
51;9;14038;0
51;9;14039;0
51;9;14040;0
51;9;14041;0
51;9;14042;0
51;9;14043;0
51;9;14044;0
51;9;14045;0
51;9;14046;0
51;9;14047;0
51;9;14048;0
51;9;14049;0
51;9;14050;0
51;9;14051;0
51;9;14052;0
51;9;14053;0
51;9;14054;0
51;9;14055;0
51;9;14056;0
51;9;14057;0
51;9;14058;0
51;9;14059;0
51;9;14060;0
51;9;14061;0
51;9;14062;0
51;9;14063;0
51;9;14064;0
51;9;14065;0
51;9;14066;0
51;9;14067;0
51;9;14068;0
51;9;14069;0
51;9;14070;0
51;9;14071;0
51;9;14072;0
51;9;14073;0
51;9;14074;0
51;9;14075;0
51;9;14076;0
51;9;14077;0
51;9;14078;0
51;9;14079;0
51;9;14080;0
51;9;14081;0
51;9;14082;0
51;9;14083;0
51;9;14084;0
51;9;14085;0
51;9;14086;0
51;9;14087;0
51;9;14088;0
51;9;14089;0
51;9;14090;0
51;9;14091;0
51;9;14092;0
51;9;14093;0
51;9;14094;0
51;9;14095;0
51;9;14096;0
51;9;14097;0
51;9;14098;0
51;9;14099;0
51;9;14100;0
51;9;14101;0
51;9;14102;0
51;9;14103;0
51;9;14104;0
51;9;14105;0
51;9;14106;0
51;9;14107;0
51;9;14108;0
51;9;14109;0
51;9;14110;0
51;9;14111;0
51;9;14112;0
51;9;14113;0
51;9;14114;0
51;9;14115;0
51;9;14116;0
51;9;14117;0
51;9;14118;0
51;9;14119;0
51;9;14120;0
51;9;14121;0
51;9;14122;0
51;9;14123;0
51;9;14124;0
51;9;14125;0
51;9;14126;0
51;9;14127;0
51;9;14128;0
51;9;14129;0
51;9;14130;0
51;9;14131;0
51;9;14132;0
51;9;14133;0
51;9;14134;0
51;9;14135;0
51;9;14136;0
51;9;14137;0
51;9;14138;0
51;9;14139;0
51;9;14140;0
51;9;14141;0
51;9;14142;0
51;9;14143;0
51;9;14144;0
51;9;14145;0
51;9;14146;0
51;9;14147;0
51;9;14148;0
51;9;14149;0
51;9;14150;0
51;9;14151;0
51;9;14152;0
51;9;14153;0
51;9;14154;0
51;9;14155;0
51;9;14156;0
51;9;14157;0
51;9;14158;0
51;9;14159;0
51;9;14160;0
51;9;14161;0
51;9;14162;0
51;9;14163;0
51;9;14164;0
51;9;14165;0
51;9;14166;0
51;9;14167;0
51;9;14168;0
51;9;14169;0
51;9;14170;0
51;9;14171;0
51;9;14172;0
51;9;14173;0
51;9;14174;0
51;9;14175;0
51;9;14176;0
51;9;14177;0
51;9;14178;0
51;9;14179;0
51;9;14180;0
51;9;14181;0
51;9;14182;0
51;9;14183;0
51;9;14184;0
51;9;14185;0
51;9;14186;0
51;9;14187;0
51;9;14188;0
51;9;14189;0
51;9;14190;0
51;9;14191;0
51;9;14192;0
51;9;14193;0
51;9;14194;0
51;9;14195;0
51;9;14196;0
51;9;14197;0
51;9;14198;0
51;9;14199;0
51;9;14200;0
51;9;14201;0
51;9;14202;0
51;9;14203;0
51;9;14204;0
51;9;14205;0
51;9;14206;0
51;9;14207;0
51;9;14208;0
51;9;14209;0
51;9;14210;0
51;9;14211;0
51;9;14212;0
51;9;14213;0
51;9;14214;0
51;9;14215;0
51;9;14216;0
51;9;14217;0
51;9;14218;0
51;9;14219;0
51;9;14220;0
51;9;14221;0
51;9;14222;0
51;9;14223;0
51;9;14224;0
51;9;14225;0
51;9;14226;0
51;9;14227;0
51;9;14228;0
51;9;14229;0
51;9;14230;0
51;9;14231;0
51;9;14232;0
51;9;14233;0
51;9;14234;0
51;9;14235;0
51;9;14236;0
51;9;14237;0
51;9;14238;0
51;9;14239;0
51;9;14240;0
51;9;14241;0
51;9;14242;0
51;9;14243;0
51;9;14244;0
51;9;14245;0
51;9;14246;0
51;9;14247;0
51;9;14248;0
51;9;14249;0
51;9;14250;0
51;9;14251;0
51;9;14252;0
51;9;14253;0
51;9;14254;0
51;9;14255;0
51;9;14256;0
51;9;14257;0
51;9;14258;0
51;9;14259;0
51;9;14260;0
51;9;14261;0
51;9;14262;0
51;9;14263;0
51;9;14264;0
51;9;14265;0
51;9;14266;0
51;9;14267;0
51;9;14268;0
51;9;14269;0
51;9;14270;0
51;9;14271;0
51;9;14272;0
51;9;14273;0
51;9;14274;0
51;9;14275;0
51;9;14276;0
51;9;14277;0
51;9;14278;0
51;9;14279;0
51;9;14280;0
51;9;14281;0
51;9;14282;0
51;9;14283;0
51;9;14284;0
51;9;14285;0
51;9;14286;0
51;9;14287;0
51;9;14288;0
51;9;14289;0
51;9;14290;0
51;9;14291;0
51;9;14292;0
51;9;14293;0
51;9;14294;0
51;9;14295;0
51;9;14296;0
51;9;14297;0
51;9;14298;0
51;9;14299;0
51;9;14300;0
51;9;14301;0
51;9;14302;0
51;9;14303;0
51;9;14304;0
51;9;14305;0
51;9;14306;0
51;9;14307;0
51;9;14308;0
51;9;14309;0
51;9;14310;0
51;9;14311;0
51;9;14312;0
51;9;14313;0
51;9;14314;0
51;9;14315;0
51;9;14316;0
51;9;14317;0
51;9;14318;0
51;9;14319;0
51;9;14320;0
51;9;14321;0
51;9;14322;0
51;9;14323;0
51;9;14324;0
51;9;14325;0
51;9;14326;0
51;9;14327;0
51;9;14328;0
51;9;14329;0
51;9;14330;0
51;9;14331;0
51;9;14332;0
51;9;14333;0
51;9;14334;0
51;9;14335;0
51;9;14336;0
51;9;14337;0
51;9;14338;0
51;9;14339;0
51;9;14340;0
51;9;14341;0
51;9;14342;0
51;9;14343;0
51;9;14344;0
51;9;14345;0
51;9;14346;0
51;9;14347;0
51;9;14348;0
51;9;14349;0
51;9;14350;0
51;9;14351;0
51;9;14352;0
51;9;14353;0
51;9;14354;0
51;9;14355;0
51;9;14356;0
51;9;14357;0
51;9;14358;0
51;9;14359;0
51;9;14360;0
51;9;14361;0
51;9;14362;0
51;9;14363;0
51;9;14364;0
51;9;14365;0
51;9;14366;0
51;9;14367;0
51;9;14368;0
51;9;14369;0
51;9;14370;0
51;9;14371;0
51;9;14372;0
51;9;14373;0
51;9;14374;0
51;9;14375;0
51;9;14376;0
51;9;14377;0
51;9;14378;0
51;9;14379;0
51;9;14380;0
51;9;14381;0
51;9;14382;0
51;9;14383;0
51;9;14384;0
51;9;14385;0
51;9;14386;0
51;9;14387;0
51;9;14388;0
51;9;14389;0
51;9;14390;0
51;9;14391;0
51;9;14392;0
51;9;14393;0
51;9;14394;0
51;9;14395;0
51;9;14396;0
51;9;14397;0
51;9;14398;0
51;9;14399;0
51;9;14400;0
51;9;14401;0
51;9;14402;0
51;9;14403;0
51;9;14404;0
51;9;14405;0
51;9;14406;0
51;9;14407;0
51;9;14408;0
51;9;14409;0
51;9;14410;0
51;9;14411;0
51;9;14412;0
51;9;14413;0
51;9;14414;0
51;9;14415;0
51;9;14416;0
51;9;14417;0
51;9;14418;0
51;9;14419;0
51;9;14420;0
51;9;14421;0
51;9;14422;0
51;9;14423;0
51;9;14424;0
51;9;14425;0
51;9;14426;0
51;9;14427;0
51;9;14428;0
51;9;14429;0
51;9;14430;0
51;9;14431;0
51;9;14432;0
51;9;14433;0
51;9;14434;0
51;9;14435;0
51;9;14436;0
51;9;14437;0
51;9;14438;0
51;9;14439;0
51;9;14440;0
51;9;14441;0
51;9;14442;0
51;9;14443;0
51;9;14444;0
51;9;14445;0
51;9;14446;0
51;9;14447;0
51;9;14448;0
51;9;14449;0
51;9;14450;0
51;9;14451;0
51;9;14452;0
51;9;14453;0
51;9;14454;0
51;9;14455;0
51;9;14456;0
51;9;14457;0
51;9;14458;0
51;9;14459;0
51;9;14460;0
51;9;14461;0
51;9;14462;0
51;9;14463;0
51;9;14464;0
51;9;14465;0
51;9;14466;0
51;9;14467;0
51;9;14468;0
51;9;14469;0
51;9;14470;0
51;9;14471;0
51;9;14472;0
51;9;14473;0
51;9;14474;0
51;9;14475;0
51;9;14476;0
51;9;14477;0
51;9;14478;0
51;9;14479;0
51;9;14480;0
51;9;14481;0
51;9;14482;0
51;9;14483;0
51;9;14484;0
51;9;14485;0
51;9;14486;0
51;9;14487;0
51;9;14488;0
51;9;14489;0
51;9;14490;0
51;9;14491;0
51;9;14492;0
51;9;14493;0
51;9;14494;0
51;9;14495;0
51;9;14496;0
51;9;14497;0
51;9;14498;0
51;9;14499;0
51;9;14500;0
51;9;14501;0
51;9;14502;0
51;9;14503;0
51;9;14504;0
51;9;14505;0
51;9;14506;0
51;9;14507;0
51;9;14508;0
51;9;14509;0
51;9;14510;0
51;9;14511;0
51;9;14512;0
51;9;14513;0
51;9;14514;0
51;9;14515;0
51;9;14516;0
51;9;14517;0
51;9;14518;0
51;9;14519;0
51;9;14520;0
51;9;14521;0
51;9;14522;0
51;9;14523;0
51;9;14524;0
51;9;14525;0
51;9;14526;0
51;9;14527;0
51;9;14528;0
51;9;14529;0
51;9;14530;0
51;9;14531;0
51;9;14532;0
51;9;14533;0
51;9;14534;0
51;9;14535;0
51;9;14536;0
51;9;14537;0
51;9;14538;0
51;9;14539;0
51;9;14540;0
51;9;14541;0
51;9;14542;0
51;9;14543;0
51;9;14544;0
51;9;14545;0
51;9;14546;0
51;9;14547;0
51;9;14548;0
51;9;14549;0
51;9;14550;0
51;9;14551;0
51;9;14552;0
51;9;14553;0
51;9;14554;0
51;9;14555;0
51;9;14556;0
51;9;14557;0
51;9;14558;0
51;9;14559;0
51;9;14560;0
51;9;14561;0
51;9;14562;0
51;9;14563;0
51;9;14564;0
51;9;14565;0
51;9;14566;0
51;9;14567;0
51;9;14568;0
51;9;14569;0
51;9;14570;0
51;9;14571;0
51;9;14572;0
51;9;14573;0
51;9;14574;0
51;9;14575;0
51;9;14576;0
51;9;14577;0
51;9;14578;0
51;9;14579;0
51;9;14580;0
51;9;14581;0
51;9;14582;0
51;9;14583;0
51;9;14584;0
51;9;14585;0
51;9;14586;0
51;9;14587;0
51;9;14588;0
51;9;14589;0
51;9;14590;0
51;9;14591;0
51;9;14592;0
51;9;14593;0
51;9;14594;0
51;9;14595;0
51;9;14596;0
51;9;14597;0
51;9;14598;0
51;9;14599;0
51;9;14600;0
51;9;14601;0
51;9;14602;0
51;9;14603;0
51;9;14604;0
51;9;14605;0
51;9;14606;0
51;9;14607;0
51;9;14608;0
51;9;14609;0
51;9;14610;0
51;9;14611;0
51;9;14612;0
51;9;14613;0
51;9;14614;0
51;9;14615;0
51;9;14616;0
51;9;14617;0
51;9;14618;0
51;9;14619;0
51;9;14620;0
51;9;14621;0
51;9;14622;0
51;9;14623;0
51;9;14624;0
51;9;14625;0
51;9;14626;0
51;9;14627;0
51;9;14628;0
51;9;14629;0
51;9;14630;0
51;9;14631;0
51;9;14632;0
51;9;14633;0
51;9;14634;0
51;9;14635;0
51;9;14636;0
51;9;14637;0
51;9;14638;0
51;9;14639;0
51;9;14640;0
51;9;14641;0
51;9;14642;0
51;9;14643;0
51;9;14644;0
51;9;14645;0
51;9;14646;0
51;9;14647;0
51;9;14648;0
51;9;14649;0
51;9;14650;0
51;9;14651;0
51;9;14652;0
51;9;14653;0
51;9;14654;0
51;9;14655;0
51;9;14656;0
51;9;14657;0
51;9;14658;0
51;9;14659;0
51;9;14660;0
51;9;14661;0
51;9;14662;0
51;9;14663;0
51;9;14664;0
51;9;14665;0
51;9;14666;0
51;9;14667;0
51;9;14668;0
51;9;14669;0
51;9;14670;0
51;9;14671;0
51;9;14672;0
51;9;14673;0
51;9;14674;0
51;9;14675;0
51;9;14676;0
51;9;14677;0
51;9;14678;0
51;9;14679;0
51;9;14680;0
51;9;14681;0
51;9;14682;0
51;9;14683;0
51;9;14684;0
51;9;14685;0
51;9;14686;0
51;9;14687;0
51;9;14688;0
51;9;14689;0
51;9;14690;0
51;9;14691;0
51;9;14692;0
51;9;14693;0
51;9;14694;0
51;9;14695;0
51;9;14696;0
51;9;14697;0
51;9;14698;0
51;9;14699;0
51;9;14700;0
51;9;14701;0
51;9;14702;0
51;9;14703;0
51;9;14704;0
51;9;14705;0
51;9;14706;0
51;9;14707;0
51;9;14708;0
51;9;14709;0
51;9;14710;0
51;9;14711;0
51;9;14712;0
51;9;14713;0
51;9;14714;0
51;9;14715;0
51;9;14716;0
51;9;14717;0
51;9;14718;0
51;9;14719;0
51;9;14720;0
51;9;14721;0
51;9;14722;0
51;9;14723;0
51;9;14724;0
51;9;14725;0
51;9;14726;0
51;9;14727;0
51;9;14728;0
51;9;14729;0
51;9;14730;0
51;9;14731;0
51;9;14732;0
51;9;14733;0
51;9;14734;0
51;9;14735;0
51;9;14736;0
51;9;14737;0
51;9;14738;0
51;9;14739;0
51;9;14740;0
51;9;14741;0
51;9;14742;0
51;9;14743;0
51;9;14744;0
51;9;14745;0
51;9;14746;0
51;9;14747;0
51;9;14748;0
51;9;14749;0
51;9;14750;0
51;9;14751;0
51;9;14752;0
51;9;14753;0
51;9;14754;0
51;9;14755;0
51;9;14756;0
51;9;14757;0
51;9;14758;0
51;9;14759;0
51;9;14760;0
51;9;14761;0
51;9;14762;0
51;9;14763;0
51;9;14764;0
51;9;14765;0
51;9;14766;0
51;9;14767;0
51;9;14768;0
51;9;14769;0
51;9;14770;0
51;9;14771;0
51;9;14772;0
51;9;14773;0
51;9;14774;0
51;9;14775;0
51;9;14776;0
51;9;14777;0
51;9;14778;0
51;9;14779;0
51;9;14780;0
51;9;14781;0
51;9;14782;0
51;9;14783;0
51;9;14784;0
51;9;14785;0
51;9;14786;0
51;9;14787;0
51;9;14788;0
51;9;14789;0
51;9;14790;0
51;9;14791;0
51;9;14792;0
51;9;14793;0
51;9;14794;0
51;9;14795;0
51;9;14796;0
51;9;14797;0
51;9;14798;0
51;9;14799;0
51;9;14800;1
51;9;14801;1
51;9;14802;1
51;9;14803;1
51;9;14804;1
51;9;14805;1
51;9;14806;1
51;9;14807;1
51;9;14808;1
51;9;14809;1
51;9;14810;1
51;9;14811;1
51;9;14812;1
51;9;14813;0
51;9;14814;1
51;9;14815;1
51;9;14816;1
51;9;14817;1
51;9;14818;1
51;9;14819;1
51;9;14820;1
51;9;14821;1
51;9;14822;1
51;9;14823;1
51;9;14824;1
51;9;14825;1
51;9;14826;1
51;9;14827;1
51;9;14828;1
51;9;14829;1
51;9;14830;0
51;9;14831;0
51;9;14832;1
51;9;14833;1
51;9;14834;1
51;9;14835;1
51;9;14836;1
51;9;14837;1
51;9;14838;1
51;9;14839;0
51;9;14840;0
51;9;14841;1
51;9;14842;1
51;9;14843;0
51;9;14844;1
51;9;14845;1
51;9;14846;1
51;9;14847;1
51;9;14848;1
51;9;14849;1
51;9;14850;1
51;9;14851;1
51;9;14852;1
51;9;14853;1
51;9;14854;0
51;9;14855;1
51;9;14856;1
51;9;14857;1
51;9;14858;1
51;9;14859;1
51;9;14860;1
51;9;14861;1
51;9;14862;1
51;9;14863;1
51;9;14864;1
51;9;14865;1
51;9;14866;1
51;9;14867;1
51;9;14868;1
51;9;14869;1
51;9;14870;1
51;9;14871;1
51;9;14872;1
51;9;14873;1
51;9;14874;1
51;9;14875;1
51;9;14876;1
51;9;14877;1
51;9;14878;1
51;9;14879;1
51;9;14880;0
51;9;14881;1
51;9;14882;1
51;9;14883;1
51;9;14884;1
51;9;14885;1
51;9;14886;1
51;9;14887;1
51;9;14888;1
51;9;14889;1
51;9;14890;1
51;9;14891;1
51;9;14892;1
51;9;14893;1
51;9;14894;1
51;9;14895;1
51;9;14896;1
51;9;14897;1
51;9;14898;1
51;9;14899;1
51;9;14900;1
51;9;14901;1
51;9;14902;1
51;9;14903;1
51;9;14904;0
51;9;14905;0
51;9;14906;1
51;9;14907;1
51;9;14908;1
51;9;14909;0
51;9;14910;0
51;9;14911;1
51;9;14912;0
51;9;14913;1
51;9;14914;0
51;9;14915;0
51;9;14916;0
51;9;14917;0
51;9;14918;0
51;9;14919;1
51;9;14920;0
51;9;14921;0
51;9;14922;0
51;9;14923;0
51;9;14924;0
51;9;14925;1
51;9;14926;1
51;9;14927;1
51;9;14928;1
51;9;14929;1
51;9;14930;1
51;9;14931;1
51;9;14932;1
51;9;14933;1
51;9;14934;1
51;9;14935;1
51;9;14936;0
51;9;14937;1
51;9;14938;0
51;9;14939;0
51;9;14940;0
51;9;14941;0
51;9;14942;0
51;9;14943;0
51;9;14944;0
51;9;14945;0
51;9;14946;0
51;9;14947;0
51;9;14948;0
51;9;14949;0
51;9;14950;0
51;9;14951;0
51;9;14952;0
51;9;14953;0
51;9;14954;0
51;9;14955;0
51;9;14956;0
51;9;14957;0
51;9;14958;0
51;9;14959;0
51;9;14960;0
51;9;14961;0
51;9;14962;0
51;9;14963;0
51;9;14964;0
51;9;14965;0
51;9;14966;0
51;9;14967;0
51;9;14968;0
51;9;14969;0
51;9;14970;0
51;9;14971;0
51;9;14972;0
51;9;14973;0
51;9;14974;0
51;9;14975;0
51;9;14976;0
51;9;14977;0
51;9;14978;0
51;9;14979;0
51;9;14980;0
51;9;14981;0
51;9;14982;0
51;9;14983;0
51;9;14984;0
51;9;14985;0
51;9;14986;0
51;9;14987;0
51;9;14988;0
51;9;14989;0
51;9;14990;0
51;9;14991;0
51;9;14992;0
51;9;14993;0
51;9;14994;0
51;9;14995;0
51;9;14996;0
51;9;14997;0
51;9;14998;0
51;9;14999;0
51;9;15000;0
51;9;15001;0
51;9;15002;0
51;9;15003;0
51;9;15004;0
51;9;15005;0
51;9;15006;0
51;9;15007;0
51;9;15008;0
51;9;15009;0
51;9;15010;0
51;9;15011;0
51;9;15012;0
51;9;15013;0
51;9;15014;0
51;9;15015;0
51;9;15016;0
51;9;15017;0
51;9;15018;0
51;9;15019;0
51;9;15020;0
51;9;15021;0
51;9;15022;0
51;9;15023;0
51;9;15024;0
51;9;15025;0
51;9;15026;0
51;9;15027;0
51;9;15028;0
51;9;15029;0
51;9;15030;0
51;9;15031;0
51;9;15032;0
51;9;15033;0
51;9;15034;0
51;9;15035;0
51;9;15036;0
51;9;15037;0
51;9;15038;0
51;9;15039;0
51;9;15040;0
51;9;15041;0
51;9;15042;0
51;9;15043;0
51;9;15044;0
51;9;15045;0
51;9;15046;0
51;9;15047;0
51;9;15048;0
51;9;15049;0
51;9;15050;0
51;9;15051;0
51;9;15052;0
51;9;15053;0
51;9;15054;0
51;9;15055;0
51;9;15056;0
51;9;15057;0
51;9;15058;0
51;9;15059;0
51;9;15060;0
51;9;15061;0
51;9;15062;0
51;9;15063;0
51;9;15064;0
51;9;15065;0
51;9;15066;0
51;9;15067;0
51;9;15068;0
51;9;15069;0
51;9;15070;0
51;9;15071;0
51;9;15072;0
51;9;15073;0
51;9;15074;0
51;9;15075;0
51;9;15076;0
51;9;15077;0
51;9;15078;0
51;9;15079;0
51;9;15080;0
51;9;15081;0
51;9;15082;0
51;9;15083;0
51;9;15084;0
51;9;15085;0
51;9;15086;0
51;9;15087;0
51;9;15088;0
51;9;15089;0
51;9;15090;0
51;9;15091;0
51;9;15092;0
51;9;15093;0
51;9;15094;0
51;9;15095;0
51;9;15096;0
51;9;15097;0
51;9;15098;0
51;9;15099;0
51;9;15100;0
51;9;15101;0
51;9;15102;0
51;9;15103;0
51;9;15104;0
51;9;15105;0
51;9;15106;0
51;9;15107;0
51;9;15108;0
51;9;15109;0
51;9;15110;0
51;9;15111;0
51;9;15112;0
51;9;15113;0
51;9;15114;0
51;9;15115;0
51;9;15116;0
51;9;15117;0
51;9;15118;0
51;9;15119;0
51;9;15120;0
51;9;15121;0
51;9;15122;0
51;9;15123;0
51;9;15124;0
51;9;15125;0
51;9;15126;0
51;9;15127;0
51;9;15128;0
51;9;15129;0
51;9;15130;0
51;9;15131;0
51;9;15132;0
51;9;15133;0
51;9;15134;0
51;9;15135;0
51;9;15136;0
51;9;15137;0
51;9;15138;0
51;9;15139;0
51;9;15140;0
51;9;15141;0
51;9;15142;0
51;9;15143;0
51;9;15144;0
51;9;15145;0
51;9;15146;0
51;9;15147;0
51;9;15148;0
51;9;15149;0
51;9;15150;0
51;9;15151;0
51;9;15152;0
51;9;15153;0
51;9;15154;0
51;9;15155;0
51;9;15156;0
51;9;15157;0
51;9;15158;0
51;9;15159;0
51;9;15160;0
51;9;15161;0
51;9;15162;0
51;9;15163;0
51;9;15164;0
51;9;15165;0
51;9;15166;0
51;9;15167;0
51;9;15168;0
51;9;15169;0
51;9;15170;0
51;9;15171;0
51;9;15172;0
51;9;15173;0
51;9;15174;0
51;9;15175;0
51;9;15176;0
51;9;15177;0
51;9;15178;0
51;9;15179;0
51;9;15180;0
51;9;15181;0
51;9;15182;0
51;9;15183;0
51;9;15184;0
51;9;15185;0
51;9;15186;0
51;9;15187;0
51;9;15188;0
51;9;15189;0
51;9;15190;0
51;9;15191;0
51;9;15192;0
51;9;15193;0
51;9;15194;0
51;9;15195;0
51;9;15196;0
51;9;15197;0
51;9;15198;0
51;9;15199;0
51;9;15200;0
51;9;15201;0
51;9;15202;0
51;9;15203;0
51;9;15204;0
51;9;15205;0
51;9;15206;0
51;9;15207;0
51;9;15208;0
51;9;15209;0
51;9;15210;0
51;9;15211;0
51;9;15212;0
51;9;15213;0
51;9;15214;0
51;9;15215;0
51;9;15216;0
51;9;15217;0
51;9;15218;0
51;9;15219;0
51;9;15220;0
51;9;15221;0
51;9;15222;0
51;9;15223;0
51;9;15224;0
51;9;15225;0
51;9;15226;0
51;9;15227;0
51;9;15228;0
51;9;15229;0
51;9;15230;0
51;9;15231;0
51;9;15232;0
51;9;15233;0
51;9;15234;0
51;9;15235;0
51;9;15236;0
51;9;15237;0
51;9;15238;0
51;9;15239;0
51;9;15240;0
51;9;15241;0
51;9;15242;0
51;9;15243;0
51;9;15244;0
51;9;15245;0
51;9;15246;0
51;9;15247;0
51;9;15248;0
51;9;15249;0
51;9;15250;0
51;9;15251;0
51;9;15252;0
51;9;15253;0
51;9;15254;0
51;9;15255;0
51;9;15256;0
51;9;15257;0
51;9;15258;0
51;9;15259;0
51;9;15260;0
51;9;15261;0
51;9;15262;0
51;9;15263;0
51;9;15264;0
51;9;15265;0
51;9;15266;0
51;9;15267;0
51;9;15268;0
51;9;15269;0
51;9;15270;0
51;9;15271;0
51;9;15272;0
51;9;15273;0
51;9;15274;0
51;9;15275;0
51;9;15276;0
51;9;15277;0
51;9;15278;0
51;9;15279;0
51;9;15280;0
51;9;15281;0
51;9;15282;0
51;9;15283;0
51;9;15284;0
51;9;15285;0
51;9;15286;0
51;9;15287;0
51;9;15288;0
51;9;15289;0
51;9;15290;0
51;9;15291;0
51;9;15292;0
51;9;15293;0
51;9;15294;0
51;9;15295;0
51;9;15296;0
51;9;15297;0
51;9;15298;0
51;9;15299;0
51;9;15300;0
51;9;15301;0
51;9;15302;0
51;9;15303;0
51;9;15304;0
51;9;15305;0
51;9;15306;0
51;9;15307;0
51;9;15308;0
51;9;15309;0
51;9;15310;0
51;9;15311;0
51;9;15312;0
51;9;15313;0
51;9;15314;0
51;9;15315;0
51;9;15316;0
51;9;15317;0
51;9;15318;0
51;9;15319;0
51;9;15320;0
51;9;15321;0
51;9;15322;0
51;9;15323;0
51;9;15324;0
51;9;15325;0
51;9;15326;0
51;9;15327;0
51;9;15328;0
51;9;15329;0
51;9;15330;0
51;9;15331;0
51;9;15332;0
51;9;15333;0
51;9;15334;0
51;9;15335;0
51;9;15336;0
51;9;15337;0
51;9;15338;0
51;9;15339;0
51;9;15340;0
51;9;15341;0
51;9;15342;0
51;9;15343;0
51;9;15344;0
51;9;15345;0
51;9;15346;0
51;9;15347;0
51;9;15348;0
51;9;15349;0
51;9;15350;0
51;9;15351;0
51;9;15352;0
51;9;15353;0
51;9;15354;0
51;9;15355;0
51;9;15356;0
51;9;15357;0
51;9;15358;0
51;9;15359;0
51;9;15360;0
51;9;15361;0
51;9;15362;0
51;9;15363;0
51;9;15364;0
51;9;15365;0
51;9;15366;0
51;9;15367;0
51;9;15368;0
51;9;15369;0
51;9;15370;0
51;9;15371;0
51;9;15372;0
51;9;15373;0
51;9;15374;0
51;9;15375;0
51;9;15376;0
51;9;15377;0
51;9;15378;0
51;9;15379;0
51;9;15380;0
51;9;15381;0
51;9;15382;0
51;9;15383;0
51;9;15384;0
51;9;15385;0
51;9;15386;0
51;9;15387;0
51;9;15388;0
51;9;15389;0
51;9;15390;0
51;9;15391;0
51;9;15392;0
51;9;15393;0
51;9;15394;0
51;9;15395;0
51;9;15396;0
51;9;15397;0
51;9;15398;0
51;9;15399;0
51;9;15400;0
51;9;15401;0
51;9;15402;0
51;9;15403;0
51;9;15404;0
51;9;15405;0
51;9;15406;0
51;9;15407;0
51;9;15408;0
51;9;15409;0
51;9;15410;0
51;9;15411;0
51;9;15412;0
51;9;15413;0
51;9;15414;0
51;9;15415;0
51;9;15416;0
51;9;15417;0
51;9;15418;0
51;9;15419;0
51;9;15420;0
51;9;15421;0
51;9;15422;0
51;9;15423;0
51;9;15424;0
51;9;15425;0
51;9;15426;0
51;9;15427;0
51;9;15428;0
51;9;15429;0
51;9;15430;0
51;9;15431;0
51;9;15432;0
51;9;15433;0
51;9;15434;0
51;9;15435;0
51;9;15436;0
51;9;15437;0
51;9;15438;0
51;9;15439;0
51;9;15440;0
51;9;15441;0
51;9;15442;0
51;9;15443;0
51;9;15444;0
51;9;15445;0
51;9;15446;0
51;9;15447;0
51;9;15448;0
51;9;15449;0
51;9;15450;0
51;9;15451;0
51;9;15452;0
51;9;15453;0
51;9;15454;0
51;9;15455;0
51;9;15456;0
51;9;15457;0
51;9;15458;0
51;9;15459;0
51;9;15460;0
51;9;15461;0
51;9;15462;0
51;9;15463;0
51;9;15464;0
51;9;15465;0
51;9;15466;0
51;9;15467;0
51;9;15468;0
51;9;15469;0
51;9;15470;0
51;9;15471;0
51;9;15472;0
51;9;15473;0
51;9;15474;0
51;9;15475;0
51;9;15476;0
51;9;15477;0
51;9;15478;0
51;9;15479;0
51;9;15480;0
51;9;15481;0
51;9;15482;0
51;9;15483;0
51;9;15484;0
51;9;15485;0
51;9;15486;0
51;9;15487;0
51;9;15488;0
51;9;15489;0
51;9;15490;0
51;9;15491;0
51;9;15492;0
51;9;15493;0
51;9;15494;0
51;9;15495;0
51;9;15496;0
51;9;15497;0
51;9;15498;0
51;9;15499;0
51;9;15500;0
51;9;15501;0
51;9;15502;0
51;9;15503;0
51;9;15504;0
51;9;15505;0
51;9;15506;0
51;9;15507;0
51;9;15508;0
51;9;15509;0
51;9;15510;0
51;9;15511;0
51;9;15512;0
51;9;15513;0
51;9;15514;0
51;9;15515;0
51;9;15516;0
51;9;15517;0
51;9;15518;0
51;9;15519;0
51;9;15520;0
51;9;15521;0
51;9;15522;0
51;9;15523;0
51;9;15524;0
51;9;15525;0
51;9;15526;0
51;9;15527;0
51;9;15528;0
51;9;15529;0
51;9;15530;0
51;9;15531;0
51;9;15532;0
51;9;15533;0
51;9;15534;0
51;9;15535;0
51;9;15536;0
51;9;15537;0
51;9;15538;0
51;9;15539;0
51;9;15540;0
51;9;15541;0
51;9;15542;0
51;9;15543;0
51;9;15544;0
51;9;15545;0
51;9;15546;0
51;9;15547;0
51;9;15548;0
51;9;15549;0
51;9;15550;0
51;9;15551;0
51;9;15552;0
51;9;15553;0
51;9;15554;0
51;9;15555;0
51;9;15556;0
51;9;15557;0
51;9;15558;0
51;9;15559;0
51;9;15560;0
51;9;15561;0
51;9;15562;0
51;9;15563;0
51;9;15564;0
51;9;15565;0
51;9;15566;0
51;9;15567;0
51;9;15568;0
51;9;15569;0
51;9;15570;0
51;9;15571;0
51;9;15572;0
51;9;15573;0
51;9;15574;0
51;9;15575;0
51;9;15576;0
51;9;15577;0
51;9;15578;0
51;9;15579;0
51;9;15580;0
51;9;15581;0
51;9;15582;0
51;9;15583;0
51;9;15584;0
51;9;15585;0
51;9;15586;0
51;9;15587;0
51;9;15588;0
51;9;15589;0
51;9;15590;0
51;9;15591;0
51;9;15592;0
51;9;15593;0
51;9;15594;0
51;9;15595;0
51;9;15596;0
51;9;15597;0
51;9;15598;0
51;9;15599;0
51;9;15600;0
51;9;15601;0
51;9;15602;0
51;9;15603;0
51;9;15604;0
51;9;15605;0
51;9;15606;0
51;9;15607;0
51;9;15608;0
51;9;15609;0
51;9;15610;0
51;9;15611;0
51;9;15612;0
51;9;15613;0
51;9;15614;0
51;9;15615;0
51;9;15616;0
51;9;15617;0
51;9;15618;0
51;9;15619;0
51;9;15620;0
51;9;15621;0
51;9;15622;0
51;9;15623;0
51;9;15624;0
51;9;15625;0
51;9;15626;0
51;9;15627;0
51;9;15628;0
51;9;15629;0
51;9;15630;0
51;9;15631;0
51;9;15632;0
51;9;15633;0
51;9;15634;0
51;9;15635;0
51;9;15636;0
51;9;15637;0
51;9;15638;0
51;9;15639;0
51;9;15640;0
51;9;15641;0
51;9;15642;0
51;9;15643;0
51;9;15644;0
51;9;15645;0
51;9;15646;0
51;9;15647;0
51;9;15648;0
51;9;15649;0
51;9;15650;0
51;9;15651;0
51;9;15652;0
51;9;15653;0
51;9;15654;0
51;9;15655;0
51;9;15656;0
51;9;15657;0
51;9;15658;0
51;9;15659;0
51;9;15660;0
51;9;15661;0
51;9;15662;0
51;9;15663;0
51;9;15664;0
51;9;15665;0
51;9;15666;0
51;9;15667;0
51;9;15668;0
51;9;15669;0
51;9;15670;0
51;9;15671;0
51;9;15672;0
51;9;15673;0
51;9;15674;0
51;9;15675;0
51;9;15676;0
51;9;15677;0
51;9;15678;0
51;9;15679;0
51;9;15680;0
51;9;15681;0
51;9;15682;0
51;9;15683;0
51;9;15684;0
51;9;15685;0
51;9;15686;0
51;9;15687;0
51;9;15688;0
51;9;15689;0
51;9;15690;0
51;9;15691;0
51;9;15692;0
51;9;15693;0
51;9;15694;0
51;9;15695;0
51;9;15696;0
51;9;15697;0
51;9;15698;0
51;9;15699;0
51;9;15700;0
51;9;15701;0
51;9;15702;0
51;9;15703;0
51;9;15704;0
51;9;15705;0
51;9;15706;0
51;9;15707;0
51;9;15708;0
51;9;15709;0
51;9;15710;0
51;9;15711;0
51;9;15712;0
51;9;15713;0
51;9;15714;0
51;9;15715;0
51;9;15716;0
51;9;15717;0
51;9;15718;0
51;9;15719;0
51;9;15720;0
51;9;15721;0
51;9;15722;0
51;9;15723;0
51;9;15724;0
51;9;15725;0
51;9;15726;0
51;9;15727;0
51;9;15728;0
51;9;15729;0
51;9;15730;0
51;9;15731;0
51;9;15732;0
51;9;15733;0
51;9;15734;0
51;9;15735;0
51;9;15736;0
51;9;15737;0
51;9;15738;0
51;9;15739;0
51;9;15740;0
51;9;15741;0
51;9;15742;0
51;9;15743;0
51;9;15744;0
51;9;15745;0
51;9;15746;0
51;9;15747;0
51;9;15748;0
51;9;15749;0
51;9;15750;0
51;9;15751;0
51;9;15752;0
51;9;15753;0
51;9;15754;0
51;9;15755;0
51;9;15756;0
51;9;15757;0
51;9;15758;0
51;9;15759;0
51;9;15760;0
51;9;15761;0
51;9;15762;0
51;9;15763;0
51;9;15764;0
51;9;15765;0
51;9;15766;0
51;9;15767;0
51;9;15768;0
51;9;15769;0
51;9;15770;0
51;9;15771;0
51;9;15772;0
51;9;15773;0
51;9;15774;0
51;9;15775;0
51;9;15776;0
51;9;15777;0
51;9;15778;0
51;9;15779;0
51;9;15780;0
51;9;15781;0
51;9;15782;0
51;9;15783;0
51;9;15784;0
51;9;15785;0
51;9;15786;0
51;9;15787;0
51;9;15788;0
51;9;15789;0
51;9;15790;0
51;9;15791;0
51;9;15792;0
51;9;15793;0
51;9;15794;0
51;9;15795;0
51;9;15796;0
51;9;15797;0
51;9;15798;0
51;9;15799;0
51;9;15800;0
51;9;15801;0
51;9;15802;0
51;9;15803;0
51;9;15804;0
51;9;15805;0
51;9;15806;0
51;9;15807;0
51;9;15808;0
51;9;15809;0
51;9;15810;0
51;9;15811;0
51;9;15812;0
51;9;15813;0
51;9;15814;0
51;9;15815;0
51;9;15816;0
51;9;15817;0
51;9;15818;0
51;9;15819;0
51;9;15820;0
51;9;15821;0
51;9;15822;0
51;9;15823;0
51;9;15824;0
51;9;15825;0
51;9;15826;0
51;9;15827;0
51;9;15828;0
51;9;15829;0
51;9;15830;0
51;9;15831;0
51;9;15832;0
51;9;15833;0
51;9;15834;0
51;9;15835;0
51;9;15836;0
51;9;15837;0
51;9;15838;0
51;9;15839;0
51;9;15840;0
51;9;15841;0
51;9;15842;0
51;9;15843;0
51;9;15844;0
51;9;15845;0
51;9;15846;0
51;9;15847;0
51;9;15848;0
51;9;15849;0
51;9;15850;0
51;9;15851;0
51;9;15852;0
51;9;15853;0
51;9;15854;0
51;9;15855;0
51;9;15856;0
51;9;15857;0
51;9;15858;0
51;9;15859;0
51;9;15860;0
51;9;15861;0
51;9;15862;0
51;9;15863;0
51;9;15864;0
51;9;15865;0
51;9;15866;0
51;9;15867;0
51;9;15868;0
51;9;15869;0
51;9;15870;0
51;9;15871;0
51;9;15872;0
51;9;15873;0
51;9;15874;0
51;9;15875;0
51;9;15876;0
51;9;15877;0
51;9;15878;0
51;9;15879;0
51;9;15880;0
51;9;15881;0
51;9;15882;0
51;9;15883;0
51;9;15884;0
51;9;15885;0
51;9;15886;0
51;9;15887;0
51;9;15888;0
51;9;15889;0
51;9;15890;0
51;9;15891;0
51;9;15892;0
51;9;15893;0
51;9;15894;0
51;9;15895;0
51;9;15896;0
51;9;15897;0
51;9;15898;0
51;9;15899;0
51;9;15900;0
51;9;15901;0
51;9;15902;0
51;9;15903;0
51;9;15904;0
51;9;15905;0
51;9;15906;0
51;9;15907;0
51;9;15908;0
51;9;15909;0
51;9;15910;0
51;9;15911;0
51;9;15912;0
51;9;15913;0
51;9;15914;0
51;9;15915;0
51;9;15916;0
51;9;15917;0
51;9;15918;0
51;9;15919;0
51;9;15920;0
51;9;15921;0
51;9;15922;0
51;9;15923;0
51;9;15924;0
51;9;15925;0
51;9;15926;0
51;9;15927;0
51;9;15928;0
51;9;15929;0
51;9;15930;0
51;9;15931;0
51;9;15932;0
51;9;15933;0
51;9;15934;0
51;9;15935;0
51;9;15936;0
51;9;15937;0
51;9;15938;0
51;9;15939;0
51;9;15940;0
51;9;15941;0
51;9;15942;0
51;9;15943;0
51;9;15944;0
51;9;15945;0
51;9;15946;0
51;9;15947;0
51;9;15948;0
51;9;15949;0
51;9;15950;0
51;9;15951;0
51;9;15952;0
51;9;15953;0
51;9;15954;0
51;9;15955;0
51;9;15956;0
51;9;15957;0
51;9;15958;0
51;9;15959;0
51;9;15960;0
51;9;15961;0
51;9;15962;0
51;9;15963;0
51;9;15964;0
51;9;15965;0
51;9;15966;0
51;9;15967;0
51;9;15968;0
51;9;15969;0
51;9;15970;0
51;9;15971;0
51;9;15972;0
51;9;15973;0
51;9;15974;0
51;9;15975;0
51;9;15976;0
51;9;15977;0
51;9;15978;0
51;9;15979;0
51;9;15980;0
51;9;15981;0
51;9;15982;0
51;9;15983;0
51;9;15984;0
51;9;15985;0
51;9;15986;0
51;9;15987;0
51;9;15988;0
51;9;15989;0
51;9;15990;0
51;9;15991;0
51;9;15992;0
51;9;15993;0
51;9;15994;0
51;9;15995;0
51;9;15996;0
51;9;15997;0
51;9;15998;0
51;9;15999;0
51;9;16000;1
51;9;16001;1
51;9;16002;1
51;9;16003;1
51;9;16004;1
51;9;16005;1
51;9;16006;1
51;9;16007;1
51;9;16008;1
51;9;16009;0
51;9;16010;1
51;9;16011;0
51;9;16012;0
51;9;16013;0
51;9;16014;0
51;9;16015;0
51;9;16016;1
51;9;16017;0
51;9;16018;1
51;9;16019;1
51;9;16020;1
51;9;16021;1
51;9;16022;1
51;9;16023;1
51;9;16024;1
51;9;16025;1
51;9;16026;1
51;9;16027;1
51;9;16028;1
51;9;16029;1
51;9;16030;1
51;9;16031;1
51;9;16032;1
51;9;16033;1
51;9;16034;1
51;9;16035;1
51;9;16036;1
51;9;16037;1
51;9;16038;1
51;9;16039;1
51;9;16040;1
51;9;16041;1
51;9;16042;1
51;9;16043;1
51;9;16044;1
51;9;16045;1
51;9;16046;1
51;9;16047;1
51;9;16048;1
51;9;16049;1
51;9;16050;1
51;9;16051;1
51;9;16052;1
51;9;16053;1
51;9;16054;1
51;9;16055;1
51;9;16056;1
51;9;16057;1
51;9;16058;1
51;9;16059;1
51;9;16060;1
51;9;16061;1
51;9;16062;1
51;9;16063;1
51;9;16064;1
51;9;16065;1
51;9;16066;1
51;9;16067;1
51;9;16068;1
51;9;16069;1
51;9;16070;1
51;9;16071;1
51;9;16072;1
51;9;16073;1
51;9;16074;1
51;9;16075;1
51;9;16076;1
51;9;16077;1
51;9;16078;1
51;9;16079;1
51;9;16080;1
51;9;16081;1
51;9;16082;1
51;9;16083;1
51;9;16084;1
51;9;16085;1
51;9;16086;1
51;9;16087;1
51;9;16088;1
51;9;16089;1
51;9;16090;1
51;9;16091;1
51;9;16092;1
51;9;16093;1
51;9;16094;0
51;9;16095;1
51;9;16096;1
51;9;16097;1
51;9;16098;1
51;9;16099;1
51;9;16100;1
51;9;16101;1
51;9;16102;1
51;9;16103;1
51;9;16104;1
51;9;16105;1
51;9;16106;1
51;9;16107;1
51;9;16108;1
51;9;16109;1
51;9;16110;1
51;9;16111;1
51;9;16112;1
51;9;16113;1
51;9;16114;1
51;9;16115;1
51;9;16116;1
51;9;16117;1
51;9;16118;1
51;9;16119;1
51;9;16120;1
51;9;16121;1
51;9;16122;1
51;9;16123;1
51;9;16124;1
51;9;16125;1
51;9;16126;1
51;9;16127;1
51;9;16128;1
51;9;16129;1
51;9;16130;1
51;9;16131;1
51;9;16132;1
51;9;16133;1
51;9;16134;1
51;9;16135;1
51;9;16136;1
51;9;16137;1
51;9;16138;1
51;9;16139;1
51;9;16140;1
51;9;16141;1
51;9;16142;1
51;9;16143;1
51;9;16144;1
51;9;16145;1
51;9;16146;1
51;9;16147;1
51;9;16148;1
51;9;16149;1
51;9;16150;1
51;9;16151;1
51;9;16152;1
51;9;16153;1
51;9;16154;1
51;9;16155;1
51;9;16156;1
51;9;16157;1
51;9;16158;1
51;9;16159;1
51;9;16160;1
51;9;16161;1
51;9;16162;1
51;9;16163;1
51;9;16164;1
51;9;16165;1
51;9;16166;1
51;9;16167;1
51;9;16168;1
51;9;16169;1
51;9;16170;1
51;9;16171;1
51;9;16172;1
51;9;16173;1
51;9;16174;1
51;9;16175;1
51;9;16176;1
51;9;16177;1
51;9;16178;1
51;9;16179;1
51;9;16180;1
51;9;16181;1
51;9;16182;1
51;9;16183;1
51;9;16184;1
51;9;16185;1
51;9;16186;1
51;9;16187;1
51;9;16188;1
51;9;16189;1
51;9;16190;1
51;9;16191;1
51;9;16192;1
51;9;16193;1
51;9;16194;1
51;9;16195;1
51;9;16196;1
51;9;16197;1
51;9;16198;1
51;9;16199;1
51;9;16200;1
51;9;16201;1
51;9;16202;1
51;9;16203;1
51;9;16204;1
51;9;16205;1
51;9;16206;1
51;9;16207;1
51;9;16208;1
51;9;16209;1
51;9;16210;1
51;9;16211;1
51;9;16212;1
51;9;16213;1
51;9;16214;1
51;9;16215;1
51;9;16216;1
51;9;16217;1
51;9;16218;1
51;9;16219;1
51;9;16220;1
51;9;16221;1
51;9;16222;1
51;9;16223;1
51;9;16224;1
51;9;16225;1
51;9;16226;1
51;9;16227;1
51;9;16228;1
51;9;16229;1
51;9;16230;1
51;9;16231;0
51;9;16232;1
51;9;16233;1
51;9;16234;1
51;9;16235;1
51;9;16236;1
51;9;16237;1
51;9;16238;1
51;9;16239;1
51;9;16240;1
51;9;16241;1
51;9;16242;1
51;9;16243;1
51;9;16244;1
51;9;16245;1
51;9;16246;1
51;9;16247;1
51;9;16248;1
51;9;16249;1
51;9;16250;1
51;9;16251;1
51;9;16252;1
51;9;16253;1
51;9;16254;1
51;9;16255;1
51;9;16256;1
51;9;16257;1
51;9;16258;1
51;9;16259;1
51;9;16260;1
51;9;16261;1
51;9;16262;1
51;9;16263;1
51;9;16264;1
51;9;16265;1
51;9;16266;0
51;9;16267;1
51;9;16268;1
51;9;16269;1
51;9;16270;1
51;9;16271;1
51;9;16272;0
51;9;16273;1
51;9;16274;1
51;9;16275;0
51;9;16276;1
51;9;16277;1
51;9;16278;1
51;9;16279;1
51;9;16280;1
51;9;16281;1
51;9;16282;1
51;9;16283;1
51;9;16284;1
51;9;16285;1
51;9;16286;1
51;9;16287;1
51;9;16288;1
51;9;16289;1
51;9;16290;1
51;9;16291;1
51;9;16292;1
51;9;16293;1
51;9;16294;1
51;9;16295;1
51;9;16296;0
51;9;16297;1
51;9;16298;1
51;9;16299;1
51;9;16300;1
51;9;16301;1
51;9;16302;1
51;9;16303;1
51;9;16304;1
51;9;16305;1
51;9;16306;1
51;9;16307;1
51;9;16308;1
51;9;16309;1
51;9;16310;1
51;9;16311;1
51;9;16312;0
51;9;16313;1
51;9;16314;1
51;9;16315;1
51;9;16316;1
51;9;16317;1
51;9;16318;1
51;9;16319;1
51;9;16320;1
51;9;16321;1
51;9;16322;1
51;9;16323;1
51;9;16324;0
51;9;16325;1
51;9;16326;1
51;9;16327;1
51;9;16328;1
51;9;16329;1
51;9;16330;1
51;9;16331;1
51;9;16332;1
51;9;16333;1
51;9;16334;0
51;9;16335;1
51;9;16336;1
51;9;16337;1
51;9;16338;0
51;9;16339;1
51;9;16340;1
51;9;16341;1
51;9;16342;1
51;9;16343;1
51;9;16344;1
51;9;16345;1
51;9;16346;1
51;9;16347;1
51;9;16348;1
51;9;16349;1
51;9;16350;1
51;9;16351;1
51;9;16352;1
51;9;16353;1
51;9;16354;1
51;9;16355;1
51;9;16356;1
51;9;16357;1
51;9;16358;0
51;9;16359;0
51;9;16360;0
51;9;16361;0
51;9;16362;1
51;9;16363;1
51;9;16364;0
51;9;16365;0
51;9;16366;0
51;9;16367;0
51;9;16368;1
51;9;16369;1
51;9;16370;1
51;9;16371;1
51;9;16372;1
51;9;16373;1
51;9;16374;1
51;9;16375;1
51;9;16376;1
51;9;16377;1
51;9;16378;1
51;9;16379;1
51;9;16380;1
51;9;16381;1
51;9;16382;1
51;9;16383;1
51;9;16384;1
51;9;16385;1
51;9;16386;1
51;9;16387;1
51;9;16388;1
51;9;16389;1
51;9;16390;1
51;9;16391;1
51;9;16392;1
51;9;16393;1
51;9;16394;1
51;9;16395;0
51;9;16396;1
51;9;16397;1
51;9;16398;1
51;9;16399;1
51;9;16400;1
51;9;16401;1
51;9;16402;1
51;9;16403;0
51;9;16404;1
51;9;16405;1
51;9;16406;0
51;9;16407;0
51;9;16408;1
51;9;16409;1
51;9;16410;1
51;9;16411;0
51;9;16412;1
51;9;16413;1
51;9;16414;0
51;9;16415;1
51;9;16416;1
51;9;16417;1
51;9;16418;1
51;9;16419;1
51;9;16420;1
51;9;16421;1
51;9;16422;1
51;9;16423;1
51;9;16424;1
51;9;16425;1
51;9;16426;1
51;9;16427;1
51;9;16428;1
51;9;16429;1
51;9;16430;1
51;9;16431;0
51;9;16432;0
51;9;16433;1
51;9;16434;1
51;9;16435;0
51;9;16436;0
51;9;16437;0
51;9;16438;0
51;9;16439;0
51;9;16440;0
51;9;16441;0
51;9;16442;0
51;9;16443;0
51;9;16444;0
51;9;16445;1
51;9;16446;1
51;9;16447;0
51;9;16448;0
51;9;16449;1
51;9;16450;1
51;9;16451;1
51;9;16452;1
51;9;16453;1
51;9;16454;1
51;9;16455;1
51;9;16456;1
51;9;16457;1
51;9;16458;1
51;9;16459;1
51;9;16460;1
51;9;16461;1
51;9;16462;1
51;9;16463;1
51;9;16464;1
51;9;16465;1
51;9;16466;1
51;9;16467;1
51;9;16468;1
51;9;16469;1
51;9;16470;1
51;9;16471;1
51;9;16472;1
51;9;16473;1
51;9;16474;1
51;9;16475;1
51;9;16476;1
51;9;16477;1
51;9;16478;1
51;9;16479;1
51;9;16480;1
51;9;16481;1
51;9;16482;1
51;9;16483;1
51;9;16484;0
51;9;16485;1
51;9;16486;1
51;9;16487;1
51;9;16488;1
51;9;16489;1
51;9;16490;1
51;9;16491;1
51;9;16492;1
51;9;16493;0
51;9;16494;1
51;9;16495;1
51;9;16496;1
51;9;16497;1
51;9;16498;1
51;9;16499;0
51;9;16500;1
51;9;16501;1
51;9;16502;1
51;9;16503;1
51;9;16504;1
51;9;16505;1
51;9;16506;1
51;9;16507;1
51;9;16508;1
51;9;16509;1
51;9;16510;1
51;9;16511;1
51;9;16512;1
51;9;16513;1
51;9;16514;1
51;9;16515;1
51;9;16516;1
51;9;16517;1
51;9;16518;1
51;9;16519;1
51;9;16520;1
51;9;16521;1
51;9;16522;1
51;9;16523;1
51;9;16524;1
51;9;16525;1
51;9;16526;1
51;9;16527;1
51;9;16528;0
51;9;16529;1
51;9;16530;1
51;9;16531;1
51;9;16532;1
51;9;16533;1
51;9;16534;1
51;9;16535;1
51;9;16536;1
51;9;16537;1
51;9;16538;1
51;9;16539;1
51;9;16540;1
51;9;16541;1
51;9;16542;1
51;9;16543;1
51;9;16544;1
51;9;16545;1
51;9;16546;1
51;9;16547;1
51;9;16548;1
51;9;16549;1
51;9;16550;1
51;9;16551;1
51;9;16552;1
51;9;16553;1
51;9;16554;1
51;9;16555;1
51;9;16556;1
51;9;16557;1
51;9;16558;1
51;9;16559;1
51;9;16560;1
51;9;16561;1
51;9;16562;1
51;9;16563;1
51;9;16564;1
51;9;16565;1
51;9;16566;1
51;9;16567;1
51;9;16568;1
51;9;16569;1
51;9;16570;1
51;9;16571;1
51;9;16572;1
51;9;16573;1
51;9;16574;1
51;9;16575;1
51;9;16576;1
51;9;16577;1
51;9;16578;1
51;9;16579;1
51;9;16580;1
51;9;16581;1
51;9;16582;1
51;9;16583;1
51;9;16584;1
51;9;16585;1
51;9;16586;1
51;9;16587;1
51;9;16588;1
51;9;16589;1
51;9;16590;1
51;9;16591;1
51;9;16592;1
51;9;16593;1
51;9;16594;1
51;9;16595;1
51;9;16596;1
51;9;16597;1
51;9;16598;1
51;9;16599;1
51;9;16600;1
51;9;16601;1
51;9;16602;1
51;9;16603;1
51;9;16604;1
51;9;16605;1
51;9;16606;1
51;9;16607;1
51;9;16608;1
51;9;16609;1
51;9;16610;1
51;9;16611;0
51;9;16612;1
51;9;16613;1
51;9;16614;1
51;9;16615;1
51;9;16616;1
51;9;16617;1
51;9;16618;0
51;9;16619;1
51;9;16620;1
51;9;16621;1
51;9;16622;1
51;9;16623;1
51;9;16624;1
51;9;16625;1
51;9;16626;1
51;9;16627;1
51;9;16628;1
51;9;16629;1
51;9;16630;1
51;9;16631;1
51;9;16632;1
51;9;16633;1
51;9;16634;1
51;9;16635;1
51;9;16636;1
51;9;16637;1
51;9;16638;1
51;9;16639;1
51;9;16640;1
51;9;16641;1
51;9;16642;1
51;9;16643;1
51;9;16644;1
51;9;16645;1
51;9;16646;1
51;9;16647;1
51;9;16648;1
51;9;16649;1
51;9;16650;1
51;9;16651;1
51;9;16652;1
51;9;16653;1
51;9;16654;1
51;9;16655;1
51;9;16656;1
51;9;16657;1
51;9;16658;1
51;9;16659;1
51;9;16660;1
51;9;16661;1
51;9;16662;1
51;9;16663;1
51;9;16664;1
51;9;16665;1
51;9;16666;1
51;9;16667;1
51;9;16668;1
51;9;16669;1
51;9;16670;1
51;9;16671;1
51;9;16672;1
51;9;16673;1
51;9;16674;1
51;9;16675;1
51;9;16676;1
51;9;16677;1
51;9;16678;1
51;9;16679;1
51;9;16680;1
51;9;16681;1
51;9;16682;1
51;9;16683;1
51;9;16684;1
51;9;16685;1
51;9;16686;1
51;9;16687;1
51;9;16688;1
51;9;16689;1
51;9;16690;1
51;9;16691;1
51;9;16692;0
51;9;16693;1
51;9;16694;1
51;9;16695;1
51;9;16696;1
51;9;16697;1
51;9;16698;1
51;9;16699;1
51;9;16700;1
51;9;16701;1
51;9;16702;1
51;9;16703;1
51;9;16704;1
51;9;16705;1
51;9;16706;1
51;9;16707;1
51;9;16708;1
51;9;16709;1
51;9;16710;1
51;9;16711;1
51;9;16712;1
51;9;16713;1
51;9;16714;1
51;9;16715;0
51;9;16716;0
51;9;16717;0
51;9;16718;1
51;9;16719;1
51;9;16720;1
51;9;16721;1
51;9;16722;1
51;9;16723;1
51;9;16724;1
51;9;16725;1
51;9;16726;1
51;9;16727;1
51;9;16728;1
51;9;16729;1
51;9;16730;1
51;9;16731;1
51;9;16732;1
51;9;16733;1
51;9;16734;1
51;9;16735;1
51;9;16736;1
51;9;16737;1
51;9;16738;1
51;9;16739;1
51;9;16740;1
51;9;16741;1
51;9;16742;1
51;9;16743;1
51;9;16744;1
51;9;16745;1
51;9;16746;1
51;9;16747;1
51;9;16748;1
51;9;16749;1
51;9;16750;1
51;9;16751;1
51;9;16752;1
51;9;16753;1
51;9;16754;1
51;9;16755;1
51;9;16756;1
51;9;16757;1
51;9;16758;1
51;9;16759;1
51;9;16760;1
51;9;16761;1
51;9;16762;1
51;9;16763;1
51;9;16764;1
51;9;16765;1
51;9;16766;1
51;9;16767;1
51;9;16768;1
51;9;16769;1
51;9;16770;1
51;9;16771;1
51;9;16772;1
51;9;16773;1
51;9;16774;1
51;9;16775;1
51;9;16776;1
51;9;16777;1
51;9;16778;1
51;9;16779;1
51;9;16780;1
51;9;16781;1
51;9;16782;1
51;9;16783;1
51;9;16784;1
51;9;16785;1
51;9;16786;1
51;9;16787;1
51;9;16788;1
51;9;16789;1
51;9;16790;1
51;9;16791;1
51;9;16792;1
51;9;16793;1
51;9;16794;1
51;9;16795;1
51;9;16796;1
51;9;16797;1
51;9;16798;1
51;9;16799;1
51;9;16800;1
51;9;16801;1
51;9;16802;0
51;9;16803;1
51;9;16804;1
51;9;16805;1
51;9;16806;1
51;9;16807;1
51;9;16808;1
51;9;16809;0
51;9;16810;1
51;9;16811;0
51;9;16812;1
51;9;16813;1
51;9;16814;1
51;9;16815;1
51;9;16816;1
51;9;16817;1
51;9;16818;1
51;9;16819;1
51;9;16820;1
51;9;16821;1
51;9;16822;1
51;9;16823;1
51;9;16824;1
51;9;16825;1
51;9;16826;1
51;9;16827;1
51;9;16828;1
51;9;16829;1
51;9;16830;1
51;9;16831;1
51;9;16832;1
51;9;16833;1
51;9;16834;1
51;9;16835;1
51;9;16836;1
51;9;16837;1
51;9;16838;1
51;9;16839;1
51;9;16840;1
51;9;16841;1
51;9;16842;1
51;9;16843;1
51;9;16844;1
51;9;16845;1
51;9;16846;1
51;9;16847;1
51;9;16848;1
51;9;16849;1
51;9;16850;1
51;9;16851;1
51;9;16852;1
51;9;16853;1
51;9;16854;1
51;9;16855;1
51;9;16856;1
51;9;16857;1
51;9;16858;1
51;9;16859;1
51;9;16860;1
51;9;16861;1
51;9;16862;1
51;9;16863;1
51;9;16864;1
51;9;16865;1
51;9;16866;1
51;9;16867;1
51;9;16868;1
51;9;16869;1
51;9;16870;1
51;9;16871;1
51;9;16872;1
51;9;16873;1
51;9;16874;1
51;9;16875;1
51;9;16876;1
51;9;16877;1
51;9;16878;1
51;9;16879;1
51;9;16880;1
51;9;16881;1
51;9;16882;1
51;9;16883;1
51;9;16884;1
51;9;16885;1
51;9;16886;1
51;9;16887;1
51;9;16888;1
51;9;16889;1
51;9;16890;1
51;9;16891;1
51;9;16892;0
51;9;16893;1
51;9;16894;1
51;9;16895;1
51;9;16896;1
51;9;16897;1
51;9;16898;1
51;9;16899;1
51;9;16900;1
51;9;16901;1
51;9;16902;1
51;9;16903;1
51;9;16904;1
51;9;16905;1
51;9;16906;1
51;9;16907;1
51;9;16908;1
51;9;16909;1
51;9;16910;1
51;9;16911;1
51;9;16912;1
51;9;16913;1
51;9;16914;1
51;9;16915;1
51;9;16916;1
51;9;16917;1
51;9;16918;1
51;9;16919;1
51;9;16920;1
51;9;16921;1
51;9;16922;1
51;9;16923;1
51;9;16924;1
51;9;16925;1
51;9;16926;1
51;9;16927;1
51;9;16928;1
51;9;16929;1
51;9;16930;1
51;9;16931;1
51;9;16932;1
51;9;16933;1
51;9;16934;1
51;9;16935;1
51;9;16936;1
51;9;16937;1
51;9;16938;1
51;9;16939;1
51;9;16940;1
51;9;16941;1
51;9;16942;1
51;9;16943;1
51;9;16944;1
51;9;16945;1
51;9;16946;1
51;9;16947;1
51;9;16948;1
51;9;16949;1
51;9;16950;1
51;9;16951;1
51;9;16952;1
51;9;16953;1
51;9;16954;1
51;9;16955;1
51;9;16956;1
51;9;16957;1
51;9;16958;1
51;9;16959;1
51;9;16960;1
51;9;16961;1
51;9;16962;1
51;9;16963;1
51;9;16964;0
51;9;16965;1
51;9;16966;1
51;9;16967;1
51;9;16968;1
51;9;16969;1
51;9;16970;1
51;9;16971;1
51;9;16972;1
51;9;16973;1
51;9;16974;1
51;9;16975;1
51;9;16976;1
51;9;16977;1
51;9;16978;1
51;9;16979;1
51;9;16980;1
51;9;16981;1
51;9;16982;1
51;9;16983;1
51;9;16984;1
51;9;16985;1
51;9;16986;1
51;9;16987;1
51;9;16988;1
51;9;16989;1
51;9;16990;1
51;9;16991;1
51;9;16992;1
51;9;16993;1
51;9;16994;1
51;9;16995;1
51;9;16996;1
51;9;16997;1
51;9;16998;1
51;9;16999;1
51;9;17000;1
51;9;17001;1
51;9;17002;1
51;9;17003;1
51;9;17004;1
51;9;17005;1
51;9;17006;1
51;9;17007;1
51;9;17008;1
51;9;17009;0
51;9;17010;1
51;9;17011;1
51;9;17012;1
51;9;17013;1
51;9;17014;1
51;9;17015;1
51;9;17016;1
51;9;17017;1
51;9;17018;1
51;9;17019;1
51;9;17020;1
51;9;17021;1
51;9;17022;1
51;9;17023;1
51;9;17024;1
51;9;17025;1
51;9;17026;1
51;9;17027;1
51;9;17028;1
51;9;17029;1
51;9;17030;1
51;9;17031;1
51;9;17032;1
51;9;17033;1
51;9;17034;1
51;9;17035;1
51;9;17036;1
51;9;17037;0
51;9;17038;1
51;9;17039;1
51;9;17040;1
51;9;17041;1
51;9;17042;1
51;9;17043;1
51;9;17044;1
51;9;17045;1
51;9;17046;1
51;9;17047;1
51;9;17048;1
51;9;17049;1
51;9;17050;1
51;9;17051;1
51;9;17052;0
51;9;17053;1
51;9;17054;1
51;9;17055;1
51;9;17056;1
51;9;17057;1
51;9;17058;1
51;9;17059;1
51;9;17060;1
51;9;17061;1
51;9;17062;1
51;9;17063;1
51;9;17064;1
51;9;17065;1
51;9;17066;1
51;9;17067;1
51;9;17068;1
51;9;17069;1
51;9;17070;1
51;9;17071;1
51;9;17072;1
51;9;17073;1
51;9;17074;1
51;9;17075;1
51;9;17076;1
51;9;17077;1
51;9;17078;1
51;9;17079;1
51;9;17080;1
51;9;17081;1
51;9;17082;1
51;9;17083;1
51;9;17084;1
51;9;17085;1
51;9;17086;1
51;9;17087;1
51;9;17088;1
51;9;17089;1
51;9;17090;1
51;9;17091;1
51;9;17092;1
51;9;17093;1
51;9;17094;1
51;9;17095;0
51;9;17096;1
51;9;17097;1
51;9;17098;1
51;9;17099;1
51;9;17100;1
51;9;17101;1
51;9;17102;1
51;9;17103;1
51;9;17104;1
51;9;17105;1
51;9;17106;1
51;9;17107;1
51;9;17108;1
51;9;17109;1
51;9;17110;1
51;9;17111;1
51;9;17112;1
51;9;17113;1
51;9;17114;1
51;9;17115;1
51;9;17116;1
51;9;17117;1
51;9;17118;1
51;9;17119;1
51;9;17120;1
51;9;17121;1
51;9;17122;1
51;9;17123;1
51;9;17124;1
51;9;17125;1
51;9;17126;1
51;9;17127;1
51;9;17128;1
51;9;17129;1
51;9;17130;1
51;9;17131;1
51;9;17132;1
51;9;17133;1
51;9;17134;1
51;9;17135;0
51;9;17136;0
51;9;17137;1
51;9;17138;1
51;9;17139;1
51;9;17140;1
51;9;17141;1
51;9;17142;1
51;9;17143;1
51;9;17144;1
51;9;17145;1
51;9;17146;1
51;9;17147;1
51;9;17148;1
51;9;17149;0
51;9;17150;1
51;9;17151;1
51;9;17152;1
51;9;17153;1
51;9;17154;1
51;9;17155;1
51;9;17156;1
51;9;17157;1
51;9;17158;1
51;9;17159;1
51;9;17160;1
51;9;17161;1
51;9;17162;1
51;9;17163;1
51;9;17164;1
51;9;17165;1
51;9;17166;1
51;9;17167;1
51;9;17168;1
51;9;17169;1
51;9;17170;1
51;9;17171;1
51;9;17172;1
51;9;17173;1
51;9;17174;1
51;9;17175;1
51;9;17176;1
51;9;17177;1
51;9;17178;1
51;9;17179;1
51;9;17180;1
51;9;17181;1
51;9;17182;1
51;9;17183;1
51;9;17184;1
51;9;17185;1
51;9;17186;1
51;9;17187;1
51;9;17188;1
51;9;17189;1
51;9;17190;1
51;9;17191;1
51;9;17192;1
51;9;17193;1
51;9;17194;1
51;9;17195;1
51;9;17196;1
51;9;17197;1
51;9;17198;1
51;9;17199;1
51;9;17200;1
51;9;17201;1
51;9;17202;1
51;9;17203;1
51;9;17204;1
51;9;17205;1
51;9;17206;1
51;9;17207;1
51;9;17208;1
51;9;17209;1
51;9;17210;1
51;9;17211;1
51;9;17212;1
51;9;17213;1
51;9;17214;1
51;9;17215;1
51;9;17216;1
51;9;17217;1
51;9;17218;1
51;9;17219;1
51;9;17220;1
51;9;17221;1
51;9;17222;1
51;9;17223;1
51;9;17224;1
51;9;17225;1
51;9;17226;0
51;9;17227;1
51;9;17228;1
51;9;17229;1
51;9;17230;1
51;9;17231;1
51;9;17232;1
51;9;17233;1
51;9;17234;1
51;9;17235;1
51;9;17236;1
51;9;17237;1
51;9;17238;1
51;9;17239;1
51;9;17240;1
51;9;17241;0
51;9;17242;0
51;9;17243;1
51;9;17244;1
51;9;17245;1
51;9;17246;1
51;9;17247;1
51;9;17248;1
51;9;17249;0
51;9;17250;1
51;9;17251;0
51;9;17252;1
51;9;17253;1
51;9;17254;1
51;9;17255;1
51;9;17256;1
51;9;17257;0
51;9;17258;0
51;9;17259;0
51;9;17260;0
51;9;17261;1
51;9;17262;1
51;9;17263;1
51;9;17264;1
51;9;17265;1
51;9;17266;1
51;9;17267;1
51;9;17268;1
51;9;17269;1
51;9;17270;1
51;9;17271;1
51;9;17272;0
51;9;17273;0
51;9;17274;0
51;9;17275;0
51;9;17276;0
51;9;17277;0
51;9;17278;0
51;9;17279;0
51;9;17280;0
51;9;17281;0
51;9;17282;1
51;9;17283;1
51;9;17284;1
51;9;17285;1
51;9;17286;1
51;9;17287;1
51;9;17288;1
51;9;17289;0
51;9;17290;0
51;9;17291;1
51;9;17292;1
51;9;17293;1
51;9;17294;1
51;9;17295;1
51;9;17296;1
51;9;17297;1
51;9;17298;1
51;9;17299;1
51;9;17300;1
51;9;17301;1
51;9;17302;1
51;9;17303;1
51;9;17304;1
51;9;17305;1
51;9;17306;1
51;9;17307;1
51;9;17308;1
51;9;17309;1
51;9;17310;1
51;9;17311;1
51;9;17312;1
51;9;17313;1
51;9;17314;1
51;9;17315;1
51;9;17316;1
51;9;17317;1
51;9;17318;1
51;9;17319;1
51;9;17320;1
51;9;17321;1
51;9;17322;1
51;9;17323;1
51;9;17324;1
51;9;17325;1
51;9;17326;1
51;9;17327;1
51;9;17328;1
51;9;17329;1
51;9;17330;1
51;9;17331;1
51;9;17332;1
51;9;17333;1
51;9;17334;1
51;9;17335;1
51;9;17336;1
51;9;17337;1
51;9;17338;1
51;9;17339;1
51;9;17340;1
51;9;17341;1
51;9;17342;1
51;9;17343;1
51;9;17344;1
51;9;17345;1
51;9;17346;1
51;9;17347;1
51;9;17348;0
51;9;17349;0
51;9;17350;0
51;9;17351;1
51;9;17352;1
51;9;17353;1
51;9;17354;1
51;9;17355;1
51;9;17356;1
51;9;17357;1
51;9;17358;1
51;9;17359;1
51;9;17360;1
51;9;17361;1
51;9;17362;1
51;9;17363;1
51;9;17364;1
51;9;17365;1
51;9;17366;1
51;9;17367;1
51;9;17368;1
51;9;17369;1
51;9;17370;1
51;9;17371;1
51;9;17372;1
51;9;17373;1
51;9;17374;1
51;9;17375;1
51;9;17376;1
51;9;17377;1
51;9;17378;1
51;9;17379;1
51;9;17380;1
51;9;17381;1
51;9;17382;1
51;9;17383;1
51;9;17384;1
51;9;17385;1
51;9;17386;1
51;9;17387;1
51;9;17388;0
51;9;17389;0
51;9;17390;1
51;9;17391;1
51;9;17392;1
51;9;17393;1
51;9;17394;1
51;9;17395;1
51;9;17396;1
51;9;17397;1
51;9;17398;1
51;9;17399;1
51;9;17400;1
51;9;17401;1
51;9;17402;1
51;9;17403;1
51;9;17404;1
51;9;17405;1
51;9;17406;1
51;9;17407;1
51;9;17408;1
51;9;17409;1
51;9;17410;1
51;9;17411;1
51;9;17412;0
51;9;17413;1
51;9;17414;1
51;9;17415;1
51;9;17416;1
51;9;17417;1
51;9;17418;1
51;9;17419;1
51;9;17420;0
51;9;17421;0
51;9;17422;1
51;9;17423;1
51;9;17424;1
51;9;17425;1
51;9;17426;1
51;9;17427;1
51;9;17428;1
51;9;17429;1
51;9;17430;1
51;9;17431;1
51;9;17432;1
51;9;17433;1
51;9;17434;1
51;9;17435;1
51;9;17436;1
51;9;17437;1
51;9;17438;1
51;9;17439;1
51;9;17440;1
51;9;17441;1
51;9;17442;1
51;9;17443;1
51;9;17444;1
51;9;17445;1
51;9;17446;1
51;9;17447;1
51;9;17448;1
51;9;17449;1
51;9;17450;1
51;9;17451;1
51;9;17452;1
51;9;17453;1
51;9;17454;0
51;9;17455;1
51;9;17456;1
51;9;17457;1
51;9;17458;1
51;9;17459;1
51;9;17460;1
51;9;17461;1
51;9;17462;1
51;9;17463;1
51;9;17464;1
51;9;17465;1
51;9;17466;1
51;9;17467;1
51;9;17468;1
51;9;17469;1
51;9;17470;1
51;9;17471;1
51;9;17472;1
51;9;17473;1
51;9;17474;1
51;9;17475;1
51;9;17476;1
51;9;17477;1
51;9;17478;1
51;9;17479;1
51;9;17480;1
51;9;17481;1
51;9;17482;1
51;9;17483;1
51;9;17484;1
51;9;17485;1
51;9;17486;1
51;9;17487;1
51;9;17488;1
51;9;17489;1
51;9;17490;1
51;9;17491;1
51;9;17492;1
51;9;17493;1
51;9;17494;1
51;9;17495;1
51;9;17496;1
51;9;17497;0
51;9;17498;1
51;9;17499;1
51;9;17500;0
51;9;17501;1
51;9;17502;1
51;9;17503;1
51;9;17504;1
51;9;17505;1
51;9;17506;1
51;9;17507;1
51;9;17508;1
51;9;17509;1
51;9;17510;1
51;9;17511;1
51;9;17512;1
51;9;17513;1
51;9;17514;1
51;9;17515;1
51;9;17516;1
51;9;17517;1
51;9;17518;1
51;9;17519;1
51;9;17520;1
51;9;17521;1
51;9;17522;1
51;9;17523;1
51;9;17524;1
51;9;17525;1
51;9;17526;1
51;9;17527;1
51;9;17528;1
51;9;17529;1
51;9;17530;1
51;9;17531;1
51;9;17532;1
51;9;17533;1
51;9;17534;1
51;9;17535;1
51;9;17536;0
51;9;17537;1
51;9;17538;1
51;9;17539;1
51;9;17540;1
51;9;17541;1
51;9;17542;1
51;9;17543;1
51;9;17544;1
51;9;17545;1
51;9;17546;1
51;9;17547;1
51;9;17548;1
51;9;17549;1
51;9;17550;1
51;9;17551;1
51;9;17552;1
51;9;17553;1
51;9;17554;1
51;9;17555;1
51;9;17556;1
51;9;17557;1
51;9;17558;1
51;9;17559;1
51;9;17560;1
51;9;17561;1
51;9;17562;1
51;9;17563;1
51;9;17564;1
51;9;17565;1
51;9;17566;1
51;9;17567;1
51;9;17568;1
51;9;17569;1
51;9;17570;1
51;9;17571;1
51;9;17572;1
51;9;17573;1
51;9;17574;1
51;9;17575;1
51;9;17576;1
51;9;17577;1
51;9;17578;0
51;9;17579;1
51;9;17580;0
51;9;17581;0
51;9;17582;1
51;9;17583;1
51;9;17584;1
51;9;17585;1
51;9;17586;1
51;9;17587;0
51;9;17588;1
51;9;17589;1
51;9;17590;1
51;9;17591;1
51;9;17592;1
51;9;17593;1
51;9;17594;1
51;9;17595;1
51;9;17596;1
51;9;17597;1
51;9;17598;0
51;9;17599;1
51;9;17600;1
51;9;17601;1
51;9;17602;1
51;9;17603;0
51;9;17604;0
51;9;17605;1
51;9;17606;1
51;9;17607;1
51;9;17608;1
51;9;17609;1
51;9;17610;1
51;9;17611;1
51;9;17612;0
51;9;17613;1
51;9;17614;0
51;9;17615;1
51;9;17616;1
51;9;17617;0
51;9;17618;0
51;9;17619;1
51;9;17620;0
51;9;17621;0
51;9;17622;0
51;9;17623;1
51;9;17624;0
51;9;17625;1
51;9;17626;1
51;9;17627;1
51;9;17628;1
51;9;17629;1
51;9;17630;1
51;9;17631;1
51;9;17632;1
51;9;17633;1
51;9;17634;1
51;9;17635;1
51;9;17636;1
51;9;17637;1
51;9;17638;1
51;9;17639;1
51;9;17640;1
51;9;17641;1
51;9;17642;1
51;9;17643;1
51;9;17644;1
51;9;17645;1
51;9;17646;1
51;9;17647;1
51;9;17648;1
51;9;17649;1
51;9;17650;1
51;9;17651;1
51;9;17652;1
51;9;17653;1
51;9;17654;1
51;9;17655;1
51;9;17656;1
51;9;17657;1
51;9;17658;1
51;9;17659;1
51;9;17660;1
51;9;17661;1
51;9;17662;1
51;9;17663;1
51;9;17664;1
51;9;17665;1
51;9;17666;1
51;9;17667;1
51;9;17668;1
51;9;17669;1
51;9;17670;1
51;9;17671;1
51;9;17672;1
51;9;17673;1
51;9;17674;1
51;9;17675;1
51;9;17676;1
51;9;17677;1
51;9;17678;1
51;9;17679;1
51;9;17680;1
51;9;17681;1
51;9;17682;1
51;9;17683;1
51;9;17684;1
51;9;17685;1
51;9;17686;1
51;9;17687;1
51;9;17688;1
51;9;17689;1
51;9;17690;1
51;9;17691;1
51;9;17692;1
51;9;17693;1
51;9;17694;1
51;9;17695;0
51;9;17696;1
51;9;17697;1
51;9;17698;1
51;9;17699;1
51;9;17700;1
51;9;17701;1
51;9;17702;1
51;9;17703;1
51;9;17704;1
51;9;17705;1
51;9;17706;1
51;9;17707;1
51;9;17708;1
51;9;17709;1
51;9;17710;1
51;9;17711;1
51;9;17712;1
51;9;17713;1
51;9;17714;1
51;9;17715;1
51;9;17716;1
51;9;17717;1
51;9;17718;1
51;9;17719;1
51;9;17720;1
51;9;17721;1
51;9;17722;1
51;9;17723;1
51;9;17724;1
51;9;17725;1
51;9;17726;1
51;9;17727;1
51;9;17728;1
51;9;17729;1
51;9;17730;1
51;9;17731;1
51;9;17732;1
51;9;17733;1
51;9;17734;1
51;9;17735;1
51;9;17736;1
51;9;17737;1
51;9;17738;1
51;9;17739;1
51;9;17740;1
51;9;17741;1
51;9;17742;1
51;9;17743;1
51;9;17744;1
51;9;17745;1
51;9;17746;1
51;9;17747;1
51;9;17748;1
51;9;17749;1
51;9;17750;1
51;9;17751;1
51;9;17752;1
51;9;17753;1
51;9;17754;1
51;9;17755;1
51;9;17756;0
51;9;17757;0
51;9;17758;1
51;9;17759;1
51;9;17760;0
51;9;17761;1
51;9;17762;0
51;9;17763;1
51;9;17764;1
51;9;17765;0
51;9;17766;1
51;9;17767;1
51;9;17768;1
51;9;17769;1
51;9;17770;0
51;9;17771;1
51;9;17772;1
51;9;17773;1
51;9;17774;1
51;9;17775;1
51;9;17776;1
51;9;17777;1
51;9;17778;1
51;9;17779;1
51;9;17780;0
51;9;17781;1
51;9;17782;1
51;9;17783;1
51;9;17784;1
51;9;17785;1
51;9;17786;1
51;9;17787;1
51;9;17788;0
51;9;17789;1
51;9;17790;1
51;9;17791;0
51;9;17792;1
51;9;17793;1
51;9;17794;1
51;9;17795;1
51;9;17796;1
51;9;17797;1
51;9;17798;1
51;9;17799;1
51;9;17800;1
51;9;17801;1
51;9;17802;1
51;9;17803;1
51;9;17804;1
51;9;17805;1
51;9;17806;1
51;9;17807;1
51;9;17808;1
51;9;17809;1
51;9;17810;1
51;9;17811;1
51;9;17812;1
51;9;17813;1
51;9;17814;1
51;9;17815;1
51;9;17816;1
51;9;17817;1
51;9;17818;1
51;9;17819;1
51;9;17820;1
51;9;17821;1
51;9;17822;1
51;9;17823;1
51;9;17824;1
51;9;17825;1
51;9;17826;1
51;9;17827;1
51;9;17828;1
51;9;17829;1
51;9;17830;1
51;9;17831;1
51;9;17832;1
51;9;17833;1
51;9;17834;1
51;9;17835;1
51;9;17836;1
51;9;17837;1
51;9;17838;1
51;9;17839;1
51;9;17840;1
51;9;17841;1
51;9;17842;1
51;9;17843;1
51;9;17844;1
51;9;17845;1
51;9;17846;1
51;9;17847;1
51;9;17848;1
51;9;17849;1
51;9;17850;1
51;9;17851;1
51;9;17852;1
51;9;17853;1
51;9;17854;1
51;9;17855;1
51;9;17856;1
51;9;17857;1
51;9;17858;1
51;9;17859;1
51;9;17860;1
51;9;17861;1
51;9;17862;1
51;9;17863;1
51;9;17864;1
51;9;17865;1
51;9;17866;1
51;9;17867;1
51;9;17868;1
51;9;17869;1
51;9;17870;1
51;9;17871;1
51;9;17872;1
51;9;17873;1
51;9;17874;1
51;9;17875;1
51;9;17876;1
51;9;17877;1
51;9;17878;1
51;9;17879;1
51;9;17880;1
51;9;17881;1
51;9;17882;1
51;9;17883;1
51;9;17884;1
51;9;17885;1
51;9;17886;1
51;9;17887;1
51;9;17888;1
51;9;17889;1
51;9;17890;1
51;9;17891;1
51;9;17892;1
51;9;17893;1
51;9;17894;1
51;9;17895;1
51;9;17896;1
51;9;17897;1
51;9;17898;1
51;9;17899;1
51;9;17900;1
51;9;17901;1
51;9;17902;1
51;9;17903;1
51;9;17904;1
51;9;17905;1
51;9;17906;1
51;9;17907;1
51;9;17908;1
51;9;17909;1
51;9;17910;1
51;9;17911;1
51;9;17912;1
51;9;17913;1
51;9;17914;1
51;9;17915;1
51;9;17916;1
51;9;17917;1
51;9;17918;1
51;9;17919;1
51;9;17920;1
51;9;17921;1
51;9;17922;1
51;9;17923;1
51;9;17924;1
51;9;17925;1
51;9;17926;1
51;9;17927;1
51;9;17928;1
51;9;17929;1
51;9;17930;1
51;9;17931;1
51;9;17932;1
51;9;17933;1
51;9;17934;1
51;9;17935;1
51;9;17936;1
51;9;17937;1
51;9;17938;1
51;9;17939;1
51;9;17940;1
51;9;17941;1
51;9;17942;1
51;9;17943;1
51;9;17944;1
51;9;17945;1
51;9;17946;1
51;9;17947;1
51;9;17948;1
51;9;17949;1
51;9;17950;1
51;9;17951;1
51;9;17952;1
51;9;17953;1
51;9;17954;1
51;9;17955;1
51;9;17956;1
51;9;17957;1
51;9;17958;1
51;9;17959;1
51;9;17960;1
51;9;17961;1
51;9;17962;1
51;9;17963;1
51;9;17964;1
51;9;17965;1
51;9;17966;1
51;9;17967;1
51;9;17968;1
51;9;17969;1
51;9;17970;1
51;9;17971;1
51;9;17972;1
51;9;17973;1
51;9;17974;1
51;9;17975;1
51;9;17976;1
51;9;17977;1
51;9;17978;1
51;9;17979;1
51;9;17980;1
51;9;17981;1
51;9;17982;1
51;9;17983;1
51;9;17984;1
51;9;17985;1
51;9;17986;1
51;9;17987;1
51;9;17988;1
51;9;17989;1
51;9;17990;1
51;9;17991;1
51;9;17992;1
51;9;17993;1
51;9;17994;1
51;9;17995;1
51;9;17996;1
51;9;17997;1
51;9;17998;1
51;9;17999;1
51;9;18000;1
51;9;18001;1
51;9;18002;1
51;9;18003;1
51;9;18004;1
51;9;18005;1
51;9;18006;1
51;9;18007;1
51;9;18008;1
51;9;18009;1
51;9;18010;1
51;9;18011;1
51;9;18012;1
51;9;18013;1
51;9;18014;1
51;9;18015;1
51;9;18016;1
51;9;18017;1
51;9;18018;1
51;9;18019;1
51;9;18020;1
51;9;18021;1
51;9;18022;1
51;9;18023;1
51;9;18024;1
51;9;18025;1
51;9;18026;1
51;9;18027;1
51;9;18028;1
51;9;18029;1
51;9;18030;1
51;9;18031;1
51;9;18032;1
51;9;18033;0
51;9;18034;1
51;9;18035;1
51;9;18036;1
51;9;18037;1
51;9;18038;1
51;9;18039;1
51;9;18040;1
51;9;18041;1
51;9;18042;1
51;9;18043;1
51;9;18044;1
51;9;18045;1
51;9;18046;1
51;9;18047;1
51;9;18048;1
51;9;18049;1
51;9;18050;1
51;9;18051;1
51;9;18052;1
51;9;18053;1
51;9;18054;1
51;9;18055;1
51;9;18056;1
51;9;18057;1
51;9;18058;1
51;9;18059;1
51;9;18060;1
51;9;18061;1
51;9;18062;1
51;9;18063;1
51;9;18064;1
51;9;18065;1
51;9;18066;1
51;9;18067;1
51;9;18068;1
51;9;18069;1
51;9;18070;1
51;9;18071;1
51;9;18072;1
51;9;18073;1
51;9;18074;1
51;9;18075;1
51;9;18076;1
51;9;18077;1
51;9;18078;1
51;9;18079;1
51;9;18080;1
51;9;18081;1
51;9;18082;1
51;9;18083;1
51;9;18084;1
51;9;18085;1
51;9;18086;1
51;9;18087;1
51;9;18088;1
51;9;18089;1
51;9;18090;1
51;9;18091;1
51;9;18092;1
51;9;18093;1
51;9;18094;1
51;9;18095;1
51;9;18096;1
51;9;18097;1
51;9;18098;1
51;9;18099;1
51;9;18100;1
51;9;18101;1
51;9;18102;1
51;9;18103;1
51;9;18104;1
51;9;18105;1
51;9;18106;1
51;9;18107;1
51;9;18108;1
51;9;18109;0
51;9;18110;1
51;9;18111;1
51;9;18112;1
51;9;18113;1
51;9;18114;1
51;9;18115;1
51;9;18116;1
51;9;18117;1
51;9;18118;1
51;9;18119;1
51;9;18120;1
51;9;18121;1
51;9;18122;1
51;9;18123;0
51;9;18124;1
51;9;18125;1
51;9;18126;0
51;9;18127;1
51;9;18128;1
51;9;18129;1
51;9;18130;0
51;9;18131;1
51;9;18132;1
51;9;18133;1
51;9;18134;1
51;9;18135;1
51;9;18136;1
51;9;18137;1
51;9;18138;1
51;9;18139;1
51;9;18140;1
51;9;18141;1
51;9;18142;1
51;9;18143;1
51;9;18144;1
51;9;18145;1
51;9;18146;1
51;9;18147;1
51;9;18148;1
51;9;18149;1
51;9;18150;1
51;9;18151;0
51;9;18152;1
51;9;18153;1
51;9;18154;1
51;9;18155;1
51;9;18156;1
51;9;18157;0
51;9;18158;1
51;9;18159;1
51;9;18160;1
51;9;18161;1
51;9;18162;1
51;9;18163;1
51;9;18164;1
51;9;18165;1
51;9;18166;1
51;9;18167;1
51;9;18168;1
51;9;18169;1
51;9;18170;1
51;9;18171;1
51;9;18172;1
51;9;18173;1
51;9;18174;1
51;9;18175;1
51;9;18176;1
51;9;18177;1
51;9;18178;1
51;9;18179;1
51;9;18180;1
51;9;18181;1
51;9;18182;1
51;9;18183;1
51;9;18184;1
51;9;18185;1
51;9;18186;1
51;9;18187;1
51;9;18188;1
51;9;18189;1
51;9;18190;0
51;9;18191;0
51;9;18192;1
51;9;18193;1
51;9;18194;1
51;9;18195;0
51;9;18196;1
51;9;18197;0
51;9;18198;1
51;9;18199;1
51;9;18200;1
51;9;18201;1
51;9;18202;1
51;9;18203;1
51;9;18204;1
51;9;18205;1
51;9;18206;1
51;9;18207;1
51;9;18208;0
51;9;18209;1
51;9;18210;1
51;9;18211;1
51;9;18212;1
51;9;18213;1
51;9;18214;1
51;9;18215;1
51;9;18216;1
51;9;18217;1
51;9;18218;1
51;9;18219;1
51;9;18220;1
51;9;18221;0
51;9;18222;0
51;9;18223;1
51;9;18224;1
51;9;18225;0
51;9;18226;0
51;9;18227;1
51;9;18228;1
51;9;18229;1
51;9;18230;1
51;9;18231;1
51;9;18232;0
51;9;18233;1
51;9;18234;1
51;9;18235;1
51;9;18236;1
51;9;18237;1
51;9;18238;1
51;9;18239;0
51;9;18240;1
51;9;18241;1
51;9;18242;0
51;9;18243;1
51;9;18244;0
51;9;18245;1
51;9;18246;1
51;9;18247;1
51;9;18248;1
51;9;18249;1
51;9;18250;1
51;9;18251;1
51;9;18252;1
51;9;18253;1
51;9;18254;0
51;9;18255;1
51;9;18256;1
51;9;18257;1
51;9;18258;1
51;9;18259;1
51;9;18260;1
51;9;18261;1
51;9;18262;1
51;9;18263;1
51;9;18264;1
51;9;18265;1
51;9;18266;1
51;9;18267;1
51;9;18268;1
51;9;18269;1
51;9;18270;1
51;9;18271;1
51;9;18272;1
51;9;18273;1
51;9;18274;1
51;9;18275;1
51;9;18276;1
51;9;18277;1
51;9;18278;1
51;9;18279;1
51;9;18280;1
51;9;18281;1
51;9;18282;1
51;9;18283;1
51;9;18284;1
51;9;18285;1
51;9;18286;1
51;9;18287;1
51;9;18288;1
51;9;18289;1
51;9;18290;1
51;9;18291;1
51;9;18292;1
51;9;18293;1
51;9;18294;1
51;9;18295;0
51;9;18296;1
51;9;18297;1
51;9;18298;1
51;9;18299;0
51;9;18300;1
51;9;18301;1
51;9;18302;1
51;9;18303;1
51;9;18304;1
51;9;18305;1
51;9;18306;1
51;9;18307;1
51;9;18308;1
51;9;18309;0
51;9;18310;1
51;9;18311;1
51;9;18312;1
51;9;18313;1
51;9;18314;1
51;9;18315;1
51;9;18316;1
51;9;18317;1
51;9;18318;1
51;9;18319;1
51;9;18320;1
51;9;18321;1
51;9;18322;1
51;9;18323;1
51;9;18324;1
51;9;18325;1
51;9;18326;1
51;9;18327;1
51;9;18328;1
51;9;18329;1
51;9;18330;1
51;9;18331;1
51;9;18332;1
51;9;18333;1
51;9;18334;1
51;9;18335;1
51;9;18336;1
51;9;18337;1
51;9;18338;1
51;9;18339;1
51;9;18340;1
51;9;18341;1
51;9;18342;1
51;9;18343;1
51;9;18344;1
51;9;18345;1
51;9;18346;1
51;9;18347;1
51;9;18348;1
51;9;18349;1
51;9;18350;1
51;9;18351;1
51;9;18352;1
51;9;18353;1
51;9;18354;1
51;9;18355;1
51;9;18356;0
51;9;18357;1
51;9;18358;0
51;9;18359;1
51;9;18360;1
51;9;18361;1
51;9;18362;1
51;9;18363;1
51;9;18364;1
51;9;18365;1
51;9;18366;0
51;9;18367;1
51;9;18368;1
51;9;18369;1
51;9;18370;1
51;9;18371;1
51;9;18372;1
51;9;18373;1
51;9;18374;1
51;9;18375;1
51;9;18376;1
51;9;18377;1
51;9;18378;1
51;9;18379;1
51;9;18380;1
51;9;18381;1
51;9;18382;1
51;9;18383;1
51;9;18384;1
51;9;18385;1
51;9;18386;1
51;9;18387;1
51;9;18388;1
51;9;18389;1
51;9;18390;1
51;9;18391;1
51;9;18392;1
51;9;18393;1
51;9;18394;1
51;9;18395;1
51;9;18396;1
51;9;18397;1
51;9;18398;1
51;9;18399;1
51;9;18400;1
51;9;18401;1
51;9;18402;1
51;9;18403;1
51;9;18404;1
51;9;18405;1
51;9;18406;1
51;9;18407;1
51;9;18408;1
51;9;18409;1
51;9;18410;1
51;9;18411;1
51;9;18412;1
51;9;18413;1
51;9;18414;1
51;9;18415;1
51;9;18416;1
51;9;18417;1
51;9;18418;1
51;9;18419;1
51;9;18420;1
51;9;18421;1
51;9;18422;1
51;9;18423;1
51;9;18424;1
51;9;18425;1
51;9;18426;1
51;9;18427;1
51;9;18428;1
51;9;18429;1
51;9;18430;1
51;9;18431;1
51;9;18432;1
51;9;18433;1
51;9;18434;1
51;9;18435;1
51;9;18436;1
51;9;18437;1
51;9;18438;1
51;9;18439;1
51;9;18440;1
51;9;18441;1
51;9;18442;1
51;9;18443;1
51;9;18444;1
51;9;18445;1
51;9;18446;1
51;9;18447;1
51;9;18448;1
51;9;18449;1
51;9;18450;1
51;9;18451;1
51;9;18452;1
51;9;18453;1
51;9;18454;1
51;9;18455;1
51;9;18456;1
51;9;18457;0
51;9;18458;1
51;9;18459;1
51;9;18460;1
51;9;18461;0
51;9;18462;1
51;9;18463;1
51;9;18464;1
51;9;18465;1
51;9;18466;1
51;9;18467;0
51;9;18468;1
51;9;18469;1
51;9;18470;1
51;9;18471;1
51;9;18472;1
51;9;18473;0
51;9;18474;1
51;9;18475;1
51;9;18476;1
51;9;18477;1
51;9;18478;1
51;9;18479;1
51;9;18480;1
51;9;18481;1
51;9;18482;1
51;9;18483;1
51;9;18484;1
51;9;18485;1
51;9;18486;1
51;9;18487;1
51;9;18488;1
51;9;18489;1
51;9;18490;1
51;9;18491;1
51;9;18492;1
51;9;18493;1
51;9;18494;1
51;9;18495;1
51;9;18496;1
51;9;18497;0
51;9;18498;1
51;9;18499;1
51;9;18500;0
51;9;18501;1
51;9;18502;1
51;9;18503;1
51;9;18504;0
51;9;18505;1
51;9;18506;1
51;9;18507;1
51;9;18508;1
51;9;18509;1
51;9;18510;1
51;9;18511;1
51;9;18512;1
51;9;18513;1
51;9;18514;1
51;9;18515;1
51;9;18516;0
51;9;18517;1
51;9;18518;1
51;9;18519;1
51;9;18520;1
51;9;18521;0
51;9;18522;0
51;9;18523;1
51;9;18524;1
51;9;18525;1
51;9;18526;1
51;9;18527;1
51;9;18528;1
51;9;18529;1
51;9;18530;1
51;9;18531;1
51;9;18532;1
51;9;18533;1
51;9;18534;1
51;9;18535;1
51;9;18536;1
51;9;18537;1
51;9;18538;1
51;9;18539;1
51;9;18540;1
51;9;18541;1
51;9;18542;1
51;9;18543;1
51;9;18544;1
51;9;18545;1
51;9;18546;1
51;9;18547;0
51;9;18548;1
51;9;18549;0
51;9;18550;1
51;9;18551;1
51;9;18552;1
51;9;18553;1
51;9;18554;1
51;9;18555;1
51;9;18556;1
51;9;18557;1
51;9;18558;1
51;9;18559;1
51;9;18560;1
51;9;18561;1
51;9;18562;1
51;9;18563;1
51;9;18564;1
51;9;18565;1
51;9;18566;1
51;9;18567;1
51;9;18568;1
51;9;18569;1
51;9;18570;1
51;9;18571;1
51;9;18572;1
51;9;18573;1
51;9;18574;1
51;9;18575;1
51;9;18576;1
51;9;18577;1
51;9;18578;1
51;9;18579;0
51;9;18580;1
51;9;18581;1
51;9;18582;1
51;9;18583;1
51;9;18584;1
51;9;18585;1
51;9;18586;1
51;9;18587;1
51;9;18588;1
51;9;18589;1
51;9;18590;1
51;9;18591;1
51;9;18592;0
51;9;18593;0
51;9;18594;1
51;9;18595;1
51;9;18596;1
51;9;18597;1
51;9;18598;0
51;9;18599;0
51;9;18600;1
51;9;18601;0
51;9;18602;1
51;9;18603;1
51;9;18604;1
51;9;18605;1
51;9;18606;1
51;9;18607;0
51;9;18608;1
51;9;18609;1
51;9;18610;1
51;9;18611;1
51;9;18612;1
51;9;18613;1
51;9;18614;1
51;9;18615;1
51;9;18616;1
51;9;18617;1
51;9;18618;1
51;9;18619;1
51;9;18620;1
51;9;18621;1
51;9;18622;1
51;9;18623;1
51;9;18624;0
51;9;18625;1
51;9;18626;1
51;9;18627;1
51;9;18628;1
51;9;18629;1
51;9;18630;1
51;9;18631;0
51;9;18632;1
51;9;18633;1
51;9;18634;1
51;9;18635;1
51;9;18636;1
51;9;18637;1
51;9;18638;1
51;9;18639;1
51;9;18640;1
51;9;18641;0
51;9;18642;1
51;9;18643;1
51;9;18644;1
51;9;18645;1
51;9;18646;1
51;9;18647;1
51;9;18648;1
51;9;18649;1
51;9;18650;1
51;9;18651;1
51;9;18652;1
51;9;18653;1
51;9;18654;1
51;9;18655;1
51;9;18656;1
51;9;18657;1
51;9;18658;1
51;9;18659;1
51;9;18660;1
51;9;18661;1
51;9;18662;1
51;9;18663;1
51;9;18664;0
51;9;18665;1
51;9;18666;1
51;9;18667;1
51;9;18668;1
51;9;18669;1
51;9;18670;1
51;9;18671;1
51;9;18672;1
51;9;18673;1
51;9;18674;1
51;9;18675;1
51;9;18676;1
51;9;18677;1
51;9;18678;1
51;9;18679;1
51;9;18680;1
51;9;18681;1
51;9;18682;1
51;9;18683;1
51;9;18684;1
51;9;18685;1
51;9;18686;1
51;9;18687;1
51;9;18688;1
51;9;18689;1
51;9;18690;0
51;9;18691;1
51;9;18692;1
51;9;18693;1
51;9;18694;1
51;9;18695;1
51;9;18696;1
51;9;18697;1
51;9;18698;1
51;9;18699;0
51;9;18700;1
51;9;18701;1
51;9;18702;1
51;9;18703;1
51;9;18704;0
51;9;18705;1
51;9;18706;1
51;9;18707;1
51;9;18708;1
51;9;18709;1
51;9;18710;1
51;9;18711;1
51;9;18712;1
51;9;18713;1
51;9;18714;1
51;9;18715;1
51;9;18716;1
51;9;18717;1
51;9;18718;1
51;9;18719;1
51;9;18720;1
51;9;18721;1
51;9;18722;1
51;9;18723;1
51;9;18724;1
51;9;18725;1
51;9;18726;1
51;9;18727;1
51;9;18728;1
51;9;18729;0
51;9;18730;1
51;9;18731;1
51;9;18732;1
51;9;18733;1
51;9;18734;1
51;9;18735;1
51;9;18736;1
51;9;18737;1
51;9;18738;1
51;9;18739;1
51;9;18740;1
51;9;18741;1
51;9;18742;1
51;9;18743;1
51;9;18744;1
51;9;18745;1
51;9;18746;1
51;9;18747;0
51;9;18748;1
51;9;18749;0
51;9;18750;1
51;9;18751;1
51;9;18752;1
51;9;18753;0
51;9;18754;1
51;9;18755;1
51;9;18756;0
51;9;18757;1
51;9;18758;1
51;9;18759;1
51;9;18760;0
51;9;18761;1
51;9;18762;1
51;9;18763;1
51;9;18764;1
51;9;18765;1
51;9;18766;1
51;9;18767;1
51;9;18768;1
51;9;18769;1
51;9;18770;1
51;9;18771;1
51;9;18772;1
51;9;18773;1
51;9;18774;1
51;9;18775;1
51;9;18776;1
51;9;18777;0
51;9;18778;1
51;9;18779;1
51;9;18780;0
51;9;18781;1
51;9;18782;1
51;9;18783;1
51;9;18784;1
51;9;18785;1
51;9;18786;1
51;9;18787;1
51;9;18788;1
51;9;18789;1
51;9;18790;1
51;9;18791;1
51;9;18792;1
51;9;18793;1
51;9;18794;0
51;9;18795;1
51;9;18796;1
51;9;18797;1
51;9;18798;1
51;9;18799;1
51;9;18800;1
51;9;18801;1
51;9;18802;1
51;9;18803;1
51;9;18804;1
51;9;18805;1
51;9;18806;1
51;9;18807;1
51;9;18808;1
51;9;18809;1
51;9;18810;1
51;9;18811;1
51;9;18812;1
51;9;18813;1
51;9;18814;1
51;9;18815;1
51;9;18816;1
51;9;18817;1
51;9;18818;1
51;9;18819;1
51;9;18820;1
51;9;18821;1
51;9;18822;1
51;9;18823;1
51;9;18824;1
51;9;18825;1
51;9;18826;1
51;9;18827;1
51;9;18828;1
51;9;18829;1
51;9;18830;1
51;9;18831;1
51;9;18832;1
51;9;18833;1
51;9;18834;1
51;9;18835;1
51;9;18836;1
51;9;18837;1
51;9;18838;1
51;9;18839;1
51;9;18840;1
51;9;18841;1
51;9;18842;1
51;9;18843;1
51;9;18844;1
51;9;18845;1
51;9;18846;1
51;9;18847;0
51;9;18848;1
51;9;18849;1
51;9;18850;1
51;9;18851;1
51;9;18852;1
51;9;18853;1
51;9;18854;1
51;9;18855;1
51;9;18856;1
51;9;18857;1
51;9;18858;1
51;9;18859;1
51;9;18860;1
51;9;18861;1
51;9;18862;1
51;9;18863;1
51;9;18864;1
51;9;18865;1
51;9;18866;1
51;9;18867;1
51;9;18868;1
51;9;18869;1
51;9;18870;1
51;9;18871;1
51;9;18872;1
51;9;18873;1
51;9;18874;1
51;9;18875;1
51;9;18876;1
51;9;18877;1
51;9;18878;1
51;9;18879;1
51;9;18880;1
51;9;18881;1
51;9;18882;1
51;9;18883;1
51;9;18884;1
51;9;18885;1
51;9;18886;1
51;9;18887;1
51;9;18888;1
51;9;18889;1
51;9;18890;1
51;9;18891;1
51;9;18892;1
51;9;18893;1
51;9;18894;1
51;9;18895;1
51;9;18896;1
51;9;18897;1
51;9;18898;1
51;9;18899;1
51;9;18900;1
51;9;18901;1
51;9;18902;1
51;9;18903;1
51;9;18904;1
51;9;18905;1
51;9;18906;1
51;9;18907;1
51;9;18908;1
51;9;18909;1
51;9;18910;1
51;9;18911;1
51;9;18912;1
51;9;18913;1
51;9;18914;1
51;9;18915;1
51;9;18916;1
51;9;18917;1
51;9;18918;1
51;9;18919;1
51;9;18920;1
51;9;18921;1
51;9;18922;1
51;9;18923;1
51;9;18924;1
51;9;18925;1
51;9;18926;1
51;9;18927;1
51;9;18928;1
51;9;18929;1
51;9;18930;1
51;9;18931;1
51;9;18932;1
51;9;18933;1
51;9;18934;1
51;9;18935;1
51;9;18936;1
51;9;18937;1
51;9;18938;1
51;9;18939;1
51;9;18940;1
51;9;18941;1
51;9;18942;1
51;9;18943;1
51;9;18944;1
51;9;18945;1
51;9;18946;1
51;9;18947;1
51;9;18948;1
51;9;18949;1
51;9;18950;1
51;9;18951;0
51;9;18952;1
51;9;18953;1
51;9;18954;1
51;9;18955;1
51;9;18956;1
51;9;18957;1
51;9;18958;1
51;9;18959;1
51;9;18960;1
51;9;18961;1
51;9;18962;1
51;9;18963;0
51;9;18964;1
51;9;18965;1
51;9;18966;1
51;9;18967;1
51;9;18968;1
51;9;18969;1
51;9;18970;1
51;9;18971;1
51;9;18972;1
51;9;18973;1
51;9;18974;1
51;9;18975;1
51;9;18976;1
51;9;18977;1
51;9;18978;1
51;9;18979;1
51;9;18980;1
51;9;18981;1
51;9;18982;1
51;9;18983;1
51;9;18984;1
51;9;18985;1
51;9;18986;1
51;9;18987;1
51;9;18988;0
51;9;18989;1
51;9;18990;1
51;9;18991;1
51;9;18992;1
51;9;18993;1
51;9;18994;1
51;9;18995;1
51;9;18996;1
51;9;18997;1
51;9;18998;1
51;9;18999;1
51;9;19000;1
51;9;19001;1
51;9;19002;1
51;9;19003;1
51;9;19004;1
51;9;19005;1
51;9;19006;1
51;9;19007;1
51;9;19008;1
51;9;19009;1
51;9;19010;1
51;9;19011;1
51;9;19012;1
51;9;19013;0
51;9;19014;1
51;9;19015;1
51;9;19016;1
51;9;19017;1
51;9;19018;1
51;9;19019;1
51;9;19020;1
51;9;19021;1
51;9;19022;1
51;9;19023;1
51;9;19024;1
51;9;19025;1
51;9;19026;1
51;9;19027;1
51;9;19028;1
51;9;19029;1
51;9;19030;1
51;9;19031;1
51;9;19032;1
51;9;19033;1
51;9;19034;1
51;9;19035;1
51;9;19036;1
51;9;19037;1
51;9;19038;1
51;9;19039;1
51;9;19040;1
51;9;19041;1
51;9;19042;1
51;9;19043;1
51;9;19044;1
51;9;19045;1
51;9;19046;1
51;9;19047;1
51;9;19048;1
51;9;19049;1
51;9;19050;1
51;9;19051;1
51;9;19052;1
51;9;19053;1
51;9;19054;1
51;9;19055;0
51;9;19056;1
51;9;19057;1
51;9;19058;1
51;9;19059;1
51;9;19060;1
51;9;19061;1
51;9;19062;1
51;9;19063;1
51;9;19064;1
51;9;19065;1
51;9;19066;1
51;9;19067;1
51;9;19068;1
51;9;19069;1
51;9;19070;1
51;9;19071;1
51;9;19072;1
51;9;19073;1
51;9;19074;1
51;9;19075;1
51;9;19076;1
51;9;19077;1
51;9;19078;1
51;9;19079;1
51;9;19080;1
51;9;19081;1
51;9;19082;1
51;9;19083;1
51;9;19084;1
51;9;19085;1
51;9;19086;1
51;9;19087;1
51;9;19088;1
51;9;19089;1
51;9;19090;1
51;9;19091;1
51;9;19092;1
51;9;19093;1
51;9;19094;1
51;9;19095;1
51;9;19096;1
51;9;19097;1
51;9;19098;1
51;9;19099;1
51;9;19100;1
51;9;19101;1
51;9;19102;1
51;9;19103;1
51;9;19104;1
51;9;19105;1
51;9;19106;1
51;9;19107;1
51;9;19108;1
51;9;19109;1
51;9;19110;1
51;9;19111;1
51;9;19112;1
51;9;19113;1
51;9;19114;1
51;9;19115;1
51;9;19116;1
51;9;19117;1
51;9;19118;1
51;9;19119;1
51;9;19120;1
51;9;19121;1
51;9;19122;1
51;9;19123;1
51;9;19124;1
51;9;19125;1
51;9;19126;1
51;9;19127;1
51;9;19128;1
51;9;19129;1
51;9;19130;1
51;9;19131;1
51;9;19132;0
51;9;19133;0
51;9;19134;1
51;9;19135;0
51;9;19136;1
51;9;19137;1
51;9;19138;1
51;9;19139;1
51;9;19140;1
51;9;19141;1
51;9;19142;1
51;9;19143;1
51;9;19144;1
51;9;19145;1
51;9;19146;1
51;9;19147;1
51;9;19148;1
51;9;19149;1
51;9;19150;1
51;9;19151;1
51;9;19152;1
51;9;19153;1
51;9;19154;1
51;9;19155;1
51;9;19156;1
51;9;19157;0
51;9;19158;1
51;9;19159;0
51;9;19160;1
51;9;19161;1
51;9;19162;1
51;9;19163;1
51;9;19164;1
51;9;19165;1
51;9;19166;1
51;9;19167;1
51;9;19168;1
51;9;19169;1
51;9;19170;1
51;9;19171;1
51;9;19172;1
51;9;19173;1
51;9;19174;1
51;9;19175;1
51;9;19176;1
51;9;19177;1
51;9;19178;1
51;9;19179;1
51;9;19180;1
51;9;19181;1
51;9;19182;1
51;9;19183;1
51;9;19184;1
51;9;19185;1
51;9;19186;1
51;9;19187;1
51;9;19188;1
51;9;19189;1
51;9;19190;1
51;9;19191;1
51;9;19192;1
51;9;19193;1
51;9;19194;1
51;9;19195;1
51;9;19196;1
51;9;19197;1
51;9;19198;1
51;9;19199;1
51;9;19200;1
51;9;19201;1
51;9;19202;1
51;9;19203;0
51;9;19204;1
51;9;19205;1
51;9;19206;1
51;9;19207;1
51;9;19208;1
51;9;19209;1
51;9;19210;1
51;9;19211;1
51;9;19212;1
51;9;19213;1
51;9;19214;0
51;9;19215;1
51;9;19216;1
51;9;19217;1
51;9;19218;1
51;9;19219;1
51;9;19220;0
51;9;19221;0
51;9;19222;0
51;9;19223;0
51;9;19224;0
51;9;19225;0
51;9;19226;0
51;9;19227;0
51;9;19228;0
51;9;19229;1
51;9;19230;1
51;9;19231;0
51;9;19232;1
51;9;19233;0
51;9;19234;1
51;9;19235;1
51;9;19236;1
51;9;19237;1
51;9;19238;1
51;9;19239;1
51;9;19240;1
51;9;19241;1
51;9;19242;1
51;9;19243;1
51;9;19244;1
51;9;19245;1
51;9;19246;1
51;9;19247;1
51;9;19248;1
51;9;19249;1
51;9;19250;1
51;9;19251;1
51;9;19252;1
51;9;19253;1
51;9;19254;1
51;9;19255;1
51;9;19256;1
51;9;19257;1
51;9;19258;1
51;9;19259;1
51;9;19260;1
51;9;19261;1
51;9;19262;1
51;9;19263;1
51;9;19264;1
51;9;19265;1
51;9;19266;1
51;9;19267;1
51;9;19268;1
51;9;19269;1
51;9;19270;1
51;9;19271;1
51;9;19272;1
51;9;19273;1
51;9;19274;1
51;9;19275;1
51;9;19276;1
51;9;19277;1
51;9;19278;1
51;9;19279;1
51;9;19280;1
51;9;19281;1
51;9;19282;1
51;9;19283;1
51;9;19284;1
51;9;19285;1
51;9;19286;1
51;9;19287;1
51;9;19288;1
51;9;19289;1
51;9;19290;1
51;9;19291;1
51;9;19292;1
51;9;19293;1
51;9;19294;1
51;9;19295;1
51;9;19296;1
51;9;19297;1
51;9;19298;1
51;9;19299;1
51;9;19300;1
51;9;19301;1
51;9;19302;1
51;9;19303;1
51;9;19304;1
51;9;19305;1
51;9;19306;1
51;9;19307;1
51;9;19308;1
51;9;19309;1
51;9;19310;1
51;9;19311;1
51;9;19312;1
51;9;19313;1
51;9;19314;1
51;9;19315;1
51;9;19316;1
51;9;19317;1
51;9;19318;1
51;9;19319;1
51;9;19320;1
51;9;19321;1
51;9;19322;1
51;9;19323;1
51;9;19324;1
51;9;19325;0
51;9;19326;0
51;9;19327;0
51;9;19328;0
51;9;19329;0
51;9;19330;0
51;9;19331;1
51;9;19332;0
51;9;19333;0
51;9;19334;1
51;9;19335;1
51;9;19336;1
51;9;19337;0
51;9;19338;1
51;9;19339;0
51;9;19340;0
51;9;19341;0
51;9;19342;0
51;9;19343;0
51;9;19344;0
51;9;19345;0
51;9;19346;1
51;9;19347;1
51;9;19348;0
51;9;19349;1
51;9;19350;1
51;9;19351;1
51;9;19352;0
51;9;19353;0
51;9;19354;0
51;9;19355;0
51;9;19356;0
51;9;19357;0
51;9;19358;0
51;9;19359;0
51;9;19360;1
51;9;19361;1
51;9;19362;1
51;9;19363;1
51;9;19364;0
51;9;19365;0
51;9;19366;0
51;9;19367;0
51;9;19368;0
51;9;19369;0
51;9;19370;0
51;9;19371;0
51;9;19372;0
51;9;19373;0
51;9;19374;0
51;9;19375;0
51;9;19376;0
51;9;19377;1
51;9;19378;1
51;9;19379;0
51;9;19380;0
51;9;19381;0
51;9;19382;0
51;9;19383;1
51;9;19384;1
51;9;19385;0
51;9;19386;1
51;9;19387;1
51;9;19388;1
51;9;19389;1
51;9;19390;1
51;9;19391;1
51;9;19392;1
51;9;19393;1
51;9;19394;1
51;9;19395;1
51;9;19396;1
51;9;19397;1
51;9;19398;1
51;9;19399;1
51;9;19400;1
51;9;19401;1
51;9;19402;1
51;9;19403;1
51;9;19404;1
51;9;19405;1
51;9;19406;1
51;9;19407;1
51;9;19408;1
51;9;19409;1
51;9;19410;1
51;9;19411;1
51;9;19412;1
51;9;19413;1
51;9;19414;1
51;9;19415;1
51;9;19416;1
51;9;19417;1
51;9;19418;1
51;9;19419;1
51;9;19420;1
51;9;19421;1
51;9;19422;1
51;9;19423;1
51;9;19424;1
51;9;19425;1
51;9;19426;1
51;9;19427;1
51;9;19428;1
51;9;19429;1
51;9;19430;1
51;9;19431;1
51;9;19432;1
51;9;19433;1
51;9;19434;1
51;9;19435;1
51;9;19436;1
51;9;19437;1
51;9;19438;1
51;9;19439;1
51;9;19440;1
51;9;19441;1
51;9;19442;1
51;9;19443;1
51;9;19444;1
51;9;19445;1
51;9;19446;1
51;9;19447;0
51;9;19448;1
51;9;19449;1
51;9;19450;1
51;9;19451;1
51;9;19452;1
51;9;19453;1
51;9;19454;1
51;9;19455;1
51;9;19456;1
51;9;19457;1
51;9;19458;1
51;9;19459;1
51;9;19460;1
51;9;19461;1
51;9;19462;1
51;9;19463;1
51;9;19464;1
51;9;19465;1
51;9;19466;1
51;9;19467;1
51;9;19468;1
51;9;19469;1
51;9;19470;1
51;9;19471;1
51;9;19472;1
51;9;19473;1
51;9;19474;1
51;9;19475;1
51;9;19476;1
51;9;19477;1
51;9;19478;1
51;9;19479;1
51;9;19480;1
51;9;19481;1
51;9;19482;1
51;9;19483;1
51;9;19484;1
51;9;19485;1
51;9;19486;1
51;9;19487;1
51;9;19488;1
51;9;19489;1
51;9;19490;1
51;9;19491;1
51;9;19492;1
51;9;19493;1
51;9;19494;1
51;9;19495;1
51;9;19496;1
51;9;19497;1
51;9;19498;1
51;9;19499;1
51;9;19500;1
51;9;19501;1
51;9;19502;1
51;9;19503;1
51;9;19504;1
51;9;19505;1
51;9;19506;1
51;9;19507;1
51;9;19508;1
51;9;19509;1
51;9;19510;1
51;9;19511;1
51;9;19512;1
51;9;19513;1
51;9;19514;1
51;9;19515;1
51;9;19516;1
51;9;19517;1
51;9;19518;1
51;9;19519;1
51;9;19520;1
51;9;19521;1
51;9;19522;1
51;9;19523;1
51;9;19524;1
51;9;19525;1
51;9;19526;1
51;9;19527;1
51;9;19528;1
51;9;19529;1
51;9;19530;1
51;9;19531;1
51;9;19532;1
51;9;19533;1
51;9;19534;1
51;9;19535;1
51;9;19536;1
51;9;19537;1
51;9;19538;1
51;9;19539;0
51;9;19540;1
51;9;19541;1
51;9;19542;1
51;9;19543;1
51;9;19544;1
51;9;19545;1
51;9;19546;1
51;9;19547;1
51;9;19548;1
51;9;19549;1
51;9;19550;1
51;9;19551;1
51;9;19552;1
51;9;19553;1
51;9;19554;1
51;9;19555;1
51;9;19556;1
51;9;19557;1
51;9;19558;1
51;9;19559;1
51;9;19560;1
51;9;19561;1
51;9;19562;1
51;9;19563;0
51;9;19564;0
51;9;19565;1
51;9;19566;1
51;9;19567;1
51;9;19568;1
51;9;19569;1
51;9;19570;1
51;9;19571;1
51;9;19572;1
51;9;19573;1
51;9;19574;1
51;9;19575;1
51;9;19576;1
51;9;19577;1
51;9;19578;1
51;9;19579;1
51;9;19580;1
51;9;19581;1
51;9;19582;1
51;9;19583;1
51;9;19584;1
51;9;19585;1
51;9;19586;1
51;9;19587;1
51;9;19588;1
51;9;19589;1
51;9;19590;1
51;9;19591;1
51;9;19592;1
51;9;19593;1
51;9;19594;1
51;9;19595;1
51;9;19596;1
51;9;19597;1
51;9;19598;1
51;9;19599;1
51;9;19600;1
51;9;19601;1
51;9;19602;1
51;9;19603;1
51;9;19604;1
51;9;19605;1
51;9;19606;1
51;9;19607;1
51;9;19608;1
51;9;19609;1
51;9;19610;1
51;9;19611;1
51;9;19612;1
51;9;19613;1
51;9;19614;1
51;9;19615;1
51;9;19616;1
51;9;19617;1
51;9;19618;1
51;9;19619;1
51;9;19620;1
51;9;19621;1
51;9;19622;1
51;9;19623;1
51;9;19624;1
51;9;19625;1
51;9;19626;1
51;9;19627;0
51;9;19628;1
51;9;19629;1
51;9;19630;1
51;9;19631;1
51;9;19632;1
51;9;19633;1
51;9;19634;1
51;9;19635;1
51;9;19636;1
51;9;19637;1
51;9;19638;1
51;9;19639;1
51;9;19640;1
51;9;19641;1
51;9;19642;1
51;9;19643;1
51;9;19644;0
51;9;19645;0
51;9;19646;1
51;9;19647;1
51;9;19648;1
51;9;19649;1
51;9;19650;1
51;9;19651;1
51;9;19652;1
51;9;19653;1
51;9;19654;1
51;9;19655;1
51;9;19656;1
51;9;19657;1
51;9;19658;1
51;9;19659;1
51;9;19660;0
51;9;19661;0
51;9;19662;0
51;9;19663;1
51;9;19664;1
51;9;19665;1
51;9;19666;1
51;9;19667;1
51;9;19668;1
51;9;19669;1
51;9;19670;1
51;9;19671;1
51;9;19672;1
51;9;19673;1
51;9;19674;1
51;9;19675;1
51;9;19676;1
51;9;19677;1
51;9;19678;0
51;9;19679;1
51;9;19680;1
51;9;19681;1
51;9;19682;1
51;9;19683;1
51;9;19684;1
51;9;19685;1
51;9;19686;1
51;9;19687;1
51;9;19688;1
51;9;19689;1
51;9;19690;1
51;9;19691;1
51;9;19692;1
51;9;19693;1
51;9;19694;1
51;9;19695;1
51;9;19696;1
51;9;19697;1
51;9;19698;1
51;9;19699;1
51;9;19700;1
51;9;19701;1
51;9;19702;1
51;9;19703;1
51;9;19704;1
51;9;19705;1
51;9;19706;1
51;9;19707;1
51;9;19708;1
51;9;19709;1
51;9;19710;1
51;9;19711;0
51;9;19712;1
51;9;19713;1
51;9;19714;1
51;9;19715;1
51;9;19716;1
51;9;19717;1
51;9;19718;1
51;9;19719;0
51;9;19720;1
51;9;19721;1
51;9;19722;1
51;9;19723;0
51;9;19724;0
51;9;19725;1
51;9;19726;0
51;9;19727;1
51;9;19728;1
51;9;19729;1
51;9;19730;1
51;9;19731;0
51;9;19732;0
51;9;19733;0
51;9;19734;1
51;9;19735;1
51;9;19736;1
51;9;19737;1
51;9;19738;0
51;9;19739;1
51;9;19740;1
51;9;19741;1
51;9;19742;1
51;9;19743;1
51;9;19744;0
51;9;19745;1
51;9;19746;1
51;9;19747;1
51;9;19748;1
51;9;19749;0
51;9;19750;1
51;9;19751;1
51;9;19752;1
51;9;19753;1
51;9;19754;1
51;9;19755;1
51;9;19756;1
51;9;19757;1
51;9;19758;1
51;9;19759;1
51;9;19760;1
51;9;19761;1
51;9;19762;1
51;9;19763;0
51;9;19764;0
51;9;19765;1
51;9;19766;1
51;9;19767;1
51;9;19768;1
51;9;19769;1
51;9;19770;1
51;9;19771;1
51;9;19772;1
51;9;19773;1
51;9;19774;0
51;9;19775;0
51;9;19776;1
51;9;19777;1
51;9;19778;1
51;9;19779;1
51;9;19780;1
51;9;19781;0
51;9;19782;0
51;9;19783;1
51;9;19784;1
51;9;19785;1
51;9;19786;1
51;9;19787;1
51;9;19788;0
51;9;19789;0
51;9;19790;1
51;9;19791;1
51;9;19792;1
51;9;19793;1
51;9;19794;1
51;9;19795;1
51;9;19796;1
51;9;19797;1
51;9;19798;1
51;9;19799;1
51;9;19800;1
51;9;19801;1
51;9;19802;1
51;9;19803;1
51;9;19804;1
51;9;19805;1
51;9;19806;1
51;9;19807;1
51;9;19808;0
51;9;19809;1
51;9;19810;1
51;9;19811;1
51;9;19812;1
51;9;19813;1
51;9;19814;1
51;9;19815;1
51;9;19816;1
51;9;19817;1
51;9;19818;1
51;9;19819;1
51;9;19820;1
51;9;19821;1
51;9;19822;1
51;9;19823;1
51;9;19824;1
51;9;19825;1
51;9;19826;1
51;9;19827;1
51;9;19828;1
51;9;19829;0
51;9;19830;0
51;9;19831;1
51;9;19832;1
51;9;19833;0
51;9;19834;1
51;9;19835;1
51;9;19836;1
51;9;19837;1
51;9;19838;1
51;9;19839;0
51;9;19840;1
51;9;19841;1
51;9;19842;1
51;9;19843;1
51;9;19844;1
51;9;19845;1
51;9;19846;1
51;9;19847;1
51;9;19848;1
51;9;19849;1
51;9;19850;1
51;9;19851;0
51;9;19852;0
51;9;19853;1
51;9;19854;1
51;9;19855;1
51;9;19856;1
51;9;19857;1
51;9;19858;1
51;9;19859;1
51;9;19860;1
51;9;19861;1
51;9;19862;1
51;9;19863;1
51;9;19864;1
51;9;19865;1
51;9;19866;1
51;9;19867;1
51;9;19868;1
51;9;19869;1
51;9;19870;1
51;9;19871;0
51;9;19872;0
51;9;19873;1
51;9;19874;1
51;9;19875;1
51;9;19876;1
51;9;19877;1
51;9;19878;1
51;9;19879;0
51;9;19880;0
51;9;19881;1
51;9;19882;1
51;9;19883;1
51;9;19884;1
51;9;19885;0
51;9;19886;1
51;9;19887;1
51;9;19888;1
51;9;19889;1
51;9;19890;1
51;9;19891;0
51;9;19892;1
51;9;19893;1
51;9;19894;1
51;9;19895;1
51;9;19896;1
51;9;19897;1
51;9;19898;1
51;9;19899;1
51;9;19900;1
51;9;19901;1
51;9;19902;1
51;9;19903;1
51;9;19904;1
51;9;19905;1
51;9;19906;1
51;9;19907;1
51;9;19908;1
51;9;19909;1
51;9;19910;1
51;9;19911;1
51;9;19912;1
51;9;19913;1
51;9;19914;1
51;9;19915;1
51;9;19916;1
51;9;19917;1
51;9;19918;1
51;9;19919;1
51;9;19920;1
51;9;19921;1
51;9;19922;1
51;9;19923;1
51;9;19924;1
51;9;19925;1
51;9;19926;1
51;9;19927;1
51;9;19928;1
51;9;19929;1
51;9;19930;1
51;9;19931;1
51;9;19932;1
51;9;19933;1
51;9;19934;1
51;9;19935;1
51;9;19936;1
51;9;19937;1
51;9;19938;1
51;9;19939;1
51;9;19940;0
51;9;19941;1
51;9;19942;1
51;9;19943;1
51;9;19944;1
51;9;19945;1
51;9;19946;1
51;9;19947;1
51;9;19948;1
51;9;19949;1
51;9;19950;1
51;9;19951;1
51;9;19952;1
51;9;19953;1
51;9;19954;1
51;9;19955;1
51;9;19956;1
51;9;19957;1
51;9;19958;1
51;9;19959;1
51;9;19960;1
51;9;19961;1
51;9;19962;1
51;9;19963;1
51;9;19964;1
51;9;19965;1
51;9;19966;1
51;9;19967;1
51;9;19968;1
51;9;19969;1
51;9;19970;1
51;9;19971;1
51;9;19972;1
51;9;19973;1
51;9;19974;1
51;9;19975;1
51;9;19976;1
51;9;19977;1
51;9;19978;1
51;9;19979;1
51;9;19980;1
51;9;19981;1
51;9;19982;1
51;9;19983;1
51;9;19984;1
51;9;19985;1
51;9;19986;1
51;9;19987;1
51;9;19988;1
51;9;19989;1
51;9;19990;1
51;9;19991;1
51;9;19992;1
51;9;19993;1
51;9;19994;1
51;9;19995;1
51;9;19996;1
51;9;19997;1
51;9;19998;1
51;9;19999;1
51;9;20000;1
51;9;20001;1
51;9;20002;1
51;9;20003;1
51;9;20004;1
51;9;20005;1
51;9;20006;1
51;9;20007;1
51;9;20008;1
51;9;20009;1
51;9;20010;1
51;9;20011;1
51;9;20012;1
51;9;20013;1
51;9;20014;1
51;9;20015;1
51;9;20016;1
51;9;20017;1
51;9;20018;1
51;9;20019;1
51;9;20020;1
51;9;20021;1
51;9;20022;1
51;9;20023;1
51;9;20024;1
51;9;20025;1
51;9;20026;1
51;9;20027;1
51;9;20028;1
51;9;20029;1
51;9;20030;1
51;9;20031;1
51;9;20032;1
51;9;20033;1
51;9;20034;1
51;9;20035;1
51;9;20036;1
51;9;20037;1
51;9;20038;1
51;9;20039;1
51;9;20040;1
51;9;20041;1
51;9;20042;1
51;9;20043;1
51;9;20044;1
51;9;20045;1
51;9;20046;1
51;9;20047;1
51;9;20048;1
51;9;20049;1
51;9;20050;0
51;9;20051;1
51;9;20052;1
51;9;20053;1
51;9;20054;1
51;9;20055;1
51;9;20056;1
51;9;20057;1
51;9;20058;1
51;9;20059;1
51;9;20060;1
51;9;20061;1
51;9;20062;1
51;9;20063;1
51;9;20064;1
51;9;20065;1
51;9;20066;1
51;9;20067;1
51;9;20068;0
51;9;20069;1
51;9;20070;1
51;9;20071;1
51;9;20072;1
51;9;20073;1
51;9;20074;1
51;9;20075;1
51;9;20076;1
51;9;20077;1
51;9;20078;1
51;9;20079;1
51;9;20080;1
51;9;20081;1
51;9;20082;1
51;9;20083;1
51;9;20084;1
51;9;20085;1
51;9;20086;1
51;9;20087;1
51;9;20088;1
51;9;20089;1
51;9;20090;1
51;9;20091;1
51;9;20092;1
51;9;20093;1
51;9;20094;1
51;9;20095;1
51;9;20096;1
51;9;20097;1
51;9;20098;1
51;9;20099;1
51;9;20100;1
51;9;20101;1
51;9;20102;1
51;9;20103;1
51;9;20104;1
51;9;20105;1
51;9;20106;1
51;9;20107;1
51;9;20108;1
51;9;20109;1
51;9;20110;1
51;9;20111;1
51;9;20112;1
51;9;20113;0
51;9;20114;0
51;9;20115;1
51;9;20116;1
51;9;20117;1
51;9;20118;1
51;9;20119;0
51;9;20120;1
51;9;20121;1
51;9;20122;1
51;9;20123;1
51;9;20124;1
51;9;20125;1
51;9;20126;1
51;9;20127;1
51;9;20128;1
51;9;20129;1
51;9;20130;1
51;9;20131;1
51;9;20132;1
51;9;20133;1
51;9;20134;1
51;9;20135;1
51;9;20136;1
51;9;20137;1
51;9;20138;1
51;9;20139;1
51;9;20140;1
51;9;20141;1
51;9;20142;1
51;9;20143;1
51;9;20144;1
51;9;20145;1
51;9;20146;1
51;9;20147;1
51;9;20148;1
51;9;20149;1
51;9;20150;1
51;9;20151;1
51;9;20152;1
51;9;20153;1
51;9;20154;1
51;9;20155;1
51;9;20156;1
51;9;20157;1
51;9;20158;1
51;9;20159;1
51;9;20160;1
51;9;20161;1
51;9;20162;1
51;9;20163;1
51;9;20164;1
51;9;20165;1
51;9;20166;1
51;9;20167;1
51;9;20168;1
51;9;20169;1
51;9;20170;1
51;9;20171;1
51;9;20172;1
51;9;20173;1
51;9;20174;1
51;9;20175;1
51;9;20176;1
51;9;20177;1
51;9;20178;1
51;9;20179;1
51;9;20180;1
51;9;20181;1
51;9;20182;1
51;9;20183;1
51;9;20184;1
51;9;20185;1
51;9;20186;1
51;9;20187;1
51;9;20188;1
51;9;20189;1
51;9;20190;1
51;9;20191;1
51;9;20192;1
51;9;20193;1
51;9;20194;0
51;9;20195;1
51;9;20196;1
51;9;20197;1
51;9;20198;1
51;9;20199;1
51;9;20200;1
51;9;20201;1
51;9;20202;1
51;9;20203;1
51;9;20204;1
51;9;20205;1
51;9;20206;1
51;9;20207;1
51;9;20208;1
51;9;20209;1
51;9;20210;1
51;9;20211;1
51;9;20212;1
51;9;20213;1
51;9;20214;1
51;9;20215;1
51;9;20216;1
51;9;20217;1
51;9;20218;1
51;9;20219;1
51;9;20220;1
51;9;20221;1
51;9;20222;1
51;9;20223;1
51;9;20224;1
51;9;20225;1
51;9;20226;1
51;9;20227;1
51;9;20228;1
51;9;20229;1
51;9;20230;1
51;9;20231;1
51;9;20232;1
51;9;20233;1
51;9;20234;1
51;9;20235;1
51;9;20236;1
51;9;20237;1
51;9;20238;1
51;9;20239;1
51;9;20240;1
51;9;20241;0
51;9;20242;0
51;9;20243;1
51;9;20244;1
51;9;20245;1
51;9;20246;1
51;9;20247;1
51;9;20248;1
51;9;20249;1
51;9;20250;1
51;9;20251;1
51;9;20252;1
51;9;20253;1
51;9;20254;1
51;9;20255;1
51;9;20256;1
51;9;20257;1
51;9;20258;1
51;9;20259;1
51;9;20260;1
51;9;20261;1
51;9;20262;1
51;9;20263;0
51;9;20264;1
51;9;20265;1
51;9;20266;1
51;9;20267;1
51;9;20268;1
51;9;20269;1
51;9;20270;1
51;9;20271;1
51;9;20272;1
51;9;20273;1
51;9;20274;1
51;9;20275;1
51;9;20276;1
51;9;20277;0
51;9;20278;1
51;9;20279;1
51;9;20280;1
51;9;20281;1
51;9;20282;1
51;9;20283;1
51;9;20284;1
51;9;20285;1
51;9;20286;1
51;9;20287;1
51;9;20288;1
51;9;20289;1
51;9;20290;1
51;9;20291;1
51;9;20292;1
51;9;20293;1
51;9;20294;0
51;9;20295;0
51;9;20296;1
51;9;20297;0
51;9;20298;1
51;9;20299;1
51;9;20300;1
51;9;20301;1
51;9;20302;1
51;9;20303;1
51;9;20304;1
51;9;20305;1
51;9;20306;1
51;9;20307;1
51;9;20308;1
51;9;20309;1
51;9;20310;1
51;9;20311;1
51;9;20312;1
51;9;20313;1
51;9;20314;1
51;9;20315;1
51;9;20316;1
51;9;20317;1
51;9;20318;1
51;9;20319;0
51;9;20320;1
51;9;20321;1
51;9;20322;1
51;9;20323;1
51;9;20324;1
51;9;20325;1
51;9;20326;1
51;9;20327;1
51;9;20328;1
51;9;20329;1
51;9;20330;1
51;9;20331;1
51;9;20332;1
51;9;20333;1
51;9;20334;1
51;9;20335;1
51;9;20336;1
51;9;20337;1
51;9;20338;1
51;9;20339;1
51;9;20340;1
51;9;20341;1
51;9;20342;1
51;9;20343;1
51;9;20344;1
51;9;20345;1
51;9;20346;1
51;9;20347;1
51;9;20348;1
51;9;20349;1
51;9;20350;0
51;9;20351;1
51;9;20352;1
51;9;20353;1
51;9;20354;1
51;9;20355;1
51;9;20356;0
51;9;20357;1
51;9;20358;1
51;9;20359;1
51;9;20360;1
51;9;20361;1
51;9;20362;1
51;9;20363;1
51;9;20364;0
51;9;20365;1
51;9;20366;1
51;9;20367;1
51;9;20368;1
51;9;20369;1
51;9;20370;1
51;9;20371;1
51;9;20372;1
51;9;20373;1
51;9;20374;1
51;9;20375;1
51;9;20376;1
51;9;20377;1
51;9;20378;1
51;9;20379;1
51;9;20380;1
51;9;20381;1
51;9;20382;1
51;9;20383;1
51;9;20384;1
51;9;20385;1
51;9;20386;0
51;9;20387;1
51;9;20388;1
51;9;20389;1
51;9;20390;1
51;9;20391;1
51;9;20392;1
51;9;20393;1
51;9;20394;1
51;9;20395;1
51;9;20396;1
51;9;20397;1
51;9;20398;1
51;9;20399;1
51;9;20400;1
51;9;20401;1
51;9;20402;1
51;9;20403;1
51;9;20404;1
51;9;20405;1
51;9;20406;1
51;9;20407;1
51;9;20408;1
51;9;20409;1
51;9;20410;1
51;9;20411;1
51;9;20412;1
51;9;20413;1
51;9;20414;1
51;9;20415;1
51;9;20416;1
51;9;20417;1
51;9;20418;1
51;9;20419;1
51;9;20420;1
51;9;20421;1
51;9;20422;1
51;9;20423;1
51;9;20424;1
51;9;20425;0
51;9;20426;1
51;9;20427;1
51;9;20428;1
51;9;20429;1
51;9;20430;0
51;9;20431;1
51;9;20432;1
51;9;20433;1
51;9;20434;1
51;9;20435;1
51;9;20436;1
51;9;20437;1
51;9;20438;1
51;9;20439;1
51;9;20440;1
51;9;20441;1
51;9;20442;1
51;9;20443;1
51;9;20444;1
51;9;20445;1
51;9;20446;1
51;9;20447;1
51;9;20448;1
51;9;20449;1
51;9;20450;1
51;9;20451;1
51;9;20452;1
51;9;20453;1
51;9;20454;1
51;9;20455;1
51;9;20456;1
51;9;20457;1
51;9;20458;1
51;9;20459;1
51;9;20460;1
51;9;20461;1
51;9;20462;1
51;9;20463;1
51;9;20464;1
51;9;20465;1
51;9;20466;1
51;9;20467;1
51;9;20468;1
51;9;20469;1
51;9;20470;1
51;9;20471;1
51;9;20472;0
51;9;20473;1
51;9;20474;1
51;9;20475;1
51;9;20476;1
51;9;20477;1
51;9;20478;1
51;9;20479;1
51;9;20480;1
51;9;20481;1
51;9;20482;1
51;9;20483;1
51;9;20484;1
51;9;20485;1
51;9;20486;1
51;9;20487;1
51;9;20488;1
51;9;20489;1
51;9;20490;1
51;9;20491;1
51;9;20492;1
51;9;20493;1
51;9;20494;1
51;9;20495;1
51;9;20496;1
51;9;20497;1
51;9;20498;1
51;9;20499;1
51;9;20500;1
51;9;20501;1
51;9;20502;1
51;9;20503;1
51;9;20504;1
51;9;20505;1
51;9;20506;1
51;9;20507;1
51;9;20508;1
51;9;20509;1
51;9;20510;1
51;9;20511;1
51;9;20512;1
51;9;20513;1
51;9;20514;1
51;9;20515;1
51;9;20516;1
51;9;20517;1
51;9;20518;1
51;9;20519;1
51;9;20520;1
51;9;20521;1
51;9;20522;1
51;9;20523;1
51;9;20524;1
51;9;20525;1
51;9;20526;1
51;9;20527;1
51;9;20528;1
51;9;20529;0
51;9;20530;1
51;9;20531;1
51;9;20532;1
51;9;20533;0
51;9;20534;1
51;9;20535;1
51;9;20536;0
51;9;20537;1
51;9;20538;1
51;9;20539;1
51;9;20540;1
51;9;20541;1
51;9;20542;1
51;9;20543;1
51;9;20544;1
51;9;20545;1
51;9;20546;1
51;9;20547;1
51;9;20548;1
51;9;20549;1
51;9;20550;1
51;9;20551;1
51;9;20552;1
51;9;20553;1
51;9;20554;1
51;9;20555;1
51;9;20556;1
51;9;20557;1
51;9;20558;1
51;9;20559;0
51;9;20560;1
51;9;20561;1
51;9;20562;1
51;9;20563;1
51;9;20564;1
51;9;20565;1
51;9;20566;1
51;9;20567;1
51;9;20568;1
51;9;20569;1
51;9;20570;1
51;9;20571;1
51;9;20572;1
51;9;20573;1
51;9;20574;1
51;9;20575;1
51;9;20576;1
51;9;20577;1
51;9;20578;1
51;9;20579;1
51;9;20580;1
51;9;20581;0
51;9;20582;1
51;9;20583;1
51;9;20584;1
51;9;20585;1
51;9;20586;1
51;9;20587;1
51;9;20588;1
51;9;20589;1
51;9;20590;1
51;9;20591;1
51;9;20592;1
51;9;20593;1
51;9;20594;1
51;9;20595;1
51;9;20596;1
51;9;20597;1
51;9;20598;1
51;9;20599;1
51;9;20600;1
51;9;20601;1
51;9;20602;1
51;9;20603;1
51;9;20604;1
51;9;20605;1
51;9;20606;1
51;9;20607;1
51;9;20608;1
51;9;20609;1
51;9;20610;1
51;9;20611;1
51;9;20612;1
51;9;20613;1
51;9;20614;1
51;9;20615;1
51;9;20616;1
51;9;20617;1
51;9;20618;1
51;9;20619;1
51;9;20620;1
51;9;20621;1
51;9;20622;1
51;9;20623;1
51;9;20624;1
51;9;20625;1
51;9;20626;1
51;9;20627;1
51;9;20628;1
51;9;20629;1
51;9;20630;1
51;9;20631;1
51;9;20632;1
51;9;20633;1
51;9;20634;0
51;9;20635;1
51;9;20636;1
51;9;20637;1
51;9;20638;1
51;9;20639;1
51;9;20640;1
51;9;20641;1
51;9;20642;1
51;9;20643;1
51;9;20644;1
51;9;20645;1
51;9;20646;0
51;9;20647;1
51;9;20648;1
51;9;20649;1
51;9;20650;1
51;9;20651;1
51;9;20652;1
51;9;20653;1
51;9;20654;1
51;9;20655;1
51;9;20656;1
51;9;20657;1
51;9;20658;1
51;9;20659;1
51;9;20660;1
51;9;20661;1
51;9;20662;1
51;9;20663;1
51;9;20664;1
51;9;20665;1
51;9;20666;1
51;9;20667;1
51;9;20668;1
51;9;20669;1
51;9;20670;1
51;9;20671;1
51;9;20672;1
51;9;20673;1
51;9;20674;1
51;9;20675;1
51;9;20676;1
51;9;20677;1
51;9;20678;1
51;9;20679;1
51;9;20680;1
51;9;20681;1
51;9;20682;1
51;9;20683;1
51;9;20684;1
51;9;20685;1
51;9;20686;1
51;9;20687;1
51;9;20688;1
51;9;20689;1
51;9;20690;1
51;9;20691;1
51;9;20692;1
51;9;20693;1
51;9;20694;1
51;9;20695;1
51;9;20696;1
51;9;20697;1
51;9;20698;1
51;9;20699;1
51;9;20700;1
51;9;20701;1
51;9;20702;1
51;9;20703;1
51;9;20704;1
51;9;20705;1
51;9;20706;1
51;9;20707;1
51;9;20708;1
51;9;20709;0
51;9;20710;1
51;9;20711;1
51;9;20712;1
51;9;20713;1
51;9;20714;1
51;9;20715;1
51;9;20716;1
51;9;20717;1
51;9;20718;0
51;9;20719;1
51;9;20720;1
51;9;20721;1
51;9;20722;1
51;9;20723;1
51;9;20724;1
51;9;20725;1
51;9;20726;1
51;9;20727;1
51;9;20728;1
51;9;20729;1
51;9;20730;1
51;9;20731;1
51;9;20732;1
51;9;20733;1
51;9;20734;1
51;9;20735;1
51;9;20736;1
51;9;20737;1
51;9;20738;1
51;9;20739;0
51;9;20740;1
51;9;20741;1
51;9;20742;1
51;9;20743;1
51;9;20744;1
51;9;20745;1
51;9;20746;1
51;9;20747;1
51;9;20748;1
51;9;20749;1
51;9;20750;1
51;9;20751;1
51;9;20752;1
51;9;20753;1
51;9;20754;1
51;9;20755;1
51;9;20756;1
51;9;20757;1
51;9;20758;1
51;9;20759;1
51;9;20760;1
51;9;20761;1
51;9;20762;1
51;9;20763;1
51;9;20764;1
51;9;20765;1
51;9;20766;1
51;9;20767;1
51;9;20768;1
51;9;20769;1
51;9;20770;1
51;9;20771;1
51;9;20772;1
51;9;20773;1
51;9;20774;1
51;9;20775;1
51;9;20776;1
51;9;20777;1
51;9;20778;1
51;9;20779;1
51;9;20780;1
51;9;20781;1
51;9;20782;1
51;9;20783;1
51;9;20784;1
51;9;20785;1
51;9;20786;1
51;9;20787;1
51;9;20788;1
51;9;20789;1
51;9;20790;1
51;9;20791;1
51;9;20792;1
51;9;20793;1
51;9;20794;1
51;9;20795;1
51;9;20796;1
51;9;20797;1
51;9;20798;1
51;9;20799;1
51;9;20800;1
51;9;20801;0
51;9;20802;0
51;9;20803;1
51;9;20804;1
51;9;20805;1
51;9;20806;1
51;9;20807;1
51;9;20808;1
51;9;20809;1
51;9;20810;1
51;9;20811;1
51;9;20812;1
51;9;20813;1
51;9;20814;1
51;9;20815;1
51;9;20816;1
51;9;20817;1
51;9;20818;1
51;9;20819;1
51;9;20820;1
51;9;20821;1
51;9;20822;1
51;9;20823;1
51;9;20824;1
51;9;20825;1
51;9;20826;1
51;9;20827;1
51;9;20828;1
51;9;20829;1
51;9;20830;1
51;9;20831;1
51;9;20832;1
51;9;20833;1
51;9;20834;1
51;9;20835;1
51;9;20836;1
51;9;20837;1
51;9;20838;1
51;9;20839;0
51;9;20840;1
51;9;20841;1
51;9;20842;1
51;9;20843;1
51;9;20844;1
51;9;20845;1
51;9;20846;1
51;9;20847;1
51;9;20848;1
51;9;20849;1
51;9;20850;1
51;9;20851;1
51;9;20852;1
51;9;20853;1
51;9;20854;1
51;9;20855;1
51;9;20856;1
51;9;20857;1
51;9;20858;1
51;9;20859;1
51;9;20860;1
51;9;20861;1
51;9;20862;1
51;9;20863;1
51;9;20864;1
51;9;20865;1
51;9;20866;1
51;9;20867;1
51;9;20868;1
51;9;20869;1
51;9;20870;1
51;9;20871;1
51;9;20872;1
51;9;20873;1
51;9;20874;1
51;9;20875;1
51;9;20876;1
51;9;20877;1
51;9;20878;1
51;9;20879;1
51;9;20880;1
51;9;20881;1
51;9;20882;1
51;9;20883;0
51;9;20884;0
51;9;20885;1
51;9;20886;1
51;9;20887;1
51;9;20888;1
51;9;20889;1
51;9;20890;1
51;9;20891;1
51;9;20892;1
51;9;20893;1
51;9;20894;1
51;9;20895;1
51;9;20896;1
51;9;20897;1
51;9;20898;1
51;9;20899;1
51;9;20900;1
51;9;20901;0
51;9;20902;0
51;9;20903;0
51;9;20904;1
51;9;20905;1
51;9;20906;1
51;9;20907;1
51;9;20908;1
51;9;20909;1
51;9;20910;1
51;9;20911;1
51;9;20912;1
51;9;20913;1
51;9;20914;1
51;9;20915;1
51;9;20916;0
51;9;20917;0
51;9;20918;0
51;9;20919;0
51;9;20920;1
51;9;20921;1
51;9;20922;1
51;9;20923;1
51;9;20924;1
51;9;20925;1
51;9;20926;1
51;9;20927;1
51;9;20928;1
51;9;20929;1
51;9;20930;1
51;9;20931;1
51;9;20932;1
51;9;20933;1
51;9;20934;1
51;9;20935;1
51;9;20936;1
51;9;20937;1
51;9;20938;1
51;9;20939;1
51;9;20940;1
51;9;20941;1
51;9;20942;1
51;9;20943;1
51;9;20944;1
51;9;20945;1
51;9;20946;1
51;9;20947;1
51;9;20948;1
51;9;20949;1
51;9;20950;1
51;9;20951;1
51;9;20952;1
51;9;20953;1
51;9;20954;1
51;9;20955;1
51;9;20956;1
51;9;20957;1
51;9;20958;1
51;9;20959;1
51;9;20960;1
51;9;20961;1
51;9;20962;1
51;9;20963;1
51;9;20964;1
51;9;20965;1
51;9;20966;0
51;9;20967;1
51;9;20968;1
51;9;20969;1
51;9;20970;1
51;9;20971;1
51;9;20972;1
51;9;20973;1
51;9;20974;1
51;9;20975;1
51;9;20976;1
51;9;20977;1
51;9;20978;1
51;9;20979;1
51;9;20980;1
51;9;20981;1
51;9;20982;1
51;9;20983;1
51;9;20984;1
51;9;20985;1
51;9;20986;1
51;9;20987;1
51;9;20988;1
51;9;20989;1
51;9;20990;1
51;9;20991;1
51;9;20992;1
51;9;20993;1
51;9;20994;1
51;9;20995;1
51;9;20996;1
51;9;20997;1
51;9;20998;1
51;9;20999;1
51;9;21000;1
51;9;21001;1
51;9;21002;1
51;9;21003;1
51;9;21004;1
51;9;21005;1
51;9;21006;1
51;9;21007;1
51;9;21008;1
51;9;21009;1
51;9;21010;1
51;9;21011;1
51;9;21012;1
51;9;21013;1
51;9;21014;1
51;9;21015;1
51;9;21016;1
51;9;21017;1
51;9;21018;1
51;9;21019;1
51;9;21020;1
51;9;21021;1
51;9;21022;1
51;9;21023;1
51;9;21024;1
51;9;21025;1
51;9;21026;1
51;9;21027;1
51;9;21028;1
51;9;21029;0
51;9;21030;0
51;9;21031;1
51;9;21032;1
51;9;21033;1
51;9;21034;1
51;9;21035;1
51;9;21036;1
51;9;21037;1
51;9;21038;1
51;9;21039;1
51;9;21040;1
51;9;21041;1
51;9;21042;1
51;9;21043;1
51;9;21044;1
51;9;21045;1
51;9;21046;1
51;9;21047;1
51;9;21048;1
51;9;21049;1
51;9;21050;1
51;9;21051;1
51;9;21052;1
51;9;21053;1
51;9;21054;1
51;9;21055;1
51;9;21056;1
51;9;21057;1
51;9;21058;1
51;9;21059;1
51;9;21060;1
51;9;21061;1
51;9;21062;0
51;9;21063;1
51;9;21064;1
51;9;21065;1
51;9;21066;1
51;9;21067;1
51;9;21068;1
51;9;21069;1
51;9;21070;1
51;9;21071;1
51;9;21072;1
51;9;21073;0
51;9;21074;0
51;9;21075;0
51;9;21076;1
51;9;21077;1
51;9;21078;1
51;9;21079;1
51;9;21080;1
51;9;21081;1
51;9;21082;1
51;9;21083;1
51;9;21084;1
51;9;21085;1
51;9;21086;0
51;9;21087;0
51;9;21088;1
51;9;21089;1
51;9;21090;1
51;9;21091;1
51;9;21092;1
51;9;21093;1
51;9;21094;1
51;9;21095;1
51;9;21096;1
51;9;21097;1
51;9;21098;0
51;9;21099;1
51;9;21100;1
51;9;21101;1
51;9;21102;1
51;9;21103;1
51;9;21104;1
51;9;21105;1
51;9;21106;1
51;9;21107;1
51;9;21108;1
51;9;21109;1
51;9;21110;1
51;9;21111;0
51;9;21112;0
51;9;21113;1
51;9;21114;1
51;9;21115;1
51;9;21116;1
51;9;21117;1
51;9;21118;1
51;9;21119;1
51;9;21120;1
51;9;21121;1
51;9;21122;1
51;9;21123;1
51;9;21124;1
51;9;21125;1
51;9;21126;1
51;9;21127;1
51;9;21128;1
51;9;21129;1
51;9;21130;1
51;9;21131;1
51;9;21132;1
51;9;21133;1
51;9;21134;1
51;9;21135;1
51;9;21136;1
51;9;21137;1
51;9;21138;1
51;9;21139;1
51;9;21140;1
51;9;21141;1
51;9;21142;1
51;9;21143;1
51;9;21144;1
51;9;21145;1
51;9;21146;1
51;9;21147;1
51;9;21148;0
51;9;21149;0
51;9;21150;0
51;9;21151;1
51;9;21152;1
51;9;21153;0
51;9;21154;1
51;9;21155;0
51;9;21156;0
51;9;21157;1
51;9;21158;1
51;9;21159;1
51;9;21160;1
51;9;21161;0
51;9;21162;1
51;9;21163;0
51;9;21164;1
51;9;21165;0
51;9;21166;0
51;9;21167;1
51;9;21168;1
51;9;21169;1
51;9;21170;1
51;9;21171;1
51;9;21172;1
51;9;21173;1
51;9;21174;1
51;9;21175;1
51;9;21176;1
51;9;21177;1
51;9;21178;1
51;9;21179;1
51;9;21180;1
51;9;21181;1
51;9;21182;1
51;9;21183;1
51;9;21184;1
51;9;21185;1
51;9;21186;0
51;9;21187;1
51;9;21188;1
51;9;21189;1
51;9;21190;1
51;9;21191;1
51;9;21192;1
51;9;21193;1
51;9;21194;1
51;9;21195;1
51;9;21196;1
51;9;21197;1
51;9;21198;1
51;9;21199;1
51;9;21200;1
51;9;21201;1
51;9;21202;1
51;9;21203;1
51;9;21204;1
51;9;21205;1
51;9;21206;1
51;9;21207;1
51;9;21208;1
51;9;21209;1
51;9;21210;1
51;9;21211;1
51;9;21212;1
51;9;21213;1
51;9;21214;1
51;9;21215;1
51;9;21216;1
51;9;21217;1
51;9;21218;1
51;9;21219;1
51;9;21220;1
51;9;21221;1
51;9;21222;1
51;9;21223;1
51;9;21224;1
51;9;21225;1
51;9;21226;0
51;9;21227;0
51;9;21228;0
51;9;21229;1
51;9;21230;1
51;9;21231;0
51;9;21232;1
51;9;21233;1
51;9;21234;1
51;9;21235;1
51;9;21236;1
51;9;21237;1
51;9;21238;1
51;9;21239;1
51;9;21240;1
51;9;21241;1
51;9;21242;1
51;9;21243;1
51;9;21244;1
51;9;21245;0
51;9;21246;0
51;9;21247;1
51;9;21248;1
51;9;21249;0
51;9;21250;1
51;9;21251;1
51;9;21252;1
51;9;21253;1
51;9;21254;1
51;9;21255;0
51;9;21256;0
51;9;21257;0
51;9;21258;0
51;9;21259;0
51;9;21260;0
51;9;21261;0
51;9;21262;0
51;9;21263;1
51;9;21264;1
51;9;21265;1
51;9;21266;1
51;9;21267;0
51;9;21268;1
51;9;21269;1
51;9;21270;1
51;9;21271;1
51;9;21272;1
51;9;21273;1
51;9;21274;1
51;9;21275;1
51;9;21276;1
51;9;21277;1
51;9;21278;1
51;9;21279;1
51;9;21280;1
51;9;21281;1
51;9;21282;1
51;9;21283;1
51;9;21284;1
51;9;21285;1
51;9;21286;1
51;9;21287;1
51;9;21288;1
51;9;21289;1
51;9;21290;1
51;9;21291;1
51;9;21292;1
51;9;21293;1
51;9;21294;1
51;9;21295;1
51;9;21296;1
51;9;21297;0
51;9;21298;1
51;9;21299;1
51;9;21300;0
51;9;21301;1
51;9;21302;1
51;9;21303;1
51;9;21304;1
51;9;21305;1
51;9;21306;0
51;9;21307;0
51;9;21308;0
51;9;21309;1
51;9;21310;0
51;9;21311;1
51;9;21312;1
51;9;21313;1
51;9;21314;1
51;9;21315;1
51;9;21316;1
51;9;21317;1
51;9;21318;1
51;9;21319;1
51;9;21320;1
51;9;21321;1
51;9;21322;1
51;9;21323;1
51;9;21324;1
51;9;21325;1
51;9;21326;1
51;9;21327;1
51;9;21328;1
51;9;21329;1
51;9;21330;0
51;9;21331;0
51;9;21332;0
51;9;21333;0
51;9;21334;1
51;9;21335;1
51;9;21336;1
51;9;21337;1
51;9;21338;1
51;9;21339;0
51;9;21340;1
51;9;21341;1
51;9;21342;1
51;9;21343;1
51;9;21344;1
51;9;21345;1
51;9;21346;1
51;9;21347;1
51;9;21348;1
51;9;21349;1
51;9;21350;1
51;9;21351;1
51;9;21352;1
51;9;21353;1
51;9;21354;1
51;9;21355;1
51;9;21356;1
51;9;21357;1
51;9;21358;1
51;9;21359;1
51;9;21360;1
51;9;21361;1
51;9;21362;1
51;9;21363;1
51;9;21364;1
51;9;21365;0
51;9;21366;1
51;9;21367;1
51;9;21368;1
51;9;21369;1
51;9;21370;1
51;9;21371;1
51;9;21372;1
51;9;21373;1
51;9;21374;1
51;9;21375;0
51;9;21376;1
51;9;21377;1
51;9;21378;1
51;9;21379;1
51;9;21380;1
51;9;21381;1
51;9;21382;1
51;9;21383;0
51;9;21384;1
51;9;21385;0
51;9;21386;0
51;9;21387;0
51;9;21388;0
51;9;21389;1
51;9;21390;1
51;9;21391;1
51;9;21392;1
51;9;21393;1
51;9;21394;1
51;9;21395;1
51;9;21396;0
51;9;21397;0
51;9;21398;0
51;9;21399;1
51;9;21400;1
51;9;21401;0
51;9;21402;0
51;9;21403;0
51;9;21404;1
51;9;21405;1
51;9;21406;1
51;9;21407;1
51;9;21408;1
51;9;21409;1
51;9;21410;1
51;9;21411;1
51;9;21412;1
51;9;21413;1
51;9;21414;1
51;9;21415;1
51;9;21416;1
51;9;21417;1
51;9;21418;1
51;9;21419;0
51;9;21420;1
51;9;21421;1
51;9;21422;0
51;9;21423;1
51;9;21424;1
51;9;21425;1
51;9;21426;0
51;9;21427;0
51;9;21428;1
51;9;21429;1
51;9;21430;1
51;9;21431;1
51;9;21432;1
51;9;21433;0
51;9;21434;1
51;9;21435;1
51;9;21436;1
51;9;21437;1
51;9;21438;1
51;9;21439;1
51;9;21440;1
51;9;21441;1
51;9;21442;1
51;9;21443;1
51;9;21444;1
51;9;21445;1
51;9;21446;1
51;9;21447;1
51;9;21448;1
51;9;21449;1
51;9;21450;1
51;9;21451;1
51;9;21452;1
51;9;21453;0
51;9;21454;1
51;9;21455;1
51;9;21456;1
51;9;21457;1
51;9;21458;1
51;9;21459;1
51;9;21460;1
51;9;21461;1
51;9;21462;1
51;9;21463;1
51;9;21464;1
51;9;21465;1
51;9;21466;1
51;9;21467;1
51;9;21468;1
51;9;21469;1
51;9;21470;1
51;9;21471;1
51;9;21472;1
51;9;21473;1
51;9;21474;1
51;9;21475;1
51;9;21476;1
51;9;21477;1
51;9;21478;1
51;9;21479;1
51;9;21480;1
51;9;21481;1
51;9;21482;1
51;9;21483;1
51;9;21484;0
51;9;21485;0
51;9;21486;1
51;9;21487;1
51;9;21488;1
51;9;21489;1
51;9;21490;1
51;9;21491;1
51;9;21492;1
51;9;21493;1
51;9;21494;0
51;9;21495;0
51;9;21496;0
51;9;21497;1
51;9;21498;1
51;9;21499;0
51;9;21500;0
51;9;21501;1
51;9;21502;1
51;9;21503;1
51;9;21504;0
51;9;21505;1
51;9;21506;1
51;9;21507;1
51;9;21508;1
51;9;21509;1
51;9;21510;0
51;9;21511;0
51;9;21512;0
51;9;21513;1
51;9;21514;1
51;9;21515;1
51;9;21516;1
51;9;21517;1
51;9;21518;1
51;9;21519;1
51;9;21520;1
51;9;21521;1
51;9;21522;1
51;9;21523;1
51;9;21524;1
51;9;21525;0
51;9;21526;1
51;9;21527;1
51;9;21528;1
51;9;21529;1
51;9;21530;0
51;9;21531;1
51;9;21532;1
51;9;21533;1
51;9;21534;1
51;9;21535;1
51;9;21536;1
51;9;21537;1
51;9;21538;0
51;9;21539;1
51;9;21540;1
51;9;21541;1
51;9;21542;1
51;9;21543;1
51;9;21544;1
51;9;21545;1
51;9;21546;1
51;9;21547;1
51;9;21548;1
51;9;21549;1
51;9;21550;1
51;9;21551;1
51;9;21552;0
51;9;21553;0
51;9;21554;0
51;9;21555;0
51;9;21556;1
51;9;21557;1
51;9;21558;1
51;9;21559;1
51;9;21560;1
51;9;21561;1
51;9;21562;1
51;9;21563;1
51;9;21564;0
51;9;21565;1
51;9;21566;1
51;9;21567;1
51;9;21568;1
51;9;21569;1
51;9;21570;1
51;9;21571;1
51;9;21572;1
51;9;21573;1
51;9;21574;1
51;9;21575;0
51;9;21576;0
51;9;21577;0
51;9;21578;0
51;9;21579;0
51;9;21580;1
51;9;21581;1
51;9;21582;0
51;9;21583;1
51;9;21584;1
51;9;21585;1
51;9;21586;1
51;9;21587;1
51;9;21588;0
51;9;21589;1
51;9;21590;1
51;9;21591;1
51;9;21592;1
51;9;21593;1
51;9;21594;0
51;9;21595;0
51;9;21596;1
51;9;21597;1
51;9;21598;0
51;9;21599;1
51;9;21600;1
51;9;21601;1
51;9;21602;1
51;9;21603;1
51;9;21604;0
51;9;21605;0
51;9;21606;1
51;9;21607;1
51;9;21608;1
51;9;21609;1
51;9;21610;1
51;9;21611;1
51;9;21612;1
51;9;21613;1
51;9;21614;1
51;9;21615;0
51;9;21616;0
51;9;21617;1
51;9;21618;1
51;9;21619;1
51;9;21620;1
51;9;21621;1
51;9;21622;1
51;9;21623;0
51;9;21624;0
51;9;21625;1
51;9;21626;1
51;9;21627;1
51;9;21628;1
51;9;21629;1
51;9;21630;1
51;9;21631;0
51;9;21632;1
51;9;21633;1
51;9;21634;0
51;9;21635;1
51;9;21636;1
51;9;21637;1
51;9;21638;1
51;9;21639;1
51;9;21640;1
51;9;21641;1
51;9;21642;1
51;9;21643;1
51;9;21644;1
51;9;21645;1
51;9;21646;1
51;9;21647;1
51;9;21648;1
51;9;21649;1
51;9;21650;1
51;9;21651;1
51;9;21652;1
51;9;21653;1
51;9;21654;0
51;9;21655;1
51;9;21656;1
51;9;21657;1
51;9;21658;1
51;9;21659;0
51;9;21660;1
51;9;21661;1
51;9;21662;1
51;9;21663;0
51;9;21664;1
51;9;21665;1
51;9;21666;1
51;9;21667;1
51;9;21668;1
51;9;21669;0
51;9;21670;1
51;9;21671;1
51;9;21672;1
51;9;21673;1
51;9;21674;1
51;9;21675;1
51;9;21676;1
51;9;21677;1
51;9;21678;1
51;9;21679;1
51;9;21680;1
51;9;21681;1
51;9;21682;1
51;9;21683;1
51;9;21684;0
51;9;21685;1
51;9;21686;0
51;9;21687;1
51;9;21688;1
51;9;21689;1
51;9;21690;1
51;9;21691;0
51;9;21692;1
51;9;21693;1
51;9;21694;1
51;9;21695;1
51;9;21696;1
51;9;21697;1
51;9;21698;1
51;9;21699;1
51;9;21700;0
51;9;21701;0
51;9;21702;1
51;9;21703;0
51;9;21704;1
51;9;21705;1
51;9;21706;1
51;9;21707;0
51;9;21708;0
51;9;21709;0
51;9;21710;1
51;9;21711;1
51;9;21712;1
51;9;21713;0
51;9;21714;1
51;9;21715;1
51;9;21716;1
51;9;21717;1
51;9;21718;1
51;9;21719;1
51;9;21720;0
51;9;21721;0
51;9;21722;0
51;9;21723;0
51;9;21724;1
51;9;21725;1
51;9;21726;0
51;9;21727;0
51;9;21728;1
51;9;21729;1
51;9;21730;1
51;9;21731;1
51;9;21732;1
51;9;21733;0
51;9;21734;1
51;9;21735;1
51;9;21736;1
51;9;21737;1
51;9;21738;1
51;9;21739;0
51;9;21740;1
51;9;21741;1
51;9;21742;1
51;9;21743;1
51;9;21744;1
51;9;21745;0
51;9;21746;1
51;9;21747;0
51;9;21748;1
51;9;21749;1
51;9;21750;1
51;9;21751;1
51;9;21752;1
51;9;21753;1
51;9;21754;1
51;9;21755;1
51;9;21756;0
51;9;21757;1
51;9;21758;1
51;9;21759;1
51;9;21760;1
51;9;21761;1
51;9;21762;1
51;9;21763;0
51;9;21764;1
51;9;21765;1
51;9;21766;1
51;9;21767;1
51;9;21768;1
51;9;21769;1
51;9;21770;0
51;9;21771;1
51;9;21772;1
51;9;21773;1
51;9;21774;1
51;9;21775;0
51;9;21776;1
51;9;21777;1
51;9;21778;1
51;9;21779;0
51;9;21780;1
51;9;21781;1
51;9;21782;1
51;9;21783;1
51;9;21784;1
51;9;21785;1
51;9;21786;1
51;9;21787;0
51;9;21788;1
51;9;21789;1
51;9;21790;1
51;9;21791;1
51;9;21792;1
51;9;21793;0
51;9;21794;0
51;9;21795;0
51;9;21796;1
51;9;21797;1
51;9;21798;1
51;9;21799;0
51;9;21800;1
51;9;21801;1
51;9;21802;0
51;9;21803;1
51;9;21804;0
51;9;21805;1
51;9;21806;1
51;9;21807;1
51;9;21808;1
51;9;21809;1
51;9;21810;0
51;9;21811;0
51;9;21812;1
51;9;21813;1
51;9;21814;1
51;9;21815;1
51;9;21816;1
51;9;21817;1
51;9;21818;1
51;9;21819;1
51;9;21820;1
51;9;21821;1
51;9;21822;1
51;9;21823;1
51;9;21824;1
51;9;21825;1
51;9;21826;1
51;9;21827;0
51;9;21828;0
51;9;21829;1
51;9;21830;1
51;9;21831;1
51;9;21832;1
51;9;21833;1
51;9;21834;1
51;9;21835;0
51;9;21836;1
51;9;21837;1
51;9;21838;1
51;9;21839;1
51;9;21840;1
51;9;21841;1
51;9;21842;1
51;9;21843;1
51;9;21844;1
51;9;21845;0
51;9;21846;0
51;9;21847;1
51;9;21848;1
51;9;21849;1
51;9;21850;1
51;9;21851;1
51;9;21852;1
51;9;21853;1
51;9;21854;1
51;9;21855;1
51;9;21856;1
51;9;21857;1
51;9;21858;1
51;9;21859;1
51;9;21860;1
51;9;21861;1
51;9;21862;1
51;9;21863;1
51;9;21864;1
51;9;21865;1
51;9;21866;1
51;9;21867;1
51;9;21868;1
51;9;21869;1
51;9;21870;1
51;9;21871;1
51;9;21872;1
51;9;21873;1
51;9;21874;1
51;9;21875;1
51;9;21876;1
51;9;21877;1
51;9;21878;1
51;9;21879;1
51;9;21880;1
51;9;21881;1
51;9;21882;1
51;9;21883;1
51;9;21884;1
51;9;21885;0
51;9;21886;1
51;9;21887;1
51;9;21888;1
51;9;21889;1
51;9;21890;1
51;9;21891;1
51;9;21892;0
51;9;21893;1
51;9;21894;1
51;9;21895;1
51;9;21896;1
51;9;21897;1
51;9;21898;1
51;9;21899;1
51;9;21900;1
51;9;21901;1
51;9;21902;1
51;9;21903;1
51;9;21904;1
51;9;21905;1
51;9;21906;1
51;9;21907;1
51;9;21908;1
51;9;21909;1
51;9;21910;1
51;9;21911;1
51;9;21912;1
51;9;21913;1
51;9;21914;1
51;9;21915;1
51;9;21916;1
51;9;21917;1
51;9;21918;1
51;9;21919;1
51;9;21920;1
51;9;21921;1
51;9;21922;1
51;9;21923;1
51;9;21924;1
51;9;21925;1
51;9;21926;1
51;9;21927;1
51;9;21928;1
51;9;21929;1
51;9;21930;1
51;9;21931;1
51;9;21932;1
51;9;21933;1
51;9;21934;1
51;9;21935;1
51;9;21936;1
51;9;21937;1
51;9;21938;1
51;9;21939;1
51;9;21940;1
51;9;21941;1
51;9;21942;1
51;9;21943;1
51;9;21944;1
51;9;21945;1
51;9;21946;1
51;9;21947;1
51;9;21948;1
51;9;21949;1
51;9;21950;1
51;9;21951;1
51;9;21952;1
51;9;21953;1
51;9;21954;1
51;9;21955;1
51;9;21956;1
51;9;21957;1
51;9;21958;1
51;9;21959;1
51;9;21960;1
51;9;21961;1
51;9;21962;1
51;9;21963;1
51;9;21964;1
51;9;21965;1
51;9;21966;1
51;9;21967;1
51;9;21968;1
51;9;21969;1
51;9;21970;0
51;9;21971;1
51;9;21972;0
51;9;21973;1
51;9;21974;1
51;9;21975;1
51;9;21976;1
51;9;21977;1
51;9;21978;1
51;9;21979;1
51;9;21980;1
51;9;21981;1
51;9;21982;1
51;9;21983;1
51;9;21984;1
51;9;21985;1
51;9;21986;1
51;9;21987;1
51;9;21988;1
51;9;21989;1
51;9;21990;1
51;9;21991;1
51;9;21992;1
51;9;21993;1
51;9;21994;1
51;9;21995;1
51;9;21996;1
51;9;21997;1
51;9;21998;1
51;9;21999;1
51;9;22000;1
51;9;22001;1
51;9;22002;1
51;9;22003;1
51;9;22004;0
51;9;22005;1
51;9;22006;1
51;9;22007;1
51;9;22008;1
51;9;22009;1
51;9;22010;1
51;9;22011;1
51;9;22012;1
51;9;22013;1
51;9;22014;1
51;9;22015;1
51;9;22016;1
51;9;22017;1
51;9;22018;1
51;9;22019;1
51;9;22020;1
51;9;22021;1
51;9;22022;1
51;9;22023;1
51;9;22024;1
51;9;22025;1
51;9;22026;1
51;9;22027;1
51;9;22028;1
51;9;22029;1
51;9;22030;1
51;9;22031;1
51;9;22032;1
51;9;22033;1
51;9;22034;1
51;9;22035;1
51;9;22036;1
51;9;22037;1
51;9;22038;1
51;9;22039;1
51;9;22040;1
51;9;22041;1
51;9;22042;1
51;9;22043;1
51;9;22044;0
51;9;22045;0
51;9;22046;0
51;9;22047;0
51;9;22048;1
51;9;22049;1
51;9;22050;1
51;9;22051;1
51;9;22052;1
51;9;22053;1
51;9;22054;1
51;9;22055;1
51;9;22056;1
51;9;22057;1
51;9;22058;1
51;9;22059;1
51;9;22060;1
51;9;22061;1
51;9;22062;1
51;9;22063;1
51;9;22064;1
51;9;22065;1
51;9;22066;1
51;9;22067;1
51;9;22068;1
51;9;22069;1
51;9;22070;1
51;9;22071;1
51;9;22072;1
51;9;22073;1
51;9;22074;1
51;9;22075;1
51;9;22076;1
51;9;22077;1
51;9;22078;0
51;9;22079;1
51;9;22080;1
51;9;22081;1
51;9;22082;1
51;9;22083;1
51;9;22084;1
51;9;22085;1
51;9;22086;1
51;9;22087;1
51;9;22088;1
51;9;22089;1
51;9;22090;1
51;9;22091;1
51;9;22092;1
51;9;22093;1
51;9;22094;1
51;9;22095;1
51;9;22096;1
51;9;22097;1
51;9;22098;1
51;9;22099;1
51;9;22100;1
51;9;22101;1
51;9;22102;1
51;9;22103;1
51;9;22104;1
51;9;22105;1
51;9;22106;1
51;9;22107;1
51;9;22108;1
51;9;22109;1
51;9;22110;1
51;9;22111;1
51;9;22112;1
51;9;22113;1
51;9;22114;1
51;9;22115;1
51;9;22116;1
51;9;22117;1
51;9;22118;1
51;9;22119;1
51;9;22120;1
51;9;22121;1
51;9;22122;1
51;9;22123;1
51;9;22124;1
51;9;22125;1
51;9;22126;0
51;9;22127;0
51;9;22128;0
51;9;22129;0
51;9;22130;1
51;9;22131;1
51;9;22132;1
51;9;22133;1
51;9;22134;1
51;9;22135;1
51;9;22136;1
51;9;22137;1
51;9;22138;1
51;9;22139;1
51;9;22140;1
51;9;22141;1
51;9;22142;1
51;9;22143;1
51;9;22144;1
51;9;22145;1
51;9;22146;1
51;9;22147;1
51;9;22148;1
51;9;22149;1
51;9;22150;1
51;9;22151;1
51;9;22152;1
51;9;22153;1
51;9;22154;1
51;9;22155;1
51;9;22156;1
51;9;22157;1
51;9;22158;1
51;9;22159;1
51;9;22160;1
51;9;22161;1
51;9;22162;1
51;9;22163;1
51;9;22164;1
51;9;22165;1
51;9;22166;1
51;9;22167;1
51;9;22168;1
51;9;22169;1
51;9;22170;1
51;9;22171;1
51;9;22172;1
51;9;22173;1
51;9;22174;1
51;9;22175;1
51;9;22176;1
51;9;22177;1
51;9;22178;1
51;9;22179;1
51;9;22180;1
51;9;22181;1
51;9;22182;1
51;9;22183;1
51;9;22184;1
51;9;22185;1
51;9;22186;1
51;9;22187;1
51;9;22188;1
51;9;22189;1
51;9;22190;1
51;9;22191;1
51;9;22192;1
51;9;22193;1
51;9;22194;1
51;9;22195;1
51;9;22196;1
51;9;22197;1
51;9;22198;1
51;9;22199;1
51;9;22200;1
51;9;22201;1
51;9;22202;1
51;9;22203;1
51;9;22204;1
51;9;22205;1
51;9;22206;1
51;9;22207;1
51;9;22208;1
51;9;22209;1
51;9;22210;1
51;9;22211;1
51;9;22212;1
51;9;22213;1
51;9;22214;1
51;9;22215;1
51;9;22216;1
51;9;22217;1
51;9;22218;1
51;9;22219;1
51;9;22220;1
51;9;22221;1
51;9;22222;1
51;9;22223;1
51;9;22224;0
51;9;22225;1
51;9;22226;1
51;9;22227;1
51;9;22228;1
51;9;22229;1
51;9;22230;1
51;9;22231;1
51;9;22232;1
51;9;22233;1
51;9;22234;1
51;9;22235;1
51;9;22236;1
51;9;22237;1
51;9;22238;1
51;9;22239;1
51;9;22240;1
51;9;22241;1
51;9;22242;1
51;9;22243;1
51;9;22244;1
51;9;22245;1
51;9;22246;1
51;9;22247;1
51;9;22248;1
51;9;22249;1
51;9;22250;1
51;9;22251;1
51;9;22252;1
51;9;22253;1
51;9;22254;1
51;9;22255;1
51;9;22256;1
51;9;22257;1
51;9;22258;1
51;9;22259;1
51;9;22260;1
51;9;22261;1
51;9;22262;1
51;9;22263;1
51;9;22264;1
51;9;22265;1
51;9;22266;1
51;9;22267;1
51;9;22268;0
51;9;22269;0
51;9;22270;0
51;9;22271;1
51;9;22272;1
51;9;22273;0
51;9;22274;0
51;9;22275;1
51;9;22276;1
51;9;22277;1
51;9;22278;1
51;9;22279;1
51;9;22280;1
51;9;22281;1
51;9;22282;1
51;9;22283;1
51;9;22284;1
51;9;22285;1
51;9;22286;1
51;9;22287;0
51;9;22288;1
51;9;22289;1
51;9;22290;1
51;9;22291;1
51;9;22292;1
51;9;22293;1
51;9;22294;1
51;9;22295;1
51;9;22296;1
51;9;22297;1
51;9;22298;1
51;9;22299;1
51;9;22300;1
51;9;22301;1
51;9;22302;1
51;9;22303;1
51;9;22304;1
51;9;22305;0
51;9;22306;0
51;9;22307;0
51;9;22308;0
51;9;22309;1
51;9;22310;1
51;9;22311;1
51;9;22312;1
51;9;22313;1
51;9;22314;0
51;9;22315;1
51;9;22316;1
51;9;22317;1
51;9;22318;1
51;9;22319;0
51;9;22320;1
51;9;22321;1
51;9;22322;1
51;9;22323;1
51;9;22324;0
51;9;22325;1
51;9;22326;1
51;9;22327;1
51;9;22328;1
51;9;22329;1
51;9;22330;1
51;9;22331;1
51;9;22332;1
51;9;22333;1
51;9;22334;1
51;9;22335;1
51;9;22336;1
51;9;22337;1
51;9;22338;1
51;9;22339;0
51;9;22340;1
51;9;22341;1
51;9;22342;1
51;9;22343;1
51;9;22344;0
51;9;22345;0
51;9;22346;1
51;9;22347;1
51;9;22348;1
51;9;22349;1
51;9;22350;1
51;9;22351;1
51;9;22352;1
51;9;22353;1
51;9;22354;1
51;9;22355;1
51;9;22356;0
51;9;22357;0
51;9;22358;0
51;9;22359;1
51;9;22360;1
51;9;22361;1
51;9;22362;0
51;9;22363;1
51;9;22364;1
51;9;22365;1
51;9;22366;1
51;9;22367;1
51;9;22368;1
51;9;22369;1
51;9;22370;1
51;9;22371;1
51;9;22372;1
51;9;22373;1
51;9;22374;1
51;9;22375;1
51;9;22376;1
51;9;22377;1
51;9;22378;1
51;9;22379;1
51;9;22380;1
51;9;22381;1
51;9;22382;0
51;9;22383;1
51;9;22384;1
51;9;22385;1
51;9;22386;0
51;9;22387;1
51;9;22388;1
51;9;22389;1
51;9;22390;1
51;9;22391;1
51;9;22392;1
51;9;22393;1
51;9;22394;1
51;9;22395;1
51;9;22396;1
51;9;22397;1
51;9;22398;1
51;9;22399;1
51;9;22400;1
51;9;22401;0
51;9;22402;0
51;9;22403;1
51;9;22404;1
51;9;22405;1
51;9;22406;1
51;9;22407;1
51;9;22408;1
51;9;22409;1
51;9;22410;0
51;9;22411;1
51;9;22412;1
51;9;22413;1
51;9;22414;1
51;9;22415;1
51;9;22416;1
51;9;22417;1
51;9;22418;1
51;9;22419;1
51;9;22420;1
51;9;22421;1
51;9;22422;1
51;9;22423;1
51;9;22424;1
51;9;22425;1
51;9;22426;1
51;9;22427;1
51;9;22428;1
51;9;22429;1
51;9;22430;1
51;9;22431;1
51;9;22432;1
51;9;22433;1
51;9;22434;1
51;9;22435;1
51;9;22436;1
51;9;22437;1
51;9;22438;1
51;9;22439;1
51;9;22440;1
51;9;22441;1
51;9;22442;1
51;9;22443;1
51;9;22444;1
51;9;22445;1
51;9;22446;1
51;9;22447;1
51;9;22448;1
51;9;22449;1
51;9;22450;0
51;9;22451;1
51;9;22452;1
51;9;22453;0
51;9;22454;1
51;9;22455;1
51;9;22456;1
51;9;22457;1
51;9;22458;1
51;9;22459;1
51;9;22460;1
51;9;22461;1
51;9;22462;1
51;9;22463;1
51;9;22464;1
51;9;22465;1
51;9;22466;1
51;9;22467;1
51;9;22468;1
51;9;22469;1
51;9;22470;1
51;9;22471;1
51;9;22472;1
51;9;22473;1
51;9;22474;1
51;9;22475;1
51;9;22476;1
51;9;22477;1
51;9;22478;1
51;9;22479;1
51;9;22480;1
51;9;22481;1
51;9;22482;1
51;9;22483;1
51;9;22484;1
51;9;22485;1
51;9;22486;1
51;9;22487;1
51;9;22488;1
51;9;22489;1
51;9;22490;1
51;9;22491;1
51;9;22492;1
51;9;22493;1
51;9;22494;0
51;9;22495;0
51;9;22496;0
51;9;22497;0
51;9;22498;1
51;9;22499;1
51;9;22500;1
51;9;22501;1
51;9;22502;1
51;9;22503;0
51;9;22504;0
51;9;22505;1
51;9;22506;1
51;9;22507;1
51;9;22508;0
51;9;22509;1
51;9;22510;1
51;9;22511;1
51;9;22512;1
51;9;22513;1
51;9;22514;1
51;9;22515;1
51;9;22516;1
51;9;22517;1
51;9;22518;1
51;9;22519;1
51;9;22520;1
51;9;22521;0
51;9;22522;0
51;9;22523;0
51;9;22524;0
51;9;22525;0
51;9;22526;0
51;9;22527;1
51;9;22528;1
51;9;22529;1
51;9;22530;0
51;9;22531;1
51;9;22532;0
51;9;22533;0
51;9;22534;0
51;9;22535;1
51;9;22536;1
51;9;22537;1
51;9;22538;1
51;9;22539;1
51;9;22540;1
51;9;22541;1
51;9;22542;1
51;9;22543;1
51;9;22544;1
51;9;22545;1
51;9;22546;1
51;9;22547;1
51;9;22548;1
51;9;22549;1
51;9;22550;1
51;9;22551;1
51;9;22552;1
51;9;22553;0
51;9;22554;1
51;9;22555;1
51;9;22556;1
51;9;22557;1
51;9;22558;1
51;9;22559;1
51;9;22560;1
51;9;22561;1
51;9;22562;1
51;9;22563;1
51;9;22564;1
51;9;22565;1
51;9;22566;1
51;9;22567;1
51;9;22568;1
51;9;22569;1
51;9;22570;1
51;9;22571;1
51;9;22572;1
51;9;22573;1
51;9;22574;1
51;9;22575;0
51;9;22576;1
51;9;22577;1
51;9;22578;1
51;9;22579;1
51;9;22580;1
51;9;22581;1
51;9;22582;1
51;9;22583;1
51;9;22584;1
51;9;22585;1
51;9;22586;1
51;9;22587;1
51;9;22588;1
51;9;22589;0
51;9;22590;0
51;9;22591;1
51;9;22592;1
51;9;22593;0
51;9;22594;0
51;9;22595;0
51;9;22596;0
51;9;22597;0
51;9;22598;0
51;9;22599;0
51;9;22600;1
51;9;22601;1
51;9;22602;1
51;9;22603;1
51;9;22604;1
51;9;22605;1
51;9;22606;1
51;9;22607;1
51;9;22608;0
51;9;22609;1
51;9;22610;1
51;9;22611;1
51;9;22612;1
51;9;22613;1
51;9;22614;1
51;9;22615;1
51;9;22616;1
51;9;22617;1
51;9;22618;1
51;9;22619;1
51;9;22620;1
51;9;22621;1
51;9;22622;0
51;9;22623;1
51;9;22624;1
51;9;22625;1
51;9;22626;1
51;9;22627;1
51;9;22628;1
51;9;22629;1
51;9;22630;1
51;9;22631;1
51;9;22632;1
51;9;22633;0
51;9;22634;0
51;9;22635;1
51;9;22636;0
51;9;22637;1
51;9;22638;1
51;9;22639;1
51;9;22640;1
51;9;22641;1
51;9;22642;1
51;9;22643;1
51;9;22644;1
51;9;22645;1
51;9;22646;1
51;9;22647;1
51;9;22648;0
51;9;22649;0
51;9;22650;1
51;9;22651;1
51;9;22652;0
51;9;22653;0
51;9;22654;0
51;9;22655;0
51;9;22656;1
51;9;22657;1
51;9;22658;1
51;9;22659;1
51;9;22660;1
51;9;22661;1
51;9;22662;1
51;9;22663;1
51;9;22664;1
51;9;22665;1
51;9;22666;1
51;9;22667;1
51;9;22668;1
51;9;22669;1
51;9;22670;1
51;9;22671;1
51;9;22672;1
51;9;22673;1
51;9;22674;1
51;9;22675;1
51;9;22676;1
51;9;22677;1
51;9;22678;1
51;9;22679;1
51;9;22680;1
51;9;22681;1
51;9;22682;1
51;9;22683;1
51;9;22684;1
51;9;22685;1
51;9;22686;1
51;9;22687;1
51;9;22688;1
51;9;22689;1
51;9;22690;1
51;9;22691;1
51;9;22692;1
51;9;22693;1
51;9;22694;1
51;9;22695;1
51;9;22696;1
51;9;22697;1
51;9;22698;1
51;9;22699;1
51;9;22700;1
51;9;22701;1
51;9;22702;1
51;9;22703;1
51;9;22704;1
51;9;22705;1
51;9;22706;1
51;9;22707;1
51;9;22708;1
51;9;22709;1
51;9;22710;1
51;9;22711;1
51;9;22712;1
51;9;22713;1
51;9;22714;1
51;9;22715;1
51;9;22716;1
51;9;22717;1
51;9;22718;0
51;9;22719;1
51;9;22720;1
51;9;22721;1
51;9;22722;1
51;9;22723;1
51;9;22724;0
51;9;22725;0
51;9;22726;0
51;9;22727;0
51;9;22728;1
51;9;22729;1
51;9;22730;1
51;9;22731;1
51;9;22732;1
51;9;22733;1
51;9;22734;1
51;9;22735;1
51;9;22736;1
51;9;22737;0
51;9;22738;0
51;9;22739;1
51;9;22740;1
51;9;22741;0
51;9;22742;0
51;9;22743;0
51;9;22744;1
51;9;22745;1
51;9;22746;1
51;9;22747;1
51;9;22748;1
51;9;22749;1
51;9;22750;1
51;9;22751;1
51;9;22752;1
51;9;22753;1
51;9;22754;1
51;9;22755;1
51;9;22756;1
51;9;22757;1
51;9;22758;1
51;9;22759;1
51;9;22760;1
51;9;22761;1
51;9;22762;1
51;9;22763;1
51;9;22764;1
51;9;22765;1
51;9;22766;1
51;9;22767;1
51;9;22768;1
51;9;22769;1
51;9;22770;1
51;9;22771;1
51;9;22772;1
51;9;22773;1
51;9;22774;1
51;9;22775;1
51;9;22776;1
51;9;22777;1
51;9;22778;1
51;9;22779;1
51;9;22780;1
51;9;22781;1
51;9;22782;1
51;9;22783;1
51;9;22784;1
51;9;22785;1
51;9;22786;1
51;9;22787;1
51;9;22788;1
51;9;22789;1
51;9;22790;1
51;9;22791;1
51;9;22792;1
51;9;22793;1
51;9;22794;1
51;9;22795;1
51;9;22796;1
51;9;22797;1
51;9;22798;1
51;9;22799;1
51;9;22800;1
51;9;22801;1
51;9;22802;1
51;9;22803;1
51;9;22804;1
51;9;22805;1
51;9;22806;1
51;9;22807;1
51;9;22808;1
51;9;22809;1
51;9;22810;1
51;9;22811;1
51;9;22812;1
51;9;22813;1
51;9;22814;1
51;9;22815;1
51;9;22816;1
51;9;22817;1
51;9;22818;1
51;9;22819;1
51;9;22820;1
51;9;22821;1
51;9;22822;1
51;9;22823;1
51;9;22824;1
51;9;22825;1
51;9;22826;1
51;9;22827;1
51;9;22828;1
51;9;22829;1
51;9;22830;0
51;9;22831;0
51;9;22832;1
51;9;22833;1
51;9;22834;1
51;9;22835;1
51;9;22836;1
51;9;22837;1
51;9;22838;1
51;9;22839;1
51;9;22840;1
51;9;22841;1
51;9;22842;1
51;9;22843;1
51;9;22844;1
51;9;22845;1
51;9;22846;1
51;9;22847;1
51;9;22848;1
51;9;22849;1
51;9;22850;1
51;9;22851;1
51;9;22852;1
51;9;22853;1
51;9;22854;1
51;9;22855;1
51;9;22856;1
51;9;22857;1
51;9;22858;1
51;9;22859;1
51;9;22860;1
51;9;22861;1
51;9;22862;1
51;9;22863;1
51;9;22864;1
51;9;22865;1
51;9;22866;1
51;9;22867;1
51;9;22868;1
51;9;22869;1
51;9;22870;1
51;9;22871;1
51;9;22872;1
51;9;22873;1
51;9;22874;1
51;9;22875;1
51;9;22876;1
51;9;22877;1
51;9;22878;1
51;9;22879;1
51;9;22880;1
51;9;22881;1
51;9;22882;1
51;9;22883;0
51;9;22884;0
51;9;22885;0
51;9;22886;0
51;9;22887;1
51;9;22888;1
51;9;22889;1
51;9;22890;1
51;9;22891;1
51;9;22892;1
51;9;22893;1
51;9;22894;1
51;9;22895;1
51;9;22896;1
51;9;22897;1
51;9;22898;0
51;9;22899;1
51;9;22900;1
51;9;22901;1
51;9;22902;1
51;9;22903;1
51;9;22904;1
51;9;22905;1
51;9;22906;1
51;9;22907;1
51;9;22908;1
51;9;22909;1
51;9;22910;1
51;9;22911;1
51;9;22912;1
51;9;22913;1
51;9;22914;1
51;9;22915;1
51;9;22916;0
51;9;22917;1
51;9;22918;1
51;9;22919;0
51;9;22920;0
51;9;22921;0
51;9;22922;0
51;9;22923;1
51;9;22924;1
51;9;22925;1
51;9;22926;1
51;9;22927;1
51;9;22928;1
51;9;22929;1
51;9;22930;1
51;9;22931;1
51;9;22932;0
51;9;22933;0
51;9;22934;0
51;9;22935;1
51;9;22936;1
51;9;22937;1
51;9;22938;1
51;9;22939;1
51;9;22940;1
51;9;22941;1
51;9;22942;1
51;9;22943;1
51;9;22944;1
51;9;22945;1
51;9;22946;1
51;9;22947;1
51;9;22948;0
51;9;22949;0
51;9;22950;0
51;9;22951;1
51;9;22952;1
51;9;22953;1
51;9;22954;1
51;9;22955;1
51;9;22956;1
51;9;22957;1
51;9;22958;1
51;9;22959;1
51;9;22960;1
51;9;22961;1
51;9;22962;1
51;9;22963;1
51;9;22964;1
51;9;22965;1
51;9;22966;1
51;9;22967;1
51;9;22968;1
51;9;22969;1
51;9;22970;1
51;9;22971;1
51;9;22972;1
51;9;22973;1
51;9;22974;1
51;9;22975;1
51;9;22976;1
51;9;22977;1
51;9;22978;1
51;9;22979;1
51;9;22980;1
51;9;22981;1
51;9;22982;1
51;9;22983;1
51;9;22984;1
51;9;22985;1
51;9;22986;1
51;9;22987;1
51;9;22988;1
51;9;22989;1
51;9;22990;1
51;9;22991;1
51;9;22992;1
51;9;22993;1
51;9;22994;1
51;9;22995;1
51;9;22996;1
51;9;22997;1
51;9;22998;0
51;9;22999;1
51;9;23000;1
51;9;23001;1
51;9;23002;0
51;9;23003;0
51;9;23004;1
51;9;23005;1
51;9;23006;1
51;9;23007;0
51;9;23008;1
51;9;23009;1
51;9;23010;1
51;9;23011;1
51;9;23012;1
51;9;23013;1
51;9;23014;1
51;9;23015;1
51;9;23016;1
51;9;23017;1
51;9;23018;1
51;9;23019;0
51;9;23020;0
51;9;23021;0
51;9;23022;1
51;9;23023;1
51;9;23024;1
51;9;23025;1
51;9;23026;0
51;9;23027;0
51;9;23028;1
51;9;23029;1
51;9;23030;1
51;9;23031;1
51;9;23032;1
51;9;23033;1
51;9;23034;1
51;9;23035;1
51;9;23036;1
51;9;23037;1
51;9;23038;1
51;9;23039;1
51;9;23040;1
51;9;23041;1
51;9;23042;1
51;9;23043;0
51;9;23044;0
51;9;23045;0
51;9;23046;0
51;9;23047;1
51;9;23048;1
51;9;23049;1
51;9;23050;1
51;9;23051;1
51;9;23052;1
51;9;23053;1
51;9;23054;1
51;9;23055;1
51;9;23056;1
51;9;23057;1
51;9;23058;1
51;9;23059;1
51;9;23060;1
51;9;23061;1
51;9;23062;1
51;9;23063;1
51;9;23064;0
51;9;23065;0
51;9;23066;0
51;9;23067;0
51;9;23068;0
51;9;23069;0
51;9;23070;1
51;9;23071;1
51;9;23072;0
51;9;23073;1
51;9;23074;1
51;9;23075;1
51;9;23076;1
51;9;23077;1
51;9;23078;1
51;9;23079;1
51;9;23080;1
51;9;23081;0
51;9;23082;1
51;9;23083;1
51;9;23084;1
51;9;23085;1
51;9;23086;1
51;9;23087;1
51;9;23088;1
51;9;23089;1
51;9;23090;1
51;9;23091;1
51;9;23092;1
51;9;23093;1
51;9;23094;1
51;9;23095;1
51;9;23096;0
51;9;23097;1
51;9;23098;0
51;9;23099;0
51;9;23100;0
51;9;23101;0
51;9;23102;1
51;9;23103;1
51;9;23104;1
51;9;23105;0
51;9;23106;1
51;9;23107;1
51;9;23108;1
51;9;23109;1
51;9;23110;1
51;9;23111;1
51;9;23112;1
51;9;23113;0
51;9;23114;1
51;9;23115;1
51;9;23116;0
51;9;23117;0
51;9;23118;0
51;9;23119;0
51;9;23120;1
51;9;23121;1
51;9;23122;1
51;9;23123;1
51;9;23124;1
51;9;23125;1
51;9;23126;1
51;9;23127;1
51;9;23128;1
51;9;23129;1
51;9;23130;1
51;9;23131;1
51;9;23132;1
51;9;23133;1
51;9;23134;1
51;9;23135;1
51;9;23136;1
51;9;23137;1
51;9;23138;1
51;9;23139;1
51;9;23140;1
51;9;23141;1
51;9;23142;1
51;9;23143;1
51;9;23144;1
51;9;23145;1
51;9;23146;1
51;9;23147;0
51;9;23148;1
51;9;23149;1
51;9;23150;1
51;9;23151;1
51;9;23152;1
51;9;23153;1
51;9;23154;1
51;9;23155;1
51;9;23156;1
51;9;23157;1
51;9;23158;1
51;9;23159;1
51;9;23160;1
51;9;23161;1
51;9;23162;1
51;9;23163;1
51;9;23164;1
51;9;23165;1
51;9;23166;1
51;9;23167;1
51;9;23168;1
51;9;23169;1
51;9;23170;1
51;9;23171;1
51;9;23172;1
51;9;23173;1
51;9;23174;0
51;9;23175;1
51;9;23176;1
51;9;23177;1
51;9;23178;1
51;9;23179;1
51;9;23180;1
51;9;23181;1
51;9;23182;1
51;9;23183;0
51;9;23184;0
51;9;23185;1
51;9;23186;1
51;9;23187;1
51;9;23188;1
51;9;23189;1
51;9;23190;1
51;9;23191;1
51;9;23192;1
51;9;23193;1
51;9;23194;1
51;9;23195;1
51;9;23196;0
51;9;23197;0
51;9;23198;1
51;9;23199;1
51;9;23200;1
51;9;23201;1
51;9;23202;1
51;9;23203;1
51;9;23204;0
51;9;23205;1
51;9;23206;1
51;9;23207;1
51;9;23208;1
51;9;23209;1
51;9;23210;1
51;9;23211;1
51;9;23212;0
51;9;23213;1
51;9;23214;1
51;9;23215;1
51;9;23216;1
51;9;23217;1
51;9;23218;1
51;9;23219;1
51;9;23220;1
51;9;23221;1
51;9;23222;1
51;9;23223;1
51;9;23224;1
51;9;23225;1
51;9;23226;1
51;9;23227;1
51;9;23228;1
51;9;23229;1
51;9;23230;1
51;9;23231;1
51;9;23232;1
51;9;23233;1
51;9;23234;1
51;9;23235;1
51;9;23236;1
51;9;23237;1
51;9;23238;1
51;9;23239;1
51;9;23240;1
51;9;23241;1
51;9;23242;1
51;9;23243;1
51;9;23244;1
51;9;23245;1
51;9;23246;1
51;9;23247;1
51;9;23248;1
51;9;23249;1
51;9;23250;1
51;9;23251;1
51;9;23252;1
51;9;23253;1
51;9;23254;1
51;9;23255;1
51;9;23256;1
51;9;23257;1
51;9;23258;1
51;9;23259;1
51;9;23260;1
51;9;23261;1
51;9;23262;0
51;9;23263;0
51;9;23264;1
51;9;23265;1
51;9;23266;1
51;9;23267;1
51;9;23268;1
51;9;23269;1
51;9;23270;1
51;9;23271;1
51;9;23272;1
51;9;23273;1
51;9;23274;1
51;9;23275;1
51;9;23276;1
51;9;23277;1
51;9;23278;1
51;9;23279;1
51;9;23280;0
51;9;23281;1
51;9;23282;1
51;9;23283;1
51;9;23284;1
51;9;23285;1
51;9;23286;1
51;9;23287;1
51;9;23288;1
51;9;23289;1
51;9;23290;1
51;9;23291;1
51;9;23292;1
51;9;23293;1
51;9;23294;1
51;9;23295;1
51;9;23296;1
51;9;23297;1
51;9;23298;1
51;9;23299;1
51;9;23300;1
51;9;23301;1
51;9;23302;1
51;9;23303;1
51;9;23304;1
51;9;23305;0
51;9;23306;1
51;9;23307;1
51;9;23308;1
51;9;23309;1
51;9;23310;1
51;9;23311;1
51;9;23312;0
51;9;23313;1
51;9;23314;1
51;9;23315;1
51;9;23316;1
51;9;23317;1
51;9;23318;0
51;9;23319;0
51;9;23320;0
51;9;23321;0
51;9;23322;0
51;9;23323;1
51;9;23324;1
51;9;23325;0
51;9;23326;1
51;9;23327;1
51;9;23328;1
51;9;23329;1
51;9;23330;1
51;9;23331;0
51;9;23332;1
51;9;23333;1
51;9;23334;1
51;9;23335;0
51;9;23336;0
51;9;23337;1
51;9;23338;1
51;9;23339;1
51;9;23340;0
51;9;23341;1
51;9;23342;1
51;9;23343;1
51;9;23344;1
51;9;23345;1
51;9;23346;1
51;9;23347;1
51;9;23348;1
51;9;23349;1
51;9;23350;1
51;9;23351;1
51;9;23352;1
51;9;23353;0
51;9;23354;1
51;9;23355;1
51;9;23356;1
51;9;23357;1
51;9;23358;1
51;9;23359;1
51;9;23360;1
51;9;23361;1
51;9;23362;1
51;9;23363;1
51;9;23364;1
51;9;23365;1
51;9;23366;1
51;9;23367;1
51;9;23368;1
51;9;23369;1
51;9;23370;1
51;9;23371;0
51;9;23372;1
51;9;23373;1
51;9;23374;1
51;9;23375;1
51;9;23376;1
51;9;23377;1
51;9;23378;1
51;9;23379;1
51;9;23380;1
51;9;23381;1
51;9;23382;1
51;9;23383;1
51;9;23384;1
51;9;23385;1
51;9;23386;1
51;9;23387;1
51;9;23388;1
51;9;23389;1
51;9;23390;1
51;9;23391;1
51;9;23392;1
51;9;23393;1
51;9;23394;1
51;9;23395;1
51;9;23396;1
51;9;23397;1
51;9;23398;1
51;9;23399;1
51;9;23400;1
51;9;23401;1
51;9;23402;1
51;9;23403;1
51;9;23404;1
51;9;23405;1
51;9;23406;1
51;9;23407;1
51;9;23408;1
51;9;23409;0
51;9;23410;1
51;9;23411;1
51;9;23412;1
51;9;23413;1
51;9;23414;1
51;9;23415;1
51;9;23416;1
51;9;23417;1
51;9;23418;1
51;9;23419;0
51;9;23420;0
51;9;23421;1
51;9;23422;1
51;9;23423;1
51;9;23424;1
51;9;23425;1
51;9;23426;1
51;9;23427;1
51;9;23428;1
51;9;23429;1
51;9;23430;1
51;9;23431;1
51;9;23432;1
51;9;23433;1
51;9;23434;0
51;9;23435;0
51;9;23436;1
51;9;23437;1
51;9;23438;1
51;9;23439;1
51;9;23440;1
51;9;23441;1
51;9;23442;1
51;9;23443;1
51;9;23444;1
51;9;23445;1
51;9;23446;1
51;9;23447;1
51;9;23448;1
51;9;23449;1
51;9;23450;1
51;9;23451;1
51;9;23452;1
51;9;23453;1
51;9;23454;1
51;9;23455;1
51;9;23456;1
51;9;23457;1
51;9;23458;1
51;9;23459;1
51;9;23460;1
51;9;23461;1
51;9;23462;1
51;9;23463;1
51;9;23464;1
51;9;23465;1
51;9;23466;1
51;9;23467;1
51;9;23468;1
51;9;23469;0
51;9;23470;1
51;9;23471;0
51;9;23472;0
51;9;23473;0
51;9;23474;0
51;9;23475;1
51;9;23476;1
51;9;23477;1
51;9;23478;1
51;9;23479;1
51;9;23480;1
51;9;23481;1
51;9;23482;1
51;9;23483;1
51;9;23484;1
51;9;23485;0
51;9;23486;1
51;9;23487;1
51;9;23488;0
51;9;23489;0
51;9;23490;0
51;9;23491;1
51;9;23492;0
51;9;23493;0
51;9;23494;0
51;9;23495;0
51;9;23496;0
51;9;23497;0
51;9;23498;0
51;9;23499;1
51;9;23500;1
51;9;23501;1
51;9;23502;0
51;9;23503;0
51;9;23504;1
51;9;23505;1
51;9;23506;1
51;9;23507;1
51;9;23508;1
51;9;23509;1
51;9;23510;1
51;9;23511;1
51;9;23512;0
51;9;23513;0
51;9;23514;1
51;9;23515;1
51;9;23516;1
51;9;23517;0
51;9;23518;1
51;9;23519;0
51;9;23520;0
51;9;23521;0
51;9;23522;1
51;9;23523;1
51;9;23524;1
51;9;23525;1
51;9;23526;1
51;9;23527;1
51;9;23528;1
51;9;23529;0
51;9;23530;0
51;9;23531;1
51;9;23532;1
51;9;23533;1
51;9;23534;1
51;9;23535;1
51;9;23536;1
51;9;23537;1
51;9;23538;1
51;9;23539;1
51;9;23540;0
51;9;23541;1
51;9;23542;1
51;9;23543;1
51;9;23544;1
51;9;23545;1
51;9;23546;1
51;9;23547;1
51;9;23548;1
51;9;23549;1
51;9;23550;1
51;9;23551;1
51;9;23552;1
51;9;23553;1
51;9;23554;1
51;9;23555;1
51;9;23556;1
51;9;23557;1
51;9;23558;1
51;9;23559;1
51;9;23560;1
51;9;23561;1
51;9;23562;1
51;9;23563;1
51;9;23564;1
51;9;23565;1
51;9;23566;1
51;9;23567;1
51;9;23568;1
51;9;23569;1
51;9;23570;1
51;9;23571;1
51;9;23572;1
51;9;23573;1
51;9;23574;1
51;9;23575;1
51;9;23576;1
51;9;23577;1
51;9;23578;1
51;9;23579;1
51;9;23580;1
51;9;23581;0
51;9;23582;0
51;9;23583;0
51;9;23584;0
51;9;23585;1
51;9;23586;1
51;9;23587;1
51;9;23588;1
51;9;23589;1
51;9;23590;0
51;9;23591;1
51;9;23592;1
51;9;23593;0
51;9;23594;1
51;9;23595;0
51;9;23596;1
51;9;23597;1
51;9;23598;1
51;9;23599;1
51;9;23600;1
51;9;23601;1
51;9;23602;0
51;9;23603;0
51;9;23604;1
51;9;23605;1
51;9;23606;0
51;9;23607;1
51;9;23608;1
51;9;23609;1
51;9;23610;1
51;9;23611;0
51;9;23612;1
51;9;23613;1
51;9;23614;1
51;9;23615;1
51;9;23616;1
51;9;23617;1
51;9;23618;1
51;9;23619;1
51;9;23620;1
51;9;23621;1
51;9;23622;1
51;9;23623;1
51;9;23624;1
51;9;23625;1
51;9;23626;1
51;9;23627;1
51;9;23628;1
51;9;23629;1
51;9;23630;1
51;9;23631;1
51;9;23632;1
51;9;23633;1
51;9;23634;1
51;9;23635;1
51;9;23636;1
51;9;23637;0
51;9;23638;1
51;9;23639;1
51;9;23640;1
51;9;23641;1
51;9;23642;1
51;9;23643;1
51;9;23644;1
51;9;23645;1
51;9;23646;1
51;9;23647;1
51;9;23648;1
51;9;23649;1
51;9;23650;1
51;9;23651;1
51;9;23652;1
51;9;23653;0
51;9;23654;0
51;9;23655;1
51;9;23656;1
51;9;23657;1
51;9;23658;1
51;9;23659;1
51;9;23660;1
51;9;23661;1
51;9;23662;1
51;9;23663;1
51;9;23664;1
51;9;23665;1
51;9;23666;1
51;9;23667;1
51;9;23668;1
51;9;23669;1
51;9;23670;1
51;9;23671;1
51;9;23672;1
51;9;23673;1
51;9;23674;1
51;9;23675;1
51;9;23676;1
51;9;23677;1
51;9;23678;1
51;9;23679;1
51;9;23680;1
51;9;23681;1
51;9;23682;1
51;9;23683;1
51;9;23684;1
51;9;23685;1
51;9;23686;1
51;9;23687;1
51;9;23688;1
51;9;23689;1
51;9;23690;1
51;9;23691;1
51;9;23692;1
51;9;23693;1
51;9;23694;1
51;9;23695;1
51;9;23696;1
51;9;23697;1
51;9;23698;1
51;9;23699;1
51;9;23700;1
51;9;23701;1
51;9;23702;1
51;9;23703;1
51;9;23704;1
51;9;23705;0
51;9;23706;0
51;9;23707;1
51;9;23708;1
51;9;23709;1
51;9;23710;1
51;9;23711;1
51;9;23712;1
51;9;23713;1
51;9;23714;1
51;9;23715;1
51;9;23716;1
51;9;23717;1
51;9;23718;1
51;9;23719;1
51;9;23720;1
51;9;23721;1
51;9;23722;1
51;9;23723;1
51;9;23724;1
51;9;23725;1
51;9;23726;1
51;9;23727;1
51;9;23728;1
51;9;23729;1
51;9;23730;1
51;9;23731;1
51;9;23732;1
51;9;23733;1
51;9;23734;1
51;9;23735;1
51;9;23736;1
51;9;23737;1
51;9;23738;1
51;9;23739;1
51;9;23740;1
51;9;23741;1
51;9;23742;1
51;9;23743;1
51;9;23744;1
51;9;23745;1
51;9;23746;1
51;9;23747;1
51;9;23748;1
51;9;23749;1
51;9;23750;1
51;9;23751;1
51;9;23752;1
51;9;23753;1
51;9;23754;1
51;9;23755;1
51;9;23756;1
51;9;23757;1
51;9;23758;1
51;9;23759;1
51;9;23760;1
51;9;23761;1
51;9;23762;1
51;9;23763;1
51;9;23764;1
51;9;23765;1
51;9;23766;1
51;9;23767;1
51;9;23768;1
51;9;23769;1
51;9;23770;1
51;9;23771;1
51;9;23772;0
51;9;23773;0
51;9;23774;1
51;9;23775;1
51;9;23776;1
51;9;23777;1
51;9;23778;1
51;9;23779;1
51;9;23780;0
51;9;23781;1
51;9;23782;1
51;9;23783;1
51;9;23784;1
51;9;23785;1
51;9;23786;1
51;9;23787;1
51;9;23788;1
51;9;23789;1
51;9;23790;1
51;9;23791;1
51;9;23792;1
51;9;23793;1
51;9;23794;1
51;9;23795;1
51;9;23796;1
51;9;23797;1
51;9;23798;1
51;9;23799;1
51;9;23800;1
51;9;23801;1
51;9;23802;1
51;9;23803;1
51;9;23804;1
51;9;23805;1
51;9;23806;1
51;9;23807;1
51;9;23808;1
51;9;23809;1
51;9;23810;1
51;9;23811;1
51;9;23812;1
51;9;23813;1
51;9;23814;1
51;9;23815;1
51;9;23816;1
51;9;23817;1
51;9;23818;1
51;9;23819;1
51;9;23820;1
51;9;23821;1
51;9;23822;1
51;9;23823;1
51;9;23824;1
51;9;23825;1
51;9;23826;1
51;9;23827;1
51;9;23828;1
51;9;23829;1
51;9;23830;1
51;9;23831;1
51;9;23832;1
51;9;23833;1
51;9;23834;0
51;9;23835;0
51;9;23836;1
51;9;23837;1
51;9;23838;1
51;9;23839;1
51;9;23840;1
51;9;23841;1
51;9;23842;1
51;9;23843;1
51;9;23844;1
51;9;23845;1
51;9;23846;1
51;9;23847;1
51;9;23848;1
51;9;23849;1
51;9;23850;1
51;9;23851;1
51;9;23852;1
51;9;23853;1
51;9;23854;1
51;9;23855;1
51;9;23856;1
51;9;23857;1
51;9;23858;1
51;9;23859;1
51;9;23860;1
51;9;23861;1
51;9;23862;1
51;9;23863;1
51;9;23864;1
51;9;23865;1
51;9;23866;1
51;9;23867;1
51;9;23868;1
51;9;23869;1
51;9;23870;1
51;9;23871;1
51;9;23872;1
51;9;23873;1
51;9;23874;1
51;9;23875;1
51;9;23876;1
51;9;23877;1
51;9;23878;1
51;9;23879;1
51;9;23880;1
51;9;23881;1
51;9;23882;0
51;9;23883;0
51;9;23884;0
51;9;23885;0
51;9;23886;0
51;9;23887;0
51;9;23888;0
51;9;23889;0
51;9;23890;0
51;9;23891;1
51;9;23892;1
51;9;23893;0
51;9;23894;1
51;9;23895;0
51;9;23896;1
51;9;23897;1
51;9;23898;1
51;9;23899;1
51;9;23900;1
51;9;23901;1
51;9;23902;1
51;9;23903;1
51;9;23904;1
51;9;23905;1
51;9;23906;1
51;9;23907;1
51;9;23908;1
51;9;23909;1
51;9;23910;1
51;9;23911;0
51;9;23912;0
51;9;23913;1
51;9;23914;1
51;9;23915;0
51;9;23916;1
51;9;23917;1
51;9;23918;1
51;9;23919;1
51;9;23920;1
51;9;23921;1
51;9;23922;1
51;9;23923;1
51;9;23924;1
51;9;23925;1
51;9;23926;1
51;9;23927;1
51;9;23928;1
51;9;23929;1
51;9;23930;1
51;9;23931;1
51;9;23932;1
51;9;23933;1
51;9;23934;1
51;9;23935;1
51;9;23936;1
51;9;23937;1
51;9;23938;1
51;9;23939;1
51;9;23940;1
51;9;23941;1
51;9;23942;1
51;9;23943;1
51;9;23944;1
51;9;23945;1
51;9;23946;1
51;9;23947;1
51;9;23948;1
51;9;23949;1
51;9;23950;1
51;9;23951;1
51;9;23952;1
51;9;23953;1
51;9;23954;1
51;9;23955;1
51;9;23956;1
51;9;23957;1
51;9;23958;1
51;9;23959;1
51;9;23960;1
51;9;23961;1
51;9;23962;1
51;9;23963;1
51;9;23964;1
51;9;23965;1
51;9;23966;1
51;9;23967;1
51;9;23968;1
51;9;23969;1
51;9;23970;1
51;9;23971;1
51;9;23972;1
51;9;23973;1
51;9;23974;1
51;9;23975;1
51;9;23976;1
51;9;23977;1
51;9;23978;1
51;9;23979;1
51;9;23980;1
51;9;23981;1
51;9;23982;1
51;9;23983;1
51;9;23984;1
51;9;23985;0
51;9;23986;1
51;9;23987;1
51;9;23988;1
51;9;23989;1
51;9;23990;1
51;9;23991;1
51;9;23992;1
51;9;23993;1
51;9;23994;1
51;9;23995;1
51;9;23996;1
51;9;23997;1
51;9;23998;1
51;9;23999;0
51;9;24000;1
51;9;24001;1
51;9;24002;1
51;9;24003;1
51;9;24004;1
51;9;24005;1
51;9;24006;1
51;9;24007;0
51;9;24008;1
51;9;24009;1
51;9;24010;1
51;9;24011;1
51;9;24012;1
51;9;24013;1
51;9;24014;1
51;9;24015;1
51;9;24016;1
51;9;24017;1
51;9;24018;1
51;9;24019;1
51;9;24020;1
51;9;24021;1
51;9;24022;1
51;9;24023;1
51;9;24024;0
51;9;24025;1
51;9;24026;1
51;9;24027;1
51;9;24028;1
51;9;24029;1
51;9;24030;1
51;9;24031;0
51;9;24032;1
51;9;24033;1
51;9;24034;1
51;9;24035;1
51;9;24036;1
51;9;24037;1
51;9;24038;1
51;9;24039;1
51;9;24040;1
51;9;24041;1
51;9;24042;1
51;9;24043;1
51;9;24044;1
51;9;24045;1
51;9;24046;1
51;9;24047;1
51;9;24048;1
51;9;24049;1
51;9;24050;1
51;9;24051;1
51;9;24052;1
51;9;24053;1
51;9;24054;1
51;9;24055;1
51;9;24056;1
51;9;24057;1
51;9;24058;1
51;9;24059;1
51;9;24060;1
51;9;24061;1
51;9;24062;1
51;9;24063;1
51;9;24064;1
51;9;24065;1
51;9;24066;1
51;9;24067;1
51;9;24068;1
51;9;24069;1
51;9;24070;1
51;9;24071;1
51;9;24072;1
51;9;24073;1
51;9;24074;1
51;9;24075;1
51;9;24076;1
51;9;24077;1
51;9;24078;1
51;9;24079;1
51;9;24080;1
51;9;24081;1
51;9;24082;1
51;9;24083;1
51;9;24084;1
51;9;24085;1
51;9;24086;1
51;9;24087;1
51;9;24088;1
51;9;24089;1
51;9;24090;1
51;9;24091;1
51;9;24092;1
51;9;24093;1
51;9;24094;1
51;9;24095;1
51;9;24096;1
51;9;24097;1
51;9;24098;1
51;9;24099;1
51;9;24100;1
51;9;24101;1
51;9;24102;1
51;9;24103;1
51;9;24104;1
51;9;24105;1
51;9;24106;1
51;9;24107;1
51;9;24108;1
51;9;24109;1
51;9;24110;1
51;9;24111;1
51;9;24112;1
51;9;24113;1
51;9;24114;1
51;9;24115;1
51;9;24116;1
51;9;24117;1
51;9;24118;1
51;9;24119;1
51;9;24120;0
51;9;24121;1
51;9;24122;1
51;9;24123;1
51;9;24124;1
51;9;24125;1
51;9;24126;1
51;9;24127;1
51;9;24128;1
51;9;24129;1
51;9;24130;1
51;9;24131;1
51;9;24132;1
51;9;24133;1
51;9;24134;1
51;9;24135;1
51;9;24136;1
51;9;24137;1
51;9;24138;1
51;9;24139;1
51;9;24140;1
51;9;24141;1
51;9;24142;1
51;9;24143;1
51;9;24144;0
51;9;24145;1
51;9;24146;1
51;9;24147;1
51;9;24148;1
51;9;24149;1
51;9;24150;1
51;9;24151;1
51;9;24152;1
51;9;24153;1
51;9;24154;1
51;9;24155;1
51;9;24156;1
51;9;24157;1
51;9;24158;1
51;9;24159;1
51;9;24160;1
51;9;24161;1
51;9;24162;1
51;9;24163;1
51;9;24164;1
51;9;24165;1
51;9;24166;1
51;9;24167;1
51;9;24168;1
51;9;24169;1
51;9;24170;1
51;9;24171;1
51;9;24172;1
51;9;24173;1
51;9;24174;1
51;9;24175;1
51;9;24176;1
51;9;24177;1
51;9;24178;1
51;9;24179;1
51;9;24180;1
51;9;24181;1
51;9;24182;1
51;9;24183;1
51;9;24184;1
51;9;24185;1
51;9;24186;1
51;9;24187;1
51;9;24188;1
51;9;24189;1
51;9;24190;1
51;9;24191;1
51;9;24192;1
51;9;24193;1
51;9;24194;1
51;9;24195;1
51;9;24196;1
51;9;24197;1
51;9;24198;1
51;9;24199;1
51;9;24200;1
51;9;24201;1
51;9;24202;0
51;9;24203;1
51;9;24204;1
51;9;24205;1
51;9;24206;0
51;9;24207;1
51;9;24208;1
51;9;24209;1
51;9;24210;0
51;9;24211;0
51;9;24212;1
51;9;24213;1
51;9;24214;1
51;9;24215;1
51;9;24216;1
51;9;24217;1
51;9;24218;0
51;9;24219;0
51;9;24220;1
51;9;24221;1
51;9;24222;1
51;9;24223;1
51;9;24224;1
51;9;24225;1
51;9;24226;1
51;9;24227;1
51;9;24228;1
51;9;24229;1
51;9;24230;1
51;9;24231;1
51;9;24232;1
51;9;24233;1
51;9;24234;1
51;9;24235;1
51;9;24236;1
51;9;24237;1
51;9;24238;1
51;9;24239;1
51;9;24240;1
51;9;24241;1
51;9;24242;1
51;9;24243;1
51;9;24244;1
51;9;24245;0
51;9;24246;0
51;9;24247;0
51;9;24248;1
51;9;24249;1
51;9;24250;1
51;9;24251;1
51;9;24252;1
51;9;24253;1
51;9;24254;1
51;9;24255;1
51;9;24256;1
51;9;24257;1
51;9;24258;1
51;9;24259;1
51;9;24260;1
51;9;24261;1
51;9;24262;1
51;9;24263;1
51;9;24264;1
51;9;24265;1
51;9;24266;1
51;9;24267;1
51;9;24268;1
51;9;24269;1
51;9;24270;1
51;9;24271;1
51;9;24272;1
51;9;24273;1
51;9;24274;1
51;9;24275;1
51;9;24276;1
51;9;24277;1
51;9;24278;1
51;9;24279;1
51;9;24280;1
51;9;24281;1
51;9;24282;1
51;9;24283;1
51;9;24284;1
51;9;24285;1
51;9;24286;1
51;9;24287;1
51;9;24288;1
51;9;24289;1
51;9;24290;1
51;9;24291;1
51;9;24292;1
51;9;24293;1
51;9;24294;1
51;9;24295;1
51;9;24296;1
51;9;24297;1
51;9;24298;1
51;9;24299;1
51;9;24300;1
51;9;24301;1
51;9;24302;1
51;9;24303;1
51;9;24304;1
51;9;24305;1
51;9;24306;1
51;9;24307;1
51;9;24308;1
51;9;24309;1
51;9;24310;1
51;9;24311;0
51;9;24312;0
51;9;24313;1
51;9;24314;1
51;9;24315;0
51;9;24316;1
51;9;24317;0
51;9;24318;1
51;9;24319;1
51;9;24320;1
51;9;24321;1
51;9;24322;0
51;9;24323;1
51;9;24324;1
51;9;24325;1
51;9;24326;1
51;9;24327;1
51;9;24328;1
51;9;24329;1
51;9;24330;1
51;9;24331;1
51;9;24332;1
51;9;24333;1
51;9;24334;1
51;9;24335;1
51;9;24336;1
51;9;24337;1
51;9;24338;1
51;9;24339;0
51;9;24340;1
51;9;24341;1
51;9;24342;1
51;9;24343;1
51;9;24344;1
51;9;24345;1
51;9;24346;1
51;9;24347;1
51;9;24348;1
51;9;24349;1
51;9;24350;1
51;9;24351;1
51;9;24352;1
51;9;24353;1
51;9;24354;1
51;9;24355;0
51;9;24356;0
51;9;24357;0
51;9;24358;1
51;9;24359;1
51;9;24360;1
51;9;24361;1
51;9;24362;1
51;9;24363;1
51;9;24364;1
51;9;24365;1
51;9;24366;1
51;9;24367;1
51;9;24368;1
51;9;24369;1
51;9;24370;1
51;9;24371;1
51;9;24372;1
51;9;24373;1
51;9;24374;1
51;9;24375;1
51;9;24376;1
51;9;24377;1
51;9;24378;1
51;9;24379;1
51;9;24380;1
51;9;24381;1
51;9;24382;1
51;9;24383;1
51;9;24384;1
51;9;24385;1
51;9;24386;1
51;9;24387;1
51;9;24388;1
51;9;24389;1
51;9;24390;1
51;9;24391;1
51;9;24392;1
51;9;24393;1
51;9;24394;1
51;9;24395;1
51;9;24396;1
51;9;24397;0
51;9;24398;1
51;9;24399;0
51;9;24400;1
51;9;24401;1
51;9;24402;1
51;9;24403;1
51;9;24404;1
51;9;24405;1
51;9;24406;1
51;9;24407;1
51;9;24408;1
51;9;24409;1
51;9;24410;1
51;9;24411;0
51;9;24412;1
51;9;24413;1
51;9;24414;1
51;9;24415;1
51;9;24416;1
51;9;24417;1
51;9;24418;1
51;9;24419;1
51;9;24420;1
51;9;24421;1
51;9;24422;1
51;9;24423;1
51;9;24424;1
51;9;24425;1
51;9;24426;1
51;9;24427;1
51;9;24428;1
51;9;24429;1
51;9;24430;1
51;9;24431;1
51;9;24432;1
51;9;24433;0
51;9;24434;0
51;9;24435;1
51;9;24436;1
51;9;24437;1
51;9;24438;1
51;9;24439;1
51;9;24440;1
51;9;24441;1
51;9;24442;1
51;9;24443;1
51;9;24444;1
51;9;24445;1
51;9;24446;1
51;9;24447;1
51;9;24448;1
51;9;24449;1
51;9;24450;1
51;9;24451;1
51;9;24452;1
51;9;24453;1
51;9;24454;1
51;9;24455;1
51;9;24456;1
51;9;24457;1
51;9;24458;1
51;9;24459;1
51;9;24460;1
51;9;24461;1
51;9;24462;1
51;9;24463;1
51;9;24464;1
51;9;24465;1
51;9;24466;1
51;9;24467;1
51;9;24468;1
51;9;24469;1
51;9;24470;1
51;9;24471;1
51;9;24472;1
51;9;24473;1
51;9;24474;1
51;9;24475;1
51;9;24476;1
51;9;24477;1
51;9;24478;1
51;9;24479;1
51;9;24480;1
51;9;24481;1
51;9;24482;1
51;9;24483;1
51;9;24484;1
51;9;24485;1
51;9;24486;1
51;9;24487;1
51;9;24488;1
51;9;24489;1
51;9;24490;1
51;9;24491;1
51;9;24492;1
51;9;24493;1
51;9;24494;1
51;9;24495;1
51;9;24496;1
51;9;24497;1
51;9;24498;1
51;9;24499;1
51;9;24500;1
51;9;24501;1
51;9;24502;1
51;9;24503;1
51;9;24504;1
51;9;24505;1
51;9;24506;1
51;9;24507;1
51;9;24508;1
51;9;24509;1
51;9;24510;1
51;9;24511;1
51;9;24512;1
51;9;24513;1
51;9;24514;0
51;9;24515;1
51;9;24516;1
51;9;24517;1
51;9;24518;1
51;9;24519;1
51;9;24520;1
51;9;24521;1
51;9;24522;1
51;9;24523;1
51;9;24524;1
51;9;24525;1
51;9;24526;1
51;9;24527;1
51;9;24528;1
51;9;24529;1
51;9;24530;1
51;9;24531;1
51;9;24532;1
51;9;24533;1
51;9;24534;1
51;9;24535;1
51;9;24536;1
51;9;24537;1
51;9;24538;0
51;9;24539;0
51;9;24540;1
51;9;24541;1
51;9;24542;1
51;9;24543;1
51;9;24544;1
51;9;24545;1
51;9;24546;1
51;9;24547;1
51;9;24548;1
51;9;24549;1
51;9;24550;1
51;9;24551;1
51;9;24552;1
51;9;24553;1
51;9;24554;1
51;9;24555;1
51;9;24556;1
51;9;24557;1
51;9;24558;1
51;9;24559;1
51;9;24560;1
51;9;24561;1
51;9;24562;1
51;9;24563;1
51;9;24564;1
51;9;24565;1
51;9;24566;1
51;9;24567;1
51;9;24568;1
51;9;24569;1
51;9;24570;1
51;9;24571;1
51;9;24572;1
51;9;24573;1
51;9;24574;1
51;9;24575;1
51;9;24576;1
51;9;24577;1
51;9;24578;1
51;9;24579;1
51;9;24580;1
51;9;24581;1
51;9;24582;1
51;9;24583;1
51;9;24584;1
51;9;24585;1
51;9;24586;1
51;9;24587;1
51;9;24588;1
51;9;24589;1
51;9;24590;1
51;9;24591;1
51;9;24592;1
51;9;24593;0
51;9;24594;0
51;9;24595;1
51;9;24596;1
51;9;24597;1
51;9;24598;1
51;9;24599;1
51;9;24600;1
51;9;24601;1
51;9;24602;1
51;9;24603;1
51;9;24604;1
51;9;24605;1
51;9;24606;1
51;9;24607;1
51;9;24608;1
51;9;24609;1
51;9;24610;0
51;9;24611;1
51;9;24612;1
51;9;24613;1
51;9;24614;1
51;9;24615;1
51;9;24616;1
51;9;24617;1
51;9;24618;1
51;9;24619;1
51;9;24620;1
51;9;24621;1
51;9;24622;1
51;9;24623;1
51;9;24624;1
51;9;24625;0
51;9;24626;1
51;9;24627;1
51;9;24628;1
51;9;24629;1
51;9;24630;1
51;9;24631;1
51;9;24632;1
51;9;24633;1
51;9;24634;1
51;9;24635;1
51;9;24636;1
51;9;24637;1
51;9;24638;1
51;9;24639;0
51;9;24640;1
51;9;24641;1
51;9;24642;1
51;9;24643;0
51;9;24644;1
51;9;24645;1
51;9;24646;1
51;9;24647;1
51;9;24648;1
51;9;24649;1
51;9;24650;1
51;9;24651;1
51;9;24652;1
51;9;24653;1
51;9;24654;1
51;9;24655;1
51;9;24656;1
51;9;24657;1
51;9;24658;1
51;9;24659;1
51;9;24660;1
51;9;24661;1
51;9;24662;1
51;9;24663;1
51;9;24664;1
51;9;24665;1
51;9;24666;1
51;9;24667;1
51;9;24668;1
51;9;24669;1
51;9;24670;1
51;9;24671;1
51;9;24672;1
51;9;24673;1
51;9;24674;1
51;9;24675;1
51;9;24676;1
51;9;24677;1
51;9;24678;1
51;9;24679;1
51;9;24680;1
51;9;24681;1
51;9;24682;1
51;9;24683;1
51;9;24684;1
51;9;24685;1
51;9;24686;1
51;9;24687;1
51;9;24688;1
51;9;24689;1
51;9;24690;1
51;9;24691;1
51;9;24692;0
51;9;24693;0
51;9;24694;1
51;9;24695;1
51;9;24696;1
51;9;24697;1
51;9;24698;1
51;9;24699;1
51;9;24700;1
51;9;24701;1
51;9;24702;1
51;9;24703;1
51;9;24704;0
51;9;24705;1
51;9;24706;1
51;9;24707;1
51;9;24708;1
51;9;24709;1
51;9;24710;1
51;9;24711;1
51;9;24712;1
51;9;24713;1
51;9;24714;1
51;9;24715;0
51;9;24716;1
51;9;24717;1
51;9;24718;1
51;9;24719;1
51;9;24720;1
51;9;24721;1
51;9;24722;1
51;9;24723;1
51;9;24724;1
51;9;24725;1
51;9;24726;1
51;9;24727;1
51;9;24728;1
51;9;24729;1
51;9;24730;1
51;9;24731;1
51;9;24732;1
51;9;24733;1
51;9;24734;1
51;9;24735;1
51;9;24736;1
51;9;24737;1
51;9;24738;1
51;9;24739;1
51;9;24740;1
51;9;24741;1
51;9;24742;1
51;9;24743;1
51;9;24744;1
51;9;24745;1
51;9;24746;1
51;9;24747;1
51;9;24748;1
51;9;24749;1
51;9;24750;1
51;9;24751;1
51;9;24752;1
51;9;24753;1
51;9;24754;0
51;9;24755;1
51;9;24756;1
51;9;24757;1
51;9;24758;1
51;9;24759;1
51;9;24760;1
51;9;24761;1
51;9;24762;1
51;9;24763;1
51;9;24764;1
51;9;24765;1
51;9;24766;1
51;9;24767;1
51;9;24768;1
51;9;24769;1
51;9;24770;0
51;9;24771;0
51;9;24772;1
51;9;24773;1
51;9;24774;1
51;9;24775;1
51;9;24776;1
51;9;24777;1
51;9;24778;1
51;9;24779;1
51;9;24780;1
51;9;24781;1
51;9;24782;1
51;9;24783;1
51;9;24784;1
51;9;24785;1
51;9;24786;1
51;9;24787;1
51;9;24788;1
51;9;24789;1
51;9;24790;1
51;9;24791;1
51;9;24792;1
51;9;24793;1
51;9;24794;1
51;9;24795;1
51;9;24796;1
51;9;24797;1
51;9;24798;1
51;9;24799;1
51;9;24800;1
51;9;24801;1
51;9;24802;1
51;9;24803;1
51;9;24804;1
51;9;24805;1
51;9;24806;1
51;9;24807;1
51;9;24808;1
51;9;24809;1
51;9;24810;1
51;9;24811;1
51;9;24812;1
51;9;24813;1
51;9;24814;1
51;9;24815;1
51;9;24816;1
51;9;24817;1
51;9;24818;0
51;9;24819;1
51;9;24820;1
51;9;24821;1
51;9;24822;1
51;9;24823;1
51;9;24824;1
51;9;24825;1
51;9;24826;1
51;9;24827;1
51;9;24828;1
51;9;24829;1
51;9;24830;1
51;9;24831;1
51;9;24832;1
51;9;24833;1
51;9;24834;1
51;9;24835;1
51;9;24836;1
51;9;24837;1
51;9;24838;1
51;9;24839;1
51;9;24840;1
51;9;24841;1
51;9;24842;0
51;9;24843;0
51;9;24844;0
51;9;24845;1
51;9;24846;1
51;9;24847;1
51;9;24848;1
51;9;24849;0
51;9;24850;0
51;9;24851;1
51;9;24852;1
51;9;24853;1
51;9;24854;1
51;9;24855;1
51;9;24856;1
51;9;24857;1
51;9;24858;0
51;9;24859;1
51;9;24860;1
51;9;24861;1
51;9;24862;1
51;9;24863;1
51;9;24864;1
51;9;24865;1
51;9;24866;1
51;9;24867;1
51;9;24868;1
51;9;24869;1
51;9;24870;1
51;9;24871;1
51;9;24872;1
51;9;24873;1
51;9;24874;1
51;9;24875;1
51;9;24876;1
51;9;24877;1
51;9;24878;1
51;9;24879;1
51;9;24880;1
51;9;24881;1
51;9;24882;1
51;9;24883;0
51;9;24884;1
51;9;24885;1
51;9;24886;1
51;9;24887;1
51;9;24888;1
51;9;24889;1
51;9;24890;1
51;9;24891;1
51;9;24892;1
51;9;24893;0
51;9;24894;1
51;9;24895;1
51;9;24896;1
51;9;24897;1
51;9;24898;1
51;9;24899;1
51;9;24900;1
51;9;24901;1
51;9;24902;1
51;9;24903;1
51;9;24904;1
51;9;24905;1
51;9;24906;1
51;9;24907;1
51;9;24908;1
51;9;24909;1
51;9;24910;1
51;9;24911;1
51;9;24912;1
51;9;24913;1
51;9;24914;1
51;9;24915;1
51;9;24916;1
51;9;24917;1
51;9;24918;1
51;9;24919;1
51;9;24920;1
51;9;24921;1
51;9;24922;1
51;9;24923;1
51;9;24924;1
51;9;24925;1
51;9;24926;1
51;9;24927;1
51;9;24928;1
51;9;24929;1
51;9;24930;1
51;9;24931;1
51;9;24932;1
51;9;24933;1
51;9;24934;1
51;9;24935;1
51;9;24936;1
51;9;24937;1
51;9;24938;1
51;9;24939;1
51;9;24940;1
51;9;24941;1
51;9;24942;1
51;9;24943;1
51;9;24944;1
51;9;24945;1
51;9;24946;1
51;9;24947;1
51;9;24948;1
51;9;24949;1
51;9;24950;1
51;9;24951;1
51;9;24952;1
51;9;24953;1
51;9;24954;1
51;9;24955;1
51;9;24956;1
51;9;24957;1
51;9;24958;1
51;9;24959;1
51;9;24960;1
51;9;24961;1
51;9;24962;1
51;9;24963;1
51;9;24964;1
51;9;24965;1
51;9;24966;1
51;9;24967;1
51;9;24968;1
51;9;24969;1
51;9;24970;1
51;9;24971;1
51;9;24972;1
51;9;24973;1
51;9;24974;0
51;9;24975;0
51;9;24976;0
51;9;24977;0
51;9;24978;1
51;9;24979;0
51;9;24980;1
51;9;24981;1
51;9;24982;1
51;9;24983;1
51;9;24984;1
51;9;24985;1
51;9;24986;0
51;9;24987;1
51;9;24988;1
51;9;24989;1
51;9;24990;0
51;9;24991;1
51;9;24992;1
51;9;24993;1
51;9;24994;1
51;9;24995;1
51;9;24996;1
51;9;24997;1
51;9;24998;1
51;9;24999;1
51;9;25000;1
51;9;25001;1
51;9;25002;1
51;9;25003;1
51;9;25004;1
51;9;25005;1
51;9;25006;1
51;9;25007;1
51;9;25008;1
51;9;25009;1
51;9;25010;0
51;9;25011;1
51;9;25012;1
51;9;25013;1
51;9;25014;1
51;9;25015;1
51;9;25016;1
51;9;25017;1
51;9;25018;1
51;9;25019;1
51;9;25020;1
51;9;25021;1
51;9;25022;1
51;9;25023;1
51;9;25024;1
51;9;25025;1
51;9;25026;1
51;9;25027;1
51;9;25028;1
51;9;25029;1
51;9;25030;1
51;9;25031;1
51;9;25032;1
51;9;25033;1
51;9;25034;1
51;9;25035;1
51;9;25036;1
51;9;25037;1
51;9;25038;1
51;9;25039;1
51;9;25040;1
51;9;25041;1
51;9;25042;1
51;9;25043;1
51;9;25044;1
51;9;25045;1
51;9;25046;1
51;9;25047;1
51;9;25048;1
51;9;25049;1
51;9;25050;1
51;9;25051;1
51;9;25052;1
51;9;25053;1
51;9;25054;1
51;9;25055;1
51;9;25056;1
51;9;25057;1
51;9;25058;1
51;9;25059;1
51;9;25060;1
51;9;25061;1
51;9;25062;1
51;9;25063;1
51;9;25064;1
51;9;25065;1
51;9;25066;1
51;9;25067;1
51;9;25068;1
51;9;25069;1
51;9;25070;1
51;9;25071;1
51;9;25072;1
51;9;25073;1
51;9;25074;1
51;9;25075;1
51;9;25076;1
51;9;25077;1
51;9;25078;1
51;9;25079;1
51;9;25080;1
51;9;25081;1
51;9;25082;1
51;9;25083;1
51;9;25084;1
51;9;25085;1
51;9;25086;1
51;9;25087;1
51;9;25088;1
51;9;25089;1
51;9;25090;1
51;9;25091;1
51;9;25092;1
51;9;25093;1
51;9;25094;1
51;9;25095;1
51;9;25096;1
51;9;25097;1
51;9;25098;1
51;9;25099;1
51;9;25100;1
51;9;25101;1
51;9;25102;1
51;9;25103;1
51;9;25104;1
51;9;25105;1
51;9;25106;1
51;9;25107;1
51;9;25108;1
51;9;25109;1
51;9;25110;1
51;9;25111;1
51;9;25112;1
51;9;25113;1
51;9;25114;1
51;9;25115;1
51;9;25116;1
51;9;25117;1
51;9;25118;1
51;9;25119;1
51;9;25120;1
51;9;25121;1
51;9;25122;1
51;9;25123;1
51;9;25124;1
51;9;25125;1
51;9;25126;1
51;9;25127;1
51;9;25128;1
51;9;25129;1
51;9;25130;1
51;9;25131;1
51;9;25132;1
51;9;25133;1
51;9;25134;1
51;9;25135;1
51;9;25136;1
51;9;25137;1
51;9;25138;1
51;9;25139;1
51;9;25140;1
51;9;25141;1
51;9;25142;1
51;9;25143;1
51;9;25144;1
51;9;25145;1
51;9;25146;1
51;9;25147;1
51;9;25148;1
51;9;25149;1
51;9;25150;1
51;9;25151;1
51;9;25152;1
51;9;25153;1
51;9;25154;1
51;9;25155;1
51;9;25156;1
51;9;25157;1
51;9;25158;1
51;9;25159;1
51;9;25160;1
51;9;25161;1
51;9;25162;0
51;9;25163;1
51;9;25164;1
51;9;25165;1
51;9;25166;1
51;9;25167;0
51;9;25168;1
51;9;25169;1
51;9;25170;1
51;9;25171;1
51;9;25172;1
51;9;25173;1
51;9;25174;1
51;9;25175;1
51;9;25176;1
51;9;25177;1
51;9;25178;1
51;9;25179;1
51;9;25180;1
51;9;25181;1
51;9;25182;1
51;9;25183;1
51;9;25184;1
51;9;25185;1
51;9;25186;1
51;9;25187;1
51;9;25188;1
51;9;25189;1
51;9;25190;1
51;9;25191;1
51;9;25192;1
51;9;25193;1
51;9;25194;1
51;9;25195;0
51;9;25196;1
51;9;25197;1
51;9;25198;1
51;9;25199;1
51;9;25200;1
51;9;25201;1
51;9;25202;1
51;9;25203;1
51;9;25204;1
51;9;25205;1
51;9;25206;1
51;9;25207;1
51;9;25208;1
51;9;25209;1
51;9;25210;1
51;9;25211;1
51;9;25212;1
51;9;25213;1
51;9;25214;1
51;9;25215;1
51;9;25216;1
51;9;25217;1
51;9;25218;1
51;9;25219;1
51;9;25220;1
51;9;25221;1
51;9;25222;1
51;9;25223;1
51;9;25224;1
51;9;25225;1
51;9;25226;1
51;9;25227;1
51;9;25228;1
51;9;25229;1
51;9;25230;1
51;9;25231;1
51;9;25232;1
51;9;25233;1
51;9;25234;0
51;9;25235;1
51;9;25236;1
51;9;25237;1
51;9;25238;1
51;9;25239;1
51;9;25240;1
51;9;25241;1
51;9;25242;1
51;9;25243;0
51;9;25244;1
51;9;25245;1
51;9;25246;1
51;9;25247;0
51;9;25248;0
51;9;25249;1
51;9;25250;1
51;9;25251;1
51;9;25252;0
51;9;25253;1
51;9;25254;1
51;9;25255;1
51;9;25256;1
51;9;25257;1
51;9;25258;1
51;9;25259;1
51;9;25260;1
51;9;25261;1
51;9;25262;1
51;9;25263;1
51;9;25264;1
51;9;25265;1
51;9;25266;1
51;9;25267;1
51;9;25268;1
51;9;25269;1
51;9;25270;1
51;9;25271;1
51;9;25272;1
51;9;25273;1
51;9;25274;1
51;9;25275;1
51;9;25276;1
51;9;25277;1
51;9;25278;1
51;9;25279;1
51;9;25280;1
51;9;25281;1
51;9;25282;1
51;9;25283;1
51;9;25284;1
51;9;25285;1
51;9;25286;1
51;9;25287;1
51;9;25288;1
51;9;25289;1
51;9;25290;1
51;9;25291;1
51;9;25292;1
51;9;25293;1
51;9;25294;1
51;9;25295;1
51;9;25296;0
51;9;25297;1
51;9;25298;1
51;9;25299;1
51;9;25300;1
51;9;25301;1
51;9;25302;1
51;9;25303;1
51;9;25304;1
51;9;25305;1
51;9;25306;1
51;9;25307;0
51;9;25308;0
51;9;25309;1
51;9;25310;1
51;9;25311;0
51;9;25312;1
51;9;25313;1
51;9;25314;1
51;9;25315;1
51;9;25316;1
51;9;25317;1
51;9;25318;1
51;9;25319;1
51;9;25320;0
51;9;25321;1
51;9;25322;1
51;9;25323;1
51;9;25324;1
51;9;25325;1
51;9;25326;1
51;9;25327;1
51;9;25328;1
51;9;25329;1
51;9;25330;1
51;9;25331;1
51;9;25332;1
51;9;25333;1
51;9;25334;1
51;9;25335;1
51;9;25336;1
51;9;25337;1
51;9;25338;1
51;9;25339;1
51;9;25340;1
51;9;25341;1
51;9;25342;1
51;9;25343;1
51;9;25344;1
51;9;25345;1
51;9;25346;1
51;9;25347;1
51;9;25348;1
51;9;25349;1
51;9;25350;1
51;9;25351;1
51;9;25352;1
51;9;25353;1
51;9;25354;1
51;9;25355;1
51;9;25356;1
51;9;25357;0
51;9;25358;1
51;9;25359;1
51;9;25360;1
51;9;25361;1
51;9;25362;1
51;9;25363;1
51;9;25364;1
51;9;25365;1
51;9;25366;0
51;9;25367;1
51;9;25368;0
51;9;25369;1
51;9;25370;0
51;9;25371;1
51;9;25372;1
51;9;25373;1
51;9;25374;1
51;9;25375;1
51;9;25376;1
51;9;25377;1
51;9;25378;0
51;9;25379;1
51;9;25380;1
51;9;25381;1
51;9;25382;1
51;9;25383;1
51;9;25384;1
51;9;25385;1
51;9;25386;1
51;9;25387;1
51;9;25388;1
51;9;25389;1
51;9;25390;1
51;9;25391;1
51;9;25392;1
51;9;25393;1
51;9;25394;1
51;9;25395;1
51;9;25396;1
51;9;25397;1
51;9;25398;1
51;9;25399;1
51;9;25400;1
51;9;25401;1
51;9;25402;1
51;9;25403;1
51;9;25404;1
51;9;25405;1
51;9;25406;1
51;9;25407;1
51;9;25408;1
51;9;25409;1
51;9;25410;1
51;9;25411;1
51;9;25412;1
51;9;25413;1
51;9;25414;1
51;9;25415;1
51;9;25416;1
51;9;25417;1
51;9;25418;1
51;9;25419;1
51;9;25420;1
51;9;25421;1
51;9;25422;1
51;9;25423;1
51;9;25424;1
51;9;25425;1
51;9;25426;1
51;9;25427;1
51;9;25428;1
51;9;25429;0
51;9;25430;1
51;9;25431;1
51;9;25432;1
51;9;25433;1
51;9;25434;1
51;9;25435;1
51;9;25436;1
51;9;25437;1
51;9;25438;1
51;9;25439;1
51;9;25440;1
51;9;25441;1
51;9;25442;1
51;9;25443;1
51;9;25444;1
51;9;25445;1
51;9;25446;1
51;9;25447;1
51;9;25448;1
51;9;25449;1
51;9;25450;1
51;9;25451;0
51;9;25452;1
51;9;25453;1
51;9;25454;1
51;9;25455;0
51;9;25456;1
51;9;25457;1
51;9;25458;0
51;9;25459;1
51;9;25460;1
51;9;25461;1
51;9;25462;1
51;9;25463;0
51;9;25464;1
51;9;25465;0
51;9;25466;1
51;9;25467;1
51;9;25468;1
51;9;25469;1
51;9;25470;1
51;9;25471;1
51;9;25472;0
51;9;25473;1
51;9;25474;1
51;9;25475;1
51;9;25476;1
51;9;25477;1
51;9;25478;1
51;9;25479;1
51;9;25480;1
51;9;25481;0
51;9;25482;1
51;9;25483;1
51;9;25484;1
51;9;25485;1
51;9;25486;1
51;9;25487;1
51;9;25488;1
51;9;25489;1
51;9;25490;1
51;9;25491;1
51;9;25492;1
51;9;25493;1
51;9;25494;1
51;9;25495;1
51;9;25496;1
51;9;25497;1
51;9;25498;1
51;9;25499;1
51;9;25500;1
51;9;25501;1
51;9;25502;1
51;9;25503;1
51;9;25504;1
51;9;25505;1
51;9;25506;1
51;9;25507;1
51;9;25508;1
51;9;25509;0
51;9;25510;0
51;9;25511;1
51;9;25512;1
51;9;25513;1
51;9;25514;1
51;9;25515;1
51;9;25516;1
51;9;25517;1
51;9;25518;1
51;9;25519;1
51;9;25520;1
51;9;25521;1
51;9;25522;1
51;9;25523;1
51;9;25524;1
51;9;25525;1
51;9;25526;1
51;9;25527;1
51;9;25528;1
51;9;25529;1
51;9;25530;1
51;9;25531;1
51;9;25532;1
51;9;25533;1
51;9;25534;1
51;9;25535;1
51;9;25536;1
51;9;25537;1
51;9;25538;1
51;9;25539;1
51;9;25540;1
51;9;25541;1
51;9;25542;1
51;9;25543;1
51;9;25544;1
51;9;25545;1
51;9;25546;1
51;9;25547;1
51;9;25548;1
51;9;25549;1
51;9;25550;1
51;9;25551;1
51;9;25552;1
51;9;25553;1
51;9;25554;1
51;9;25555;1
51;9;25556;1
51;9;25557;1
51;9;25558;1
51;9;25559;1
51;9;25560;1
51;9;25561;1
51;9;25562;1
51;9;25563;1
51;9;25564;1
51;9;25565;1
51;9;25566;1
51;9;25567;1
51;9;25568;1
51;9;25569;1
51;9;25570;1
51;9;25571;1
51;9;25572;1
51;9;25573;1
51;9;25574;1
51;9;25575;1
51;9;25576;1
51;9;25577;1
51;9;25578;1
51;9;25579;1
51;9;25580;1
51;9;25581;1
51;9;25582;1
51;9;25583;1
51;9;25584;1
51;9;25585;1
51;9;25586;1
51;9;25587;1
51;9;25588;1
51;9;25589;1
51;9;25590;1
51;9;25591;1
51;9;25592;1
51;9;25593;1
51;9;25594;1
51;9;25595;1
51;9;25596;1
51;9;25597;1
51;9;25598;1
51;9;25599;1
51;9;25600;1
51;9;25601;1
51;9;25602;1
51;9;25603;1
51;9;25604;1
51;9;25605;1
51;9;25606;1
51;9;25607;1
51;9;25608;1
51;9;25609;1
51;9;25610;1
51;9;25611;1
51;9;25612;1
51;9;25613;1
51;9;25614;1
51;9;25615;1
51;9;25616;0
51;9;25617;1
51;9;25618;1
51;9;25619;1
51;9;25620;1
51;9;25621;1
51;9;25622;1
51;9;25623;1
51;9;25624;0
51;9;25625;0
51;9;25626;0
51;9;25627;0
51;9;25628;1
51;9;25629;1
51;9;25630;1
51;9;25631;1
51;9;25632;0
51;9;25633;0
51;9;25634;1
51;9;25635;0
51;9;25636;1
51;9;25637;1
51;9;25638;1
51;9;25639;1
51;9;25640;1
51;9;25641;0
51;9;25642;0
51;9;25643;0
51;9;25644;1
51;9;25645;1
51;9;25646;0
51;9;25647;1
51;9;25648;1
51;9;25649;1
51;9;25650;1
51;9;25651;0
51;9;25652;1
51;9;25653;1
51;9;25654;1
51;9;25655;1
51;9;25656;1
51;9;25657;1
51;9;25658;1
51;9;25659;1
51;9;25660;1
51;9;25661;1
51;9;25662;1
51;9;25663;1
51;9;25664;1
51;9;25665;1
51;9;25666;1
51;9;25667;1
51;9;25668;1
51;9;25669;1
51;9;25670;1
51;9;25671;1
51;9;25672;1
51;9;25673;1
51;9;25674;1
51;9;25675;1
51;9;25676;1
51;9;25677;1
51;9;25678;1
51;9;25679;1
51;9;25680;1
51;9;25681;1
51;9;25682;1
51;9;25683;1
51;9;25684;1
51;9;25685;1
51;9;25686;1
51;9;25687;1
51;9;25688;0
51;9;25689;0
51;9;25690;1
51;9;25691;1
51;9;25692;1
51;9;25693;0
51;9;25694;1
51;9;25695;1
51;9;25696;0
51;9;25697;1
51;9;25698;1
51;9;25699;1
51;9;25700;1
51;9;25701;0
51;9;25702;1
51;9;25703;1
51;9;25704;1
51;9;25705;1
51;9;25706;1
51;9;25707;1
51;9;25708;1
51;9;25709;1
51;9;25710;1
51;9;25711;1
51;9;25712;1
51;9;25713;1
51;9;25714;1
51;9;25715;1
51;9;25716;1
51;9;25717;1
51;9;25718;0
51;9;25719;1
51;9;25720;1
51;9;25721;1
51;9;25722;1
51;9;25723;1
51;9;25724;1
51;9;25725;1
51;9;25726;1
51;9;25727;1
51;9;25728;1
51;9;25729;1
51;9;25730;1
51;9;25731;1
51;9;25732;1
51;9;25733;0
51;9;25734;1
51;9;25735;0
51;9;25736;0
51;9;25737;0
51;9;25738;0
51;9;25739;1
51;9;25740;1
51;9;25741;1
51;9;25742;1
51;9;25743;1
51;9;25744;1
51;9;25745;1
51;9;25746;1
51;9;25747;1
51;9;25748;1
51;9;25749;1
51;9;25750;1
51;9;25751;1
51;9;25752;1
51;9;25753;1
51;9;25754;1
51;9;25755;1
51;9;25756;1
51;9;25757;1
51;9;25758;1
51;9;25759;1
51;9;25760;1
51;9;25761;1
51;9;25762;1
51;9;25763;1
51;9;25764;1
51;9;25765;1
51;9;25766;1
51;9;25767;1
51;9;25768;1
51;9;25769;1
51;9;25770;1
51;9;25771;1
51;9;25772;0
51;9;25773;1
51;9;25774;1
51;9;25775;1
51;9;25776;1
51;9;25777;1
51;9;25778;1
51;9;25779;1
51;9;25780;1
51;9;25781;1
51;9;25782;0
51;9;25783;0
51;9;25784;1
51;9;25785;1
51;9;25786;1
51;9;25787;1
51;9;25788;1
51;9;25789;1
51;9;25790;1
51;9;25791;1
51;9;25792;1
51;9;25793;1
51;9;25794;1
51;9;25795;1
51;9;25796;1
51;9;25797;1
51;9;25798;1
51;9;25799;0
51;9;25800;1
51;9;25801;1
51;9;25802;1
51;9;25803;1
51;9;25804;0
51;9;25805;1
51;9;25806;1
51;9;25807;1
51;9;25808;1
51;9;25809;1
51;9;25810;1
51;9;25811;1
51;9;25812;1
51;9;25813;1
51;9;25814;1
51;9;25815;1
51;9;25816;1
51;9;25817;1
51;9;25818;0
51;9;25819;0
51;9;25820;0
51;9;25821;0
51;9;25822;1
51;9;25823;1
51;9;25824;1
51;9;25825;1
51;9;25826;1
51;9;25827;1
51;9;25828;1
51;9;25829;1
51;9;25830;1
51;9;25831;1
51;9;25832;1
51;9;25833;1
51;9;25834;1
51;9;25835;1
51;9;25836;1
51;9;25837;1
51;9;25838;1
51;9;25839;1
51;9;25840;1
51;9;25841;1
51;9;25842;1
51;9;25843;1
51;9;25844;1
51;9;25845;1
51;9;25846;1
51;9;25847;1
51;9;25848;1
51;9;25849;0
51;9;25850;1
51;9;25851;0
51;9;25852;1
51;9;25853;1
51;9;25854;1
51;9;25855;1
51;9;25856;1
51;9;25857;0
51;9;25858;0
51;9;25859;0
51;9;25860;0
51;9;25861;0
51;9;25862;0
51;9;25863;1
51;9;25864;1
51;9;25865;1
51;9;25866;1
51;9;25867;1
51;9;25868;1
51;9;25869;1
51;9;25870;1
51;9;25871;1
51;9;25872;1
51;9;25873;1
51;9;25874;1
51;9;25875;0
51;9;25876;1
51;9;25877;1
51;9;25878;1
51;9;25879;1
51;9;25880;1
51;9;25881;1
51;9;25882;1
51;9;25883;1
51;9;25884;1
51;9;25885;1
51;9;25886;1
51;9;25887;1
51;9;25888;1
51;9;25889;1
51;9;25890;1
51;9;25891;1
51;9;25892;1
51;9;25893;1
51;9;25894;1
51;9;25895;1
51;9;25896;1
51;9;25897;1
51;9;25898;1
51;9;25899;1
51;9;25900;1
51;9;25901;1
51;9;25902;1
51;9;25903;1
51;9;25904;1
51;9;25905;1
51;9;25906;1
51;9;25907;0
51;9;25908;1
51;9;25909;1
51;9;25910;0
51;9;25911;1
51;9;25912;0
51;9;25913;0
51;9;25914;1
51;9;25915;1
51;9;25916;1
51;9;25917;1
51;9;25918;1
51;9;25919;1
51;9;25920;1
51;9;25921;1
51;9;25922;1
51;9;25923;1
51;9;25924;1
51;9;25925;0
51;9;25926;1
51;9;25927;1
51;9;25928;1
51;9;25929;1
51;9;25930;1
51;9;25931;0
51;9;25932;1
51;9;25933;1
51;9;25934;1
51;9;25935;0
51;9;25936;1
51;9;25937;1
51;9;25938;1
51;9;25939;1
51;9;25940;1
51;9;25941;1
51;9;25942;1
51;9;25943;1
51;9;25944;0
51;9;25945;1
51;9;25946;1
51;9;25947;1
51;9;25948;1
51;9;25949;0
51;9;25950;1
51;9;25951;1
51;9;25952;1
51;9;25953;1
51;9;25954;1
51;9;25955;1
51;9;25956;1
51;9;25957;1
51;9;25958;1
51;9;25959;1
51;9;25960;1
51;9;25961;1
51;9;25962;1
51;9;25963;1
51;9;25964;1
51;9;25965;1
51;9;25966;1
51;9;25967;1
51;9;25968;1
51;9;25969;1
51;9;25970;1
51;9;25971;1
51;9;25972;0
51;9;25973;1
51;9;25974;1
51;9;25975;1
51;9;25976;1
51;9;25977;1
51;9;25978;1
51;9;25979;1
51;9;25980;1
51;9;25981;1
51;9;25982;1
51;9;25983;1
51;9;25984;1
51;9;25985;1
51;9;25986;1
51;9;25987;1
51;9;25988;1
51;9;25989;1
51;9;25990;1
51;9;25991;1
51;9;25992;1
51;9;25993;1
51;9;25994;1
51;9;25995;1
51;9;25996;1
51;9;25997;1
51;9;25998;1
51;9;25999;1
51;9;26000;1
51;9;26001;0
51;9;26002;0
51;9;26003;1
51;9;26004;0
51;9;26005;1
51;9;26006;1
51;9;26007;1
51;9;26008;1
51;9;26009;1
51;9;26010;1
51;9;26011;1
51;9;26012;1
51;9;26013;1
51;9;26014;1
51;9;26015;1
51;9;26016;1
51;9;26017;1
51;9;26018;0
51;9;26019;1
51;9;26020;1
51;9;26021;1
51;9;26022;1
51;9;26023;1
51;9;26024;1
51;9;26025;1
51;9;26026;1
51;9;26027;1
51;9;26028;1
51;9;26029;1
51;9;26030;1
51;9;26031;1
51;9;26032;1
51;9;26033;1
51;9;26034;1
51;9;26035;1
51;9;26036;1
51;9;26037;0
51;9;26038;1
51;9;26039;1
51;9;26040;1
51;9;26041;1
51;9;26042;1
51;9;26043;1
51;9;26044;1
51;9;26045;0
51;9;26046;0
51;9;26047;0
51;9;26048;0
51;9;26049;0
51;9;26050;0
51;9;26051;0
51;9;26052;0
51;9;26053;0
51;9;26054;0
51;9;26055;0
51;9;26056;0
51;9;26057;0
51;9;26058;0
51;9;26059;0
51;9;26060;0
51;9;26061;0
51;9;26062;0
51;9;26063;0
51;9;26064;0
51;9;26065;0
51;9;26066;0
51;9;26067;0
51;9;26068;0
51;9;26069;0
51;9;26070;0
51;9;26071;0
51;9;26072;0
51;9;26073;0
51;9;26074;0
51;9;26075;0
51;9;26076;0
51;9;26077;0
51;9;26078;0
51;9;26079;0
51;9;26080;0
51;9;26081;0
51;9;26082;0
51;9;26083;0
51;9;26084;0
51;9;26085;0
51;9;26086;0
51;9;26087;0
51;9;26088;0
51;9;26089;0
51;9;26090;0
51;9;26091;0
51;9;26092;0
51;9;26093;0
51;9;26094;0
51;9;26095;0
51;9;26096;0
51;9;26097;0
51;9;26098;0
51;9;26099;0
51;9;26100;0
51;9;26101;0
51;9;26102;0
51;9;26103;0
51;9;26104;0
51;9;26105;0
51;9;26106;0
51;9;26107;0
51;9;26108;0
51;9;26109;0
51;9;26110;0
51;9;26111;0
51;9;26112;0
51;9;26113;0
51;9;26114;0
51;9;26115;0
51;9;26116;0
51;9;26117;0
51;9;26118;0
51;9;26119;0
51;9;26120;0
51;9;26121;0
51;9;26122;0
51;9;26123;0
51;9;26124;0
51;9;26125;0
51;9;26126;0
51;9;26127;0
51;9;26128;0
51;9;26129;0
51;9;26130;0
51;9;26131;0
51;9;26132;0
51;9;26133;0
51;9;26134;0
51;9;26135;0
51;9;26136;0
51;9;26137;0
51;9;26138;0
51;9;26139;0
51;9;26140;0
51;9;26141;0
51;9;26142;0
51;9;26143;0
51;9;26144;0
51;9;26145;0
51;9;26146;0
51;9;26147;0
51;9;26148;0
51;9;26149;0
51;9;26150;0
51;9;26151;0
51;9;26152;0
51;9;26153;0
51;9;26154;0
51;9;26155;0
51;9;26156;0
51;9;26157;0
51;9;26158;0
51;9;26159;0
51;9;26160;0
51;9;26161;0
51;9;26162;0
51;9;26163;0
51;9;26164;0
51;9;26165;0
51;9;26166;0
51;9;26167;0
51;9;26168;0
51;9;26169;0
51;9;26170;0
51;9;26171;0
51;9;26172;0
51;9;26173;0
51;9;26174;0
51;9;26175;0
51;9;26176;0
51;9;26177;0
51;9;26178;0
51;9;26179;0
51;9;26180;0
51;9;26181;0
51;9;26182;0
51;9;26183;0
51;9;26184;0
51;9;26185;0
51;9;26186;0
51;9;26187;0
51;9;26188;0
51;9;26189;0
51;9;26190;0
51;9;26191;0
51;9;26192;0
51;9;26193;0
51;9;26194;0
51;9;26195;0
51;9;26196;0
51;9;26197;0
51;9;26198;0
51;9;26199;0
51;9;26200;0
51;9;26201;0
51;9;26202;0
51;9;26203;0
51;9;26204;0
51;9;26205;0
51;9;26206;0
51;9;26207;0
51;9;26208;0
51;9;26209;0
51;9;26210;0
51;9;26211;0
51;9;26212;0
51;9;26213;0
51;9;26214;0
51;9;26215;0
51;9;26216;0
51;9;26217;0
51;9;26218;0
51;9;26219;0
51;9;26220;0
51;9;26221;0
51;9;26222;0
51;9;26223;0
51;9;26224;0
51;9;26225;0
51;9;26226;0
51;9;26227;0
51;9;26228;0
51;9;26229;0
51;9;26230;0
51;9;26231;0
51;9;26232;0
51;9;26233;0
51;9;26234;0
51;9;26235;0
51;9;26236;0
51;9;26237;0
51;9;26238;0
51;9;26239;0
51;9;26240;0
51;9;26241;0
51;9;26242;0
51;9;26243;0
51;9;26244;0
51;9;26245;0
51;9;26246;0
51;9;26247;0
51;9;26248;0
51;9;26249;0
51;9;26250;0
51;9;26251;0
51;9;26252;0
51;9;26253;0
51;9;26254;0
51;9;26255;0
51;9;26256;0
51;9;26257;0
51;9;26258;0
51;9;26259;0
51;9;26260;0
51;9;26261;0
51;9;26262;0
51;9;26263;0
51;9;26264;0
51;9;26265;0
51;9;26266;0
51;9;26267;0
51;9;26268;0
51;9;26269;0
51;9;26270;0
51;9;26271;0
51;9;26272;0
51;9;26273;0
51;9;26274;0
51;9;26275;0
51;9;26276;0
51;9;26277;0
51;9;26278;0
51;9;26279;0
51;9;26280;0
51;9;26281;0
51;9;26282;0
51;9;26283;0
51;9;26284;0
51;9;26285;0
51;9;26286;0
51;9;26287;0
51;9;26288;0
51;9;26289;0
51;9;26290;0
51;9;26291;0
51;9;26292;0
51;9;26293;0
51;9;26294;0
51;9;26295;0
51;9;26296;0
51;9;26297;0
51;9;26298;0
51;9;26299;0
51;9;26300;0
51;9;26301;0
51;9;26302;0
51;9;26303;0
51;9;26304;0
51;9;26305;0
51;9;26306;0
51;9;26307;0
51;9;26308;0
51;9;26309;0
51;9;26310;0
51;9;26311;0
51;9;26312;0
51;9;26313;0
51;9;26314;1
51;9;26315;1
51;9;26316;1
51;9;26317;1
51;9;26318;1
51;9;26319;1
51;9;26320;1
51;9;26321;1
51;9;26322;1
51;9;26323;1
51;9;26324;1
51;9;26325;1
51;9;26326;1
51;9;26327;1
51;9;26328;1
51;9;26329;1
51;9;26330;1
51;9;26331;1
51;9;26332;1
51;9;26333;1
51;9;26334;1
51;9;26335;1
51;9;26336;1
51;9;26337;1
51;9;26338;1
51;9;26339;1
51;9;26340;1
51;9;26341;1
51;9;26342;1
51;9;26343;1
51;9;26344;1
51;9;26345;1
51;9;26346;1
51;9;26347;1
51;9;26348;1
51;9;26349;1
51;9;26350;1
51;9;26351;1
51;9;26352;1
51;9;26353;1
51;9;26354;1
51;9;26355;1
51;9;26356;1
51;9;26357;1
51;9;26358;0
51;9;26359;1
51;9;26360;1
51;9;26361;1
51;9;26362;1
51;9;26363;1
51;9;26364;1
51;9;26365;1
51;9;26366;1
51;9;26367;1
51;9;26368;1
51;9;26369;1
51;9;26370;1
51;9;26371;1
51;9;26372;1
51;9;26373;1
51;9;26374;1
51;9;26375;1
51;9;26376;1
51;9;26377;0
51;9;26378;1
51;9;26379;1
51;9;26380;1
51;9;26381;1
51;9;26382;1
51;9;26383;1
51;9;26384;1
51;9;26385;1
51;9;26386;1
51;9;26387;0
51;9;26388;1
51;9;26389;1
51;9;26390;1
51;9;26391;0
51;9;26392;0
51;9;26393;0
51;9;26394;1
51;9;26395;1
51;9;26396;1
51;9;26397;1
51;9;26398;1
51;9;26399;1
51;9;26400;0
51;9;26401;0
51;9;26402;0
51;9;26403;0
51;9;26404;0
51;9;26405;1
51;9;26406;0
51;9;26407;1
51;9;26408;1
51;9;26409;1
51;9;26410;1
51;9;26411;1
51;9;26412;1
51;9;26413;1
51;9;26414;1
51;9;26415;1
51;9;26416;1
51;9;26417;1
51;9;26418;0
51;9;26419;0
51;9;26420;0
51;9;26421;0
51;9;26422;1
51;9;26423;0
51;9;26424;1
51;9;26425;1
51;9;26426;1
51;9;26427;1
51;9;26428;1
51;9;26429;1
51;9;26430;1
51;9;26431;0
51;9;26432;0
51;9;26433;1
51;9;26434;1
51;9;26435;1
51;9;26436;0
51;9;26437;1
51;9;26438;1
51;9;26439;1
51;9;26440;1
51;9;26441;1
51;9;26442;1
51;9;26443;1
51;9;26444;1
51;9;26445;0
51;9;26446;0
51;9;26447;1
51;9;26448;1
51;9;26449;1
51;9;26450;1
51;9;26451;1
51;9;26452;1
51;9;26453;1
51;9;26454;1
51;9;26455;1
51;9;26456;1
51;9;26457;1
51;9;26458;1
51;9;26459;1
51;9;26460;1
51;9;26461;1
51;9;26462;1
51;9;26463;1
51;9;26464;1
51;9;26465;1
51;9;26466;1
51;9;26467;1
51;9;26468;1
51;9;26469;1
51;9;26470;1
51;9;26471;1
51;9;26472;1
51;9;26473;1
51;9;26474;1
51;9;26475;1
51;9;26476;1
51;9;26477;1
51;9;26478;1
51;9;26479;1
51;9;26480;1
51;9;26481;1
51;9;26482;1
51;9;26483;1
51;9;26484;1
51;9;26485;1
51;9;26486;1
51;9;26487;1
51;9;26488;1
51;9;26489;1
51;9;26490;1
51;9;26491;1
51;9;26492;1
51;9;26493;1
51;9;26494;1
51;9;26495;1
51;9;26496;1
51;9;26497;1
51;9;26498;1
51;9;26499;1
51;9;26500;1
51;9;26501;1
51;9;26502;1
51;9;26503;1
51;9;26504;1
51;9;26505;1
51;9;26506;1
51;9;26507;1
51;9;26508;1
51;9;26509;1
51;9;26510;1
51;9;26511;1
51;9;26512;1
51;9;26513;1
51;9;26514;1
51;9;26515;1
51;9;26516;1
51;9;26517;1
51;9;26518;1
51;9;26519;1
51;9;26520;1
51;9;26521;1
51;9;26522;1
51;9;26523;1
51;9;26524;1
51;9;26525;1
51;9;26526;1
51;9;26527;1
51;9;26528;1
51;9;26529;1
51;9;26530;1
51;9;26531;1
51;9;26532;1
51;9;26533;1
51;9;26534;1
51;9;26535;1
51;9;26536;1
51;9;26537;1
51;9;26538;1
51;9;26539;1
51;9;26540;1
51;9;26541;1
51;9;26542;1
51;9;26543;1
51;9;26544;1
51;9;26545;1
51;9;26546;1
51;9;26547;1
51;9;26548;1
51;9;26549;1
51;9;26550;1
51;9;26551;0
51;9;26552;0
51;9;26553;1
51;9;26554;1
51;9;26555;0
51;9;26556;0
51;9;26557;1
51;9;26558;0
51;9;26559;1
51;9;26560;1
51;9;26561;1
51;9;26562;1
51;9;26563;1
51;9;26564;0
51;9;26565;0
51;9;26566;1
51;9;26567;1
51;9;26568;1
51;9;26569;1
51;9;26570;1
51;9;26571;1
51;9;26572;1
51;9;26573;1
51;9;26574;1
51;9;26575;1
51;9;26576;1
51;9;26577;1
51;9;26578;1
51;9;26579;1
51;9;26580;1
51;9;26581;1
51;9;26582;1
51;9;26583;1
51;9;26584;0
51;9;26585;1
51;9;26586;0
51;9;26587;1
51;9;26588;1
51;9;26589;1
51;9;26590;1
51;9;26591;1
51;9;26592;1
51;9;26593;1
51;9;26594;1
51;9;26595;1
51;9;26596;1
51;9;26597;1
51;9;26598;1
51;9;26599;1
51;9;26600;1
51;9;26601;0
51;9;26602;1
51;9;26603;1
51;9;26604;1
51;9;26605;1
51;9;26606;1
51;9;26607;1
51;9;26608;1
51;9;26609;1
51;9;26610;1
51;9;26611;1
51;9;26612;1
51;9;26613;1
51;9;26614;1
51;9;26615;1
51;9;26616;1
51;9;26617;1
51;9;26618;1
51;9;26619;1
51;9;26620;1
51;9;26621;1
51;9;26622;1
51;9;26623;1
51;9;26624;1
51;9;26625;1
51;9;26626;1
51;9;26627;1
51;9;26628;1
51;9;26629;1
51;9;26630;1
51;9;26631;1
51;9;26632;1
51;9;26633;1
51;9;26634;1
51;9;26635;1
51;9;26636;1
51;9;26637;1
51;9;26638;1
51;9;26639;1
51;9;26640;1
51;9;26641;1
51;9;26642;1
51;9;26643;1
51;9;26644;1
51;9;26645;1
51;9;26646;1
51;9;26647;1
51;9;26648;1
51;9;26649;1
51;9;26650;1
51;9;26651;1
51;9;26652;1
51;9;26653;1
51;9;26654;1
51;9;26655;1
51;9;26656;1
51;9;26657;1
51;9;26658;1
51;9;26659;1
51;9;26660;1
51;9;26661;1
51;9;26662;1
51;9;26663;1
51;9;26664;1
51;9;26665;1
51;9;26666;1
51;9;26667;1
51;9;26668;1
51;9;26669;1
51;9;26670;1
51;9;26671;1
51;9;26672;1
51;9;26673;1
51;9;26674;1
51;9;26675;1
51;9;26676;1
51;9;26677;1
51;9;26678;1
51;9;26679;0
51;9;26680;1
51;9;26681;1
51;9;26682;1
51;9;26683;1
51;9;26684;1
51;9;26685;1
51;9;26686;1
51;9;26687;1
51;9;26688;1
51;9;26689;1
51;9;26690;0
51;9;26691;1
51;9;26692;1
51;9;26693;1
51;9;26694;1
51;9;26695;1
51;9;26696;0
51;9;26697;0
51;9;26698;1
51;9;26699;1
51;9;26700;1
51;9;26701;1
51;9;26702;1
51;9;26703;1
51;9;26704;1
51;9;26705;1
51;9;26706;1
51;9;26707;1
51;9;26708;1
51;9;26709;1
51;9;26710;1
51;9;26711;1
51;9;26712;1
51;9;26713;1
51;9;26714;1
51;9;26715;1
51;9;26716;1
51;9;26717;1
51;9;26718;1
51;9;26719;1
51;9;26720;1
51;9;26721;1
51;9;26722;1
51;9;26723;1
51;9;26724;1
51;9;26725;1
51;9;26726;1
51;9;26727;1
51;9;26728;1
51;9;26729;1
51;9;26730;1
51;9;26731;1
51;9;26732;1
51;9;26733;1
51;9;26734;1
51;9;26735;1
51;9;26736;1
51;9;26737;1
51;9;26738;1
51;9;26739;1
51;9;26740;1
51;9;26741;1
51;9;26742;1
51;9;26743;1
51;9;26744;1
51;9;26745;1
51;9;26746;1
51;9;26747;1
51;9;26748;1
51;9;26749;1
51;9;26750;1
51;9;26751;1
51;9;26752;1
51;9;26753;1
51;9;26754;1
51;9;26755;1
51;9;26756;1
51;9;26757;1
51;9;26758;1
51;9;26759;1
51;9;26760;1
51;9;26761;1
51;9;26762;1
51;9;26763;1
51;9;26764;1
51;9;26765;1
51;9;26766;1
51;9;26767;1
51;9;26768;1
51;9;26769;1
51;9;26770;1
51;9;26771;1
51;9;26772;1
51;9;26773;1
51;9;26774;1
51;9;26775;1
51;9;26776;1
51;9;26777;1
51;9;26778;1
51;9;26779;1
51;9;26780;1
51;9;26781;1
51;9;26782;1
51;9;26783;1
51;9;26784;1
51;9;26785;1
51;9;26786;1
51;9;26787;1
51;9;26788;1
51;9;26789;1
51;9;26790;1
51;9;26791;1
51;9;26792;1
51;9;26793;1
51;9;26794;1
51;9;26795;1
51;9;26796;1
51;9;26797;1
51;9;26798;1
51;9;26799;1
51;9;26800;1
51;9;26801;0
51;9;26802;0
51;9;26803;1
51;9;26804;1
51;9;26805;1
51;9;26806;1
51;9;26807;1
51;9;26808;1
51;9;26809;1
51;9;26810;1
51;9;26811;1
51;9;26812;1
51;9;26813;1
51;9;26814;1
51;9;26815;1
51;9;26816;1
51;9;26817;1
51;9;26818;1
51;9;26819;1
51;9;26820;1
51;9;26821;1
51;9;26822;1
51;9;26823;1
51;9;26824;1
51;9;26825;1
51;9;26826;1
51;9;26827;1
51;9;26828;1
51;9;26829;1
51;9;26830;1
51;9;26831;1
51;9;26832;1
51;9;26833;1
51;9;26834;1
51;9;26835;1
51;9;26836;1
51;9;26837;1
51;9;26838;1
51;9;26839;1
51;9;26840;1
51;9;26841;1
51;9;26842;1
51;9;26843;1
51;9;26844;1
51;9;26845;1
51;9;26846;1
51;9;26847;1
51;9;26848;1
51;9;26849;1
51;9;26850;1
51;9;26851;1
51;9;26852;1
51;9;26853;1
51;9;26854;1
51;9;26855;1
51;9;26856;1
51;9;26857;1
51;9;26858;1
51;9;26859;1
51;9;26860;1
51;9;26861;1
51;9;26862;1
51;9;26863;1
51;9;26864;1
51;9;26865;1
51;9;26866;1
51;9;26867;1
51;9;26868;1
51;9;26869;1
51;9;26870;1
51;9;26871;0
51;9;26872;1
51;9;26873;1
51;9;26874;1
51;9;26875;1
51;9;26876;1
51;9;26877;1
51;9;26878;1
51;9;26879;1
51;9;26880;1
51;9;26881;1
51;9;26882;1
51;9;26883;1
51;9;26884;1
51;9;26885;1
51;9;26886;1
51;9;26887;1
51;9;26888;1
51;9;26889;1
51;9;26890;1
51;9;26891;1
51;9;26892;1
51;9;26893;1
51;9;26894;1
51;9;26895;1
51;9;26896;1
51;9;26897;1
51;9;26898;1
51;9;26899;1
51;9;26900;1
51;9;26901;1
51;9;26902;0
51;9;26903;0
51;9;26904;1
51;9;26905;1
51;9;26906;1
51;9;26907;1
51;9;26908;0
51;9;26909;1
51;9;26910;0
51;9;26911;0
51;9;26912;1
51;9;26913;1
51;9;26914;1
51;9;26915;1
51;9;26916;0
51;9;26917;1
51;9;26918;1
51;9;26919;1
51;9;26920;1
51;9;26921;1
51;9;26922;1
51;9;26923;0
51;9;26924;0
51;9;26925;1
51;9;26926;1
51;9;26927;0
51;9;26928;1
51;9;26929;1
51;9;26930;1
51;9;26931;1
51;9;26932;1
51;9;26933;1
51;9;26934;1
51;9;26935;1
51;9;26936;1
51;9;26937;1
51;9;26938;1
51;9;26939;1
51;9;26940;1
51;9;26941;1
51;9;26942;1
51;9;26943;1
51;9;26944;1
51;9;26945;1
51;9;26946;1
51;9;26947;1
51;9;26948;1
51;9;26949;1
51;9;26950;1
51;9;26951;1
51;9;26952;1
51;9;26953;1
51;9;26954;1
51;9;26955;1
51;9;26956;1
51;9;26957;1
51;9;26958;1
51;9;26959;1
51;9;26960;1
51;9;26961;0
51;9;26962;1
51;9;26963;1
51;9;26964;1
51;9;26965;1
51;9;26966;1
51;9;26967;1
51;9;26968;1
51;9;26969;1
51;9;26970;1
51;9;26971;1
51;9;26972;1
51;9;26973;1
51;9;26974;1
51;9;26975;1
51;9;26976;1
51;9;26977;1
51;9;26978;1
51;9;26979;1
51;9;26980;1
51;9;26981;1
51;9;26982;1
51;9;26983;1
51;9;26984;1
51;9;26985;0
51;9;26986;1
51;9;26987;1
51;9;26988;1
51;9;26989;1
51;9;26990;1
51;9;26991;1
51;9;26992;1
51;9;26993;1
51;9;26994;1
51;9;26995;1
51;9;26996;1
51;9;26997;1
51;9;26998;1
51;9;26999;1
51;9;27000;1
51;9;27001;1
51;9;27002;1
51;9;27003;1
51;9;27004;1
51;9;27005;1
51;9;27006;1
51;9;27007;1
51;9;27008;1
51;9;27009;1
51;9;27010;1
51;9;27011;1
51;9;27012;1
51;9;27013;1
51;9;27014;1
51;9;27015;1
51;9;27016;0
51;9;27017;1
51;9;27018;0
51;9;27019;0
51;9;27020;0
51;9;27021;0
51;9;27022;0
51;9;27023;0
51;9;27024;0
51;9;27025;0
51;9;27026;0
51;9;27027;0
51;9;27028;0
51;9;27029;0
51;9;27030;0
51;9;27031;0
51;9;27032;0
51;9;27033;0
51;9;27034;0
51;9;27035;0
51;9;27036;0
51;9;27037;0
51;9;27038;0
51;9;27039;0
51;9;27040;0
51;9;27041;0
51;9;27042;0
51;9;27043;0
51;9;27044;0
51;9;27045;0
51;9;27046;0
51;9;27047;0
51;9;27048;0
51;9;27049;0
51;9;27050;0
51;9;27051;0
51;9;27052;0
51;9;27053;0
51;9;27054;0
51;9;27055;0
51;9;27056;0
51;9;27057;0
51;9;27058;0
51;9;27059;0
51;9;27060;0
51;9;27061;0
51;9;27062;0
51;9;27063;0
51;9;27064;0
51;9;27065;0
51;9;27066;0
51;9;27067;0
51;9;27068;0
51;9;27069;0
51;9;27070;0
51;9;27071;0
51;9;27072;0
51;9;27073;0
51;9;27074;0
51;9;27075;1
51;9;27076;1
51;9;27077;1
51;9;27078;1
51;9;27079;1
51;9;27080;1
51;9;27081;1
51;9;27082;1
51;9;27083;1
51;9;27084;0
51;9;27085;0
51;9;27086;0
51;9;27087;0
51;9;27088;1
51;9;27089;1
51;9;27090;1
51;9;27091;1
51;9;27092;1
51;9;27093;1
51;9;27094;1
51;9;27095;1
51;9;27096;1
51;9;27097;1
51;9;27098;1
51;9;27099;1
51;9;27100;1
51;9;27101;1
51;9;27102;1
51;9;27103;1
51;9;27104;1
51;9;27105;1
51;9;27106;0
51;9;27107;1
51;9;27108;1
51;9;27109;1
51;9;27110;1
51;9;27111;1
51;9;27112;1
51;9;27113;1
51;9;27114;1
51;9;27115;1
51;9;27116;1
51;9;27117;1
51;9;27118;1
51;9;27119;1
51;9;27120;1
51;9;27121;1
51;9;27122;0
51;9;27123;1
51;9;27124;1
51;9;27125;1
51;9;27126;1
51;9;27127;1
51;9;27128;1
51;9;27129;1
51;9;27130;1
51;9;27131;1
51;9;27132;1
51;9;27133;1
51;9;27134;1
51;9;27135;1
51;9;27136;1
51;9;27137;1
51;9;27138;1
51;9;27139;1
51;9;27140;1
51;9;27141;1
51;9;27142;1
51;9;27143;0
51;9;27144;1
51;9;27145;1
51;9;27146;1
51;9;27147;1
51;9;27148;1
51;9;27149;1
51;9;27150;1
51;9;27151;1
51;9;27152;1
51;9;27153;1
51;9;27154;1
51;9;27155;1
51;9;27156;1
51;9;27157;1
51;9;27158;1
51;9;27159;1
51;9;27160;1
51;9;27161;1
51;9;27162;1
51;9;27163;1
51;9;27164;1
51;9;27165;1
51;9;27166;1
51;9;27167;1
51;9;27168;1
51;9;27169;1
51;9;27170;1
51;9;27171;1
51;9;27172;1
51;9;27173;1
51;9;27174;1
51;9;27175;1
51;9;27176;1
51;9;27177;1
51;9;27178;1
51;9;27179;1
51;9;27180;1
51;9;27181;1
51;9;27182;1
51;9;27183;1
51;9;27184;1
51;9;27185;1
51;9;27186;1
51;9;27187;1
51;9;27188;1
51;9;27189;1
51;9;27190;1
51;9;27191;1
51;9;27192;1
51;9;27193;1
51;9;27194;1
51;9;27195;1
51;9;27196;1
51;9;27197;1
51;9;27198;1
51;9;27199;1
51;9;27200;1
51;9;27201;1
51;9;27202;1
51;9;27203;1
51;9;27204;1
51;9;27205;1
51;9;27206;1
51;9;27207;1
51;9;27208;1
51;9;27209;1
51;9;27210;1
51;9;27211;1
51;9;27212;1
51;9;27213;1
51;9;27214;1
51;9;27215;1
51;9;27216;1
51;9;27217;1
51;9;27218;1
51;9;27219;0
51;9;27220;1
51;9;27221;1
51;9;27222;1
51;9;27223;1
51;9;27224;1
51;9;27225;1
51;9;27226;1
51;9;27227;1
51;9;27228;1
51;9;27229;1
51;9;27230;1
51;9;27231;1
51;9;27232;1
51;9;27233;1
51;9;27234;1
51;9;27235;1
51;9;27236;1
51;9;27237;1
51;9;27238;1
51;9;27239;1
51;9;27240;1
51;9;27241;1
51;9;27242;1
51;9;27243;1
51;9;27244;1
51;9;27245;1
51;9;27246;1
51;9;27247;1
51;9;27248;1
51;9;27249;1
51;9;27250;1
51;9;27251;1
51;9;27252;1
51;9;27253;1
51;9;27254;1
51;9;27255;1
51;9;27256;1
51;9;27257;1
51;9;27258;1
51;9;27259;1
51;9;27260;0
51;9;27261;1
51;9;27262;1
51;9;27263;1
51;9;27264;1
51;9;27265;1
51;9;27266;1
51;9;27267;1
51;9;27268;1
51;9;27269;0
51;9;27270;0
51;9;27271;1
51;9;27272;1
51;9;27273;1
51;9;27274;1
51;9;27275;1
51;9;27276;1
51;9;27277;1
51;9;27278;1
51;9;27279;1
51;9;27280;1
51;9;27281;1
51;9;27282;1
51;9;27283;1
51;9;27284;1
51;9;27285;0
51;9;27286;0
51;9;27287;0
51;9;27288;1
51;9;27289;1
51;9;27290;1
51;9;27291;1
51;9;27292;1
51;9;27293;1
51;9;27294;1
51;9;27295;0
51;9;27296;0
51;9;27297;0
51;9;27298;1
51;9;27299;1
51;9;27300;1
51;9;27301;1
51;9;27302;1
51;9;27303;1
51;9;27304;1
51;9;27305;1
51;9;27306;1
51;9;27307;1
51;9;27308;1
51;9;27309;1
51;9;27310;1
51;9;27311;1
51;9;27312;0
51;9;27313;1
51;9;27314;1
51;9;27315;1
51;9;27316;1
51;9;27317;1
51;9;27318;1
51;9;27319;1
51;9;27320;1
51;9;27321;1
51;9;27322;1
51;9;27323;1
51;9;27324;1
51;9;27325;0
51;9;27326;0
51;9;27327;0
51;9;27328;0
51;9;27329;1
51;9;27330;1
51;9;27331;1
51;9;27332;1
51;9;27333;1
51;9;27334;1
51;9;27335;1
51;9;27336;1
51;9;27337;1
51;9;27338;1
51;9;27339;1
51;9;27340;1
51;9;27341;1
51;9;27342;1
51;9;27343;1
51;9;27344;1
51;9;27345;1
51;9;27346;1
51;9;27347;1
51;9;27348;1
51;9;27349;1
51;9;27350;1
51;9;27351;1
51;9;27352;1
51;9;27353;1
51;9;27354;1
51;9;27355;1
51;9;27356;1
51;9;27357;1
51;9;27358;1
51;9;27359;1
51;9;27360;1
51;9;27361;1
51;9;27362;1
51;9;27363;1
51;9;27364;1
51;9;27365;1
51;9;27366;1
51;9;27367;0
51;9;27368;1
51;9;27369;1
51;9;27370;1
51;9;27371;1
51;9;27372;1
51;9;27373;1
51;9;27374;1
51;9;27375;1
51;9;27376;0
51;9;27377;1
51;9;27378;1
51;9;27379;1
51;9;27380;1
51;9;27381;1
51;9;27382;1
51;9;27383;1
51;9;27384;1
51;9;27385;1
51;9;27386;1
51;9;27387;1
51;9;27388;1
51;9;27389;1
51;9;27390;1
51;9;27391;1
51;9;27392;1
51;9;27393;1
51;9;27394;1
51;9;27395;1
51;9;27396;1
51;9;27397;1
51;9;27398;1
51;9;27399;1
51;9;27400;1
51;9;27401;1
51;9;27402;1
51;9;27403;1
51;9;27404;1
51;9;27405;1
51;9;27406;1
51;9;27407;1
51;9;27408;1
51;9;27409;1
51;9;27410;1
51;9;27411;0
51;9;27412;0
51;9;27413;0
51;9;27414;1
51;9;27415;1
51;9;27416;1
51;9;27417;1
51;9;27418;1
51;9;27419;1
51;9;27420;1
51;9;27421;1
51;9;27422;1
51;9;27423;1
51;9;27424;1
51;9;27425;1
51;9;27426;1
51;9;27427;1
51;9;27428;1
51;9;27429;1
51;9;27430;1
51;9;27431;1
51;9;27432;1
51;9;27433;1
51;9;27434;1
51;9;27435;1
51;9;27436;1
51;9;27437;1
51;9;27438;1
51;9;27439;1
51;9;27440;1
51;9;27441;1
51;9;27442;1
51;9;27443;1
51;9;27444;1
51;9;27445;1
51;9;27446;1
51;9;27447;1
51;9;27448;1
51;9;27449;1
51;9;27450;1
51;9;27451;1
51;9;27452;1
51;9;27453;1
51;9;27454;1
51;9;27455;1
51;9;27456;1
51;9;27457;1
51;9;27458;1
51;9;27459;1
51;9;27460;1
51;9;27461;1
51;9;27462;1
51;9;27463;1
51;9;27464;1
51;9;27465;1
51;9;27466;1
51;9;27467;1
51;9;27468;1
51;9;27469;0
51;9;27470;1
51;9;27471;1
51;9;27472;1
51;9;27473;1
51;9;27474;1
51;9;27475;1
51;9;27476;1
51;9;27477;1
51;9;27478;0
51;9;27479;1
51;9;27480;0
51;9;27481;1
51;9;27482;1
51;9;27483;1
51;9;27484;1
51;9;27485;1
51;9;27486;0
51;9;27487;1
51;9;27488;1
51;9;27489;1
51;9;27490;1
51;9;27491;1
51;9;27492;1
51;9;27493;1
51;9;27494;1
51;9;27495;1
51;9;27496;1
51;9;27497;1
51;9;27498;1
51;9;27499;1
51;9;27500;1
51;9;27501;1
51;9;27502;1
51;9;27503;1
51;9;27504;1
51;9;27505;1
51;9;27506;1
51;9;27507;1
51;9;27508;1
51;9;27509;1
51;9;27510;1
51;9;27511;1
51;9;27512;1
51;9;27513;1
51;9;27514;1
51;9;27515;1
51;9;27516;1
51;9;27517;1
51;9;27518;1
51;9;27519;1
51;9;27520;1
51;9;27521;1
51;9;27522;1
51;9;27523;1
51;9;27524;1
51;9;27525;1
51;9;27526;1
51;9;27527;0
51;9;27528;0
51;9;27529;0
51;9;27530;0
51;9;27531;1
51;9;27532;1
51;9;27533;1
51;9;27534;1
51;9;27535;1
51;9;27536;1
51;9;27537;1
51;9;27538;1
51;9;27539;1
51;9;27540;1
51;9;27541;1
51;9;27542;0
51;9;27543;1
51;9;27544;1
51;9;27545;1
51;9;27546;1
51;9;27547;1
51;9;27548;0
51;9;27549;0
51;9;27550;0
51;9;27551;0
51;9;27552;1
51;9;27553;1
51;9;27554;1
51;9;27555;1
51;9;27556;1
51;9;27557;0
51;9;27558;1
51;9;27559;1
51;9;27560;1
51;9;27561;1
51;9;27562;1
51;9;27563;1
51;9;27564;1
51;9;27565;1
51;9;27566;1
51;9;27567;1
51;9;27568;1
51;9;27569;1
51;9;27570;1
51;9;27571;1
51;9;27572;1
51;9;27573;1
51;9;27574;1
51;9;27575;0
51;9;27576;0
51;9;27577;0
51;9;27578;0
51;9;27579;0
51;9;27580;0
51;9;27581;1
51;9;27582;1
51;9;27583;1
51;9;27584;1
51;9;27585;1
51;9;27586;1
51;9;27587;1
51;9;27588;1
51;9;27589;1
51;9;27590;1
51;9;27591;1
51;9;27592;1
51;9;27593;1
51;9;27594;0
51;9;27595;0
51;9;27596;0
51;9;27597;1
51;9;27598;1
51;9;27599;1
51;9;27600;0
51;9;27601;0
51;9;27602;0
51;9;27603;0
51;9;27604;1
51;9;27605;1
51;9;27606;1
51;9;27607;1
51;9;27608;1
51;9;27609;1
51;9;27610;1
51;9;27611;1
51;9;27612;1
51;9;27613;1
51;9;27614;1
51;9;27615;1
51;9;27616;1
51;9;27617;1
51;9;27618;1
51;9;27619;1
51;9;27620;1
51;9;27621;1
51;9;27622;1
51;9;27623;1
51;9;27624;1
51;9;27625;1
51;9;27626;1
51;9;27627;1
51;9;27628;1
51;9;27629;1
51;9;27630;1
51;9;27631;1
51;9;27632;1
51;9;27633;1
51;9;27634;1
51;9;27635;1
51;9;27636;1
51;9;27637;1
51;9;27638;1
51;9;27639;1
51;9;27640;1
51;9;27641;1
51;9;27642;1
51;9;27643;1
51;9;27644;1
51;9;27645;1
51;9;27646;1
51;9;27647;1
51;9;27648;1
51;9;27649;1
51;9;27650;1
51;9;27651;1
51;9;27652;1
51;9;27653;1
51;9;27654;1
51;9;27655;1
51;9;27656;1
51;9;27657;1
51;9;27658;0
51;9;27659;1
51;9;27660;1
51;9;27661;1
51;9;27662;1
51;9;27663;1
51;9;27664;1
51;9;27665;1
51;9;27666;1
51;9;27667;1
51;9;27668;1
51;9;27669;1
51;9;27670;1
51;9;27671;1
51;9;27672;1
51;9;27673;1
51;9;27674;1
51;9;27675;1
51;9;27676;1
51;9;27677;1
51;9;27678;1
51;9;27679;1
51;9;27680;1
51;9;27681;1
51;9;27682;1
51;9;27683;1
51;9;27684;1
51;9;27685;1
51;9;27686;1
51;9;27687;1
51;9;27688;1
51;9;27689;1
51;9;27690;1
51;9;27691;1
51;9;27692;1
51;9;27693;1
51;9;27694;1
51;9;27695;1
51;9;27696;1
51;9;27697;1
51;9;27698;1
51;9;27699;1
51;9;27700;1
51;9;27701;1
51;9;27702;1
51;9;27703;1
51;9;27704;1
51;9;27705;1
51;9;27706;1
51;9;27707;1
51;9;27708;1
51;9;27709;1
51;9;27710;1
51;9;27711;1
51;9;27712;1
51;9;27713;1
51;9;27714;1
51;9;27715;1
51;9;27716;1
51;9;27717;1
51;9;27718;1
51;9;27719;1
51;9;27720;1
51;9;27721;1
51;9;27722;1
51;9;27723;1
51;9;27724;1
51;9;27725;1
51;9;27726;1
51;9;27727;1
51;9;27728;1
51;9;27729;1
51;9;27730;1
51;9;27731;1
51;9;27732;1
51;9;27733;1
51;9;27734;1
51;9;27735;1
51;9;27736;1
51;9;27737;1
51;9;27738;1
51;9;27739;1
51;9;27740;0
51;9;27741;1
51;9;27742;1
51;9;27743;0
51;9;27744;1
51;9;27745;1
51;9;27746;1
51;9;27747;1
51;9;27748;1
51;9;27749;1
51;9;27750;1
51;9;27751;1
51;9;27752;1
51;9;27753;1
51;9;27754;1
51;9;27755;1
51;9;27756;1
51;9;27757;1
51;9;27758;1
51;9;27759;1
51;9;27760;1
51;9;27761;1
51;9;27762;1
51;9;27763;1
51;9;27764;1
51;9;27765;1
51;9;27766;1
51;9;27767;1
51;9;27768;0
51;9;27769;0
51;9;27770;0
51;9;27771;0
51;9;27772;0
51;9;27773;0
51;9;27774;0
51;9;27775;0
51;9;27776;0
51;9;27777;0
51;9;27778;0
51;9;27779;0
51;9;27780;0
51;9;27781;0
51;9;27782;1
51;9;27783;1
51;9;27784;0
51;9;27785;1
51;9;27786;0
51;9;27787;0
51;9;27788;0
51;9;27789;0
51;9;27790;0
51;9;27791;0
51;9;27792;0
51;9;27793;0
51;9;27794;0
51;9;27795;0
51;9;27796;0
51;9;27797;0
51;9;27798;0
51;9;27799;0
51;9;27800;0
51;9;27801;0
51;9;27802;0
51;9;27803;0
51;9;27804;0
51;9;27805;0
51;9;27806;1
51;9;27807;1
51;9;27808;1
51;9;27809;1
51;9;27810;0
51;9;27811;0
51;9;27812;0
51;9;27813;1
51;9;27814;1
51;9;27815;1
51;9;27816;1
51;9;27817;1
51;9;27818;0
51;9;27819;0
51;9;27820;0
51;9;27821;0
51;9;27822;0
51;9;27823;1
51;9;27824;1
51;9;27825;1
51;9;27826;1
51;9;27827;1
51;9;27828;1
51;9;27829;1
51;9;27830;1
51;9;27831;1
51;9;27832;1
51;9;27833;1
51;9;27834;1
51;9;27835;1
51;9;27836;1
51;9;27837;1
51;9;27838;1
51;9;27839;1
51;9;27840;1
51;9;27841;1
51;9;27842;1
51;9;27843;0
51;9;27844;1
51;9;27845;1
51;9;27846;1
51;9;27847;1
51;9;27848;1
51;9;27849;1
51;9;27850;1
51;9;27851;1
51;9;27852;1
51;9;27853;1
51;9;27854;1
51;9;27855;1
51;9;27856;1
51;9;27857;1
51;9;27858;1
51;9;27859;1
51;9;27860;1
51;9;27861;1
51;9;27862;1
51;9;27863;1
51;9;27864;1
51;9;27865;1
51;9;27866;0
51;9;27867;1
51;9;27868;1
51;9;27869;1
51;9;27870;1
51;9;27871;1
51;9;27872;1
51;9;27873;1
51;9;27874;1
51;9;27875;1
51;9;27876;1
51;9;27877;1
51;9;27878;1
51;9;27879;1
51;9;27880;1
51;9;27881;1
51;9;27882;1
51;9;27883;1
51;9;27884;1
51;9;27885;1
51;9;27886;1
51;9;27887;1
51;9;27888;1
51;9;27889;1
51;9;27890;1
51;9;27891;1
51;9;27892;1
51;9;27893;1
51;9;27894;1
51;9;27895;1
51;9;27896;1
51;9;27897;1
51;9;27898;0
51;9;27899;1
51;9;27900;1
51;9;27901;1
51;9;27902;1
51;9;27903;1
51;9;27904;1
51;9;27905;1
51;9;27906;1
51;9;27907;1
51;9;27908;1
51;9;27909;1
51;9;27910;1
51;9;27911;1
51;9;27912;1
51;9;27913;1
51;9;27914;1
51;9;27915;1
51;9;27916;1
51;9;27917;1
51;9;27918;1
51;9;27919;1
51;9;27920;1
51;9;27921;1
51;9;27922;1
51;9;27923;0
51;9;27924;1
51;9;27925;1
51;9;27926;1
51;9;27927;1
51;9;27928;1
51;9;27929;1
51;9;27930;1
51;9;27931;1
51;9;27932;1
51;9;27933;1
51;9;27934;1
51;9;27935;1
51;9;27936;1
51;9;27937;1
51;9;27938;1
51;9;27939;1
51;9;27940;1
51;9;27941;1
51;9;27942;1
51;9;27943;1
51;9;27944;1
51;9;27945;1
51;9;27946;1
51;9;27947;1
51;9;27948;1
51;9;27949;1
51;9;27950;1
51;9;27951;1
51;9;27952;1
51;9;27953;1
51;9;27954;1
51;9;27955;1
51;9;27956;1
51;9;27957;1
51;9;27958;1
51;9;27959;1
51;9;27960;1
51;9;27961;1
51;9;27962;1
51;9;27963;1
51;9;27964;1
51;9;27965;1
51;9;27966;1
51;9;27967;1
51;9;27968;0
51;9;27969;0
51;9;27970;0
51;9;27971;0
51;9;27972;1
51;9;27973;0
51;9;27974;1
51;9;27975;1
51;9;27976;1
51;9;27977;1
51;9;27978;1
51;9;27979;1
51;9;27980;1
51;9;27981;1
51;9;27982;1
51;9;27983;1
51;9;27984;1
51;9;27985;1
51;9;27986;1
51;9;27987;1
51;9;27988;1
51;9;27989;1
51;9;27990;1
51;9;27991;1
51;9;27992;1
51;9;27993;1
51;9;27994;1
51;9;27995;1
51;9;27996;1
51;9;27997;1
51;9;27998;1
51;9;27999;1
51;9;28000;1
51;9;28001;1
51;9;28002;1
51;9;28003;1
51;9;28004;1
51;9;28005;1
51;9;28006;1
51;9;28007;1
51;9;28008;1
51;9;28009;1
51;9;28010;1
51;9;28011;1
51;9;28012;1
51;9;28013;1
51;9;28014;1
51;9;28015;1
51;9;28016;1
51;9;28017;1
51;9;28018;1
51;9;28019;1
51;9;28020;1
51;9;28021;1
51;9;28022;1
51;9;28023;1
51;9;28024;1
51;9;28025;1
51;9;28026;1
51;9;28027;1
51;9;28028;1
51;9;28029;1
51;9;28030;1
51;9;28031;1
51;9;28032;1
51;9;28033;1
51;9;28034;1
51;9;28035;1
51;9;28036;1
51;9;28037;1
51;9;28038;1
51;9;28039;1
51;9;28040;1
51;9;28041;1
51;9;28042;1
51;9;28043;1
51;9;28044;1
51;9;28045;1
51;9;28046;1
51;9;28047;1
51;9;28048;1
51;9;28049;1
51;9;28050;1
51;9;28051;1
51;9;28052;1
51;9;28053;1
51;9;28054;1
51;9;28055;1
51;9;28056;1
51;9;28057;1
51;9;28058;1
51;9;28059;1
51;9;28060;1
51;9;28061;1
51;9;28062;1
51;9;28063;1
51;9;28064;1
51;9;28065;1
51;9;28066;1
51;9;28067;1
51;9;28068;1
51;9;28069;1
51;9;28070;1
51;9;28071;1
51;9;28072;1
51;9;28073;1
51;9;28074;1
51;9;28075;1
51;9;28076;1
51;9;28077;1
51;9;28078;1
51;9;28079;1
51;9;28080;1
51;9;28081;1
51;9;28082;1
51;9;28083;1
51;9;28084;1
51;9;28085;1
51;9;28086;1
51;9;28087;1
51;9;28088;1
51;9;28089;1
51;9;28090;1
51;9;28091;1
51;9;28092;1
51;9;28093;1
51;9;28094;1
51;9;28095;1
51;9;28096;1
51;9;28097;1
51;9;28098;1
51;9;28099;1
51;9;28100;1
51;9;28101;1
51;9;28102;1
51;9;28103;1
51;9;28104;1
51;9;28105;1
51;9;28106;1
51;9;28107;1
51;9;28108;1
51;9;28109;1
51;9;28110;1
51;9;28111;1
51;9;28112;1
51;9;28113;1
51;9;28114;1
51;9;28115;1
51;9;28116;1
51;9;28117;1
51;9;28118;1
51;9;28119;1
51;9;28120;1
51;9;28121;1
51;9;28122;1
51;9;28123;1
51;9;28124;1
51;9;28125;1
51;9;28126;1
51;9;28127;1
51;9;28128;1
51;9;28129;1
51;9;28130;1
51;9;28131;1
51;9;28132;1
51;9;28133;1
51;9;28134;1
51;9;28135;1
51;9;28136;1
51;9;28137;1
51;9;28138;1
51;9;28139;1
51;9;28140;1
51;9;28141;1
51;9;28142;1
51;9;28143;1
51;9;28144;1
51;9;28145;1
51;9;28146;1
51;9;28147;1
51;9;28148;1
51;9;28149;1
51;9;28150;1
51;9;28151;1
51;9;28152;1
51;9;28153;1
51;9;28154;1
51;9;28155;1
51;9;28156;1
51;9;28157;1
51;9;28158;1
51;9;28159;1
51;9;28160;1
51;9;28161;1
51;9;28162;1
51;9;28163;1
51;9;28164;1
51;9;28165;1
51;9;28166;1
51;9;28167;1
51;9;28168;1
51;9;28169;1
51;9;28170;1
51;9;28171;1
51;9;28172;1
51;9;28173;1
51;9;28174;1
51;9;28175;1
51;9;28176;1
51;9;28177;1
51;9;28178;1
51;9;28179;1
51;9;28180;1
51;9;28181;1
51;9;28182;1
51;9;28183;1
51;9;28184;1
51;9;28185;1
51;9;28186;1
51;9;28187;1
51;9;28188;1
51;9;28189;1
51;9;28190;1
51;9;28191;1
51;9;28192;1
51;9;28193;1
51;9;28194;1
51;9;28195;1
51;9;28196;1
51;9;28197;1
51;9;28198;1
51;9;28199;1
51;9;28200;1
51;9;28201;1
51;9;28202;1
51;9;28203;1
51;9;28204;1
51;9;28205;1
51;9;28206;1
51;9;28207;1
51;9;28208;1
51;9;28209;1
51;9;28210;1
51;9;28211;1
51;9;28212;1
51;9;28213;1
51;9;28214;1
51;9;28215;1
51;9;28216;1
51;9;28217;1
51;9;28218;1
51;9;28219;1
51;9;28220;1
51;9;28221;1
51;9;28222;1
51;9;28223;1
51;9;28224;1
51;9;28225;1
51;9;28226;1
51;9;28227;0
51;9;28228;1
51;9;28229;1
51;9;28230;1
51;9;28231;1
51;9;28232;1
51;9;28233;1
51;9;28234;1
51;9;28235;1
51;9;28236;1
51;9;28237;1
51;9;28238;1
51;9;28239;1
51;9;28240;1
51;9;28241;1
51;9;28242;1
51;9;28243;1
51;9;28244;1
51;9;28245;1
51;9;28246;1
51;9;28247;1
51;9;28248;1
51;9;28249;1
51;9;28250;1
51;9;28251;1
51;9;28252;1
51;9;28253;1
51;9;28254;1
51;9;28255;1
51;9;28256;1
51;9;28257;1
51;9;28258;1
51;9;28259;1
51;9;28260;1
51;9;28261;1
51;9;28262;1
51;9;28263;1
51;9;28264;1
51;9;28265;1
51;9;28266;1
51;9;28267;1
51;9;28268;1
51;9;28269;1
51;9;28270;1
51;9;28271;1
51;9;28272;1
51;9;28273;1
51;9;28274;1
51;9;28275;1
51;9;28276;1
51;9;28277;1
51;9;28278;1
51;9;28279;1
51;9;28280;1
51;9;28281;1
51;9;28282;1
51;9;28283;1
51;9;28284;1
51;9;28285;1
51;9;28286;1
51;9;28287;1
51;9;28288;1
51;9;28289;1
51;9;28290;1
51;9;28291;1
51;9;28292;1
51;9;28293;1
51;9;28294;1
51;9;28295;1
51;9;28296;1
51;9;28297;1
51;9;28298;1
51;9;28299;1
51;9;28300;1
51;9;28301;1
51;9;28302;1
51;9;28303;1
51;9;28304;1
51;9;28305;1
51;9;28306;1
51;9;28307;1
51;9;28308;1
51;9;28309;1
51;9;28310;1
51;9;28311;1
51;9;28312;1
51;9;28313;1
51;9;28314;1
51;9;28315;1
51;9;28316;1
51;9;28317;1
51;9;28318;1
51;9;28319;1
51;9;28320;1
51;9;28321;1
51;9;28322;1
51;9;28323;1
51;9;28324;1
51;9;28325;1
51;9;28326;1
51;9;28327;1
51;9;28328;1
51;9;28329;1
51;9;28330;1
51;9;28331;1
51;9;28332;1
51;9;28333;1
51;9;28334;1
51;9;28335;1
51;9;28336;1
51;9;28337;1
51;9;28338;1
51;9;28339;1
51;9;28340;1
51;9;28341;1
51;9;28342;1
51;9;28343;1
51;9;28344;1
51;9;28345;1
51;9;28346;1
51;9;28347;1
51;9;28348;1
51;9;28349;1
51;9;28350;1
51;9;28351;1
51;9;28352;1
51;9;28353;1
51;9;28354;1
51;9;28355;1
51;9;28356;1
51;9;28357;1
51;9;28358;1
51;9;28359;1
51;9;28360;1
51;9;28361;1
51;9;28362;1
51;9;28363;1
51;9;28364;1
51;9;28365;1
51;9;28366;1
51;9;28367;1
51;9;28368;1
51;9;28369;1
51;9;28370;1
51;9;28371;0
51;9;28372;1
51;9;28373;1
51;9;28374;1
51;9;28375;1
51;9;28376;1
51;9;28377;1
51;9;28378;1
51;9;28379;0
51;9;28380;1
51;9;28381;1
51;9;28382;1
51;9;28383;1
51;9;28384;1
51;9;28385;1
51;9;28386;1
51;9;28387;1
51;9;28388;1
51;9;28389;1
51;9;28390;1
51;9;28391;1
51;9;28392;1
51;9;28393;1
51;9;28394;1
51;9;28395;1
51;9;28396;1
51;9;28397;1
51;9;28398;1
51;9;28399;1
51;9;28400;1
51;9;28401;1
51;9;28402;1
51;9;28403;1
51;9;28404;1
51;9;28405;1
51;9;28406;1
51;9;28407;1
51;9;28408;0
51;9;28409;1
51;9;28410;0
51;9;28411;1
51;9;28412;1
51;9;28413;1
51;9;28414;1
51;9;28415;1
51;9;28416;1
51;9;28417;1
51;9;28418;1
51;9;28419;1
51;9;28420;1
51;9;28421;1
51;9;28422;1
51;9;28423;1
51;9;28424;1
51;9;28425;1
51;9;28426;1
51;9;28427;1
51;9;28428;1
51;9;28429;1
51;9;28430;1
51;9;28431;1
51;9;28432;1
51;9;28433;1
51;9;28434;1
51;9;28435;1
51;9;28436;1
51;9;28437;1
51;9;28438;1
51;9;28439;1
51;9;28440;1
51;9;28441;1
51;9;28442;1
51;9;28443;1
51;9;28444;1
51;9;28445;0
51;9;28446;1
51;9;28447;1
51;9;28448;1
51;9;28449;1
51;9;28450;1
51;9;28451;1
51;9;28452;1
51;9;28453;1
51;9;28454;1
51;9;28455;1
51;9;28456;1
51;9;28457;1
51;9;28458;1
51;9;28459;1
51;9;28460;1
51;9;28461;1
51;9;28462;1
51;9;28463;1
51;9;28464;1
51;9;28465;1
51;9;28466;1
51;9;28467;1
51;9;28468;1
51;9;28469;1
51;9;28470;1
51;9;28471;1
51;9;28472;1
51;9;28473;1
51;9;28474;1
51;9;28475;1
51;9;28476;1
51;9;28477;1
51;9;28478;1
51;9;28479;1
51;9;28480;1
51;9;28481;1
51;9;28482;1
51;9;28483;0
51;9;28484;1
51;9;28485;0
51;9;28486;1
51;9;28487;1
51;9;28488;1
51;9;28489;1
51;9;28490;0
51;9;28491;0
51;9;28492;1
51;9;28493;0
51;9;28494;1
51;9;28495;1
51;9;28496;1
51;9;28497;1
51;9;28498;1
51;9;28499;1
51;9;28500;1
51;9;28501;1
51;9;28502;1
51;9;28503;1
51;9;28504;1
51;9;28505;1
51;9;28506;1
51;9;28507;1
51;9;28508;1
51;9;28509;1
51;9;28510;1
51;9;28511;1
51;9;28512;1
51;9;28513;1
51;9;28514;1
51;9;28515;1
51;9;28516;1
51;9;28517;1
51;9;28518;1
51;9;28519;1
51;9;28520;1
51;9;28521;1
51;9;28522;1
51;9;28523;1
51;9;28524;1
51;9;28525;1
51;9;28526;1
51;9;28527;1
51;9;28528;1
51;9;28529;1
51;9;28530;1
51;9;28531;1
51;9;28532;1
51;9;28533;1
51;9;28534;1
51;9;28535;0
51;9;28536;0
51;9;28537;0
51;9;28538;1
51;9;28539;1
51;9;28540;1
51;9;28541;0
51;9;28542;0
51;9;28543;0
51;9;28544;1
51;9;28545;1
51;9;28546;1
51;9;28547;1
51;9;28548;1
51;9;28549;1
51;9;28550;1
51;9;28551;1
51;9;28552;1
51;9;28553;1
51;9;28554;1
51;9;28555;1
51;9;28556;1
51;9;28557;1
51;9;28558;1
51;9;28559;1
51;9;28560;1
51;9;28561;1
51;9;28562;1
51;9;28563;1
51;9;28564;1
51;9;28565;1
51;9;28566;1
51;9;28567;1
51;9;28568;1
51;9;28569;1
51;9;28570;1
51;9;28571;1
51;9;28572;1
51;9;28573;1
51;9;28574;1
51;9;28575;1
51;9;28576;1
51;9;28577;1
51;9;28578;1
51;9;28579;1
51;9;28580;1
51;9;28581;1
51;9;28582;1
51;9;28583;1
51;9;28584;1
51;9;28585;1
51;9;28586;0
51;9;28587;0
51;9;28588;0
51;9;28589;1
51;9;28590;1
51;9;28591;1
51;9;28592;1
51;9;28593;1
51;9;28594;1
51;9;28595;1
51;9;28596;1
51;9;28597;1
51;9;28598;1
51;9;28599;1
51;9;28600;1
51;9;28601;1
51;9;28602;1
51;9;28603;1
51;9;28604;1
51;9;28605;1
51;9;28606;1
51;9;28607;1
51;9;28608;1
51;9;28609;1
51;9;28610;1
51;9;28611;1
51;9;28612;1
51;9;28613;1
51;9;28614;1
51;9;28615;1
51;9;28616;1
51;9;28617;1
51;9;28618;1
51;9;28619;1
51;9;28620;1
51;9;28621;1
51;9;28622;1
51;9;28623;1
51;9;28624;1
51;9;28625;1
51;9;28626;1
51;9;28627;1
51;9;28628;1
51;9;28629;1
51;9;28630;1
51;9;28631;1
51;9;28632;1
51;9;28633;1
51;9;28634;1
51;9;28635;1
51;9;28636;1
51;9;28637;1
51;9;28638;1
51;9;28639;1
51;9;28640;0
51;9;28641;1
51;9;28642;1
51;9;28643;0
51;9;28644;1
51;9;28645;1
51;9;28646;1
51;9;28647;1
51;9;28648;1
51;9;28649;1
51;9;28650;1
51;9;28651;1
51;9;28652;1
51;9;28653;1
51;9;28654;1
51;9;28655;1
51;9;28656;1
51;9;28657;1
51;9;28658;1
51;9;28659;1
51;9;28660;1
51;9;28661;1
51;9;28662;1
51;9;28663;1
51;9;28664;1
51;9;28665;1
51;9;28666;1
51;9;28667;1
51;9;28668;1
51;9;28669;1
51;9;28670;1
51;9;28671;1
51;9;28672;1
51;9;28673;1
51;9;28674;1
51;9;28675;1
51;9;28676;1
51;9;28677;1
51;9;28678;1
51;9;28679;1
51;9;28680;1
51;9;28681;1
51;9;28682;1
51;9;28683;1
51;9;28684;1
51;9;28685;1
51;9;28686;1
51;9;28687;1
51;9;28688;1
51;9;28689;1
51;9;28690;1
51;9;28691;1
51;9;28692;1
51;9;28693;1
51;9;28694;1
51;9;28695;1
51;9;28696;1
51;9;28697;1
51;9;28698;1
51;9;28699;1
51;9;28700;1
51;9;28701;1
51;9;28702;1
51;9;28703;1
51;9;28704;1
51;9;28705;1
51;9;28706;1
51;9;28707;1
51;9;28708;1
51;9;28709;1
51;9;28710;1
51;9;28711;1
51;9;28712;1
51;9;28713;0
51;9;28714;0
51;9;28715;1
51;9;28716;1
51;9;28717;1
51;9;28718;1
51;9;28719;1
51;9;28720;0
51;9;28721;1
51;9;28722;1
51;9;28723;1
51;9;28724;1
51;9;28725;1
51;9;28726;1
51;9;28727;1
51;9;28728;1
51;9;28729;1
51;9;28730;1
51;9;28731;1
51;9;28732;1
51;9;28733;1
51;9;28734;1
51;9;28735;1
51;9;28736;1
51;9;28737;1
51;9;28738;1
51;9;28739;1
51;9;28740;1
51;9;28741;1
51;9;28742;1
51;9;28743;1
51;9;28744;1
51;9;28745;1
51;9;28746;1
51;9;28747;1
51;9;28748;1
51;9;28749;1
51;9;28750;1
51;9;28751;1
51;9;28752;1
51;9;28753;1
51;9;28754;1
51;9;28755;1
51;9;28756;1
51;9;28757;1
51;9;28758;1
51;9;28759;1
51;9;28760;1
51;9;28761;1
51;9;28762;1
51;9;28763;1
51;9;28764;1
51;9;28765;1
51;9;28766;1
51;9;28767;1
51;9;28768;1
51;9;28769;1
51;9;28770;1
51;9;28771;1
51;9;28772;1
51;9;28773;1
51;9;28774;1
51;9;28775;1
51;9;28776;1
51;9;28777;1
51;9;28778;1
51;9;28779;1
51;9;28780;1
51;9;28781;1
51;9;28782;1
51;9;28783;1
51;9;28784;1
51;9;28785;1
51;9;28786;1
51;9;28787;1
51;9;28788;1
51;9;28789;1
51;9;28790;1
51;9;28791;1
51;9;28792;1
51;9;28793;1
51;9;28794;1
51;9;28795;1
51;9;28796;1
51;9;28797;1
51;9;28798;1
51;9;28799;1
51;9;28800;1
51;9;28801;1
51;9;28802;1
51;9;28803;1
51;9;28804;1
51;9;28805;1
51;9;28806;1
51;9;28807;1
51;9;28808;1
51;9;28809;1
51;9;28810;1
51;9;28811;1
51;9;28812;1
51;9;28813;1
51;9;28814;1
51;9;28815;1
51;9;28816;1
51;9;28817;1
51;9;28818;1
51;9;28819;1
51;9;28820;1
51;9;28821;1
51;9;28822;1
51;9;28823;1
51;9;28824;1
51;9;28825;1
51;9;28826;1
51;9;28827;1
51;9;28828;1
51;9;28829;1
51;9;28830;1
51;9;28831;1
51;9;28832;1
51;9;28833;1
51;9;28834;1
51;9;28835;1
51;9;28836;1
51;9;28837;1
51;9;28838;1
51;9;28839;1
51;9;28840;1
51;9;28841;1
51;9;28842;1
51;9;28843;1
51;9;28844;1
51;9;28845;1
51;9;28846;1
51;9;28847;1
51;9;28848;1
51;9;28849;1
51;9;28850;1
51;9;28851;1
51;9;28852;1
51;9;28853;1
51;9;28854;1
51;9;28855;1
51;9;28856;1
51;9;28857;1
51;9;28858;1
51;9;28859;1
51;9;28860;1
51;9;28861;1
51;9;28862;1
51;9;28863;1
51;9;28864;1
51;9;28865;1
51;9;28866;1
51;9;28867;1
51;9;28868;1
51;9;28869;1
51;9;28870;1
51;9;28871;1
51;9;28872;1
51;9;28873;1
51;9;28874;1
51;9;28875;1
51;9;28876;1
51;9;28877;1
51;9;28878;1
51;9;28879;1
51;9;28880;1
51;9;28881;1
51;9;28882;1
51;9;28883;1
51;9;28884;1
51;9;28885;1
51;9;28886;1
51;9;28887;1
51;9;28888;1
51;9;28889;1
51;9;28890;1
51;9;28891;1
51;9;28892;1
51;9;28893;1
51;9;28894;1
51;9;28895;1
51;9;28896;1
51;9;28897;1
51;9;28898;1
51;9;28899;1
51;9;28900;1
51;9;28901;1
51;9;28902;1
51;9;28903;1
51;9;28904;1
51;9;28905;1
51;9;28906;1
51;9;28907;1
51;9;28908;1
51;9;28909;1
51;9;28910;1
51;9;28911;1
51;9;28912;1
51;9;28913;1
51;9;28914;1
51;9;28915;1
51;9;28916;1
51;9;28917;1
51;9;28918;1
51;9;28919;1
51;9;28920;1
51;9;28921;1
51;9;28922;1
51;9;28923;1
51;9;28924;1
51;9;28925;1
51;9;28926;1
51;9;28927;1
51;9;28928;1
51;9;28929;1
51;9;28930;1
51;9;28931;1
51;9;28932;1
51;9;28933;1
51;9;28934;1
51;9;28935;1
51;9;28936;1
51;9;28937;1
51;9;28938;1
51;9;28939;1
51;9;28940;1
51;9;28941;1
51;9;28942;1
51;9;28943;1
51;9;28944;1
51;9;28945;1
51;9;28946;1
51;9;28947;0
51;9;28948;1
51;9;28949;1
51;9;28950;1
51;9;28951;1
51;9;28952;1
51;9;28953;1
51;9;28954;1
51;9;28955;1
51;9;28956;1
51;9;28957;1
51;9;28958;1
51;9;28959;1
51;9;28960;1
51;9;28961;1
51;9;28962;1
51;9;28963;1
51;9;28964;1
51;9;28965;1
51;9;28966;1
51;9;28967;1
51;9;28968;1
51;9;28969;1
51;9;28970;1
51;9;28971;1
51;9;28972;1
51;9;28973;1
51;9;28974;1
51;9;28975;1
51;9;28976;1
51;9;28977;1
51;9;28978;1
51;9;28979;0
51;9;28980;1
51;9;28981;1
51;9;28982;1
51;9;28983;1
51;9;28984;1
51;9;28985;1
51;9;28986;1
51;9;28987;1
51;9;28988;1
51;9;28989;1
51;9;28990;1
51;9;28991;1
51;9;28992;1
51;9;28993;1
51;9;28994;1
51;9;28995;1
51;9;28996;1
51;9;28997;1
51;9;28998;1
51;9;28999;1
51;9;29000;1
51;9;29001;1
51;9;29002;1
51;9;29003;1
51;9;29004;1
51;9;29005;1
51;9;29006;1
51;9;29007;1
51;9;29008;1
51;9;29009;1
51;9;29010;1
51;9;29011;1
51;9;29012;1
51;9;29013;1
51;9;29014;1
51;9;29015;1
51;9;29016;1
51;9;29017;1
51;9;29018;1
51;9;29019;1
51;9;29020;1
51;9;29021;1
51;9;29022;1
51;9;29023;1
51;9;29024;1
51;9;29025;1
51;9;29026;1
51;9;29027;1
51;9;29028;1
51;9;29029;1
51;9;29030;1
51;9;29031;1
51;9;29032;1
51;9;29033;1
51;9;29034;1
51;9;29035;1
51;9;29036;1
51;9;29037;1
51;9;29038;1
51;9;29039;1
51;9;29040;1
51;9;29041;1
51;9;29042;0
51;9;29043;0
51;9;29044;0
51;9;29045;1
51;9;29046;1
51;9;29047;1
51;9;29048;1
51;9;29049;1
51;9;29050;1
51;9;29051;1
51;9;29052;1
51;9;29053;1
51;9;29054;1
51;9;29055;1
51;9;29056;1
51;9;29057;1
51;9;29058;1
51;9;29059;1
51;9;29060;1
51;9;29061;1
51;9;29062;1
51;9;29063;1
51;9;29064;1
51;9;29065;1
51;9;29066;1
51;9;29067;1
51;9;29068;1
51;9;29069;1
51;9;29070;1
51;9;29071;1
51;9;29072;1
51;9;29073;1
51;9;29074;1
51;9;29075;1
51;9;29076;1
51;9;29077;1
51;9;29078;1
51;9;29079;1
51;9;29080;0
51;9;29081;1
51;9;29082;1
51;9;29083;1
51;9;29084;1
51;9;29085;1
51;9;29086;1
51;9;29087;1
51;9;29088;1
51;9;29089;1
51;9;29090;1
51;9;29091;1
51;9;29092;1
51;9;29093;1
51;9;29094;1
51;9;29095;1
51;9;29096;1
51;9;29097;0
51;9;29098;1
51;9;29099;1
51;9;29100;1
51;9;29101;1
51;9;29102;1
51;9;29103;1
51;9;29104;1
51;9;29105;0
51;9;29106;1
51;9;29107;1
51;9;29108;0
51;9;29109;0
51;9;29110;0
51;9;29111;1
51;9;29112;1
51;9;29113;1
51;9;29114;1
51;9;29115;1
51;9;29116;1
51;9;29117;1
51;9;29118;1
51;9;29119;1
51;9;29120;1
51;9;29121;1
51;9;29122;1
51;9;29123;1
51;9;29124;1
51;9;29125;1
51;9;29126;1
51;9;29127;1
51;9;29128;1
51;9;29129;1
51;9;29130;1
51;9;29131;1
51;9;29132;1
51;9;29133;1
51;9;29134;1
51;9;29135;1
51;9;29136;1
51;9;29137;1
51;9;29138;1
51;9;29139;1
51;9;29140;1
51;9;29141;1
51;9;29142;1
51;9;29143;1
51;9;29144;1
51;9;29145;1
51;9;29146;1
51;9;29147;1
51;9;29148;1
51;9;29149;1
51;9;29150;1
51;9;29151;1
51;9;29152;1
51;9;29153;1
51;9;29154;1
51;9;29155;1
51;9;29156;1
51;9;29157;1
51;9;29158;1
51;9;29159;1
51;9;29160;1
51;9;29161;1
51;9;29162;1
51;9;29163;1
51;9;29164;1
51;9;29165;1
51;9;29166;1
51;9;29167;1
51;9;29168;1
51;9;29169;1
51;9;29170;1
51;9;29171;1
51;9;29172;1
51;9;29173;1
51;9;29174;1
51;9;29175;1
51;9;29176;1
51;9;29177;1
51;9;29178;1
51;9;29179;1
51;9;29180;1
51;9;29181;1
51;9;29182;1
51;9;29183;1
51;9;29184;1
51;9;29185;1
51;9;29186;1
51;9;29187;1
51;9;29188;1
51;9;29189;1
51;9;29190;1
51;9;29191;1
51;9;29192;1
51;9;29193;1
51;9;29194;1
51;9;29195;1
51;9;29196;1
51;9;29197;1
51;9;29198;1
51;9;29199;1
51;9;29200;1
51;9;29201;1
51;9;29202;1
51;9;29203;1
51;9;29204;1
51;9;29205;0
51;9;29206;1
51;9;29207;0
51;9;29208;1
51;9;29209;1
51;9;29210;1
51;9;29211;1
51;9;29212;1
51;9;29213;1
51;9;29214;1
51;9;29215;1
51;9;29216;1
51;9;29217;1
51;9;29218;1
51;9;29219;1
51;9;29220;1
51;9;29221;1
51;9;29222;1
51;9;29223;1
51;9;29224;1
51;9;29225;1
51;9;29226;1
51;9;29227;1
51;9;29228;1
51;9;29229;1
51;9;29230;1
51;9;29231;1
51;9;29232;1
51;9;29233;1
51;9;29234;0
51;9;29235;1
51;9;29236;1
51;9;29237;1
51;9;29238;1
51;9;29239;1
51;9;29240;1
51;9;29241;1
51;9;29242;1
51;9;29243;1
51;9;29244;1
51;9;29245;1
51;9;29246;1
51;9;29247;1
51;9;29248;1
51;9;29249;1
51;9;29250;1
51;9;29251;1
51;9;29252;1
51;9;29253;1
51;9;29254;1
51;9;29255;1
51;9;29256;1
51;9;29257;1
51;9;29258;1
51;9;29259;1
51;9;29260;1
51;9;29261;1
51;9;29262;1
51;9;29263;1
51;9;29264;0
51;9;29265;1
51;9;29266;1
51;9;29267;1
51;9;29268;1
51;9;29269;1
51;9;29270;1
51;9;29271;1
51;9;29272;1
51;9;29273;1
51;9;29274;1
51;9;29275;1
51;9;29276;1
51;9;29277;1
51;9;29278;1
51;9;29279;1
51;9;29280;1
51;9;29281;1
51;9;29282;1
51;9;29283;1
51;9;29284;1
51;9;29285;1
51;9;29286;1
51;9;29287;1
51;9;29288;1
51;9;29289;1
51;9;29290;1
51;9;29291;1
51;9;29292;1
51;9;29293;1
51;9;29294;1
51;9;29295;1
51;9;29296;1
51;9;29297;1
51;9;29298;1
51;9;29299;1
51;9;29300;1
51;9;29301;1
51;9;29302;1
51;9;29303;1
51;9;29304;1
51;9;29305;1
51;9;29306;1
51;9;29307;1
51;9;29308;1
51;9;29309;1
51;9;29310;1
51;9;29311;1
51;9;29312;1
51;9;29313;1
51;9;29314;1
51;9;29315;1
51;9;29316;1
51;9;29317;1
51;9;29318;1
51;9;29319;1
51;9;29320;1
51;9;29321;0
51;9;29322;1
51;9;29323;1
51;9;29324;1
51;9;29325;1
51;9;29326;1
51;9;29327;1
51;9;29328;1
51;9;29329;1
51;9;29330;1
51;9;29331;1
51;9;29332;1
51;9;29333;1
51;9;29334;1
51;9;29335;1
51;9;29336;1
51;9;29337;1
51;9;29338;1
51;9;29339;1
51;9;29340;1
51;9;29341;1
51;9;29342;1
51;9;29343;1
51;9;29344;1
51;9;29345;1
51;9;29346;1
51;9;29347;1
51;9;29348;1
51;9;29349;1
51;9;29350;1
51;9;29351;1
51;9;29352;1
51;9;29353;1
51;9;29354;1
51;9;29355;1
51;9;29356;1
51;9;29357;1
51;9;29358;1
51;9;29359;0
51;9;29360;1
51;9;29361;1
51;9;29362;1
51;9;29363;1
51;9;29364;1
51;9;29365;1
51;9;29366;0
51;9;29367;1
51;9;29368;1
51;9;29369;1
51;9;29370;1
51;9;29371;1
51;9;29372;1
51;9;29373;0
51;9;29374;1
51;9;29375;1
51;9;29376;1
51;9;29377;1
51;9;29378;1
51;9;29379;1
51;9;29380;1
51;9;29381;1
51;9;29382;1
51;9;29383;1
51;9;29384;1
51;9;29385;1
51;9;29386;1
51;9;29387;1
51;9;29388;1
51;9;29389;1
51;9;29390;1
51;9;29391;1
51;9;29392;1
51;9;29393;1
51;9;29394;1
51;9;29395;1
51;9;29396;1
51;9;29397;1
51;9;29398;1
51;9;29399;1
51;9;29400;1
51;9;29401;1
51;9;29402;1
51;9;29403;1
51;9;29404;1
51;9;29405;1
51;9;29406;1
51;9;29407;1
51;9;29408;1
51;9;29409;1
51;9;29410;1
51;9;29411;1
51;9;29412;1
51;9;29413;1
51;9;29414;1
51;9;29415;1
51;9;29416;1
51;9;29417;1
51;9;29418;1
51;9;29419;1
51;9;29420;1
51;9;29421;1
51;9;29422;0
51;9;29423;1
51;9;29424;1
51;9;29425;1
51;9;29426;1
51;9;29427;1
51;9;29428;1
51;9;29429;1
51;9;29430;1
51;9;29431;1
51;9;29432;1
51;9;29433;1
51;9;29434;1
51;9;29435;1
51;9;29436;1
51;9;29437;1
51;9;29438;1
51;9;29439;1
51;9;29440;1
51;9;29441;1
51;9;29442;1
51;9;29443;1
51;9;29444;1
51;9;29445;1
51;9;29446;1
51;9;29447;1
51;9;29448;1
51;9;29449;1
51;9;29450;1
51;9;29451;1
51;9;29452;1
51;9;29453;1
51;9;29454;1
51;9;29455;1
51;9;29456;1
51;9;29457;1
51;9;29458;1
51;9;29459;1
51;9;29460;1
51;9;29461;1
51;9;29462;1
51;9;29463;1
51;9;29464;1
51;9;29465;1
51;9;29466;1
51;9;29467;1
51;9;29468;1
51;9;29469;1
51;9;29470;1
51;9;29471;1
51;9;29472;1
51;9;29473;1
51;9;29474;1
51;9;29475;1
51;9;29476;1
51;9;29477;0
51;9;29478;1
51;9;29479;1
51;9;29480;1
51;9;29481;0
51;9;29482;1
51;9;29483;1
51;9;29484;1
51;9;29485;1
51;9;29486;1
51;9;29487;1
51;9;29488;1
51;9;29489;1
51;9;29490;1
51;9;29491;1
51;9;29492;1
51;9;29493;1
51;9;29494;1
51;9;29495;1
51;9;29496;1
51;9;29497;1
51;9;29498;1
51;9;29499;1
51;9;29500;1
51;9;29501;1
51;9;29502;1
51;9;29503;1
51;9;29504;1
51;9;29505;1
51;9;29506;1
51;9;29507;1
51;9;29508;1
51;9;29509;1
51;9;29510;1
51;9;29511;1
51;9;29512;1
51;9;29513;1
51;9;29514;1
51;9;29515;1
51;9;29516;1
51;9;29517;1
51;9;29518;1
51;9;29519;1
51;9;29520;1
51;9;29521;1
51;9;29522;1
51;9;29523;1
51;9;29524;1
51;9;29525;1
51;9;29526;1
51;9;29527;1
51;9;29528;1
51;9;29529;1
51;9;29530;1
51;9;29531;1
51;9;29532;1
51;9;29533;1
51;9;29534;1
51;9;29535;1
51;9;29536;1
51;9;29537;1
51;9;29538;1
51;9;29539;1
51;9;29540;1
51;9;29541;1
51;9;29542;1
51;9;29543;1
51;9;29544;1
51;9;29545;1
51;9;29546;1
51;9;29547;1
51;9;29548;1
51;9;29549;1
51;9;29550;1
51;9;29551;1
51;9;29552;1
51;9;29553;1
51;9;29554;1
51;9;29555;1
51;9;29556;1
51;9;29557;1
51;9;29558;1
51;9;29559;1
51;9;29560;1
51;9;29561;1
51;9;29562;1
51;9;29563;1
51;9;29564;1
51;9;29565;1
51;9;29566;1
51;9;29567;1
51;9;29568;1
51;9;29569;1
51;9;29570;1
51;9;29571;1
51;9;29572;1
51;9;29573;1
51;9;29574;1
51;9;29575;1
51;9;29576;1
51;9;29577;1
51;9;29578;1
51;9;29579;1
51;9;29580;1
51;9;29581;1
51;9;29582;1
51;9;29583;1
51;9;29584;1
51;9;29585;1
51;9;29586;1
51;9;29587;1
51;9;29588;1
51;9;29589;1
51;9;29590;1
51;9;29591;1
51;9;29592;1
51;9;29593;1
51;9;29594;1
51;9;29595;1
51;9;29596;1
51;9;29597;1
51;9;29598;1
51;9;29599;1
51;9;29600;1
51;9;29601;1
51;9;29602;1
51;9;29603;1
51;9;29604;1
51;9;29605;1
51;9;29606;1
51;9;29607;1
51;9;29608;1
51;9;29609;1
51;9;29610;1
51;9;29611;1
51;9;29612;1
51;9;29613;1
51;9;29614;1
51;9;29615;1
51;9;29616;1
51;9;29617;1
51;9;29618;1
51;9;29619;1
51;9;29620;1
51;9;29621;1
51;9;29622;1
51;9;29623;1
51;9;29624;1
51;9;29625;1
51;9;29626;1
51;9;29627;1
51;9;29628;1
51;9;29629;1
51;9;29630;1
51;9;29631;1
51;9;29632;1
51;9;29633;1
51;9;29634;1
51;9;29635;1
51;9;29636;1
51;9;29637;1
51;9;29638;1
51;9;29639;1
51;9;29640;1
51;9;29641;1
51;9;29642;1
51;9;29643;1
51;9;29644;1
51;9;29645;1
51;9;29646;1
51;9;29647;1
51;9;29648;1
51;9;29649;1
51;9;29650;1
51;9;29651;1
51;9;29652;1
51;9;29653;1
51;9;29654;1
51;9;29655;1
51;9;29656;1
51;9;29657;1
51;9;29658;1
51;9;29659;1
51;9;29660;1
51;9;29661;1
51;9;29662;1
51;9;29663;1
51;9;29664;1
51;9;29665;1
51;9;29666;1
51;9;29667;1
51;9;29668;1
51;9;29669;1
51;9;29670;1
51;9;29671;1
51;9;29672;1
51;9;29673;1
51;9;29674;1
51;9;29675;1
51;9;29676;1
51;9;29677;1
51;9;29678;1
51;9;29679;1
51;9;29680;1
51;9;29681;1
51;9;29682;1
51;9;29683;1
51;9;29684;1
51;9;29685;1
51;9;29686;1
51;9;29687;1
51;9;29688;1
51;9;29689;1
51;9;29690;1
51;9;29691;1
51;9;29692;1
51;9;29693;1
51;9;29694;1
51;9;29695;1
51;9;29696;1
51;9;29697;1
51;9;29698;1
51;9;29699;1
51;9;29700;1
51;9;29701;1
51;9;29702;1
51;9;29703;1
51;9;29704;1
51;9;29705;1
51;9;29706;1
51;9;29707;1
51;9;29708;1
51;9;29709;1
51;9;29710;1
51;9;29711;1
51;9;29712;1
51;9;29713;1
51;9;29714;1
51;9;29715;1
51;9;29716;1
51;9;29717;1
51;9;29718;1
51;9;29719;1
51;9;29720;1
51;9;29721;1
51;9;29722;1
51;9;29723;1
51;9;29724;0
51;9;29725;1
51;9;29726;1
51;9;29727;1
51;9;29728;1
51;9;29729;1
51;9;29730;1
51;9;29731;1
51;9;29732;1
51;9;29733;1
51;9;29734;1
51;9;29735;1
51;9;29736;1
51;9;29737;1
51;9;29738;1
51;9;29739;1
51;9;29740;1
51;9;29741;1
51;9;29742;1
51;9;29743;1
51;9;29744;1
51;9;29745;1
51;9;29746;1
51;9;29747;1
51;9;29748;1
51;9;29749;1
51;9;29750;1
51;9;29751;1
51;9;29752;1
51;9;29753;1
51;9;29754;1
51;9;29755;1
51;9;29756;0
51;9;29757;0
51;9;29758;1
51;9;29759;1
51;9;29760;1
51;9;29761;1
51;9;29762;0
51;9;29763;0
51;9;29764;0
51;9;29765;1
51;9;29766;1
51;9;29767;1
51;9;29768;1
51;9;29769;1
51;9;29770;1
51;9;29771;1
51;9;29772;1
51;9;29773;1
51;9;29774;1
51;9;29775;1
51;9;29776;1
51;9;29777;1
51;9;29778;1
51;9;29779;1
51;9;29780;1
51;9;29781;1
51;9;29782;1
51;9;29783;1
51;9;29784;1
51;9;29785;1
51;9;29786;1
51;9;29787;1
51;9;29788;1
51;9;29789;1
51;9;29790;1
51;9;29791;1
51;9;29792;1
51;9;29793;1
51;9;29794;1
51;9;29795;1
51;9;29796;1
51;9;29797;1
51;9;29798;1
51;9;29799;1
51;9;29800;1
51;9;29801;1
51;9;29802;1
51;9;29803;1
51;9;29804;1
51;9;29805;1
51;9;29806;1
51;9;29807;1
51;9;29808;1
51;9;29809;1
51;9;29810;0
51;9;29811;1
51;9;29812;1
51;9;29813;1
51;9;29814;1
51;9;29815;1
51;9;29816;1
51;9;29817;1
51;9;29818;1
51;9;29819;1
51;9;29820;1
51;9;29821;1
51;9;29822;1
51;9;29823;1
51;9;29824;1
51;9;29825;1
51;9;29826;1
51;9;29827;1
51;9;29828;1
51;9;29829;1
51;9;29830;1
51;9;29831;1
51;9;29832;1
51;9;29833;1
51;9;29834;1
51;9;29835;1
51;9;29836;1
51;9;29837;1
51;9;29838;1
51;9;29839;1
51;9;29840;1
51;9;29841;1
51;9;29842;1
51;9;29843;1
51;9;29844;1
51;9;29845;1
51;9;29846;1
51;9;29847;1
51;9;29848;1
51;9;29849;1
51;9;29850;1
51;9;29851;1
51;9;29852;1
51;9;29853;1
51;9;29854;1
51;9;29855;1
51;9;29856;1
51;9;29857;1
51;9;29858;1
51;9;29859;1
51;9;29860;1
51;9;29861;1
51;9;29862;1
51;9;29863;1
51;9;29864;1
51;9;29865;1
51;9;29866;1
51;9;29867;1
51;9;29868;1
51;9;29869;1
51;9;29870;1
51;9;29871;1
51;9;29872;1
51;9;29873;1
51;9;29874;1
51;9;29875;1
51;9;29876;1
51;9;29877;1
51;9;29878;1
51;9;29879;1
51;9;29880;1
51;9;29881;1
51;9;29882;1
51;9;29883;1
51;9;29884;1
51;9;29885;1
51;9;29886;1
51;9;29887;1
51;9;29888;0
51;9;29889;1
51;9;29890;1
51;9;29891;1
51;9;29892;1
51;9;29893;1
51;9;29894;1
51;9;29895;1
51;9;29896;1
51;9;29897;1
51;9;29898;1
51;9;29899;0
51;9;29900;1
51;9;29901;1
51;9;29902;1
51;9;29903;1
51;9;29904;1
51;9;29905;1
51;9;29906;1
51;9;29907;1
51;9;29908;1
51;9;29909;1
51;9;29910;1
51;9;29911;1
51;9;29912;1
51;9;29913;1
51;9;29914;1
51;9;29915;1
51;9;29916;1
51;9;29917;1
51;9;29918;1
51;9;29919;1
51;9;29920;1
51;9;29921;1
51;9;29922;1
51;9;29923;1
51;9;29924;1
51;9;29925;1
51;9;29926;1
51;9;29927;1
51;9;29928;1
51;9;29929;1
51;9;29930;1
51;9;29931;1
51;9;29932;1
51;9;29933;1
51;9;29934;1
51;9;29935;1
51;9;29936;1
51;9;29937;1
51;9;29938;1
51;9;29939;1
51;9;29940;1
51;9;29941;1
51;9;29942;1
51;9;29943;1
51;9;29944;1
51;9;29945;1
51;9;29946;1
51;9;29947;1
51;9;29948;1
51;9;29949;1
51;9;29950;1
51;9;29951;1
51;9;29952;1
51;9;29953;1
51;9;29954;1
51;9;29955;1
51;9;29956;1
51;9;29957;1
51;9;29958;1
51;9;29959;1
51;9;29960;1
51;9;29961;1
51;9;29962;1
51;9;29963;1
51;9;29964;1
51;9;29965;1
51;9;29966;1
51;9;29967;1
51;9;29968;1
51;9;29969;1
51;9;29970;1
51;9;29971;1
51;9;29972;1
51;9;29973;1
51;9;29974;1
51;9;29975;1
51;9;29976;1
51;9;29977;1
51;9;29978;1
51;9;29979;1
51;9;29980;1
51;9;29981;1
51;9;29982;1
51;9;29983;1
51;9;29984;1
51;9;29985;1
51;9;29986;1
51;9;29987;1
51;9;29988;1
51;9;29989;1
51;9;29990;1
51;9;29991;1
51;9;29992;1
51;9;29993;1
51;9;29994;1
51;9;29995;0
51;9;29996;1
51;9;29997;1
51;9;29998;1
51;9;29999;1
51;9;30000;1
51;9;30001;1
51;9;30002;1
51;9;30003;1
51;9;30004;1
51;9;30005;1
51;9;30006;1
51;9;30007;1
51;9;30008;1
51;9;30009;1
51;9;30010;1
51;9;30011;1
51;9;30012;1
51;9;30013;1
51;9;30014;1
51;9;30015;1
51;9;30016;1
51;9;30017;1
51;9;30018;1
51;9;30019;1
51;9;30020;1
51;9;30021;1
51;9;30022;1
51;9;30023;1
51;9;30024;1
51;9;30025;1
51;9;30026;1
51;9;30027;1
51;9;30028;1
51;9;30029;1
51;9;30030;1
51;9;30031;1
51;9;30032;1
51;9;30033;1
51;9;30034;1
51;9;30035;1
51;9;30036;1
51;9;30037;1
51;9;30038;1
51;9;30039;1
51;9;30040;1
51;9;30041;1
51;9;30042;1
51;9;30043;1
51;9;30044;1
51;9;30045;1
51;9;30046;1
51;9;30047;1
51;9;30048;1
51;9;30049;1
51;9;30050;1
51;9;30051;1
51;9;30052;1
51;9;30053;1
51;9;30054;1
51;9;30055;1
51;9;30056;1
51;9;30057;1
51;9;30058;1
51;9;30059;1
51;9;30060;1
51;9;30061;1
51;9;30062;1
51;9;30063;1
51;9;30064;1
51;9;30065;1
51;9;30066;1
51;9;30067;1
51;9;30068;1
51;9;30069;1
51;9;30070;1
51;9;30071;1
51;9;30072;1
51;9;30073;1
51;9;30074;1
51;9;30075;1
51;9;30076;1
51;9;30077;1
51;9;30078;1
51;9;30079;1
51;9;30080;1
51;9;30081;1
51;9;30082;1
51;9;30083;1
51;9;30084;1
51;9;30085;1
51;9;30086;1
51;9;30087;1
51;9;30088;1
51;9;30089;1
51;9;30090;1
51;9;30091;1
51;9;30092;1
51;9;30093;1
51;9;30094;1
51;9;30095;1
51;9;30096;1
51;9;30097;1
51;9;30098;1
51;9;30099;1
51;9;30100;1
51;9;30101;1
51;9;30102;1
51;9;30103;1
51;9;30104;1
51;9;30105;1
51;9;30106;1
51;9;30107;1
51;9;30108;1
51;9;30109;1
51;9;30110;1
51;9;30111;1
51;9;30112;1
51;9;30113;1
51;9;30114;1
51;9;30115;1
51;9;30116;1
51;9;30117;1
51;9;30118;1
51;9;30119;1
51;9;30120;1
51;9;30121;0
51;9;30122;1
51;9;30123;1
51;9;30124;1
51;9;30125;1
51;9;30126;1
51;9;30127;1
51;9;30128;1
51;9;30129;1
51;9;30130;1
51;9;30131;1
51;9;30132;1
51;9;30133;1
51;9;30134;1
51;9;30135;1
51;9;30136;1
51;9;30137;1
51;9;30138;1
51;9;30139;1
51;9;30140;1
51;9;30141;1
51;9;30142;1
51;9;30143;1
51;9;30144;1
51;9;30145;1
51;9;30146;0
51;9;30147;0
51;9;30148;0
51;9;30149;1
51;9;30150;1
51;9;30151;1
51;9;30152;1
51;9;30153;1
51;9;30154;1
51;9;30155;1
51;9;30156;1
51;9;30157;1
51;9;30158;1
51;9;30159;1
51;9;30160;1
51;9;30161;1
51;9;30162;1
51;9;30163;1
51;9;30164;1
51;9;30165;1
51;9;30166;1
51;9;30167;1
51;9;30168;1
51;9;30169;1
51;9;30170;1
51;9;30171;1
51;9;30172;1
51;9;30173;1
51;9;30174;1
51;9;30175;1
51;9;30176;1
51;9;30177;1
51;9;30178;1
51;9;30179;1
51;9;30180;1
51;9;30181;1
51;9;30182;1
51;9;30183;1
51;9;30184;1
51;9;30185;1
51;9;30186;1
51;9;30187;1
51;9;30188;1
51;9;30189;1
51;9;30190;1
51;9;30191;1
51;9;30192;1
51;9;30193;1
51;9;30194;1
51;9;30195;1
51;9;30196;1
51;9;30197;1
51;9;30198;1
51;9;30199;1
51;9;30200;1
51;9;30201;1
51;9;30202;1
51;9;30203;1
51;9;30204;1
51;9;30205;1
51;9;30206;1
51;9;30207;1
51;9;30208;1
51;9;30209;1
51;9;30210;1
51;9;30211;1
51;9;30212;1
51;9;30213;1
51;9;30214;1
51;9;30215;1
51;9;30216;1
51;9;30217;1
51;9;30218;1
51;9;30219;1
51;9;30220;1
51;9;30221;1
51;9;30222;1
51;9;30223;1
51;9;30224;1
51;9;30225;1
51;9;30226;1
51;9;30227;1
51;9;30228;1
51;9;30229;1
51;9;30230;1
51;9;30231;1
51;9;30232;1
51;9;30233;1
51;9;30234;1
51;9;30235;1
51;9;30236;1
51;9;30237;1
51;9;30238;1
51;9;30239;0
51;9;30240;0
51;9;30241;0
51;9;30242;1
51;9;30243;0
51;9;30244;1
51;9;30245;1
51;9;30246;1
51;9;30247;1
51;9;30248;0
51;9;30249;1
51;9;30250;0
51;9;30251;1
51;9;30252;1
51;9;30253;1
51;9;30254;1
51;9;30255;1
51;9;30256;1
51;9;30257;1
51;9;30258;1
51;9;30259;1
51;9;30260;1
51;9;30261;1
51;9;30262;1
51;9;30263;1
51;9;30264;1
51;9;30265;1
51;9;30266;1
51;9;30267;1
51;9;30268;1
51;9;30269;1
51;9;30270;1
51;9;30271;1
51;9;30272;1
51;9;30273;1
51;9;30274;1
51;9;30275;1
51;9;30276;1
51;9;30277;1
51;9;30278;1
51;9;30279;1
51;9;30280;1
51;9;30281;1
51;9;30282;1
51;9;30283;1
51;9;30284;1
51;9;30285;1
51;9;30286;1
51;9;30287;1
51;9;30288;1
51;9;30289;1
51;9;30290;1
51;9;30291;1
51;9;30292;1
51;9;30293;1
51;9;30294;1
51;9;30295;1
51;9;30296;1
51;9;30297;1
51;9;30298;1
51;9;30299;1
51;9;30300;1
51;9;30301;1
51;9;30302;1
51;9;30303;1
51;9;30304;1
51;9;30305;1
51;9;30306;1
51;9;30307;1
51;9;30308;1
51;9;30309;1
51;9;30310;1
51;9;30311;1
51;9;30312;1
51;9;30313;1
51;9;30314;1
51;9;30315;1
51;9;30316;1
51;9;30317;1
51;9;30318;1
51;9;30319;1
51;9;30320;1
51;9;30321;1
51;9;30322;1
51;9;30323;1
51;9;30324;1
51;9;30325;1
51;9;30326;1
51;9;30327;1
51;9;30328;1
51;9;30329;1
51;9;30330;1
51;9;30331;1
51;9;30332;1
51;9;30333;1
51;9;30334;1
51;9;30335;1
51;9;30336;1
51;9;30337;1
51;9;30338;1
51;9;30339;1
51;9;30340;1
51;9;30341;1
51;9;30342;1
51;9;30343;1
51;9;30344;1
51;9;30345;1
51;9;30346;1
51;9;30347;1
51;9;30348;1
51;9;30349;1
51;9;30350;1
51;9;30351;1
51;9;30352;1
51;9;30353;1
51;9;30354;1
51;9;30355;1
51;9;30356;1
51;9;30357;1
51;9;30358;1
51;9;30359;1
51;9;30360;1
51;9;30361;0
51;9;30362;1
51;9;30363;1
51;9;30364;1
51;9;30365;1
51;9;30366;1
51;9;30367;1
51;9;30368;1
51;9;30369;1
51;9;30370;1
51;9;30371;0
51;9;30372;1
51;9;30373;0
51;9;30374;1
51;9;30375;1
51;9;30376;0
51;9;30377;0
51;9;30378;1
51;9;30379;1
51;9;30380;1
51;9;30381;1
51;9;30382;1
51;9;30383;1
51;9;30384;1
51;9;30385;1
51;9;30386;1
51;9;30387;1
51;9;30388;1
51;9;30389;1
51;9;30390;1
51;9;30391;1
51;9;30392;1
51;9;30393;1
51;9;30394;1
51;9;30395;1
51;9;30396;1
51;9;30397;1
51;9;30398;1
51;9;30399;1
51;9;30400;1
51;9;30401;1
51;9;30402;1
51;9;30403;1
51;9;30404;1
51;9;30405;1
51;9;30406;1
51;9;30407;1
51;9;30408;1
51;9;30409;1
51;9;30410;1
51;9;30411;1
51;9;30412;1
51;9;30413;1
51;9;30414;1
51;9;30415;1
51;9;30416;1
51;9;30417;1
51;9;30418;1
51;9;30419;1
51;9;30420;0
51;9;30421;1
51;9;30422;1
51;9;30423;1
51;9;30424;1
51;9;30425;1
51;9;30426;1
51;9;30427;1
51;9;30428;1
51;9;30429;1
51;9;30430;1
51;9;30431;1
51;9;30432;1
51;9;30433;1
51;9;30434;1
51;9;30435;1
51;9;30436;1
51;9;30437;1
51;9;30438;1
51;9;30439;1
51;9;30440;1
51;9;30441;1
51;9;30442;1
51;9;30443;1
51;9;30444;1
51;9;30445;1
51;9;30446;1
51;9;30447;1
51;9;30448;1
51;9;30449;1
51;9;30450;1
51;9;30451;1
51;9;30452;1
51;9;30453;1
51;9;30454;1
51;9;30455;1
51;9;30456;1
51;9;30457;1
51;9;30458;1
51;9;30459;1
51;9;30460;1
51;9;30461;1
51;9;30462;1
51;9;30463;1
51;9;30464;1
51;9;30465;1
51;9;30466;1
51;9;30467;1
51;9;30468;1
51;9;30469;1
51;9;30470;1
51;9;30471;1
51;9;30472;1
51;9;30473;1
51;9;30474;1
51;9;30475;1
51;9;30476;1
51;9;30477;1
51;9;30478;1
51;9;30479;1
51;9;30480;1
51;9;30481;1
51;9;30482;1
51;9;30483;1
51;9;30484;1
51;9;30485;1
51;9;30486;1
51;9;30487;1
51;9;30488;1
51;9;30489;1
51;9;30490;1
51;9;30491;1
51;9;30492;1
51;9;30493;1
51;9;30494;1
51;9;30495;1
51;9;30496;1
51;9;30497;1
51;9;30498;1
51;9;30499;1
51;9;30500;1
51;9;30501;1
51;9;30502;1
51;9;30503;0
51;9;30504;1
51;9;30505;1
51;9;30506;1
51;9;30507;1
51;9;30508;1
51;9;30509;1
51;9;30510;1
51;9;30511;1
51;9;30512;1
51;9;30513;1
51;9;30514;1
51;9;30515;1
51;9;30516;1
51;9;30517;1
51;9;30518;1
51;9;30519;1
51;9;30520;1
51;9;30521;1
51;9;30522;1
51;9;30523;1
51;9;30524;1
51;9;30525;1
51;9;30526;1
51;9;30527;1
51;9;30528;1
51;9;30529;1
51;9;30530;1
51;9;30531;1
51;9;30532;1
51;9;30533;1
51;9;30534;1
51;9;30535;1
51;9;30536;1
51;9;30537;1
51;9;30538;1
51;9;30539;1
51;9;30540;1
51;9;30541;1
51;9;30542;1
51;9;30543;1
51;9;30544;1
51;9;30545;1
51;9;30546;1
51;9;30547;1
51;9;30548;1
51;9;30549;1
51;9;30550;1
51;9;30551;1
51;9;30552;1
51;9;30553;1
51;9;30554;1
51;9;30555;0
51;9;30556;1
51;9;30557;1
51;9;30558;1
51;9;30559;1
51;9;30560;1
51;9;30561;1
51;9;30562;1
51;9;30563;1
51;9;30564;1
51;9;30565;1
51;9;30566;1
51;9;30567;1
51;9;30568;1
51;9;30569;1
51;9;30570;1
51;9;30571;1
51;9;30572;1
51;9;30573;1
51;9;30574;1
51;9;30575;1
51;9;30576;1
51;9;30577;1
51;9;30578;1
51;9;30579;1
51;9;30580;1
51;9;30581;1
51;9;30582;1
51;9;30583;1
51;9;30584;0
51;9;30585;1
51;9;30586;1
51;9;30587;1
51;9;30588;1
51;9;30589;1
51;9;30590;1
51;9;30591;1
51;9;30592;1
51;9;30593;1
51;9;30594;1
51;9;30595;1
51;9;30596;1
51;9;30597;1
51;9;30598;1
51;9;30599;1
51;9;30600;1
51;9;30601;1
51;9;30602;1
51;9;30603;1
51;9;30604;1
51;9;30605;1
51;9;30606;1
51;9;30607;1
51;9;30608;1
51;9;30609;1
51;9;30610;1
51;9;30611;1
51;9;30612;1
51;9;30613;1
51;9;30614;1
51;9;30615;1
51;9;30616;1
51;9;30617;1
51;9;30618;1
51;9;30619;1
51;9;30620;1
51;9;30621;1
51;9;30622;1
51;9;30623;1
51;9;30624;1
51;9;30625;1
51;9;30626;1
51;9;30627;1
51;9;30628;1
51;9;30629;1
51;9;30630;1
51;9;30631;1
51;9;30632;1
51;9;30633;1
51;9;30634;1
51;9;30635;1
51;9;30636;1
51;9;30637;1
51;9;30638;1
51;9;30639;1
51;9;30640;1
51;9;30641;1
51;9;30642;1
51;9;30643;1
51;9;30644;1
51;9;30645;1
51;9;30646;1
51;9;30647;1
51;9;30648;1
51;9;30649;1
51;9;30650;1
51;9;30651;1
51;9;30652;1
51;9;30653;1
51;9;30654;1
51;9;30655;1
51;9;30656;1
51;9;30657;1
51;9;30658;1
51;9;30659;1
51;9;30660;1
51;9;30661;1
51;9;30662;1
51;9;30663;1
51;9;30664;1
51;9;30665;1
51;9;30666;1
51;9;30667;1
51;9;30668;1
51;9;30669;1
51;9;30670;0
51;9;30671;1
51;9;30672;1
51;9;30673;1
51;9;30674;1
51;9;30675;1
51;9;30676;1
51;9;30677;1
51;9;30678;1
51;9;30679;1
51;9;30680;1
51;9;30681;1
51;9;30682;1
51;9;30683;1
51;9;30684;1
51;9;30685;1
51;9;30686;1
51;9;30687;1
51;9;30688;1
51;9;30689;1
51;9;30690;1
51;9;30691;0
51;9;30692;1
51;9;30693;1
51;9;30694;1
51;9;30695;1
51;9;30696;1
51;9;30697;1
51;9;30698;1
51;9;30699;1
51;9;30700;1
51;9;30701;1
51;9;30702;1
51;9;30703;1
51;9;30704;1
51;9;30705;1
51;9;30706;1
51;9;30707;1
51;9;30708;1
51;9;30709;1
51;9;30710;1
51;9;30711;1
51;9;30712;1
51;9;30713;1
51;9;30714;1
51;9;30715;1
51;9;30716;1
51;9;30717;1
51;9;30718;1
51;9;30719;1
51;9;30720;1
51;9;30721;1
51;9;30722;1
51;9;30723;1
51;9;30724;1
51;9;30725;1
51;9;30726;1
51;9;30727;1
51;9;30728;1
51;9;30729;1
51;9;30730;1
51;9;30731;1
51;9;30732;1
51;9;30733;1
51;9;30734;1
51;9;30735;1
51;9;30736;1
51;9;30737;1
51;9;30738;1
51;9;30739;1
51;9;30740;0
51;9;30741;1
51;9;30742;1
51;9;30743;1
51;9;30744;0
51;9;30745;1
51;9;30746;1
51;9;30747;1
51;9;30748;1
51;9;30749;1
51;9;30750;1
51;9;30751;1
51;9;30752;1
51;9;30753;1
51;9;30754;1
51;9;30755;1
51;9;30756;1
51;9;30757;1
51;9;30758;1
51;9;30759;1
51;9;30760;1
51;9;30761;1
51;9;30762;1
51;9;30763;1
51;9;30764;1
51;9;30765;1
51;9;30766;1
51;9;30767;1
51;9;30768;1
51;9;30769;1
51;9;30770;1
51;9;30771;1
51;9;30772;1
51;9;30773;1
51;9;30774;1
51;9;30775;1
51;9;30776;1
51;9;30777;1
51;9;30778;1
51;9;30779;1
51;9;30780;1
51;9;30781;1
51;9;30782;1
51;9;30783;1
51;9;30784;1
51;9;30785;0
51;9;30786;1
51;9;30787;1
51;9;30788;1
51;9;30789;1
51;9;30790;1
51;9;30791;1
51;9;30792;1
51;9;30793;1
51;9;30794;1
51;9;30795;1
51;9;30796;1
51;9;30797;1
51;9;30798;1
51;9;30799;1
51;9;30800;1
51;9;30801;1
51;9;30802;1
51;9;30803;1
51;9;30804;1
51;9;30805;1
51;9;30806;1
51;9;30807;1
51;9;30808;1
51;9;30809;1
51;9;30810;1
51;9;30811;1
51;9;30812;1
51;9;30813;1
51;9;30814;1
51;9;30815;1
51;9;30816;1
51;9;30817;1
51;9;30818;1
51;9;30819;1
51;9;30820;1
51;9;30821;1
51;9;30822;1
51;9;30823;1
51;9;30824;1
51;9;30825;1
51;9;30826;1
51;9;30827;1
51;9;30828;1
51;9;30829;1
51;9;30830;1
51;9;30831;1
51;9;30832;1
51;9;30833;1
51;9;30834;1
51;9;30835;1
51;9;30836;1
51;9;30837;1
51;9;30838;1
51;9;30839;0
51;9;30840;0
51;9;30841;0
51;9;30842;1
51;9;30843;1
51;9;30844;1
51;9;30845;1
51;9;30846;1
51;9;30847;1
51;9;30848;1
51;9;30849;1
51;9;30850;1
51;9;30851;1
51;9;30852;1
51;9;30853;1
51;9;30854;1
51;9;30855;1
51;9;30856;1
51;9;30857;1
51;9;30858;1
51;9;30859;1
51;9;30860;1
51;9;30861;1
51;9;30862;1
51;9;30863;1
51;9;30864;1
51;9;30865;1
51;9;30866;1
51;9;30867;1
51;9;30868;1
51;9;30869;1
51;9;30870;1
51;9;30871;1
51;9;30872;1
51;9;30873;1
51;9;30874;1
51;9;30875;1
51;9;30876;1
51;9;30877;1
51;9;30878;1
51;9;30879;1
51;9;30880;1
51;9;30881;1
51;9;30882;1
51;9;30883;1
51;9;30884;1
51;9;30885;1
51;9;30886;1
51;9;30887;1
51;9;30888;1
51;9;30889;1
51;9;30890;1
51;9;30891;1
51;9;30892;1
51;9;30893;1
51;9;30894;1
51;9;30895;1
51;9;30896;1
51;9;30897;1
51;9;30898;1
51;9;30899;1
51;9;30900;1
51;9;30901;1
51;9;30902;1
51;9;30903;1
51;9;30904;1
51;9;30905;1
51;9;30906;1
51;9;30907;1
51;9;30908;1
51;9;30909;1
51;9;30910;1
51;9;30911;1
51;9;30912;1
51;9;30913;1
51;9;30914;1
51;9;30915;1
51;9;30916;1
51;9;30917;1
51;9;30918;1
51;9;30919;1
51;9;30920;1
51;9;30921;1
51;9;30922;1
51;9;30923;1
51;9;30924;1
51;9;30925;1
51;9;30926;1
51;9;30927;1
51;9;30928;1
51;9;30929;1
51;9;30930;1
51;9;30931;1
51;9;30932;1
51;9;30933;1
51;9;30934;1
51;9;30935;1
51;9;30936;1
51;9;30937;1
51;9;30938;1
51;9;30939;1
51;9;30940;1
51;9;30941;1
51;9;30942;1
51;9;30943;1
51;9;30944;1
51;9;30945;1
51;9;30946;1
51;9;30947;1
51;9;30948;1
51;9;30949;1
51;9;30950;1
51;9;30951;1
51;9;30952;1
51;9;30953;1
51;9;30954;1
51;9;30955;1
51;9;30956;1
51;9;30957;1
51;9;30958;1
51;9;30959;1
51;9;30960;1
51;9;30961;1
51;9;30962;1
51;9;30963;1
51;9;30964;1
51;9;30965;1
51;9;30966;1
51;9;30967;1
51;9;30968;1
51;9;30969;1
51;9;30970;1
51;9;30971;1
51;9;30972;1
51;9;30973;1
51;9;30974;1
51;9;30975;1
51;9;30976;1
51;9;30977;1
51;9;30978;1
51;9;30979;1
51;9;30980;1
51;9;30981;1
51;9;30982;1
51;9;30983;1
51;9;30984;1
51;9;30985;1
51;9;30986;1
51;9;30987;1
51;9;30988;1
51;9;30989;1
51;9;30990;1
51;9;30991;1
51;9;30992;1
51;9;30993;1
51;9;30994;1
51;9;30995;1
51;9;30996;1
51;9;30997;1
51;9;30998;1
51;9;30999;1
51;9;31000;1
51;9;31001;1
51;9;31002;1
51;9;31003;1
51;9;31004;1
51;9;31005;1
51;9;31006;1
51;9;31007;1
51;9;31008;1
51;9;31009;1
51;9;31010;1
51;9;31011;1
51;9;31012;1
51;9;31013;1
51;9;31014;1
51;9;31015;1
51;9;31016;1
51;9;31017;1
51;9;31018;1
51;9;31019;0
51;9;31020;0
51;9;31021;0
51;9;31022;1
51;9;31023;1
51;9;31024;1
51;9;31025;1
51;9;31026;1
51;9;31027;1
51;9;31028;1
51;9;31029;1
51;9;31030;1
51;9;31031;1
51;9;31032;1
51;9;31033;1
51;9;31034;1
51;9;31035;1
51;9;31036;1
51;9;31037;1
51;9;31038;1
51;9;31039;1
51;9;31040;1
51;9;31041;1
51;9;31042;1
51;9;31043;1
51;9;31044;1
51;9;31045;1
51;9;31046;1
51;9;31047;1
51;9;31048;1
51;9;31049;1
51;9;31050;1
51;9;31051;1
51;9;31052;1
51;9;31053;1
51;9;31054;1
51;9;31055;1
51;9;31056;1
51;9;31057;1
51;9;31058;1
51;9;31059;1
51;9;31060;1
51;9;31061;1
51;9;31062;1
51;9;31063;1
51;9;31064;1
51;9;31065;1
51;9;31066;1
51;9;31067;1
51;9;31068;1
51;9;31069;1
51;9;31070;1
51;9;31071;1
51;9;31072;1
51;9;31073;1
51;9;31074;1
51;9;31075;1
51;9;31076;1
51;9;31077;1
51;9;31078;1
51;9;31079;1
51;9;31080;1
51;9;31081;1
51;9;31082;1
51;9;31083;1
51;9;31084;1
51;9;31085;1
51;9;31086;1
51;9;31087;1
51;9;31088;1
51;9;31089;1
51;9;31090;1
51;9;31091;1
51;9;31092;1
51;9;31093;1
51;9;31094;1
51;9;31095;1
51;9;31096;1
51;9;31097;1
51;9;31098;1
51;9;31099;1
51;9;31100;1
51;9;31101;1
51;9;31102;1
51;9;31103;1
51;9;31104;1
51;9;31105;1
51;9;31106;1
51;9;31107;1
51;9;31108;1
51;9;31109;1
51;9;31110;1
51;9;31111;1
51;9;31112;1
51;9;31113;1
51;9;31114;1
51;9;31115;1
51;9;31116;1
51;9;31117;0
51;9;31118;1
51;9;31119;1
51;9;31120;1
51;9;31121;1
51;9;31122;0
51;9;31123;1
51;9;31124;1
51;9;31125;1
51;9;31126;1
51;9;31127;1
51;9;31128;1
51;9;31129;1
51;9;31130;1
51;9;31131;1
51;9;31132;1
51;9;31133;1
51;9;31134;1
51;9;31135;1
51;9;31136;1
51;9;31137;1
51;9;31138;1
51;9;31139;1
51;9;31140;1
51;9;31141;1
51;9;31142;1
51;9;31143;1
51;9;31144;1
51;9;31145;1
51;9;31146;1
51;9;31147;1
51;9;31148;1
51;9;31149;1
51;9;31150;1
51;9;31151;1
51;9;31152;1
51;9;31153;1
51;9;31154;1
51;9;31155;1
51;9;31156;1
51;9;31157;1
51;9;31158;1
51;9;31159;1
51;9;31160;1
51;9;31161;1
51;9;31162;1
51;9;31163;1
51;9;31164;1
51;9;31165;1
51;9;31166;1
51;9;31167;1
51;9;31168;1
51;9;31169;1
51;9;31170;1
51;9;31171;1
51;9;31172;1
51;9;31173;1
51;9;31174;1
51;9;31175;1
51;9;31176;1
51;9;31177;1
51;9;31178;1
51;9;31179;1
51;9;31180;1
51;9;31181;1
51;9;31182;1
51;9;31183;1
51;9;31184;1
51;9;31185;1
51;9;31186;1
51;9;31187;1
51;9;31188;1
51;9;31189;1
51;9;31190;1
51;9;31191;1
51;9;31192;0
51;9;31193;1
51;9;31194;1
51;9;31195;1
51;9;31196;1
51;9;31197;1
51;9;31198;1
51;9;31199;1
51;9;31200;1
51;9;31201;1
51;9;31202;1
51;9;31203;1
51;9;31204;1
51;9;31205;1
51;9;31206;1
51;9;31207;1
51;9;31208;1
51;9;31209;1
51;9;31210;1
51;9;31211;1
51;9;31212;1
51;9;31213;1
51;9;31214;1
51;9;31215;1
51;9;31216;1
51;9;31217;1
51;9;31218;1
51;9;31219;1
51;9;31220;1
51;9;31221;1
51;9;31222;1
51;9;31223;1
51;9;31224;1
51;9;31225;0
51;9;31226;1
51;9;31227;1
51;9;31228;1
51;9;31229;1
51;9;31230;1
51;9;31231;1
51;9;31232;1
51;9;31233;1
51;9;31234;1
51;9;31235;1
51;9;31236;1
51;9;31237;1
51;9;31238;1
51;9;31239;1
51;9;31240;1
51;9;31241;1
51;9;31242;1
51;9;31243;1
51;9;31244;0
51;9;31245;1
51;9;31246;1
51;9;31247;0
51;9;31248;1
51;9;31249;1
51;9;31250;1
51;9;31251;1
51;9;31252;1
51;9;31253;1
51;9;31254;0
51;9;31255;1
51;9;31256;1
51;9;31257;1
51;9;31258;1
51;9;31259;1
51;9;31260;1
51;9;31261;1
51;9;31262;1
51;9;31263;1
51;9;31264;1
51;9;31265;1
51;9;31266;1
51;9;31267;1
51;9;31268;1
51;9;31269;1
51;9;31270;1
51;9;31271;1
51;9;31272;1
51;9;31273;1
51;9;31274;1
51;9;31275;1
51;9;31276;1
51;9;31277;1
51;9;31278;1
51;9;31279;1
51;9;31280;1
51;9;31281;1
51;9;31282;1
51;9;31283;1
51;9;31284;1
51;9;31285;1
51;9;31286;1
51;9;31287;1
51;9;31288;1
51;9;31289;1
51;9;31290;1
51;9;31291;1
51;9;31292;1
51;9;31293;1
51;9;31294;1
51;9;31295;1
51;9;31296;1
51;9;31297;1
51;9;31298;1
51;9;31299;1
51;9;31300;1
51;9;31301;1
51;9;31302;1
51;9;31303;1
51;9;31304;1
51;9;31305;1
51;9;31306;1
51;9;31307;1
51;9;31308;1
51;9;31309;1
51;9;31310;1
51;9;31311;1
51;9;31312;1
51;9;31313;1
51;9;31314;1
51;9;31315;1
51;9;31316;1
51;9;31317;1
51;9;31318;1
51;9;31319;1
51;9;31320;1
51;9;31321;1
51;9;31322;1
51;9;31323;1
51;9;31324;1
51;9;31325;1
51;9;31326;1
51;9;31327;1
51;9;31328;1
51;9;31329;1
51;9;31330;1
51;9;31331;1
51;9;31332;1
51;9;31333;1
51;9;31334;1
51;9;31335;1
51;9;31336;1
51;9;31337;1
51;9;31338;1
51;9;31339;1
51;9;31340;1
51;9;31341;1
51;9;31342;1
51;9;31343;1
51;9;31344;1
51;9;31345;1
51;9;31346;1
51;9;31347;1
51;9;31348;1
51;9;31349;1
51;9;31350;1
51;9;31351;0
51;9;31352;0
51;9;31353;0
51;9;31354;1
51;9;31355;1
51;9;31356;1
51;9;31357;1
51;9;31358;1
51;9;31359;1
51;9;31360;1
51;9;31361;1
51;9;31362;1
51;9;31363;1
51;9;31364;1
51;9;31365;1
51;9;31366;1
51;9;31367;1
51;9;31368;1
51;9;31369;1
51;9;31370;1
51;9;31371;1
51;9;31372;1
51;9;31373;1
51;9;31374;1
51;9;31375;1
51;9;31376;1
51;9;31377;1
51;9;31378;1
51;9;31379;1
51;9;31380;1
51;9;31381;1
51;9;31382;1
51;9;31383;1
51;9;31384;1
51;9;31385;1
51;9;31386;1
51;9;31387;1
51;9;31388;1
51;9;31389;1
51;9;31390;0
51;9;31391;1
51;9;31392;1
51;9;31393;1
51;9;31394;1
51;9;31395;1
51;9;31396;1
51;9;31397;1
51;9;31398;1
51;9;31399;1
51;9;31400;1
51;9;31401;1
51;9;31402;1
51;9;31403;1
51;9;31404;1
51;9;31405;1
51;9;31406;1
51;9;31407;1
51;9;31408;1
51;9;31409;1
51;9;31410;1
51;9;31411;1
51;9;31412;1
51;9;31413;1
51;9;31414;1
51;9;31415;1
51;9;31416;1
51;9;31417;1
51;9;31418;0
51;9;31419;1
51;9;31420;1
51;9;31421;1
51;9;31422;1
51;9;31423;1
51;9;31424;1
51;9;31425;1
51;9;31426;1
51;9;31427;1
51;9;31428;1
51;9;31429;1
51;9;31430;1
51;9;31431;1
51;9;31432;1
51;9;31433;0
51;9;31434;1
51;9;31435;1
51;9;31436;1
51;9;31437;1
51;9;31438;1
51;9;31439;1
51;9;31440;1
51;9;31441;1
51;9;31442;1
51;9;31443;1
51;9;31444;1
51;9;31445;1
51;9;31446;1
51;9;31447;0
51;9;31448;0
51;9;31449;0
51;9;31450;1
51;9;31451;1
51;9;31452;1
51;9;31453;1
51;9;31454;1
51;9;31455;1
51;9;31456;1
51;9;31457;1
51;9;31458;1
51;9;31459;1
51;9;31460;1
51;9;31461;1
51;9;31462;1
51;9;31463;1
51;9;31464;1
51;9;31465;1
51;9;31466;1
51;9;31467;1
51;9;31468;1
51;9;31469;1
51;9;31470;1
51;9;31471;1
51;9;31472;0
51;9;31473;1
51;9;31474;0
51;9;31475;1
51;9;31476;1
51;9;31477;1
51;9;31478;1
51;9;31479;1
51;9;31480;1
51;9;31481;1
51;9;31482;1
51;9;31483;1
51;9;31484;1
51;9;31485;1
51;9;31486;1
51;9;31487;1
51;9;31488;1
51;9;31489;1
51;9;31490;1
51;9;31491;1
51;9;31492;1
51;9;31493;1
51;9;31494;1
51;9;31495;1
51;9;31496;1
51;9;31497;1
51;9;31498;1
51;9;31499;1
51;9;31500;1
51;9;31501;1
51;9;31502;0
51;9;31503;1
51;9;31504;1
51;9;31505;1
51;9;31506;1
51;9;31507;1
51;9;31508;1
51;9;31509;1
51;9;31510;1
51;9;31511;1
51;9;31512;1
51;9;31513;1
51;9;31514;1
51;9;31515;1
51;9;31516;1
51;9;31517;1
51;9;31518;1
51;9;31519;1
51;9;31520;1
51;9;31521;1
51;9;31522;1
51;9;31523;1
51;9;31524;1
51;9;31525;0
51;9;31526;0
51;9;31527;1
51;9;31528;1
51;9;31529;1
51;9;31530;1
51;9;31531;0
51;9;31532;0
51;9;31533;1
51;9;31534;1
51;9;31535;1
51;9;31536;1
51;9;31537;1
51;9;31538;1
51;9;31539;1
51;9;31540;1
51;9;31541;1
51;9;31542;1
51;9;31543;1
51;9;31544;1
51;9;31545;1
51;9;31546;1
51;9;31547;1
51;9;31548;1
51;9;31549;1
51;9;31550;1
51;9;31551;1
51;9;31552;1
51;9;31553;1
51;9;31554;1
51;9;31555;1
51;9;31556;1
51;9;31557;1
51;9;31558;1
51;9;31559;1
51;9;31560;1
51;9;31561;1
51;9;31562;1
51;9;31563;1
51;9;31564;1
51;9;31565;1
51;9;31566;1
51;9;31567;1
51;9;31568;1
51;9;31569;1
51;9;31570;1
51;9;31571;1
51;9;31572;1
51;9;31573;1
51;9;31574;1
51;9;31575;1
51;9;31576;1
51;9;31577;1
51;9;31578;1
51;9;31579;1
51;9;31580;1
51;9;31581;1
51;9;31582;1
51;9;31583;1
51;9;31584;1
51;9;31585;1
51;9;31586;1
51;9;31587;1
51;9;31588;1
51;9;31589;1
51;9;31590;1
51;9;31591;1
51;9;31592;1
51;9;31593;1
51;9;31594;1
51;9;31595;1
51;9;31596;1
51;9;31597;1
51;9;31598;1
51;9;31599;1
51;9;31600;1
51;9;31601;1
51;9;31602;1
51;9;31603;1
51;9;31604;1
51;9;31605;1
51;9;31606;1
51;9;31607;1
51;9;31608;0
51;9;31609;1
51;9;31610;1
51;9;31611;1
51;9;31612;1
51;9;31613;1
51;9;31614;1
51;9;31615;1
51;9;31616;1
51;9;31617;1
51;9;31618;1
51;9;31619;1
51;9;31620;1
51;9;31621;1
51;9;31622;1
51;9;31623;1
51;9;31624;1
51;9;31625;1
51;9;31626;1
51;9;31627;1
51;9;31628;1
51;9;31629;1
51;9;31630;1
51;9;31631;1
51;9;31632;1
51;9;31633;1
51;9;31634;1
51;9;31635;1
51;9;31636;1
51;9;31637;1
51;9;31638;1
51;9;31639;1
51;9;31640;1
51;9;31641;1
51;9;31642;1
51;9;31643;1
51;9;31644;1
51;9;31645;1
51;9;31646;1
51;9;31647;1
51;9;31648;1
51;9;31649;1
51;9;31650;1
51;9;31651;1
51;9;31652;1
51;9;31653;1
51;9;31654;1
51;9;31655;1
51;9;31656;1
51;9;31657;1
51;9;31658;0
51;9;31659;0
51;9;31660;0
51;9;31661;0
51;9;31662;0
51;9;31663;1
51;9;31664;1
51;9;31665;1
51;9;31666;1
51;9;31667;1
51;9;31668;1
51;9;31669;1
51;9;31670;1
51;9;31671;1
51;9;31672;1
51;9;31673;1
51;9;31674;1
51;9;31675;1
51;9;31676;1
51;9;31677;1
51;9;31678;1
51;9;31679;1
51;9;31680;1
51;9;31681;1
51;9;31682;1
51;9;31683;1
51;9;31684;1
51;9;31685;1
51;9;31686;0
51;9;31687;1
51;9;31688;1
51;9;31689;1
51;9;31690;1
51;9;31691;1
51;9;31692;1
51;9;31693;1
51;9;31694;1
51;9;31695;1
51;9;31696;1
51;9;31697;1
51;9;31698;1
51;9;31699;1
51;9;31700;1
51;9;31701;1
51;9;31702;1
51;9;31703;1
51;9;31704;1
51;9;31705;1
51;9;31706;0
51;9;31707;0
51;9;31708;0
51;9;31709;1
51;9;31710;1
51;9;31711;1
51;9;31712;1
51;9;31713;1
51;9;31714;1
51;9;31715;1
51;9;31716;1
51;9;31717;1
51;9;31718;1
51;9;31719;1
51;9;31720;1
51;9;31721;1
51;9;31722;1
51;9;31723;1
51;9;31724;1
51;9;31725;1
51;9;31726;1
51;9;31727;1
51;9;31728;1
51;9;31729;1
51;9;31730;1
51;9;31731;1
51;9;31732;1
51;9;31733;1
51;9;31734;1
51;9;31735;1
51;9;31736;1
51;9;31737;1
51;9;31738;1
51;9;31739;1
51;9;31740;1
51;9;31741;1
51;9;31742;1
51;9;31743;1
51;9;31744;1
51;9;31745;1
51;9;31746;1
51;9;31747;1
51;9;31748;1
51;9;31749;1
51;9;31750;1
51;9;31751;1
51;9;31752;1
51;9;31753;1
51;9;31754;1
51;9;31755;1
51;9;31756;1
51;9;31757;1
51;9;31758;1
51;9;31759;1
51;9;31760;1
51;9;31761;1
51;9;31762;1
51;9;31763;1
51;9;31764;1
51;9;31765;1
51;9;31766;1
51;9;31767;1
51;9;31768;1
51;9;31769;1
51;9;31770;1
51;9;31771;1
51;9;31772;1
51;9;31773;1
51;9;31774;1
51;9;31775;1
51;9;31776;1
51;9;31777;1
51;9;31778;1
51;9;31779;1
51;9;31780;1
51;9;31781;1
51;9;31782;1
51;9;31783;1
51;9;31784;1
51;9;31785;1
51;9;31786;1
51;9;31787;1
51;9;31788;1
51;9;31789;1
51;9;31790;1
51;9;31791;1
51;9;31792;1
51;9;31793;1
51;9;31794;1
51;9;31795;1
51;9;31796;1
51;9;31797;0
51;9;31798;1
51;9;31799;1
51;9;31800;1
51;9;31801;1
51;9;31802;1
51;9;31803;1
51;9;31804;1
51;9;31805;1
51;9;31806;1
51;9;31807;1
51;9;31808;1
51;9;31809;1
51;9;31810;1
51;9;31811;1
51;9;31812;1
51;9;31813;1
51;9;31814;1
51;9;31815;1
51;9;31816;1
51;9;31817;1
51;9;31818;1
51;9;31819;1
51;9;31820;1
51;9;31821;1
51;9;31822;1
51;9;31823;1
51;9;31824;1
51;9;31825;1
51;9;31826;1
51;9;31827;1
51;9;31828;1
51;9;31829;1
51;9;31830;0
51;9;31831;0
51;9;31832;0
51;9;31833;0
51;9;31834;0
51;9;31835;0
51;9;31836;1
51;9;31837;1
51;9;31838;1
51;9;31839;1
51;9;31840;1
51;9;31841;1
51;9;31842;1
51;9;31843;1
51;9;31844;1
51;9;31845;1
51;9;31846;1
51;9;31847;1
51;9;31848;1
51;9;31849;1
51;9;31850;1
51;9;31851;1
51;9;31852;1
51;9;31853;1
51;9;31854;1
51;9;31855;1
51;9;31856;1
51;9;31857;1
51;9;31858;1
51;9;31859;1
51;9;31860;1
51;9;31861;1
51;9;31862;1
51;9;31863;1
51;9;31864;1
51;9;31865;1
51;9;31866;1
51;9;31867;1
51;9;31868;1
51;9;31869;1
51;9;31870;1
51;9;31871;1
51;9;31872;1
51;9;31873;1
51;9;31874;1
51;9;31875;1
51;9;31876;1
51;9;31877;1
51;9;31878;1
51;9;31879;1
51;9;31880;1
51;9;31881;1
51;9;31882;1
51;9;31883;1
51;9;31884;1
51;9;31885;1
51;9;31886;1
51;9;31887;1
51;9;31888;1
51;9;31889;1
51;9;31890;1
51;9;31891;1
51;9;31892;1
51;9;31893;1
51;9;31894;1
51;9;31895;1
51;9;31896;1
51;9;31897;1
51;9;31898;1
51;9;31899;0
51;9;31900;1
51;9;31901;1
51;9;31902;1
51;9;31903;1
51;9;31904;1
51;9;31905;1
51;9;31906;0
51;9;31907;1
51;9;31908;1
51;9;31909;1
51;9;31910;1
51;9;31911;1
51;9;31912;1
51;9;31913;1
51;9;31914;1
51;9;31915;1
51;9;31916;1
51;9;31917;0
51;9;31918;0
51;9;31919;0
51;9;31920;1
51;9;31921;1
51;9;31922;1
51;9;31923;1
51;9;31924;1
51;9;31925;1
51;9;31926;1
51;9;31927;1
51;9;31928;1
51;9;31929;1
51;9;31930;1
51;9;31931;1
51;9;31932;1
51;9;31933;1
51;9;31934;1
51;9;31935;1
51;9;31936;1
51;9;31937;1
51;9;31938;1
51;9;31939;1
51;9;31940;1
51;9;31941;1
51;9;31942;1
51;9;31943;1
51;9;31944;1
51;9;31945;1
51;9;31946;1
51;9;31947;1
51;9;31948;1
51;9;31949;1
51;9;31950;1
51;9;31951;1
51;9;31952;1
51;9;31953;1
51;9;31954;1
51;9;31955;1
51;9;31956;1
51;9;31957;1
51;9;31958;1
51;9;31959;1
51;9;31960;1
51;9;31961;1
51;9;31962;1
51;9;31963;1
51;9;31964;1
51;9;31965;1
51;9;31966;1
51;9;31967;1
51;9;31968;1
51;9;31969;1
51;9;31970;1
51;9;31971;1
51;9;31972;1
51;9;31973;1
51;9;31974;1
51;9;31975;1
51;9;31976;1
51;9;31977;1
51;9;31978;1
51;9;31979;1
51;9;31980;1
51;9;31981;1
51;9;31982;1
51;9;31983;1
51;9;31984;1
51;9;31985;0
51;9;31986;0
51;9;31987;0
51;9;31988;1
51;9;31989;1
51;9;31990;1
51;9;31991;1
51;9;31992;1
51;9;31993;1
51;9;31994;1
51;9;31995;1
51;9;31996;1
51;9;31997;1
51;9;31998;1
51;9;31999;1
51;9;32000;1
51;9;32001;1
51;9;32002;1
51;9;32003;1
51;9;32004;1
51;9;32005;1
51;9;32006;1
51;9;32007;1
51;9;32008;1
51;9;32009;1
51;9;32010;1
51;9;32011;1
51;9;32012;1
51;9;32013;1
51;9;32014;1
51;9;32015;1
51;9;32016;1
51;9;32017;1
51;9;32018;1
51;9;32019;1
51;9;32020;1
51;9;32021;1
51;9;32022;1
51;9;32023;1
51;9;32024;1
51;9;32025;1
51;9;32026;1
51;9;32027;1
51;9;32028;1
51;9;32029;1
51;9;32030;1
51;9;32031;1
51;9;32032;1
51;9;32033;1
51;9;32034;1
51;9;32035;1
51;9;32036;1
51;9;32037;1
51;9;32038;1
51;9;32039;1
51;9;32040;1
51;9;32041;1
51;9;32042;1
51;9;32043;1
51;9;32044;1
51;9;32045;1
51;9;32046;1
51;9;32047;1
51;9;32048;1
51;9;32049;1
51;9;32050;1
51;9;32051;1
51;9;32052;1
51;9;32053;1
51;9;32054;1
51;9;32055;1
51;9;32056;1
51;9;32057;1
51;9;32058;1
51;9;32059;1
51;9;32060;1
51;9;32061;1
51;9;32062;1
51;9;32063;1
51;9;32064;0
51;9;32065;0
51;9;32066;1
51;9;32067;1
51;9;32068;1
51;9;32069;1
51;9;32070;1
51;9;32071;1
51;9;32072;1
51;9;32073;1
51;9;32074;1
51;9;32075;1
51;9;32076;1
51;9;32077;1
51;9;32078;1
51;9;32079;1
51;9;32080;1
51;9;32081;1
51;9;32082;1
51;9;32083;1
51;9;32084;1
51;9;32085;1
51;9;32086;1
51;9;32087;1
51;9;32088;1
51;9;32089;1
51;9;32090;1
51;9;32091;1
51;9;32092;1
51;9;32093;1
51;9;32094;1
51;9;32095;1
51;9;32096;1
51;9;32097;1
51;9;32098;0
51;9;32099;1
51;9;32100;1
51;9;32101;1
51;9;32102;1
51;9;32103;1
51;9;32104;1
51;9;32105;1
51;9;32106;1
51;9;32107;1
51;9;32108;1
51;9;32109;1
51;9;32110;1
51;9;32111;1
51;9;32112;1
51;9;32113;1
51;9;32114;1
51;9;32115;1
51;9;32116;1
51;9;32117;1
51;9;32118;1
51;9;32119;1
51;9;32120;1
51;9;32121;1
51;9;32122;1
51;9;32123;1
51;9;32124;1
51;9;32125;1
51;9;32126;1
51;9;32127;1
51;9;32128;1
51;9;32129;1
51;9;32130;1
51;9;32131;1
51;9;32132;1
51;9;32133;1
51;9;32134;1
51;9;32135;1
51;9;32136;1
51;9;32137;1
51;9;32138;1
51;9;32139;1
51;9;32140;1
51;9;32141;1
51;9;32142;1
51;9;32143;1
51;9;32144;1
51;9;32145;1
51;9;32146;1
51;9;32147;1
51;9;32148;1
51;9;32149;1
51;9;32150;1
51;9;32151;1
51;9;32152;1
51;9;32153;1
51;9;32154;1
51;9;32155;1
51;9;32156;1
51;9;32157;1
51;9;32158;1
51;9;32159;1
51;9;32160;1
51;9;32161;1
51;9;32162;1
51;9;32163;1
51;9;32164;1
51;9;32165;1
51;9;32166;1
51;9;32167;1
51;9;32168;1
51;9;32169;1
51;9;32170;1
51;9;32171;1
51;9;32172;1
51;9;32173;1
51;9;32174;1
51;9;32175;1
51;9;32176;1
51;9;32177;1
51;9;32178;1
51;9;32179;1
51;9;32180;1
51;9;32181;1
51;9;32182;1
51;9;32183;1
51;9;32184;1
51;9;32185;1
51;9;32186;1
51;9;32187;1
51;9;32188;1
51;9;32189;1
51;9;32190;1
51;9;32191;1
51;9;32192;1
51;9;32193;1
51;9;32194;1
51;9;32195;1
51;9;32196;1
51;9;32197;1
51;9;32198;1
51;9;32199;1
51;9;32200;1
51;9;32201;1
51;9;32202;1
51;9;32203;1
51;9;32204;1
51;9;32205;1
51;9;32206;1
51;9;32207;1
51;9;32208;1
51;9;32209;1
51;9;32210;1
51;9;32211;1
51;9;32212;1
51;9;32213;1
51;9;32214;1
51;9;32215;1
51;9;32216;1
51;9;32217;1
51;9;32218;1
51;9;32219;1
51;9;32220;1
51;9;32221;1
51;9;32222;1
51;9;32223;1
51;9;32224;1
51;9;32225;1
51;9;32226;1
51;9;32227;1
51;9;32228;1
51;9;32229;1
51;9;32230;1
51;9;32231;1
51;9;32232;1
51;9;32233;1
51;9;32234;1
51;9;32235;1
51;9;32236;1
51;9;32237;1
51;9;32238;1
51;9;32239;1
51;9;32240;1
51;9;32241;1
51;9;32242;1
51;9;32243;0
51;9;32244;0
51;9;32245;0
51;9;32246;1
51;9;32247;1
51;9;32248;1
51;9;32249;1
51;9;32250;1
51;9;32251;1
51;9;32252;1
51;9;32253;1
51;9;32254;1
51;9;32255;1
51;9;32256;1
51;9;32257;1
51;9;32258;1
51;9;32259;1
51;9;32260;1
51;9;32261;1
51;9;32262;1
51;9;32263;1
51;9;32264;1
51;9;32265;1
51;9;32266;1
51;9;32267;1
51;9;32268;1
51;9;32269;1
51;9;32270;1
51;9;32271;1
51;9;32272;1
51;9;32273;1
51;9;32274;1
51;9;32275;1
51;9;32276;1
51;9;32277;1
51;9;32278;1
51;9;32279;1
51;9;32280;1
51;9;32281;1
51;9;32282;1
51;9;32283;1
51;9;32284;1
51;9;32285;1
51;9;32286;1
51;9;32287;1
51;9;32288;1
51;9;32289;1
51;9;32290;1
51;9;32291;1
51;9;32292;1
51;9;32293;1
51;9;32294;1
51;9;32295;1
51;9;32296;1
51;9;32297;1
51;9;32298;1
51;9;32299;1
51;9;32300;0
51;9;32301;1
51;9;32302;1
51;9;32303;1
51;9;32304;1
51;9;32305;1
51;9;32306;1
51;9;32307;1
51;9;32308;1
51;9;32309;1
51;9;32310;1
51;9;32311;1
51;9;32312;1
51;9;32313;1
51;9;32314;1
51;9;32315;1
51;9;32316;1
51;9;32317;1
51;9;32318;1
51;9;32319;1
51;9;32320;1
51;9;32321;1
51;9;32322;1
51;9;32323;1
51;9;32324;1
51;9;32325;1
51;9;32326;1
51;9;32327;1
51;9;32328;1
51;9;32329;1
51;9;32330;1
51;9;32331;1
51;9;32332;1
51;9;32333;1
51;9;32334;1
51;9;32335;1
51;9;32336;1
51;9;32337;1
51;9;32338;1
51;9;32339;1
51;9;32340;1
51;9;32341;1
51;9;32342;0
51;9;32343;1
51;9;32344;1
51;9;32345;1
51;9;32346;1
51;9;32347;1
51;9;32348;1
51;9;32349;1
51;9;32350;1
51;9;32351;1
51;9;32352;1
51;9;32353;1
51;9;32354;1
51;9;32355;1
51;9;32356;1
51;9;32357;0
51;9;32358;1
51;9;32359;1
51;9;32360;1
51;9;32361;0
51;9;32362;1
51;9;32363;0
51;9;32364;0
51;9;32365;0
51;9;32366;1
51;9;32367;1
51;9;32368;1
51;9;32369;1
51;9;32370;1
51;9;32371;1
51;9;32372;1
51;9;32373;1
51;9;32374;1
51;9;32375;1
51;9;32376;1
51;9;32377;1
51;9;32378;1
51;9;32379;1
51;9;32380;1
51;9;32381;1
51;9;32382;1
51;9;32383;1
51;9;32384;1
51;9;32385;1
51;9;32386;1
51;9;32387;1
51;9;32388;1
51;9;32389;1
51;9;32390;0
51;9;32391;1
51;9;32392;1
51;9;32393;1
51;9;32394;1
51;9;32395;1
51;9;32396;1
51;9;32397;1
51;9;32398;1
51;9;32399;1
51;9;32400;1
51;9;32401;1
51;9;32402;1
51;9;32403;1
51;9;32404;1
51;9;32405;1
51;9;32406;1
51;9;32407;1
51;9;32408;1
51;9;32409;1
51;9;32410;1
51;9;32411;1
51;9;32412;1
51;9;32413;1
51;9;32414;1
51;9;32415;1
51;9;32416;1
51;9;32417;1
51;9;32418;1
51;9;32419;1
51;9;32420;1
51;9;32421;1
51;9;32422;1
51;9;32423;1
51;9;32424;1
51;9;32425;1
51;9;32426;1
51;9;32427;1
51;9;32428;1
51;9;32429;1
51;9;32430;1
51;9;32431;1
51;9;32432;1
51;9;32433;0
51;9;32434;1
51;9;32435;1
51;9;32436;1
51;9;32437;1
51;9;32438;1
51;9;32439;1
51;9;32440;1
51;9;32441;1
51;9;32442;1
51;9;32443;1
51;9;32444;1
51;9;32445;1
51;9;32446;1
51;9;32447;1
51;9;32448;1
51;9;32449;1
51;9;32450;1
51;9;32451;1
51;9;32452;1
51;9;32453;1
51;9;32454;1
51;9;32455;1
51;9;32456;1
51;9;32457;1
51;9;32458;1
51;9;32459;1
51;9;32460;1
51;9;32461;1
51;9;32462;1
51;9;32463;1
51;9;32464;1
51;9;32465;1
51;9;32466;1
51;9;32467;1
51;9;32468;1
51;9;32469;1
51;9;32470;1
51;9;32471;1
51;9;32472;1
51;9;32473;1
51;9;32474;1
51;9;32475;1
51;9;32476;1
51;9;32477;0
51;9;32478;0
51;9;32479;0
51;9;32480;1
51;9;32481;1
51;9;32482;1
51;9;32483;1
51;9;32484;1
51;9;32485;1
51;9;32486;1
51;9;32487;1
51;9;32488;1
51;9;32489;1
51;9;32490;1
51;9;32491;1
51;9;32492;1
51;9;32493;1
51;9;32494;1
51;9;32495;1
51;9;32496;1
51;9;32497;1
51;9;32498;1
51;9;32499;1
51;9;32500;1
51;9;32501;1
51;9;32502;1
51;9;32503;1
51;9;32504;1
51;9;32505;1
51;9;32506;0
51;9;32507;1
51;9;32508;1
51;9;32509;1
51;9;32510;1
51;9;32511;1
51;9;32512;1
51;9;32513;1
51;9;32514;1
51;9;32515;1
51;9;32516;1
51;9;32517;1
51;9;32518;1
51;9;32519;1
51;9;32520;1
51;9;32521;1
51;9;32522;1
51;9;32523;1
51;9;32524;1
51;9;32525;1
51;9;32526;1
51;9;32527;1
51;9;32528;1
51;9;32529;1
51;9;32530;1
51;9;32531;1
51;9;32532;1
51;9;32533;1
51;9;32534;1
51;9;32535;1
51;9;32536;1
51;9;32537;1
51;9;32538;1
51;9;32539;1
51;9;32540;1
51;9;32541;1
51;9;32542;1
51;9;32543;1
51;9;32544;1
51;9;32545;1
51;9;32546;1
51;9;32547;1
51;9;32548;1
51;9;32549;1
51;9;32550;1
51;9;32551;1
51;9;32552;1
51;9;32553;1
51;9;32554;1
51;9;32555;1
51;9;32556;1
51;9;32557;1
51;9;32558;1
51;9;32559;1
51;9;32560;1
51;9;32561;1
51;9;32562;1
51;9;32563;1
51;9;32564;1
51;9;32565;1
51;9;32566;1
51;9;32567;1
51;9;32568;1
51;9;32569;1
51;9;32570;1
51;9;32571;1
51;9;32572;1
51;9;32573;1
51;9;32574;1
51;9;32575;1
51;9;32576;1
51;9;32577;1
51;9;32578;1
51;9;32579;1
51;9;32580;1
51;9;32581;0
51;9;32582;1
51;9;32583;1
51;9;32584;1
51;9;32585;1
51;9;32586;1
51;9;32587;1
51;9;32588;1
51;9;32589;1
51;9;32590;1
51;9;32591;1
51;9;32592;1
51;9;32593;1
51;9;32594;1
51;9;32595;1
51;9;32596;1
51;9;32597;1
51;9;32598;1
51;9;32599;1
51;9;32600;1
51;9;32601;1
51;9;32602;1
51;9;32603;1
51;9;32604;1
51;9;32605;1
51;9;32606;1
51;9;32607;1
51;9;32608;1
51;9;32609;1
51;9;32610;1
51;9;32611;1
51;9;32612;1
51;9;32613;1
51;9;32614;1
51;9;32615;1
51;9;32616;1
51;9;32617;0
51;9;32618;1
51;9;32619;1
51;9;32620;1
51;9;32621;1
51;9;32622;1
51;9;32623;1
51;9;32624;1
51;9;32625;1
51;9;32626;1
51;9;32627;1
51;9;32628;1
51;9;32629;1
51;9;32630;1
51;9;32631;1
51;9;32632;1
51;9;32633;1
51;9;32634;1
51;9;32635;1
51;9;32636;1
51;9;32637;1
51;9;32638;1
51;9;32639;1
51;9;32640;1
51;9;32641;1
51;9;32642;1
51;9;32643;1
51;9;32644;1
51;9;32645;1
51;9;32646;1
51;9;32647;1
51;9;32648;1
51;9;32649;1
51;9;32650;1
51;9;32651;1
51;9;32652;1
51;9;32653;1
51;9;32654;1
51;9;32655;1
51;9;32656;1
51;9;32657;1
51;9;32658;1
51;9;32659;1
51;9;32660;1
51;9;32661;1
51;9;32662;1
51;9;32663;1
51;9;32664;1
51;9;32665;1
51;9;32666;1
51;9;32667;1
51;9;32668;1
51;9;32669;1
51;9;32670;1
51;9;32671;1
51;9;32672;1
51;9;32673;1
51;9;32674;1
51;9;32675;1
51;9;32676;1
51;9;32677;1
51;9;32678;1
51;9;32679;1
51;9;32680;1
51;9;32681;1
51;9;32682;1
51;9;32683;1
51;9;32684;1
51;9;32685;1
51;9;32686;1
51;9;32687;1
51;9;32688;1
51;9;32689;1
51;9;32690;1
51;9;32691;1
51;9;32692;1
51;9;32693;1
51;9;32694;1
51;9;32695;1
51;9;32696;1
51;9;32697;1
51;9;32698;1
51;9;32699;1
51;9;32700;1
51;9;32701;1
51;9;32702;1
51;9;32703;1
51;9;32704;1
51;9;32705;1
51;9;32706;1
51;9;32707;1
51;9;32708;1
51;9;32709;1
51;9;32710;1
51;9;32711;1
51;9;32712;1
51;9;32713;1
51;9;32714;1
51;9;32715;1
51;9;32716;1
51;9;32717;1
51;9;32718;1
51;9;32719;1
51;9;32720;1
51;9;32721;1
51;9;32722;1
51;9;32723;1
51;9;32724;1
51;9;32725;1
51;9;32726;1
51;9;32727;1
51;9;32728;1
51;9;32729;1
51;9;32730;1
51;9;32731;1
51;9;32732;1
51;9;32733;1
51;9;32734;1
51;9;32735;1
51;9;32736;1
51;9;32737;1
51;9;32738;1
51;9;32739;1
51;9;32740;1
51;9;32741;1
51;9;32742;1
51;9;32743;1
51;9;32744;1
51;9;32745;1
51;9;32746;1
51;9;32747;1
51;9;32748;1
51;9;32749;1
51;9;32750;1
51;9;32751;1
51;9;32752;1
51;9;32753;1
51;9;32754;1
51;9;32755;1
51;9;32756;1
51;9;32757;1
51;9;32758;1
51;9;32759;1
51;9;32760;1
51;9;32761;1
51;9;32762;1
51;9;32763;1
51;9;32764;1
51;9;32765;1
51;9;32766;1
51;9;32767;1
51;9;32768;1
51;9;32769;1
51;9;32770;1
51;9;32771;1
51;9;32772;1
51;9;32773;1
51;9;32774;0
51;9;32775;1
51;9;32776;1
51;9;32777;1
51;9;32778;1
51;9;32779;1
51;9;32780;1
51;9;32781;1
51;9;32782;1
51;9;32783;1
51;9;32784;1
51;9;32785;1
51;9;32786;1
51;9;32787;1
51;9;32788;1
51;9;32789;1
51;9;32790;1
51;9;32791;1
51;9;32792;1
51;9;32793;1
51;9;32794;1
51;9;32795;1
51;9;32796;1
51;9;32797;1
51;9;32798;0
51;9;32799;1
51;9;32800;1
51;9;32801;1
51;9;32802;1
51;9;32803;1
51;9;32804;1
51;9;32805;1
51;9;32806;1
51;9;32807;1
51;9;32808;1
51;9;32809;1
51;9;32810;1
51;9;32811;1
51;9;32812;1
51;9;32813;1
51;9;32814;1
51;9;32815;1
51;9;32816;1
51;9;32817;1
51;9;32818;1
51;9;32819;1
51;9;32820;1
51;9;32821;1
51;9;32822;1
51;9;32823;1
51;9;32824;1
51;9;32825;1
51;9;32826;1
51;9;32827;1
51;9;32828;1
51;9;32829;1
51;9;32830;1
51;9;32831;1
51;9;32832;1
51;9;32833;1
51;9;32834;1
51;9;32835;1
51;9;32836;1
51;9;32837;1
51;9;32838;1
51;9;32839;1
51;9;32840;1
51;9;32841;0
51;9;32842;1
51;9;32843;1
51;9;32844;1
51;9;32845;1
51;9;32846;1
51;9;32847;1
51;9;32848;1
51;9;32849;1
51;9;32850;1
51;9;32851;1
51;9;32852;1
51;9;32853;1
51;9;32854;1
51;9;32855;1
51;9;32856;1
51;9;32857;1
51;9;32858;1
51;9;32859;1
51;9;32860;1
51;9;32861;1
51;9;32862;1
51;9;32863;1
51;9;32864;1
51;9;32865;1
51;9;32866;1
51;9;32867;1
51;9;32868;1
51;9;32869;1
51;9;32870;1
51;9;32871;1
51;9;32872;1
51;9;32873;1
51;9;32874;1
51;9;32875;1
51;9;32876;1
51;9;32877;0
51;9;32878;1
51;9;32879;1
51;9;32880;1
51;9;32881;1
51;9;32882;1
51;9;32883;1
51;9;32884;1
51;9;32885;1
51;9;32886;1
51;9;32887;1
51;9;32888;1
51;9;32889;1
51;9;32890;1
51;9;32891;1
51;9;32892;1
51;9;32893;1
51;9;32894;1
51;9;32895;1
51;9;32896;0
51;9;32897;1
51;9;32898;1
51;9;32899;1
51;9;32900;1
51;9;32901;1
51;9;32902;1
51;9;32903;0
51;9;32904;0
51;9;32905;1
51;9;32906;1
51;9;32907;1
51;9;32908;0
51;9;32909;0
51;9;32910;1
51;9;32911;0
51;9;32912;1
51;9;32913;0
51;9;32914;1
51;9;32915;1
51;9;32916;1
51;9;32917;1
51;9;32918;1
51;9;32919;1
51;9;32920;1
51;9;32921;0
51;9;32922;1
51;9;32923;0
51;9;32924;1
51;9;32925;0
51;9;32926;0
51;9;32927;0
51;9;32928;1
51;9;32929;1
51;9;32930;1
51;9;32931;1
51;9;32932;1
51;9;32933;1
51;9;32934;1
51;9;32935;1
51;9;32936;1
51;9;32937;1
51;9;32938;1
51;9;32939;1
51;9;32940;1
51;9;32941;1
51;9;32942;1
51;9;32943;1
51;9;32944;1
51;9;32945;1
51;9;32946;1
51;9;32947;1
51;9;32948;1
51;9;32949;1
51;9;32950;1
51;9;32951;1
51;9;32952;1
51;9;32953;1
51;9;32954;1
51;9;32955;1
51;9;32956;1
51;9;32957;1
51;9;32958;1
51;9;32959;1
51;9;32960;1
51;9;32961;1
51;9;32962;1
51;9;32963;1
51;9;32964;1
51;9;32965;1
51;9;32966;1
51;9;32967;1
51;9;32968;1
51;9;32969;1
51;9;32970;1
51;9;32971;1
51;9;32972;1
51;9;32973;1
51;9;32974;1
51;9;32975;1
51;9;32976;1
51;9;32977;1
51;9;32978;1
51;9;32979;1
51;9;32980;1
51;9;32981;1
51;9;32982;1
51;9;32983;1
51;9;32984;1
51;9;32985;1
51;9;32986;1
51;9;32987;1
51;9;32988;1
51;9;32989;1
51;9;32990;1
51;9;32991;1
51;9;32992;1
51;9;32993;1
51;9;32994;1
51;9;32995;1
51;9;32996;1
51;9;32997;1
51;9;32998;1
51;9;32999;1
51;9;33000;1
51;9;33001;1
51;9;33002;1
51;9;33003;1
51;9;33004;1
51;9;33005;1
51;9;33006;1
51;9;33007;1
51;9;33008;1
51;9;33009;1
51;9;33010;1
51;9;33011;1
51;9;33012;1
51;9;33013;1
51;9;33014;1
51;9;33015;1
51;9;33016;1
51;9;33017;1
51;9;33018;1
51;9;33019;1
51;9;33020;1
51;9;33021;1
51;9;33022;1
51;9;33023;1
51;9;33024;1
51;9;33025;1
51;9;33026;1
51;9;33027;1
51;9;33028;1
51;9;33029;1
51;9;33030;1
51;9;33031;1
51;9;33032;1
51;9;33033;1
51;9;33034;1
51;9;33035;1
51;9;33036;1
51;9;33037;1
51;9;33038;1
51;9;33039;1
51;9;33040;1
51;9;33041;1
51;9;33042;1
51;9;33043;1
51;9;33044;1
51;9;33045;1
51;9;33046;1
51;9;33047;1
51;9;33048;1
51;9;33049;1
51;9;33050;1
51;9;33051;1
51;9;33052;1
51;9;33053;1
51;9;33054;1
51;9;33055;1
51;9;33056;0
51;9;33057;1
51;9;33058;1
51;9;33059;1
51;9;33060;1
51;9;33061;0
51;9;33062;1
51;9;33063;1
51;9;33064;1
51;9;33065;1
51;9;33066;1
51;9;33067;0
51;9;33068;1
51;9;33069;1
51;9;33070;1
51;9;33071;1
51;9;33072;1
51;9;33073;0
51;9;33074;1
51;9;33075;0
51;9;33076;1
51;9;33077;1
51;9;33078;1
51;9;33079;0
51;9;33080;0
51;9;33081;0
51;9;33082;1
51;9;33083;1
51;9;33084;1
51;9;33085;1
51;9;33086;1
51;9;33087;1
51;9;33088;1
51;9;33089;1
51;9;33090;1
51;9;33091;1
51;9;33092;1
51;9;33093;1
51;9;33094;1
51;9;33095;1
51;9;33096;1
51;9;33097;0
51;9;33098;1
51;9;33099;1
51;9;33100;1
51;9;33101;1
51;9;33102;1
51;9;33103;1
51;9;33104;1
51;9;33105;1
51;9;33106;1
51;9;33107;1
51;9;33108;1
51;9;33109;1
51;9;33110;1
51;9;33111;1
51;9;33112;1
51;9;33113;1
51;9;33114;1
51;9;33115;1
51;9;33116;1
51;9;33117;1
51;9;33118;1
51;9;33119;1
51;9;33120;1
51;9;33121;1
51;9;33122;1
51;9;33123;1
51;9;33124;1
51;9;33125;1
51;9;33126;1
51;9;33127;1
51;9;33128;1
51;9;33129;1
51;9;33130;1
51;9;33131;1
51;9;33132;1
51;9;33133;1
51;9;33134;1
51;9;33135;1
51;9;33136;1
51;9;33137;1
51;9;33138;1
51;9;33139;1
51;9;33140;1
51;9;33141;1
51;9;33142;1
51;9;33143;1
51;9;33144;1
51;9;33145;1
51;9;33146;1
51;9;33147;1
51;9;33148;1
51;9;33149;1
51;9;33150;1
51;9;33151;1
51;9;33152;1
51;9;33153;1
51;9;33154;1
51;9;33155;1
51;9;33156;1
51;9;33157;1
51;9;33158;1
51;9;33159;1
51;9;33160;1
51;9;33161;1
51;9;33162;1
51;9;33163;1
51;9;33164;1
51;9;33165;1
51;9;33166;1
51;9;33167;1
51;9;33168;1
51;9;33169;1
51;9;33170;1
51;9;33171;1
51;9;33172;1
51;9;33173;1
51;9;33174;1
51;9;33175;1
51;9;33176;1
51;9;33177;1
51;9;33178;1
51;9;33179;1
51;9;33180;1
51;9;33181;1
51;9;33182;1
51;9;33183;1
51;9;33184;1
51;9;33185;1
51;9;33186;1
51;9;33187;1
51;9;33188;1
51;9;33189;1
51;9;33190;1
51;9;33191;1
51;9;33192;1
51;9;33193;1
51;9;33194;1
51;9;33195;1
51;9;33196;1
51;9;33197;0
51;9;33198;1
51;9;33199;1
51;9;33200;1
51;9;33201;1
51;9;33202;0
51;9;33203;1
51;9;33204;1
51;9;33205;1
51;9;33206;1
51;9;33207;1
51;9;33208;1
51;9;33209;1
51;9;33210;1
51;9;33211;1
51;9;33212;1
51;9;33213;1
51;9;33214;1
51;9;33215;1
51;9;33216;1
51;9;33217;0
51;9;33218;1
51;9;33219;1
51;9;33220;1
51;9;33221;1
51;9;33222;1
51;9;33223;1
51;9;33224;1
51;9;33225;1
51;9;33226;1
51;9;33227;1
51;9;33228;1
51;9;33229;1
51;9;33230;1
51;9;33231;1
51;9;33232;1
51;9;33233;1
51;9;33234;1
51;9;33235;1
51;9;33236;1
51;9;33237;1
51;9;33238;1
51;9;33239;1
51;9;33240;1
51;9;33241;1
51;9;33242;1
51;9;33243;1
51;9;33244;1
51;9;33245;1
51;9;33246;1
51;9;33247;1
51;9;33248;1
51;9;33249;1
51;9;33250;1
51;9;33251;1
51;9;33252;1
51;9;33253;1
51;9;33254;0
51;9;33255;1
51;9;33256;1
51;9;33257;1
51;9;33258;1
51;9;33259;1
51;9;33260;1
51;9;33261;1
51;9;33262;1
51;9;33263;1
51;9;33264;1
51;9;33265;1
51;9;33266;1
51;9;33267;1
51;9;33268;1
51;9;33269;1
51;9;33270;1
51;9;33271;1
51;9;33272;1
51;9;33273;1
51;9;33274;1
51;9;33275;1
51;9;33276;1
51;9;33277;1
51;9;33278;1
51;9;33279;1
51;9;33280;1
51;9;33281;1
51;9;33282;1
51;9;33283;1
51;9;33284;1
51;9;33285;1
51;9;33286;1
51;9;33287;1
51;9;33288;0
51;9;33289;1
51;9;33290;1
51;9;33291;1
51;9;33292;1
51;9;33293;1
51;9;33294;1
51;9;33295;1
51;9;33296;0
51;9;33297;1
51;9;33298;1
51;9;33299;1
51;9;33300;1
51;9;33301;1
51;9;33302;1
51;9;33303;1
51;9;33304;1
51;9;33305;1
51;9;33306;1
51;9;33307;1
51;9;33308;1
51;9;33309;1
51;9;33310;1
51;9;33311;1
51;9;33312;1
51;9;33313;1
51;9;33314;1
51;9;33315;1
51;9;33316;1
51;9;33317;1
51;9;33318;1
51;9;33319;1
51;9;33320;1
51;9;33321;1
51;9;33322;1
51;9;33323;1
51;9;33324;1
51;9;33325;1
51;9;33326;1
51;9;33327;1
51;9;33328;1
51;9;33329;1
51;9;33330;1
51;9;33331;1
51;9;33332;1
51;9;33333;1
51;9;33334;1
51;9;33335;1
51;9;33336;1
51;9;33337;1
51;9;33338;1
51;9;33339;1
51;9;33340;1
51;9;33341;1
51;9;33342;1
51;9;33343;1
51;9;33344;1
51;9;33345;1
51;9;33346;1
51;9;33347;1
51;9;33348;1
51;9;33349;1
51;9;33350;1
51;9;33351;1
51;9;33352;1
51;9;33353;1
51;9;33354;1
51;9;33355;1
51;9;33356;1
51;9;33357;1
51;9;33358;1
51;9;33359;1
51;9;33360;1
51;9;33361;1
51;9;33362;1
51;9;33363;1
51;9;33364;1
51;9;33365;1
51;9;33366;1
51;9;33367;1
51;9;33368;1
51;9;33369;1
51;9;33370;1
51;9;33371;1
51;9;33372;1
51;9;33373;1
51;9;33374;1
51;9;33375;1
51;9;33376;1
51;9;33377;1
51;9;33378;1
51;9;33379;1
51;9;33380;1
51;9;33381;1
51;9;33382;1
51;9;33383;1
51;9;33384;1
51;9;33385;1
51;9;33386;1
51;9;33387;1
51;9;33388;1
51;9;33389;0
51;9;33390;1
51;9;33391;1
51;9;33392;1
51;9;33393;1
51;9;33394;1
51;9;33395;1
51;9;33396;1
51;9;33397;1
51;9;33398;1
51;9;33399;1
51;9;33400;1
51;9;33401;1
51;9;33402;1
51;9;33403;1
51;9;33404;1
51;9;33405;1
51;9;33406;1
51;9;33407;1
51;9;33408;1
51;9;33409;1
51;9;33410;1
51;9;33411;1
51;9;33412;1
51;9;33413;1
51;9;33414;1
51;9;33415;1
51;9;33416;1
51;9;33417;1
51;9;33418;1
51;9;33419;1
51;9;33420;1
51;9;33421;1
51;9;33422;1
51;9;33423;1
51;9;33424;1
51;9;33425;1
51;9;33426;1
51;9;33427;1
51;9;33428;1
51;9;33429;1
51;9;33430;1
51;9;33431;1
51;9;33432;1
51;9;33433;1
51;9;33434;1
51;9;33435;1
51;9;33436;1
51;9;33437;1
51;9;33438;1
51;9;33439;1
51;9;33440;1
51;9;33441;0
51;9;33442;1
51;9;33443;1
51;9;33444;1
51;9;33445;0
51;9;33446;0
51;9;33447;0
51;9;33448;0
51;9;33449;1
51;9;33450;1
51;9;33451;1
51;9;33452;1
51;9;33453;1
51;9;33454;1
51;9;33455;0
51;9;33456;1
51;9;33457;1
51;9;33458;0
51;9;33459;1
51;9;33460;0
51;9;33461;1
51;9;33462;1
51;9;33463;1
51;9;33464;1
51;9;33465;1
51;9;33466;1
51;9;33467;1
51;9;33468;1
51;9;33469;1
51;9;33470;1
51;9;33471;1
51;9;33472;1
51;9;33473;1
51;9;33474;1
51;9;33475;1
51;9;33476;1
51;9;33477;1
51;9;33478;1
51;9;33479;1
51;9;33480;1
51;9;33481;1
51;9;33482;1
51;9;33483;1
51;9;33484;1
51;9;33485;1
51;9;33486;1
51;9;33487;1
51;9;33488;1
51;9;33489;1
51;9;33490;1
51;9;33491;1
51;9;33492;1
51;9;33493;1
51;9;33494;1
51;9;33495;1
51;9;33496;1
51;9;33497;1
51;9;33498;1
51;9;33499;1
51;9;33500;1
51;9;33501;1
51;9;33502;1
51;9;33503;1
51;9;33504;1
51;9;33505;1
51;9;33506;1
51;9;33507;1
51;9;33508;1
51;9;33509;1
51;9;33510;1
51;9;33511;1
51;9;33512;1
51;9;33513;1
51;9;33514;1
51;9;33515;1
51;9;33516;1
51;9;33517;1
51;9;33518;1
51;9;33519;1
51;9;33520;1
51;9;33521;1
51;9;33522;1
51;9;33523;1
51;9;33524;1
51;9;33525;1
51;9;33526;1
51;9;33527;1
51;9;33528;1
51;9;33529;1
51;9;33530;1
51;9;33531;1
51;9;33532;1
51;9;33533;1
51;9;33534;1
51;9;33535;1
51;9;33536;1
51;9;33537;1
51;9;33538;1
51;9;33539;1
51;9;33540;1
51;9;33541;1
51;9;33542;1
51;9;33543;1
51;9;33544;1
51;9;33545;1
51;9;33546;1
51;9;33547;1
51;9;33548;1
51;9;33549;1
51;9;33550;1
51;9;33551;1
51;9;33552;1
51;9;33553;1
51;9;33554;1
51;9;33555;1
51;9;33556;1
51;9;33557;1
51;9;33558;1
51;9;33559;1
51;9;33560;1
51;9;33561;1
51;9;33562;1
51;9;33563;1
51;9;33564;1
51;9;33565;1
51;9;33566;1
51;9;33567;1
51;9;33568;1
51;9;33569;1
51;9;33570;1
51;9;33571;1
51;9;33572;1
51;9;33573;1
51;9;33574;1
51;9;33575;1
51;9;33576;1
51;9;33577;1
51;9;33578;1
51;9;33579;1
51;9;33580;1
51;9;33581;1
51;9;33582;1
51;9;33583;1
51;9;33584;1
51;9;33585;1
51;9;33586;1
51;9;33587;1
51;9;33588;1
51;9;33589;1
51;9;33590;1
51;9;33591;1
51;9;33592;1
51;9;33593;1
51;9;33594;1
51;9;33595;1
51;9;33596;1
51;9;33597;1
51;9;33598;1
51;9;33599;1
51;9;33600;1
51;9;33601;1
51;9;33602;1
51;9;33603;1
51;9;33604;1
51;9;33605;1
51;9;33606;1
51;9;33607;1
51;9;33608;1
51;9;33609;1
51;9;33610;1
51;9;33611;1
51;9;33612;1
51;9;33613;1
51;9;33614;1
51;9;33615;1
51;9;33616;1
51;9;33617;1
51;9;33618;1
51;9;33619;1
51;9;33620;1
51;9;33621;1
51;9;33622;1
51;9;33623;1
51;9;33624;1
51;9;33625;1
51;9;33626;1
51;9;33627;1
51;9;33628;1
51;9;33629;1
51;9;33630;1
51;9;33631;1
51;9;33632;1
51;9;33633;1
51;9;33634;1
51;9;33635;1
51;9;33636;1
51;9;33637;1
51;9;33638;1
51;9;33639;1
51;9;33640;1
51;9;33641;1
51;9;33642;1
51;9;33643;1
51;9;33644;1
51;9;33645;1
51;9;33646;1
51;9;33647;1
51;9;33648;1
51;9;33649;1
51;9;33650;1
51;9;33651;1
51;9;33652;1
51;9;33653;1
51;9;33654;1
51;9;33655;1
51;9;33656;1
51;9;33657;1
51;9;33658;1
51;9;33659;1
51;9;33660;1
51;9;33661;1
51;9;33662;1
51;9;33663;1
51;9;33664;1
51;9;33665;1
51;9;33666;1
51;9;33667;1
51;9;33668;1
51;9;33669;1
51;9;33670;1
51;9;33671;1
51;9;33672;1
51;9;33673;1
51;9;33674;1
51;9;33675;1
51;9;33676;1
51;9;33677;1
51;9;33678;1
51;9;33679;1
51;9;33680;1
51;9;33681;1
51;9;33682;1
51;9;33683;0
51;9;33684;1
51;9;33685;1
51;9;33686;1
51;9;33687;1
51;9;33688;1
51;9;33689;1
51;9;33690;1
51;9;33691;1
51;9;33692;1
51;9;33693;1
51;9;33694;1
51;9;33695;1
51;9;33696;1
51;9;33697;1
51;9;33698;1
51;9;33699;1
51;9;33700;1
51;9;33701;1
51;9;33702;1
51;9;33703;1
51;9;33704;1
51;9;33705;1
51;9;33706;1
51;9;33707;1
51;9;33708;1
51;9;33709;1
51;9;33710;1
51;9;33711;1
51;9;33712;1
51;9;33713;1
51;9;33714;1
51;9;33715;1
51;9;33716;1
51;9;33717;1
51;9;33718;1
51;9;33719;1
51;9;33720;1
51;9;33721;1
51;9;33722;1
51;9;33723;1
51;9;33724;1
51;9;33725;1
51;9;33726;0
51;9;33727;1
51;9;33728;1
51;9;33729;1
51;9;33730;1
51;9;33731;1
51;9;33732;1
51;9;33733;1
51;9;33734;1
51;9;33735;1
51;9;33736;1
51;9;33737;1
51;9;33738;1
51;9;33739;1
51;9;33740;1
51;9;33741;1
51;9;33742;1
51;9;33743;1
51;9;33744;1
51;9;33745;1
51;9;33746;1
51;9;33747;1
51;9;33748;1
51;9;33749;1
51;9;33750;1
51;9;33751;1
51;9;33752;1
51;9;33753;1
51;9;33754;1
51;9;33755;1
51;9;33756;1
51;9;33757;1
51;9;33758;1
51;9;33759;1
51;9;33760;1
51;9;33761;1
51;9;33762;1
51;9;33763;1
51;9;33764;1
51;9;33765;1
51;9;33766;1
51;9;33767;1
51;9;33768;1
51;9;33769;1
51;9;33770;1
51;9;33771;1
51;9;33772;1
51;9;33773;1
51;9;33774;1
51;9;33775;1
51;9;33776;1
51;9;33777;1
51;9;33778;1
51;9;33779;1
51;9;33780;1
51;9;33781;1
51;9;33782;1
51;9;33783;1
51;9;33784;1
51;9;33785;1
51;9;33786;1
51;9;33787;1
51;9;33788;1
51;9;33789;1
51;9;33790;0
51;9;33791;1
51;9;33792;1
51;9;33793;1
51;9;33794;1
51;9;33795;1
51;9;33796;1
51;9;33797;1
51;9;33798;1
51;9;33799;1
51;9;33800;1
51;9;33801;1
51;9;33802;1
51;9;33803;1
51;9;33804;1
51;9;33805;1
51;9;33806;1
51;9;33807;1
51;9;33808;1
51;9;33809;1
51;9;33810;1
51;9;33811;1
51;9;33812;1
51;9;33813;1
51;9;33814;0
51;9;33815;1
51;9;33816;1
51;9;33817;1
51;9;33818;1
51;9;33819;1
51;9;33820;1
51;9;33821;1
51;9;33822;1
51;9;33823;1
51;9;33824;1
51;9;33825;1
51;9;33826;1
51;9;33827;1
51;9;33828;1
51;9;33829;1
51;9;33830;1
51;9;33831;1
51;9;33832;1
51;9;33833;1
51;9;33834;1
51;9;33835;1
51;9;33836;1
51;9;33837;1
51;9;33838;1
51;9;33839;0
51;9;33840;1
51;9;33841;1
51;9;33842;1
51;9;33843;1
51;9;33844;1
51;9;33845;0
51;9;33846;1
51;9;33847;1
51;9;33848;1
51;9;33849;1
51;9;33850;1
51;9;33851;0
51;9;33852;1
51;9;33853;1
51;9;33854;1
51;9;33855;1
51;9;33856;1
51;9;33857;1
51;9;33858;0
51;9;33859;1
51;9;33860;1
51;9;33861;1
51;9;33862;1
51;9;33863;1
51;9;33864;1
51;9;33865;1
51;9;33866;1
51;9;33867;1
51;9;33868;1
51;9;33869;1
51;9;33870;0
51;9;33871;1
51;9;33872;1
51;9;33873;1
51;9;33874;0
51;9;33875;1
51;9;33876;1
51;9;33877;1
51;9;33878;1
51;9;33879;1
51;9;33880;1
51;9;33881;1
51;9;33882;0
51;9;33883;1
51;9;33884;1
51;9;33885;0
51;9;33886;1
51;9;33887;0
51;9;33888;1
51;9;33889;1
51;9;33890;0
51;9;33891;0
51;9;33892;0
51;9;33893;1
51;9;33894;0
51;9;33895;1
51;9;33896;0
51;9;33897;0
51;9;33898;0
51;9;33899;1
51;9;33900;1
51;9;33901;1
51;9;33902;1
51;9;33903;1
51;9;33904;1
51;9;33905;1
51;9;33906;1
51;9;33907;1
51;9;33908;1
51;9;33909;1
51;9;33910;1
51;9;33911;1
51;9;33912;1
51;9;33913;1
51;9;33914;1
51;9;33915;1
51;9;33916;1
51;9;33917;1
51;9;33918;1
51;9;33919;1
51;9;33920;1
51;9;33921;1
51;9;33922;1
51;9;33923;1
51;9;33924;1
51;9;33925;1
51;9;33926;1
51;9;33927;1
51;9;33928;1
51;9;33929;1
51;9;33930;1
51;9;33931;1
51;9;33932;1
51;9;33933;1
51;9;33934;1
51;9;33935;1
51;9;33936;1
51;9;33937;1
51;9;33938;1
51;9;33939;1
51;9;33940;1
51;9;33941;1
51;9;33942;0
51;9;33943;0
51;9;33944;0
51;9;33945;0
51;9;33946;1
51;9;33947;1
51;9;33948;1
51;9;33949;1
51;9;33950;1
51;9;33951;1
51;9;33952;1
51;9;33953;1
51;9;33954;1
51;9;33955;1
51;9;33956;1
51;9;33957;1
51;9;33958;1
51;9;33959;1
51;9;33960;1
51;9;33961;1
51;9;33962;1
51;9;33963;1
51;9;33964;1
51;9;33965;1
51;9;33966;1
51;9;33967;1
51;9;33968;1
51;9;33969;1
51;9;33970;1
51;9;33971;1
51;9;33972;1
51;9;33973;1
51;9;33974;0
51;9;33975;1
51;9;33976;1
51;9;33977;1
51;9;33978;1
51;9;33979;1
51;9;33980;1
51;9;33981;1
51;9;33982;1
51;9;33983;0
51;9;33984;1
51;9;33985;1
51;9;33986;1
51;9;33987;1
51;9;33988;1
51;9;33989;1
51;9;33990;1
51;9;33991;1
51;9;33992;1
51;9;33993;1
51;9;33994;1
51;9;33995;1
51;9;33996;1
51;9;33997;1
51;9;33998;1
51;9;33999;1
51;9;34000;1
51;9;34001;1
51;9;34002;1
51;9;34003;1
51;9;34004;1
51;9;34005;1
51;9;34006;0
51;9;34007;1
51;9;34008;1
51;9;34009;1
51;9;34010;1
51;9;34011;1
51;9;34012;1
51;9;34013;1
51;9;34014;1
51;9;34015;1
51;9;34016;1
51;9;34017;1
51;9;34018;1
51;9;34019;1
51;9;34020;1
51;9;34021;1
51;9;34022;1
51;9;34023;1
51;9;34024;1
51;9;34025;1
51;9;34026;1
51;9;34027;1
51;9;34028;1
51;9;34029;1
51;9;34030;1
51;9;34031;1
51;9;34032;1
51;9;34033;1
51;9;34034;1
51;9;34035;1
51;9;34036;0
51;9;34037;1
51;9;34038;1
51;9;34039;1
51;9;34040;1
51;9;34041;1
51;9;34042;1
51;9;34043;1
51;9;34044;1
51;9;34045;1
51;9;34046;1
51;9;34047;1
51;9;34048;0
51;9;34049;1
51;9;34050;1
51;9;34051;0
51;9;34052;1
51;9;34053;1
51;9;34054;1
51;9;34055;0
51;9;34056;1
51;9;34057;1
51;9;34058;1
51;9;34059;1
51;9;34060;0
51;9;34061;1
51;9;34062;0
51;9;34063;0
51;9;34064;0
51;9;34065;1
51;9;34066;1
51;9;34067;1
51;9;34068;1
51;9;34069;1
51;9;34070;0
51;9;34071;1
51;9;34072;1
51;9;34073;1
51;9;34074;1
51;9;34075;1
51;9;34076;1
51;9;34077;0
51;9;34078;1
51;9;34079;0
51;9;34080;0
51;9;34081;1
51;9;34082;1
51;9;34083;1
51;9;34084;1
51;9;34085;1
51;9;34086;1
51;9;34087;1
51;9;34088;1
51;9;34089;1
51;9;34090;1
51;9;34091;1
51;9;34092;1
51;9;34093;1
51;9;34094;1
51;9;34095;1
51;9;34096;1
51;9;34097;1
51;9;34098;1
51;9;34099;1
51;9;34100;1
51;9;34101;1
51;9;34102;1
51;9;34103;1
51;9;34104;1
51;9;34105;1
51;9;34106;1
51;9;34107;1
51;9;34108;1
51;9;34109;1
51;9;34110;1
51;9;34111;1
51;9;34112;1
51;9;34113;1
51;9;34114;1
51;9;34115;1
51;9;34116;1
51;9;34117;1
51;9;34118;1
51;9;34119;1
51;9;34120;1
51;9;34121;1
51;9;34122;1
51;9;34123;1
51;9;34124;1
51;9;34125;1
51;9;34126;1
51;9;34127;1
51;9;34128;1
51;9;34129;1
51;9;34130;1
51;9;34131;1
51;9;34132;1
51;9;34133;1
51;9;34134;1
51;9;34135;1
51;9;34136;1
51;9;34137;1
51;9;34138;1
51;9;34139;1
51;9;34140;1
51;9;34141;1
51;9;34142;1
51;9;34143;1
51;9;34144;1
51;9;34145;1
51;9;34146;1
51;9;34147;1
51;9;34148;1
51;9;34149;1
51;9;34150;1
51;9;34151;1
51;9;34152;1
51;9;34153;1
51;9;34154;1
51;9;34155;0
51;9;34156;1
51;9;34157;1
51;9;34158;1
51;9;34159;1
51;9;34160;0
51;9;34161;1
51;9;34162;1
51;9;34163;1
51;9;34164;1
51;9;34165;1
51;9;34166;1
51;9;34167;1
51;9;34168;1
51;9;34169;1
51;9;34170;1
51;9;34171;1
51;9;34172;0
51;9;34173;1
51;9;34174;1
51;9;34175;1
51;9;34176;1
51;9;34177;1
51;9;34178;1
51;9;34179;1
51;9;34180;1
51;9;34181;1
51;9;34182;1
51;9;34183;1
51;9;34184;1
51;9;34185;1
51;9;34186;1
51;9;34187;1
51;9;34188;1
51;9;34189;1
51;9;34190;1
51;9;34191;1
51;9;34192;0
51;9;34193;0
51;9;34194;0
51;9;34195;0
51;9;34196;0
51;9;34197;0
51;9;34198;1
51;9;34199;1
51;9;34200;1
51;9;34201;1
51;9;34202;1
51;9;34203;1
51;9;34204;1
51;9;34205;1
51;9;34206;1
51;9;34207;1
51;9;34208;1
51;9;34209;1
51;9;34210;1
51;9;34211;1
51;9;34212;1
51;9;34213;1
51;9;34214;1
51;9;34215;1
51;9;34216;1
51;9;34217;1
51;9;34218;1
51;9;34219;0
51;9;34220;0
51;9;34221;1
51;9;34222;1
51;9;34223;1
51;9;34224;1
51;9;34225;1
51;9;34226;1
51;9;34227;1
51;9;34228;1
51;9;34229;1
51;9;34230;1
51;9;34231;1
51;9;34232;1
51;9;34233;1
51;9;34234;1
51;9;34235;1
51;9;34236;1
51;9;34237;1
51;9;34238;1
51;9;34239;1
51;9;34240;1
51;9;34241;1
51;9;34242;1
51;9;34243;1
51;9;34244;1
51;9;34245;1
51;9;34246;1
51;9;34247;1
51;9;34248;1
51;9;34249;1
51;9;34250;1
51;9;34251;1
51;9;34252;1
51;9;34253;1
51;9;34254;1
51;9;34255;1
51;9;34256;1
51;9;34257;1
51;9;34258;1
51;9;34259;1
51;9;34260;1
51;9;34261;1
51;9;34262;1
51;9;34263;1
51;9;34264;1
51;9;34265;1
51;9;34266;1
51;9;34267;1
51;9;34268;1
51;9;34269;1
51;9;34270;1
51;9;34271;1
51;9;34272;1
51;9;34273;1
51;9;34274;1
51;9;34275;1
51;9;34276;1
51;9;34277;1
51;9;34278;1
51;9;34279;1
51;9;34280;1
51;9;34281;1
51;9;34282;1
51;9;34283;1
51;9;34284;1
51;9;34285;1
51;9;34286;1
51;9;34287;1
51;9;34288;1
51;9;34289;1
51;9;34290;1
51;9;34291;1
51;9;34292;1
51;9;34293;1
51;9;34294;1
51;9;34295;1
51;9;34296;1
51;9;34297;1
51;9;34298;1
51;9;34299;1
51;9;34300;1
51;9;34301;1
51;9;34302;1
51;9;34303;0
51;9;34304;0
51;9;34305;0
51;9;34306;0
51;9;34307;0
51;9;34308;1
51;9;34309;1
51;9;34310;1
51;9;34311;1
51;9;34312;1
51;9;34313;1
51;9;34314;1
51;9;34315;1
51;9;34316;1
51;9;34317;1
51;9;34318;1
51;9;34319;1
51;9;34320;1
51;9;34321;1
51;9;34322;1
51;9;34323;1
51;9;34324;1
51;9;34325;1
51;9;34326;1
51;9;34327;1
51;9;34328;1
51;9;34329;1
51;9;34330;1
51;9;34331;1
51;9;34332;1
51;9;34333;1
51;9;34334;1
51;9;34335;1
51;9;34336;1
51;9;34337;1
51;9;34338;1
51;9;34339;1
51;9;34340;1
51;9;34341;1
51;9;34342;1
51;9;34343;1
51;9;34344;1
51;9;34345;1
51;9;34346;1
51;9;34347;1
51;9;34348;1
51;9;34349;1
51;9;34350;1
51;9;34351;1
51;9;34352;1
51;9;34353;1
51;9;34354;1
51;9;34355;1
51;9;34356;1
51;9;34357;1
51;9;34358;1
51;9;34359;1
51;9;34360;1
51;9;34361;1
51;9;34362;1
51;9;34363;1
51;9;34364;1
51;9;34365;1
51;9;34366;1
51;9;34367;1
51;9;34368;1
51;9;34369;1
51;9;34370;1
51;9;34371;1
51;9;34372;1
51;9;34373;1
51;9;34374;1
51;9;34375;1
51;9;34376;1
51;9;34377;1
51;9;34378;1
51;9;34379;1
51;9;34380;0
51;9;34381;1
51;9;34382;0
51;9;34383;0
51;9;34384;0
51;9;34385;1
51;9;34386;1
51;9;34387;1
51;9;34388;0
51;9;34389;1
51;9;34390;1
51;9;34391;1
51;9;34392;1
51;9;34393;1
51;9;34394;1
51;9;34395;1
51;9;34396;1
51;9;34397;1
51;9;34398;1
51;9;34399;1
51;9;34400;1
51;9;34401;1
51;9;34402;1
51;9;34403;1
51;9;34404;1
51;9;34405;1
51;9;34406;1
51;9;34407;1
51;9;34408;1
51;9;34409;1
51;9;34410;1
51;9;34411;1
51;9;34412;1
51;9;34413;1
51;9;34414;1
51;9;34415;1
51;9;34416;1
51;9;34417;1
51;9;34418;1
51;9;34419;1
51;9;34420;1
51;9;34421;1
51;9;34422;1
51;9;34423;1
51;9;34424;1
51;9;34425;1
51;9;34426;1
51;9;34427;1
51;9;34428;1
51;9;34429;1
51;9;34430;1
51;9;34431;1
51;9;34432;1
51;9;34433;1
51;9;34434;1
51;9;34435;1
51;9;34436;1
51;9;34437;1
51;9;34438;1
51;9;34439;1
51;9;34440;1
51;9;34441;1
51;9;34442;1
51;9;34443;1
51;9;34444;1
51;9;34445;1
51;9;34446;1
51;9;34447;1
51;9;34448;1
51;9;34449;1
51;9;34450;1
51;9;34451;1
51;9;34452;1
51;9;34453;1
51;9;34454;1
51;9;34455;1
51;9;34456;1
51;9;34457;1
51;9;34458;1
51;9;34459;1
51;9;34460;1
51;9;34461;1
51;9;34462;1
51;9;34463;1
51;9;34464;1
51;9;34465;1
51;9;34466;1
51;9;34467;1
51;9;34468;1
51;9;34469;1
51;9;34470;1
51;9;34471;1
51;9;34472;1
51;9;34473;1
51;9;34474;1
51;9;34475;0
51;9;34476;1
51;9;34477;1
51;9;34478;1
51;9;34479;0
51;9;34480;0
51;9;34481;1
51;9;34482;1
51;9;34483;1
51;9;34484;1
51;9;34485;0
51;9;34486;0
51;9;34487;0
51;9;34488;0
51;9;34489;1
51;9;34490;1
51;9;34491;1
51;9;34492;1
51;9;34493;1
51;9;34494;0
51;9;34495;0
51;9;34496;0
51;9;34497;1
51;9;34498;0
51;9;34499;1
51;9;34500;1
51;9;34501;1
51;9;34502;1
51;9;34503;1
51;9;34504;1
51;9;34505;1
51;9;34506;1
51;9;34507;1
51;9;34508;1
51;9;34509;1
51;9;34510;1
51;9;34511;1
51;9;34512;1
51;9;34513;1
51;9;34514;1
51;9;34515;1
51;9;34516;1
51;9;34517;1
51;9;34518;1
51;9;34519;1
51;9;34520;1
51;9;34521;1
51;9;34522;1
51;9;34523;1
51;9;34524;1
51;9;34525;1
51;9;34526;1
51;9;34527;1
51;9;34528;1
51;9;34529;1
51;9;34530;1
51;9;34531;1
51;9;34532;1
51;9;34533;1
51;9;34534;1
51;9;34535;1
51;9;34536;1
51;9;34537;1
51;9;34538;1
51;9;34539;1
51;9;34540;1
51;9;34541;1
51;9;34542;1
51;9;34543;1
51;9;34544;1
51;9;34545;1
51;9;34546;1
51;9;34547;1
51;9;34548;1
51;9;34549;1
51;9;34550;1
51;9;34551;1
51;9;34552;1
51;9;34553;1
51;9;34554;1
51;9;34555;1
51;9;34556;1
51;9;34557;1
51;9;34558;1
51;9;34559;1
51;9;34560;1
51;9;34561;1
51;9;34562;1
51;9;34563;1
51;9;34564;1
51;9;34565;1
51;9;34566;1
51;9;34567;1
51;9;34568;1
51;9;34569;1
51;9;34570;1
51;9;34571;1
51;9;34572;1
51;9;34573;1
51;9;34574;1
51;9;34575;1
51;9;34576;1
51;9;34577;1
51;9;34578;1
51;9;34579;1
51;9;34580;1
51;9;34581;1
51;9;34582;1
51;9;34583;1
51;9;34584;1
51;9;34585;1
51;9;34586;1
51;9;34587;1
51;9;34588;1
51;9;34589;1
51;9;34590;1
51;9;34591;1
51;9;34592;1
51;9;34593;1
51;9;34594;1
51;9;34595;1
51;9;34596;1
51;9;34597;1
51;9;34598;1
51;9;34599;1
51;9;34600;1
51;9;34601;1
51;9;34602;1
51;9;34603;1
51;9;34604;1
51;9;34605;1
51;9;34606;1
51;9;34607;1
51;9;34608;1
51;9;34609;1
51;9;34610;1
51;9;34611;1
51;9;34612;1
51;9;34613;1
51;9;34614;1
51;9;34615;1
51;9;34616;1
51;9;34617;1
51;9;34618;1
51;9;34619;1
51;9;34620;1
51;9;34621;1
51;9;34622;1
51;9;34623;1
51;9;34624;1
51;9;34625;1
51;9;34626;1
51;9;34627;1
51;9;34628;1
51;9;34629;1
51;9;34630;1
51;9;34631;1
51;9;34632;1
51;9;34633;1
51;9;34634;1
51;9;34635;1
51;9;34636;1
51;9;34637;1
51;9;34638;1
51;9;34639;1
51;9;34640;1
51;9;34641;1
51;9;34642;1
51;9;34643;1
51;9;34644;1
51;9;34645;1
51;9;34646;1
51;9;34647;1
51;9;34648;1
51;9;34649;1
51;9;34650;1
51;9;34651;1
51;9;34652;1
51;9;34653;1
51;9;34654;1
51;9;34655;1
51;9;34656;1
51;9;34657;1
51;9;34658;1
51;9;34659;1
51;9;34660;1
51;9;34661;1
51;9;34662;1
51;9;34663;1
51;9;34664;1
51;9;34665;1
51;9;34666;1
51;9;34667;0
51;9;34668;0
51;9;34669;1
51;9;34670;0
51;9;34671;0
51;9;34672;0
51;9;34673;1
51;9;34674;1
51;9;34675;1
51;9;34676;1
51;9;34677;1
51;9;34678;1
51;9;34679;1
51;9;34680;1
51;9;34681;1
51;9;34682;1
51;9;34683;1
51;9;34684;1
51;9;34685;1
51;9;34686;1
51;9;34687;1
51;9;34688;1
51;9;34689;1
51;9;34690;1
51;9;34691;1
51;9;34692;1
51;9;34693;1
51;9;34694;1
51;9;34695;1
51;9;34696;1
51;9;34697;1
51;9;34698;1
51;9;34699;1
51;9;34700;1
51;9;34701;1
51;9;34702;1
51;9;34703;1
51;9;34704;1
51;9;34705;1
51;9;34706;1
51;9;34707;1
51;9;34708;1
51;9;34709;1
51;9;34710;1
51;9;34711;1
51;9;34712;1
51;9;34713;1
51;9;34714;1
51;9;34715;1
51;9;34716;1
51;9;34717;0
51;9;34718;0
51;9;34719;1
51;9;34720;0
51;9;34721;0
51;9;34722;1
51;9;34723;1
51;9;34724;1
51;9;34725;1
51;9;34726;0
51;9;34727;1
51;9;34728;0
51;9;34729;0
51;9;34730;1
51;9;34731;1
51;9;34732;1
51;9;34733;1
51;9;34734;1
51;9;34735;1
51;9;34736;1
51;9;34737;1
51;9;34738;1
51;9;34739;1
51;9;34740;1
51;9;34741;1
51;9;34742;1
51;9;34743;1
51;9;34744;1
51;9;34745;1
51;9;34746;1
51;9;34747;0
51;9;34748;1
51;9;34749;0
51;9;34750;0
51;9;34751;0
51;9;34752;1
51;9;34753;1
51;9;34754;1
51;9;34755;1
51;9;34756;1
51;9;34757;1
51;9;34758;1
51;9;34759;1
51;9;34760;1
51;9;34761;1
51;9;34762;1
51;9;34763;1
51;9;34764;1
51;9;34765;1
51;9;34766;1
51;9;34767;1
51;9;34768;1
51;9;34769;1
51;9;34770;1
51;9;34771;1
51;9;34772;1
51;9;34773;1
51;9;34774;1
51;9;34775;1
51;9;34776;1
51;9;34777;1
51;9;34778;1
51;9;34779;1
51;9;34780;1
51;9;34781;1
51;9;34782;1
51;9;34783;1
51;9;34784;1
51;9;34785;1
51;9;34786;1
51;9;34787;1
51;9;34788;1
51;9;34789;1
51;9;34790;1
51;9;34791;1
51;9;34792;1
51;9;34793;1
51;9;34794;1
51;9;34795;0
51;9;34796;1
51;9;34797;1
51;9;34798;0
51;9;34799;1
51;9;34800;1
51;9;34801;1
51;9;34802;1
51;9;34803;1
51;9;34804;1
51;9;34805;1
51;9;34806;1
51;9;34807;1
51;9;34808;1
51;9;34809;0
51;9;34810;0
51;9;34811;1
51;9;34812;1
51;9;34813;1
51;9;34814;1
51;9;34815;1
51;9;34816;1
51;9;34817;1
51;9;34818;1
51;9;34819;1
51;9;34820;1
51;9;34821;1
51;9;34822;1
51;9;34823;1
51;9;34824;1
51;9;34825;1
51;9;34826;1
51;9;34827;1
51;9;34828;1
51;9;34829;1
51;9;34830;1
51;9;34831;1
51;9;34832;1
51;9;34833;1
51;9;34834;1
51;9;34835;1
51;9;34836;1
51;9;34837;1
51;9;34838;1
51;9;34839;1
51;9;34840;1
51;9;34841;1
51;9;34842;1
51;9;34843;1
51;9;34844;1
51;9;34845;1
51;9;34846;1
51;9;34847;1
51;9;34848;1
51;9;34849;1
51;9;34850;1
51;9;34851;1
51;9;34852;1
51;9;34853;1
51;9;34854;1
51;9;34855;1
51;9;34856;1
51;9;34857;1
51;9;34858;1
51;9;34859;1
51;9;34860;1
51;9;34861;1
51;9;34862;1
51;9;34863;1
51;9;34864;1
51;9;34865;1
51;9;34866;1
51;9;34867;1
51;9;34868;1
51;9;34869;1
51;9;34870;1
51;9;34871;1
51;9;34872;1
51;9;34873;1
51;9;34874;1
51;9;34875;1
51;9;34876;1
51;9;34877;1
51;9;34878;1
51;9;34879;1
51;9;34880;1
51;9;34881;1
51;9;34882;1
51;9;34883;1
51;9;34884;1
51;9;34885;1
51;9;34886;1
51;9;34887;1
51;9;34888;1
51;9;34889;1
51;9;34890;1
51;9;34891;1
51;9;34892;1
51;9;34893;1
51;9;34894;1
51;9;34895;1
51;9;34896;1
51;9;34897;1
51;9;34898;1
51;9;34899;1
51;9;34900;1
51;9;34901;1
51;9;34902;1
51;9;34903;1
51;9;34904;1
51;9;34905;1
51;9;34906;1
51;9;34907;1
51;9;34908;1
51;9;34909;1
51;9;34910;1
51;9;34911;1
51;9;34912;1
51;9;34913;1
51;9;34914;1
51;9;34915;0
51;9;34916;1
51;9;34917;1
51;9;34918;1
51;9;34919;1
51;9;34920;1
51;9;34921;1
51;9;34922;1
51;9;34923;1
51;9;34924;0
51;9;34925;1
51;9;34926;1
51;9;34927;1
51;9;34928;0
51;9;34929;0
51;9;34930;1
51;9;34931;1
51;9;34932;1
51;9;34933;1
51;9;34934;1
51;9;34935;1
51;9;34936;1
51;9;34937;1
51;9;34938;1
51;9;34939;1
51;9;34940;1
51;9;34941;1
51;9;34942;1
51;9;34943;1
51;9;34944;1
51;9;34945;1
51;9;34946;1
51;9;34947;1
51;9;34948;1
51;9;34949;1
51;9;34950;1
51;9;34951;1
51;9;34952;1
51;9;34953;1
51;9;34954;1
51;9;34955;1
51;9;34956;1
51;9;34957;1
51;9;34958;1
51;9;34959;1
51;9;34960;1
51;9;34961;1
51;9;34962;1
51;9;34963;1
51;9;34964;1
51;9;34965;1
51;9;34966;1
51;9;34967;1
51;9;34968;1
51;9;34969;1
51;9;34970;1
51;9;34971;1
51;9;34972;1
51;9;34973;1
51;9;34974;1
51;9;34975;1
51;9;34976;1
51;9;34977;1
51;9;34978;1
51;9;34979;1
51;9;34980;1
51;9;34981;1
51;9;34982;1
51;9;34983;1
51;9;34984;1
51;9;34985;1
51;9;34986;1
51;9;34987;1
51;9;34988;1
51;9;34989;1
51;9;34990;1
51;9;34991;1
51;9;34992;1
51;9;34993;1
51;9;34994;1
51;9;34995;1
51;9;34996;1
51;9;34997;1
51;9;34998;1
51;9;34999;1
51;9;35000;1
51;9;35001;1
51;9;35002;1
51;9;35003;1
51;9;35004;1
51;9;35005;1
51;9;35006;1
51;9;35007;1
51;9;35008;1
51;9;35009;1
51;9;35010;1
51;9;35011;1
51;9;35012;1
51;9;35013;1
51;9;35014;1
51;9;35015;1
51;9;35016;1
51;9;35017;1
51;9;35018;1
51;9;35019;1
51;9;35020;1
51;9;35021;1
51;9;35022;1
51;9;35023;1
51;9;35024;1
51;9;35025;1
51;9;35026;1
51;9;35027;1
51;9;35028;1
51;9;35029;1
51;9;35030;1
51;9;35031;1
51;9;35032;1
51;9;35033;1
51;9;35034;1
51;9;35035;1
51;9;35036;1
51;9;35037;1
51;9;35038;1
51;9;35039;1
51;9;35040;1
51;9;35041;1
51;9;35042;1
51;9;35043;1
51;9;35044;1
51;9;35045;1
51;9;35046;1
51;9;35047;1
51;9;35048;1
51;9;35049;1
51;9;35050;1
51;9;35051;1
51;9;35052;1
51;9;35053;1
51;9;35054;1
51;9;35055;1
51;9;35056;1
51;9;35057;1
51;9;35058;1
51;9;35059;1
51;9;35060;1
51;9;35061;1
51;9;35062;1
51;9;35063;1
51;9;35064;1
51;9;35065;1
51;9;35066;1
51;9;35067;1
51;9;35068;1
51;9;35069;1
51;9;35070;1
51;9;35071;1
51;9;35072;1
51;9;35073;1
51;9;35074;1
51;9;35075;1
51;9;35076;1
51;9;35077;1
51;9;35078;1
51;9;35079;1
51;9;35080;1
51;9;35081;1
51;9;35082;1
51;9;35083;1
51;9;35084;1
51;9;35085;1
51;9;35086;1
51;9;35087;1
51;9;35088;1
51;9;35089;1
51;9;35090;1
51;9;35091;1
51;9;35092;1
51;9;35093;1
51;9;35094;1
51;9;35095;1
51;9;35096;1
51;9;35097;1
51;9;35098;1
51;9;35099;0
51;9;35100;0
51;9;35101;0
51;9;35102;0
51;9;35103;1
51;9;35104;1
51;9;35105;1
51;9;35106;1
51;9;35107;1
51;9;35108;1
51;9;35109;1
51;9;35110;1
51;9;35111;1
51;9;35112;1
51;9;35113;1
51;9;35114;1
51;9;35115;1
51;9;35116;1
51;9;35117;1
51;9;35118;1
51;9;35119;1
51;9;35120;1
51;9;35121;1
51;9;35122;1
51;9;35123;1
51;9;35124;1
51;9;35125;1
51;9;35126;1
51;9;35127;1
51;9;35128;1
51;9;35129;1
51;9;35130;1
51;9;35131;1
51;9;35132;1
51;9;35133;1
51;9;35134;1
51;9;35135;1
51;9;35136;1
51;9;35137;1
51;9;35138;1
51;9;35139;1
51;9;35140;1
51;9;35141;1
51;9;35142;1
51;9;35143;1
51;9;35144;1
51;9;35145;1
51;9;35146;1
51;9;35147;1
51;9;35148;1
51;9;35149;1
51;9;35150;1
51;9;35151;1
51;9;35152;1
51;9;35153;1
51;9;35154;1
51;9;35155;1
51;9;35156;1
51;9;35157;1
51;9;35158;1
51;9;35159;1
51;9;35160;1
51;9;35161;1
51;9;35162;1
51;9;35163;1
51;9;35164;1
51;9;35165;1
51;9;35166;1
51;9;35167;1
51;9;35168;1
51;9;35169;1
51;9;35170;1
51;9;35171;1
51;9;35172;1
51;9;35173;1
51;9;35174;1
51;9;35175;1
51;9;35176;1
51;9;35177;1
51;9;35178;1
51;9;35179;1
51;9;35180;1
51;9;35181;1
51;9;35182;1
51;9;35183;1
51;9;35184;1
51;9;35185;1
51;9;35186;1
51;9;35187;1
51;9;35188;1
51;9;35189;1
51;9;35190;1
51;9;35191;1
51;9;35192;1
51;9;35193;1
51;9;35194;1
51;9;35195;1
51;9;35196;1
51;9;35197;1
51;9;35198;1
51;9;35199;1
51;9;35200;1
51;9;35201;1
51;9;35202;1
51;9;35203;1
51;9;35204;1
51;9;35205;1
51;9;35206;1
51;9;35207;1
51;9;35208;1
51;9;35209;1
51;9;35210;1
51;9;35211;1
51;9;35212;1
51;9;35213;1
51;9;35214;1
51;9;35215;1
51;9;35216;1
51;9;35217;1
51;9;35218;1
51;9;35219;1
51;9;35220;1
51;9;35221;1
51;9;35222;1
51;9;35223;1
51;9;35224;1
51;9;35225;1
51;9;35226;1
51;9;35227;1
51;9;35228;1
51;9;35229;1
51;9;35230;1
51;9;35231;1
51;9;35232;1
51;9;35233;1
51;9;35234;1
51;9;35235;1
51;9;35236;1
51;9;35237;1
51;9;35238;1
51;9;35239;1
51;9;35240;1
51;9;35241;1
51;9;35242;1
51;9;35243;1
51;9;35244;1
51;9;35245;1
51;9;35246;1
51;9;35247;1
51;9;35248;1
51;9;35249;1
51;9;35250;1
51;9;35251;1
51;9;35252;1
51;9;35253;1
51;9;35254;1
51;9;35255;1
51;9;35256;1
51;9;35257;1
51;9;35258;1
51;9;35259;1
51;9;35260;1
51;9;35261;1
51;9;35262;1
51;9;35263;1
51;9;35264;1
51;9;35265;1
51;9;35266;1
51;9;35267;1
51;9;35268;1
51;9;35269;1
51;9;35270;1
51;9;35271;1
51;9;35272;1
51;9;35273;1
51;9;35274;1
51;9;35275;1
51;9;35276;1
51;9;35277;1
51;9;35278;1
51;9;35279;1
51;9;35280;1
51;9;35281;1
51;9;35282;1
51;9;35283;1
51;9;35284;1
51;9;35285;1
51;9;35286;1
51;9;35287;1
51;9;35288;1
51;9;35289;1
51;9;35290;1
51;9;35291;1
51;9;35292;1
51;9;35293;1
51;9;35294;1
51;9;35295;1
51;9;35296;1
51;9;35297;1
51;9;35298;1
51;9;35299;1
51;9;35300;1
51;9;35301;1
51;9;35302;1
51;9;35303;1
51;9;35304;1
51;9;35305;1
51;9;35306;1
51;9;35307;1
51;9;35308;1
51;9;35309;1
51;9;35310;1
51;9;35311;1
51;9;35312;1
51;9;35313;1
51;9;35314;1
51;9;35315;1
51;9;35316;1
51;9;35317;1
51;9;35318;1
51;9;35319;1
51;9;35320;1
51;9;35321;1
51;9;35322;1
51;9;35323;1
51;9;35324;1
51;9;35325;1
51;9;35326;1
51;9;35327;1
51;9;35328;1
51;9;35329;1
51;9;35330;1
51;9;35331;1
51;9;35332;1
51;9;35333;1
51;9;35334;1
51;9;35335;1
51;9;35336;1
51;9;35337;1
51;9;35338;1
51;9;35339;1
51;9;35340;1
51;9;35341;1
51;9;35342;1
51;9;35343;1
51;9;35344;1
51;9;35345;1
51;9;35346;1
51;9;35347;1
51;9;35348;1
51;9;35349;1
51;9;35350;1
51;9;35351;1
51;9;35352;1
51;9;35353;1
51;9;35354;1
51;9;35355;1
51;9;35356;1
51;9;35357;1
51;9;35358;1
51;9;35359;1
51;9;35360;1
51;9;35361;1
51;9;35362;1
51;9;35363;1
51;9;35364;1
51;9;35365;1
51;9;35366;1
51;9;35367;1
51;9;35368;1
51;9;35369;1
51;9;35370;1
51;9;35371;1
51;9;35372;0
51;9;35373;0
51;9;35374;0
51;9;35375;0
51;9;35376;0
51;9;35377;0
51;9;35378;0
51;9;35379;0
51;9;35380;0
51;9;35381;0
51;9;35382;0
51;9;35383;0
51;9;35384;0
51;9;35385;1
51;9;35386;1
51;9;35387;0
51;9;35388;1
51;9;35389;1
51;9;35390;1
51;9;35391;1
51;9;35392;1
51;9;35393;1
51;9;35394;1
51;9;35395;1
51;9;35396;1
51;9;35397;1
51;9;35398;1
51;9;35399;1
51;9;35400;1
51;9;35401;1
51;9;35402;1
51;9;35403;1
51;9;35404;1
51;9;35405;1
51;9;35406;1
51;9;35407;1
51;9;35408;1
51;9;35409;1
51;9;35410;1
51;9;35411;1
51;9;35412;1
51;9;35413;1
51;9;35414;1
51;9;35415;1
51;9;35416;1
51;9;35417;1
51;9;35418;1
51;9;35419;1
51;9;35420;1
51;9;35421;1
51;9;35422;1
51;9;35423;1
51;9;35424;1
51;9;35425;1
51;9;35426;1
51;9;35427;1
51;9;35428;1
51;9;35429;1
51;9;35430;1
51;9;35431;1
51;9;35432;1
51;9;35433;1
51;9;35434;1
51;9;35435;1
51;9;35436;1
51;9;35437;1
51;9;35438;1
51;9;35439;1
51;9;35440;1
51;9;35441;1
51;9;35442;1
51;9;35443;1
51;9;35444;1
51;9;35445;1
51;9;35446;1
51;9;35447;1
51;9;35448;1
51;9;35449;1
51;9;35450;1
51;9;35451;1
51;9;35452;1
51;9;35453;1
51;9;35454;1
51;9;35455;1
51;9;35456;1
51;9;35457;1
51;9;35458;1
51;9;35459;1
51;9;35460;1
51;9;35461;1
51;9;35462;1
51;9;35463;1
51;9;35464;1
51;9;35465;1
51;9;35466;1
51;9;35467;1
51;9;35468;1
51;9;35469;1
51;9;35470;1
51;9;35471;1
51;9;35472;1
51;9;35473;1
51;9;35474;1
51;9;35475;1
51;9;35476;1
51;9;35477;1
51;9;35478;1
51;9;35479;1
51;9;35480;1
51;9;35481;1
51;9;35482;1
51;9;35483;1
51;9;35484;1
51;9;35485;1
51;9;35486;1
51;9;35487;1
51;9;35488;1
51;9;35489;1
51;9;35490;1
51;9;35491;1
51;9;35492;1
51;9;35493;1
51;9;35494;1
51;9;35495;1
51;9;35496;1
51;9;35497;1
51;9;35498;1
51;9;35499;1
51;9;35500;1
51;9;35501;1
51;9;35502;1
51;9;35503;1
51;9;35504;1
51;9;35505;1
51;9;35506;1
51;9;35507;1
51;9;35508;1
51;9;35509;1
51;9;35510;1
51;9;35511;0
51;9;35512;0
51;9;35513;0
51;9;35514;1
51;9;35515;1
51;9;35516;1
51;9;35517;1
51;9;35518;1
51;9;35519;1
51;9;35520;1
51;9;35521;1
51;9;35522;1
51;9;35523;1
51;9;35524;1
51;9;35525;1
51;9;35526;1
51;9;35527;1
51;9;35528;1
51;9;35529;1
51;9;35530;1
51;9;35531;1
51;9;35532;1
51;9;35533;1
51;9;35534;1
51;9;35535;1
51;9;35536;1
51;9;35537;1
51;9;35538;1
51;9;35539;1
51;9;35540;1
51;9;35541;1
51;9;35542;1
51;9;35543;1
51;9;35544;1
51;9;35545;1
51;9;35546;1
51;9;35547;1
51;9;35548;1
51;9;35549;1
51;9;35550;1
51;9;35551;1
51;9;35552;1
51;9;35553;1
51;9;35554;1
51;9;35555;1
51;9;35556;1
51;9;35557;1
51;9;35558;1
51;9;35559;1
51;9;35560;1
51;9;35561;1
51;9;35562;1
51;9;35563;1
51;9;35564;1
51;9;35565;1
51;9;35566;1
51;9;35567;1
51;9;35568;1
51;9;35569;1
51;9;35570;1
51;9;35571;1
51;9;35572;1
51;9;35573;1
51;9;35574;1
51;9;35575;1
51;9;35576;1
51;9;35577;1
51;9;35578;1
51;9;35579;1
51;9;35580;1
51;9;35581;1
51;9;35582;1
51;9;35583;1
51;9;35584;1
51;9;35585;1
51;9;35586;1
51;9;35587;1
51;9;35588;1
51;9;35589;1
51;9;35590;1
51;9;35591;1
51;9;35592;1
51;9;35593;1
51;9;35594;1
51;9;35595;1
51;9;35596;1
51;9;35597;1
51;9;35598;1
51;9;35599;1
51;9;35600;1
51;9;35601;1
51;9;35602;1
51;9;35603;1
51;9;35604;1
51;9;35605;1
51;9;35606;1
51;9;35607;1
51;9;35608;1
51;9;35609;1
51;9;35610;1
51;9;35611;1
51;9;35612;1
51;9;35613;1
51;9;35614;1
51;9;35615;1
51;9;35616;1
51;9;35617;1
51;9;35618;1
51;9;35619;1
51;9;35620;1
51;9;35621;1
51;9;35622;1
51;9;35623;1
51;9;35624;0
51;9;35625;0
51;9;35626;1
51;9;35627;1
51;9;35628;1
51;9;35629;1
51;9;35630;1
51;9;35631;1
51;9;35632;1
51;9;35633;1
51;9;35634;1
51;9;35635;1
51;9;35636;1
51;9;35637;1
51;9;35638;1
51;9;35639;1
51;9;35640;1
51;9;35641;1
51;9;35642;1
51;9;35643;1
51;9;35644;1
51;9;35645;1
51;9;35646;1
51;9;35647;1
51;9;35648;1
51;9;35649;1
51;9;35650;1
51;9;35651;1
51;9;35652;1
51;9;35653;1
51;9;35654;1
51;9;35655;1
51;9;35656;1
51;9;35657;1
51;9;35658;1
51;9;35659;1
51;9;35660;1
51;9;35661;1
51;9;35662;1
51;9;35663;1
51;9;35664;1
51;9;35665;1
51;9;35666;1
51;9;35667;1
51;9;35668;1
51;9;35669;1
51;9;35670;1
51;9;35671;1
51;9;35672;1
51;9;35673;1
51;9;35674;1
51;9;35675;1
51;9;35676;1
51;9;35677;1
51;9;35678;1
51;9;35679;1
51;9;35680;1
51;9;35681;1
51;9;35682;1
51;9;35683;1
51;9;35684;1
51;9;35685;1
51;9;35686;1
51;9;35687;1
51;9;35688;1
51;9;35689;0
51;9;35690;1
51;9;35691;1
51;9;35692;1
51;9;35693;1
51;9;35694;1
51;9;35695;1
51;9;35696;1
51;9;35697;1
51;9;35698;1
51;9;35699;1
51;9;35700;1
51;9;35701;1
51;9;35702;1
51;9;35703;1
51;9;35704;1
51;9;35705;1
51;9;35706;1
51;9;35707;1
51;9;35708;1
51;9;35709;1
51;9;35710;1
51;9;35711;1
51;9;35712;1
51;9;35713;1
51;9;35714;1
51;9;35715;1
51;9;35716;1
51;9;35717;1
51;9;35718;1
51;9;35719;1
51;9;35720;1
51;9;35721;1
51;9;35722;1
51;9;35723;1
51;9;35724;1
51;9;35725;1
51;9;35726;1
51;9;35727;1
51;9;35728;1
51;9;35729;1
51;9;35730;1
51;9;35731;1
51;9;35732;1
51;9;35733;1
51;9;35734;1
51;9;35735;1
51;9;35736;1
51;9;35737;1
51;9;35738;1
51;9;35739;1
51;9;35740;1
51;9;35741;1
51;9;35742;1
51;9;35743;1
51;9;35744;1
51;9;35745;1
51;9;35746;1
51;9;35747;1
51;9;35748;1
51;9;35749;1
51;9;35750;1
51;9;35751;1
51;9;35752;1
51;9;35753;1
51;9;35754;1
51;9;35755;1
51;9;35756;1
51;9;35757;1
51;9;35758;1
51;9;35759;1
51;9;35760;1
51;9;35761;1
51;9;35762;1
51;9;35763;0
51;9;35764;1
51;9;35765;1
51;9;35766;1
51;9;35767;1
51;9;35768;1
51;9;35769;1
51;9;35770;1
51;9;35771;1
51;9;35772;1
51;9;35773;1
51;9;35774;1
51;9;35775;1
51;9;35776;1
51;9;35777;1
51;9;35778;1
51;9;35779;1
51;9;35780;1
51;9;35781;1
51;9;35782;1
51;9;35783;1
51;9;35784;1
51;9;35785;1
51;9;35786;1
51;9;35787;1
51;9;35788;1
51;9;35789;1
51;9;35790;1
51;9;35791;1
51;9;35792;1
51;9;35793;1
51;9;35794;1
51;9;35795;1
51;9;35796;1
51;9;35797;1
51;9;35798;1
51;9;35799;1
51;9;35800;1
51;9;35801;1
51;9;35802;1
51;9;35803;1
51;9;35804;1
51;9;35805;1
51;9;35806;1
51;9;35807;1
51;9;35808;1
51;9;35809;1
51;9;35810;1
51;9;35811;1
51;9;35812;1
51;9;35813;1
51;9;35814;1
51;9;35815;0
51;9;35816;1
51;9;35817;1
51;9;35818;1
51;9;35819;1
51;9;35820;1
51;9;35821;1
51;9;35822;1
51;9;35823;1
51;9;35824;1
51;9;35825;1
51;9;35826;1
51;9;35827;1
51;9;35828;1
51;9;35829;1
51;9;35830;1
51;9;35831;1
51;9;35832;1
51;9;35833;1
51;9;35834;1
51;9;35835;1
51;9;35836;1
51;9;35837;1
51;9;35838;1
51;9;35839;1
51;9;35840;1
51;9;35841;1
51;9;35842;1
51;9;35843;1
51;9;35844;1
51;9;35845;1
51;9;35846;1
51;9;35847;1
51;9;35848;1
51;9;35849;1
51;9;35850;1
51;9;35851;1
51;9;35852;1
51;9;35853;1
51;9;35854;1
51;9;35855;1
51;9;35856;1
51;9;35857;1
51;9;35858;1
51;9;35859;0
51;9;35860;0
51;9;35861;1
51;9;35862;1
51;9;35863;1
51;9;35864;1
51;9;35865;1
51;9;35866;1
51;9;35867;1
51;9;35868;1
51;9;35869;1
51;9;35870;1
51;9;35871;1
51;9;35872;1
51;9;35873;1
51;9;35874;1
51;9;35875;1
51;9;35876;1
51;9;35877;1
51;9;35878;1
51;9;35879;1
51;9;35880;0
51;9;35881;0
51;9;35882;1
51;9;35883;1
51;9;35884;1
51;9;35885;1
51;9;35886;1
51;9;35887;1
51;9;35888;1
51;9;35889;1
51;9;35890;1
51;9;35891;1
51;9;35892;1
51;9;35893;1
51;9;35894;0
51;9;35895;1
51;9;35896;1
51;9;35897;1
51;9;35898;1
51;9;35899;1
51;9;35900;1
51;9;35901;1
51;9;35902;1
51;9;35903;1
51;9;35904;1
51;9;35905;1
51;9;35906;1
51;9;35907;1
51;9;35908;1
51;9;35909;1
51;9;35910;1
51;9;35911;1
51;9;35912;1
51;9;35913;1
51;9;35914;1
51;9;35915;1
51;9;35916;1
51;9;35917;1
51;9;35918;1
51;9;35919;1
51;9;35920;1
51;9;35921;1
51;9;35922;1
51;9;35923;0
51;9;35924;0
51;9;35925;0
51;9;35926;1
51;9;35927;1
51;9;35928;1
51;9;35929;1
51;9;35930;1
51;9;35931;1
51;9;35932;1
51;9;35933;1
51;9;35934;1
51;9;35935;1
51;9;35936;1
51;9;35937;1
51;9;35938;1
51;9;35939;1
51;9;35940;1
51;9;35941;1
51;9;35942;1
51;9;35943;1
51;9;35944;1
51;9;35945;1
51;9;35946;1
51;9;35947;1
51;9;35948;1
51;9;35949;1
51;9;35950;1
51;9;35951;1
51;9;35952;1
51;9;35953;1
51;9;35954;1
51;9;35955;1
51;9;35956;1
51;9;35957;1
51;9;35958;1
51;9;35959;1
51;9;35960;1
51;9;35961;1
51;9;35962;1
51;9;35963;1
51;9;35964;1
51;9;35965;1
51;9;35966;1
51;9;35967;1
51;9;35968;1
51;9;35969;1
51;9;35970;1
51;9;35971;1
51;9;35972;1
51;9;35973;1
51;9;35974;1
51;9;35975;1
51;9;35976;1
51;9;35977;1
51;9;35978;1
51;9;35979;1
51;9;35980;1
51;9;35981;1
51;9;35982;1
51;9;35983;1
51;9;35984;1
51;9;35985;1
51;9;35986;1
51;9;35987;1
51;9;35988;1
51;9;35989;1
51;9;35990;1
51;9;35991;1
51;9;35992;1
51;9;35993;0
51;9;35994;0
51;9;35995;0
51;9;35996;1
51;9;35997;1
51;9;35998;1
51;9;35999;1
51;9;36000;1
51;9;36001;1
51;9;36002;1
51;9;36003;1
51;9;36004;1
51;9;36005;1
51;9;36006;1
51;9;36007;1
51;9;36008;1
51;9;36009;1
51;9;36010;1
51;9;36011;1
51;9;36012;1
51;9;36013;1
51;9;36014;1
51;9;36015;1
51;9;36016;1
51;9;36017;1
51;9;36018;1
51;9;36019;1
51;9;36020;1
51;9;36021;1
51;9;36022;1
51;9;36023;1
51;9;36024;1
51;9;36025;1
51;9;36026;1
51;9;36027;1
51;9;36028;1
51;9;36029;1
51;9;36030;1
51;9;36031;1
51;9;36032;1
51;9;36033;1
51;9;36034;1
51;9;36035;1
51;9;36036;1
51;9;36037;1
51;9;36038;1
51;9;36039;1
51;9;36040;1
51;9;36041;1
51;9;36042;1
51;9;36043;1
51;9;36044;1
51;9;36045;1
51;9;36046;1
51;9;36047;1
51;9;36048;1
51;9;36049;1
51;9;36050;1
51;9;36051;1
51;9;36052;1
51;9;36053;1
51;9;36054;1
51;9;36055;1
51;9;36056;1
51;9;36057;1
51;9;36058;1
51;9;36059;1
51;9;36060;1
51;9;36061;1
51;9;36062;1
51;9;36063;1
51;9;36064;1
51;9;36065;1
51;9;36066;1
51;9;36067;1
51;9;36068;1
51;9;36069;1
51;9;36070;1
51;9;36071;1
51;9;36072;1
51;9;36073;1
51;9;36074;1
51;9;36075;1
51;9;36076;1
51;9;36077;1
51;9;36078;1
51;9;36079;1
51;9;36080;0
51;9;36081;0
51;9;36082;0
51;9;36083;1
51;9;36084;1
51;9;36085;1
51;9;36086;0
51;9;36087;0
51;9;36088;0
51;9;36089;1
51;9;36090;1
51;9;36091;1
51;9;36092;1
51;9;36093;1
51;9;36094;1
51;9;36095;1
51;9;36096;1
51;9;36097;1
51;9;36098;0
51;9;36099;0
51;9;36100;0
51;9;36101;0
51;9;36102;1
51;9;36103;0
51;9;36104;1
51;9;36105;1
51;9;36106;1
51;9;36107;1
51;9;36108;1
51;9;36109;1
51;9;36110;1
51;9;36111;1
51;9;36112;1
51;9;36113;1
51;9;36114;1
51;9;36115;1
51;9;36116;1
51;9;36117;1
51;9;36118;1
51;9;36119;1
51;9;36120;1
51;9;36121;1
51;9;36122;1
51;9;36123;1
51;9;36124;1
51;9;36125;1
51;9;36126;1
51;9;36127;1
51;9;36128;1
51;9;36129;1
51;9;36130;1
51;9;36131;1
51;9;36132;1
51;9;36133;1
51;9;36134;1
51;9;36135;1
51;9;36136;1
51;9;36137;1
51;9;36138;1
51;9;36139;1
51;9;36140;1
51;9;36141;1
51;9;36142;1
51;9;36143;1
51;9;36144;1
51;9;36145;1
51;9;36146;1
51;9;36147;1
51;9;36148;1
51;9;36149;1
51;9;36150;1
51;9;36151;1
51;9;36152;1
51;9;36153;1
51;9;36154;1
51;9;36155;1
51;9;36156;1
51;9;36157;1
51;9;36158;1
51;9;36159;1
51;9;36160;1
51;9;36161;1
51;9;36162;1
51;9;36163;0
51;9;36164;1
51;9;36165;1
51;9;36166;1
51;9;36167;1
51;9;36168;1
51;9;36169;1
51;9;36170;1
51;9;36171;1
51;9;36172;1
51;9;36173;1
51;9;36174;1
51;9;36175;1
51;9;36176;1
51;9;36177;1
51;9;36178;1
51;9;36179;1
51;9;36180;1
51;9;36181;1
51;9;36182;1
51;9;36183;1
51;9;36184;1
51;9;36185;1
51;9;36186;1
51;9;36187;1
51;9;36188;1
51;9;36189;1
51;9;36190;1
51;9;36191;1
51;9;36192;1
51;9;36193;1
51;9;36194;1
51;9;36195;1
51;9;36196;1
51;9;36197;1
51;9;36198;1
51;9;36199;1
51;9;36200;1
51;9;36201;1
51;9;36202;1
51;9;36203;1
51;9;36204;1
51;9;36205;1
51;9;36206;1
51;9;36207;1
51;9;36208;1
51;9;36209;1
51;9;36210;1
51;9;36211;1
51;9;36212;1
51;9;36213;1
51;9;36214;1
51;9;36215;0
51;9;36216;0
51;9;36217;0
51;9;36218;1
51;9;36219;1
51;9;36220;1
51;9;36221;1
51;9;36222;1
51;9;36223;1
51;9;36224;1
51;9;36225;1
51;9;36226;1
51;9;36227;1
51;9;36228;1
51;9;36229;1
51;9;36230;1
51;9;36231;1
51;9;36232;1
51;9;36233;0
51;9;36234;1
51;9;36235;1
51;9;36236;1
51;9;36237;1
51;9;36238;1
51;9;36239;1
51;9;36240;1
51;9;36241;1
51;9;36242;1
51;9;36243;1
51;9;36244;1
51;9;36245;1
51;9;36246;1
51;9;36247;1
51;9;36248;1
51;9;36249;1
51;9;36250;1
51;9;36251;1
51;9;36252;1
51;9;36253;1
51;9;36254;1
51;9;36255;1
51;9;36256;1
51;9;36257;1
51;9;36258;1
51;9;36259;1
51;9;36260;1
51;9;36261;1
51;9;36262;1
51;9;36263;1
51;9;36264;1
51;9;36265;1
51;9;36266;1
51;9;36267;1
51;9;36268;1
51;9;36269;1
51;9;36270;1
51;9;36271;1
51;9;36272;1
51;9;36273;1
51;9;36274;1
51;9;36275;1
51;9;36276;1
51;9;36277;1
51;9;36278;1
51;9;36279;1
51;9;36280;1
51;9;36281;1
51;9;36282;1
51;9;36283;1
51;9;36284;1
51;9;36285;1
51;9;36286;1
51;9;36287;1
51;9;36288;1
51;9;36289;1
51;9;36290;1
51;9;36291;1
51;9;36292;1
51;9;36293;1
51;9;36294;1
51;9;36295;1
51;9;36296;1
51;9;36297;1
51;9;36298;1
51;9;36299;1
51;9;36300;1
51;9;36301;1
51;9;36302;1
51;9;36303;1
51;9;36304;1
51;9;36305;1
51;9;36306;1
51;9;36307;1
51;9;36308;1
51;9;36309;1
51;9;36310;1
51;9;36311;1
51;9;36312;1
51;9;36313;1
51;9;36314;1
51;9;36315;1
51;9;36316;1
51;9;36317;1
51;9;36318;1
51;9;36319;1
51;9;36320;1
51;9;36321;1
51;9;36322;1
51;9;36323;1
51;9;36324;1
51;9;36325;1
51;9;36326;1
51;9;36327;1
51;9;36328;1
51;9;36329;1
51;9;36330;1
51;9;36331;1
51;9;36332;1
51;9;36333;1
51;9;36334;1
51;9;36335;1
51;9;36336;1
51;9;36337;1
51;9;36338;1
51;9;36339;1
51;9;36340;1
51;9;36341;1
51;9;36342;1
51;9;36343;1
51;9;36344;1
51;9;36345;1
51;9;36346;0
51;9;36347;0
51;9;36348;1
51;9;36349;1
51;9;36350;1
51;9;36351;1
51;9;36352;1
51;9;36353;1
51;9;36354;0
51;9;36355;1
51;9;36356;1
51;9;36357;1
51;9;36358;1
51;9;36359;1
51;9;36360;1
51;9;36361;1
51;9;36362;1
51;9;36363;1
51;9;36364;1
51;9;36365;1
51;9;36366;1
51;9;36367;1
51;9;36368;1
51;9;36369;1
51;9;36370;1
51;9;36371;1
51;9;36372;1
51;9;36373;1
51;9;36374;1
51;9;36375;1
51;9;36376;1
51;9;36377;1
51;9;36378;1
51;9;36379;0
51;9;36380;0
51;9;36381;1
51;9;36382;0
51;9;36383;1
51;9;36384;1
51;9;36385;1
51;9;36386;1
51;9;36387;1
51;9;36388;1
51;9;36389;1
51;9;36390;1
51;9;36391;1
51;9;36392;1
51;9;36393;1
51;9;36394;1
51;9;36395;1
51;9;36396;0
51;9;36397;1
51;9;36398;1
51;9;36399;1
51;9;36400;1
51;9;36401;1
51;9;36402;1
51;9;36403;1
51;9;36404;1
51;9;36405;1
51;9;36406;1
51;9;36407;0
51;9;36408;1
51;9;36409;1
51;9;36410;1
51;9;36411;1
51;9;36412;1
51;9;36413;1
51;9;36414;1
51;9;36415;1
51;9;36416;1
51;9;36417;1
51;9;36418;1
51;9;36419;1
51;9;36420;1
51;9;36421;1
51;9;36422;1
51;9;36423;1
51;9;36424;1
51;9;36425;1
51;9;36426;1
51;9;36427;1
51;9;36428;0
51;9;36429;0
51;9;36430;0
51;9;36431;1
51;9;36432;1
51;9;36433;1
51;9;36434;1
51;9;36435;1
51;9;36436;1
51;9;36437;1
51;9;36438;1
51;9;36439;1
51;9;36440;1
51;9;36441;1
51;9;36442;1
51;9;36443;1
51;9;36444;1
51;9;36445;1
51;9;36446;1
51;9;36447;1
51;9;36448;1
51;9;36449;1
51;9;36450;1
51;9;36451;1
51;9;36452;1
51;9;36453;1
51;9;36454;1
51;9;36455;1
51;9;36456;1
51;9;36457;1
51;9;36458;1
51;9;36459;1
51;9;36460;1
51;9;36461;1
51;9;36462;1
51;9;36463;1
51;9;36464;1
51;9;36465;1
51;9;36466;1
51;9;36467;1
51;9;36468;1
51;9;36469;1
51;9;36470;1
51;9;36471;1
51;9;36472;1
51;9;36473;1
51;9;36474;1
51;9;36475;1
51;9;36476;1
51;9;36477;1
51;9;36478;1
51;9;36479;0
51;9;36480;1
51;9;36481;1
51;9;36482;0
51;9;36483;1
51;9;36484;0
51;9;36485;1
51;9;36486;1
51;9;36487;1
51;9;36488;1
51;9;36489;1
51;9;36490;1
51;9;36491;1
51;9;36492;1
51;9;36493;1
51;9;36494;1
51;9;36495;1
51;9;36496;1
51;9;36497;1
51;9;36498;1
51;9;36499;1
51;9;36500;1
51;9;36501;0
51;9;36502;0
51;9;36503;0
51;9;36504;0
51;9;36505;0
51;9;36506;0
51;9;36507;0
51;9;36508;0
51;9;36509;0
51;9;36510;0
51;9;36511;0
51;9;36512;0
51;9;36513;0
51;9;36514;0
51;9;36515;0
51;9;36516;0
51;9;36517;0
51;9;36518;0
51;9;36519;0
51;9;36520;0
51;9;36521;0
51;9;36522;0
51;9;36523;0
51;9;36524;0
51;9;36525;0
51;9;36526;0
51;9;36527;0
51;9;36528;0
51;9;36529;0
51;9;36530;0
51;9;36531;0
51;9;36532;0
51;9;36533;0
51;9;36534;0
51;9;36535;0
51;9;36536;0
51;9;36537;0
51;9;36538;0
51;9;36539;0
51;9;36540;0
51;9;36541;0
51;9;36542;0
51;9;36543;0
51;9;36544;0
51;9;36545;0
51;9;36546;0
51;9;36547;0
51;9;36548;0
51;9;36549;0
51;9;36550;0
51;9;36551;0
51;9;36552;0
51;9;36553;0
51;9;36554;0
51;9;36555;0
51;9;36556;0
51;9;36557;0
51;9;36558;0
51;9;36559;0
51;9;36560;0
51;9;36561;0
51;9;36562;0
51;9;36563;0
51;9;36564;0
51;9;36565;0
51;9;36566;0
51;9;36567;0
51;9;36568;0
51;9;36569;0
51;9;36570;0
51;9;36571;0
51;9;36572;0
51;9;36573;0
51;9;36574;0
51;9;36575;0
51;9;36576;0
51;9;36577;0
51;9;36578;0
51;9;36579;0
51;9;36580;0
51;9;36581;0
51;9;36582;0
51;9;36583;0
51;9;36584;0
51;9;36585;0
51;9;36586;0
51;9;36587;0
51;9;36588;0
51;9;36589;0
51;9;36590;0
51;9;36591;0
51;9;36592;0
51;9;36593;0
51;9;36594;0
51;9;36595;0
51;9;36596;0
51;9;36597;0
51;9;36598;0
51;9;36599;0
51;9;36600;0
51;9;36601;0
51;9;36602;0
51;9;36603;0
51;9;36604;0
51;9;36605;0
51;9;36606;0
51;9;36607;0
51;9;36608;0
51;9;36609;0
51;9;36610;0
51;9;36611;0
51;9;36612;0
51;9;36613;0
51;9;36614;0
51;9;36615;0
51;9;36616;0
51;9;36617;0
51;9;36618;0
51;9;36619;0
51;9;36620;0
51;9;36621;0
51;9;36622;0
51;9;36623;0
51;9;36624;0
51;9;36625;0
51;9;36626;0
51;9;36627;0
51;9;36628;0
51;9;36629;0
51;9;36630;0
51;9;36631;0
51;9;36632;0
51;9;36633;0
51;9;36634;0
51;9;36635;0
51;9;36636;0
51;9;36637;0
51;9;36638;0
51;9;36639;0
51;9;36640;0
51;9;36641;0
51;9;36642;0
51;9;36643;0
51;9;36644;0
51;9;36645;0
51;9;36646;0
51;9;36647;0
51;9;36648;0
51;9;36649;0
51;9;36650;0
51;9;36651;0
51;9;36652;0
51;9;36653;0
51;9;36654;0
51;9;36655;0
51;9;36656;0
51;9;36657;0
51;9;36658;0
51;9;36659;0
51;9;36660;0
51;9;36661;0
51;9;36662;0
51;9;36663;0
51;9;36664;0
51;9;36665;0
51;9;36666;0
51;9;36667;0
51;9;36668;0
51;9;36669;0
51;9;36670;0
51;9;36671;0
51;9;36672;0
51;9;36673;0
51;9;36674;0
51;9;36675;0
51;9;36676;0
51;9;36677;0
51;9;36678;0
51;9;36679;0
51;9;36680;0
51;9;36681;0
51;9;36682;0
51;9;36683;0
51;9;36684;0
51;9;36685;0
51;9;36686;0
51;9;36687;0
51;9;36688;0
51;9;36689;0
51;9;36690;0
51;9;36691;0
51;9;36692;0
51;9;36693;0
51;9;36694;0
51;9;36695;0
51;9;36696;0
51;9;36697;0
51;9;36698;0
51;9;36699;0
51;9;36700;0
51;9;36701;0
51;9;36702;0
51;9;36703;0
51;9;36704;0
51;9;36705;0
51;9;36706;0
51;9;36707;0
51;9;36708;0
51;9;36709;0
51;9;36710;0
51;9;36711;0
51;9;36712;0
51;9;36713;0
51;9;36714;0
51;9;36715;0
51;9;36716;0
51;9;36717;0
51;9;36718;0
51;9;36719;0
51;9;36720;0
51;9;36721;0
51;9;36722;0
51;9;36723;0
51;9;36724;0
51;9;36725;0
51;9;36726;0
51;9;36727;0
51;9;36728;0
51;9;36729;0
51;9;36730;0
51;9;36731;0
51;9;36732;0
51;9;36733;0
51;9;36734;0
51;9;36735;0
51;9;36736;0
51;9;36737;0
51;9;36738;0
51;9;36739;0
51;9;36740;0
51;9;36741;0
51;9;36742;0
51;9;36743;0
51;9;36744;0
51;9;36745;0
51;9;36746;0
51;9;36747;0
51;9;36748;0
51;9;36749;0
51;9;36750;0
51;9;36751;0
51;9;36752;0
51;9;36753;0
51;9;36754;0
51;9;36755;0
51;9;36756;0
51;9;36757;0
51;9;36758;0
51;9;36759;0
51;9;36760;0
51;9;36761;0
51;9;36762;0
51;9;36763;0
51;9;36764;0
51;9;36765;0
51;9;36766;0
51;9;36767;0
51;9;36768;0
51;9;36769;0
51;9;36770;0
51;9;36771;0
51;9;36772;0
51;9;36773;0
51;9;36774;0
51;9;36775;0
51;9;36776;0
51;9;36777;0
51;9;36778;0
51;9;36779;0
51;9;36780;0
51;9;36781;0
51;9;36782;0
51;9;36783;0
51;9;36784;0
51;9;36785;0
51;9;36786;0
51;9;36787;0
51;9;36788;0
51;9;36789;0
51;9;36790;0
51;9;36791;0
51;9;36792;0
51;9;36793;0
51;9;36794;0
51;9;36795;0
51;9;36796;0
51;9;36797;0
51;9;36798;0
51;9;36799;0
51;9;36800;0
51;9;36801;0
51;9;36802;0
51;9;36803;0
51;9;36804;0
51;9;36805;0
51;9;36806;0
51;9;36807;0
51;9;36808;0
51;9;36809;0
51;9;36810;0
51;9;36811;0
51;9;36812;0
51;9;36813;0
51;9;36814;0
51;9;36815;0
51;9;36816;0
51;9;36817;0
51;9;36818;0
51;9;36819;0
51;9;36820;0
51;9;36821;0
51;9;36822;0
51;9;36823;0
51;9;36824;0
51;9;36825;0
51;9;36826;0
51;9;36827;0
51;9;36828;0
51;9;36829;0
51;9;36830;0
51;9;36831;0
51;9;36832;0
51;9;36833;0
51;9;36834;0
51;9;36835;0
51;9;36836;0
51;9;36837;0
51;9;36838;0
51;9;36839;0
51;9;36840;0
51;9;36841;0
51;9;36842;0
51;9;36843;0
51;9;36844;0
51;9;36845;0
51;9;36846;0
51;9;36847;0
51;9;36848;0
51;9;36849;0
51;9;36850;0
51;9;36851;0
51;9;36852;0
51;9;36853;0
51;9;36854;0
51;9;36855;0
51;9;36856;0
51;9;36857;0
51;9;36858;0
51;9;36859;0
51;9;36860;0
51;9;36861;0
51;9;36862;0
51;9;36863;0
51;9;36864;0
51;9;36865;0
51;9;36866;0
51;9;36867;0
51;9;36868;0
51;9;36869;0
51;9;36870;0
51;9;36871;0
51;9;36872;0
51;9;36873;0
51;9;36874;0
51;9;36875;0
51;9;36876;0
51;9;36877;0
51;9;36878;0
51;9;36879;0
51;9;36880;0
51;9;36881;0
51;9;36882;0
51;9;36883;0
51;9;36884;0
51;9;36885;0
51;9;36886;0
51;9;36887;0
51;9;36888;0
51;9;36889;0
51;9;36890;0
51;9;36891;0
51;9;36892;0
51;9;36893;0
51;9;36894;0
51;9;36895;0
51;9;36896;0
51;9;36897;0
51;9;36898;0
51;9;36899;0
51;9;36900;0
51;9;36901;0
51;9;36902;0
51;9;36903;0
51;9;36904;0
51;9;36905;0
51;9;36906;0
51;9;36907;0
51;9;36908;0
51;9;36909;0
51;9;36910;0
51;9;36911;0
51;9;36912;0
51;9;36913;0
51;9;36914;0
51;9;36915;0
51;9;36916;0
51;9;36917;0
51;9;36918;0
51;9;36919;0
51;9;36920;0
51;9;36921;0
51;9;36922;0
51;9;36923;0
51;9;36924;0
51;9;36925;0
51;9;36926;0
51;9;36927;0
51;9;36928;0
51;9;36929;0
51;9;36930;0
51;9;36931;0
51;9;36932;0
51;9;36933;0
51;9;36934;0
51;9;36935;0
51;9;36936;0
51;9;36937;0
51;9;36938;0
51;9;36939;0
51;9;36940;0
51;9;36941;0
51;9;36942;0
51;9;36943;0
51;9;36944;0
51;9;36945;0
51;9;36946;0
51;9;36947;0
51;9;36948;0
51;9;36949;0
51;9;36950;0
51;9;36951;0
51;9;36952;0
51;9;36953;0
51;9;36954;0
51;9;36955;0
51;9;36956;0
51;9;36957;0
51;9;36958;0
51;9;36959;0
51;9;36960;0
51;9;36961;0
51;9;36962;0
51;9;36963;0
51;9;36964;0
51;9;36965;0
51;9;36966;0
51;9;36967;0
51;9;36968;0
51;9;36969;0
51;9;36970;0
51;9;36971;0
51;9;36972;0
51;9;36973;0
51;9;36974;0
51;9;36975;0
51;9;36976;0
51;9;36977;0
51;9;36978;0
51;9;36979;0
51;9;36980;0
51;9;36981;0
51;9;36982;0
51;9;36983;0
51;9;36984;0
51;9;36985;0
51;9;36986;0
51;9;36987;0
51;9;36988;0
51;9;36989;0
51;9;36990;0
51;9;36991;0
51;9;36992;0
51;9;36993;0
51;9;36994;0
51;9;36995;0
51;9;36996;0
51;9;36997;0
51;9;36998;0
51;9;36999;0
51;9;37000;0
51;9;37001;0
51;9;37002;0
51;9;37003;0
51;9;37004;0
51;9;37005;0
51;9;37006;0
51;9;37007;0
51;9;37008;0
51;9;37009;0
51;9;37010;0
51;9;37011;0
51;9;37012;0
51;9;37013;0
51;9;37014;0
51;9;37015;0
51;9;37016;0
51;9;37017;0
51;9;37018;0
51;9;37019;0
51;9;37020;0
51;9;37021;0
51;9;37022;0
51;9;37023;0
51;9;37024;0
51;9;37025;0
51;9;37026;0
51;9;37027;0
51;9;37028;0
51;9;37029;0
51;9;37030;0
51;9;37031;0
51;9;37032;0
51;9;37033;0
51;9;37034;0
51;9;37035;0
51;9;37036;0
51;9;37037;0
51;9;37038;0
51;9;37039;0
51;9;37040;0
51;9;37041;0
51;9;37042;0
51;9;37043;0
51;9;37044;0
51;9;37045;0
51;9;37046;0
51;9;37047;0
51;9;37048;0
51;9;37049;0
51;9;37050;0
51;9;37051;0
51;9;37052;0
51;9;37053;0
51;9;37054;0
51;9;37055;0
51;9;37056;0
51;9;37057;0
51;9;37058;0
51;9;37059;0
51;9;37060;0
51;9;37061;0
51;9;37062;0
51;9;37063;0
51;9;37064;0
51;9;37065;0
51;9;37066;0
51;9;37067;0
51;9;37068;0
51;9;37069;0
51;9;37070;0
51;9;37071;0
51;9;37072;0
51;9;37073;0
51;9;37074;0
51;9;37075;0
51;9;37076;0
51;9;37077;0
51;9;37078;0
51;9;37079;0
51;9;37080;0
51;9;37081;0
51;9;37082;0
51;9;37083;0
51;9;37084;0
51;9;37085;0
51;9;37086;0
51;9;37087;0
51;9;37088;0
51;9;37089;0
51;9;37090;0
51;9;37091;0
51;9;37092;0
51;9;37093;0
51;9;37094;0
51;9;37095;0
51;9;37096;0
51;9;37097;0
51;9;37098;0
51;9;37099;0
51;9;37100;0
51;9;37101;0
51;9;37102;0
51;9;37103;0
51;9;37104;0
51;9;37105;0
51;9;37106;0
51;9;37107;0
51;9;37108;0
51;9;37109;0
51;9;37110;0
51;9;37111;0
51;9;37112;0
51;9;37113;0
51;9;37114;0
51;9;37115;0
51;9;37116;0
51;9;37117;0
51;9;37118;0
51;9;37119;0
51;9;37120;0
51;9;37121;0
51;9;37122;0
51;9;37123;0
51;9;37124;0
51;9;37125;0
51;9;37126;0
51;9;37127;0
51;9;37128;0
51;9;37129;0
51;9;37130;0
51;9;37131;0
51;9;37132;0
51;9;37133;0
51;9;37134;0
51;9;37135;0
51;9;37136;0
51;9;37137;0
51;9;37138;0
51;9;37139;0
51;9;37140;0
51;9;37141;0
51;9;37142;0
51;9;37143;0
51;9;37144;0
51;9;37145;0
51;9;37146;0
51;9;37147;0
51;9;37148;0
51;9;37149;0
51;9;37150;0
51;9;37151;0
51;9;37152;0
51;9;37153;0
51;9;37154;0
51;9;37155;0
51;9;37156;0
51;9;37157;0
51;9;37158;0
51;9;37159;0
51;9;37160;0
51;9;37161;0
51;9;37162;0
51;9;37163;0
51;9;37164;0
51;9;37165;0
51;9;37166;0
51;9;37167;0
51;9;37168;0
51;9;37169;0
51;9;37170;0
51;9;37171;0
51;9;37172;0
51;9;37173;0
51;9;37174;0
51;9;37175;0
51;9;37176;0
51;9;37177;0
51;9;37178;0
51;9;37179;0
51;9;37180;0
51;9;37181;0
51;9;37182;0
51;9;37183;0
51;9;37184;0
51;9;37185;0
51;9;37186;0
51;9;37187;0
51;9;37188;0
51;9;37189;0
51;9;37190;0
51;9;37191;0
51;9;37192;0
51;9;37193;0
51;9;37194;0
51;9;37195;0
51;9;37196;0
51;9;37197;0
51;9;37198;0
51;9;37199;0
51;9;37200;0
51;9;37201;0
51;9;37202;0
51;9;37203;0
51;9;37204;0
51;9;37205;0
51;9;37206;0
51;9;37207;0
51;9;37208;0
51;9;37209;0
51;9;37210;0
51;9;37211;0
51;9;37212;0
51;9;37213;0
51;9;37214;0
51;9;37215;0
51;9;37216;0
51;9;37217;0
51;9;37218;0
51;9;37219;0
51;9;37220;0
51;9;37221;0
51;9;37222;0
51;9;37223;0
51;9;37224;0
51;9;37225;0
51;9;37226;0
51;9;37227;0
51;9;37228;0
51;9;37229;0
51;9;37230;0
51;9;37231;0
51;9;37232;0
51;9;37233;0
51;9;37234;0
51;9;37235;0
51;9;37236;0
51;9;37237;0
51;9;37238;0
51;9;37239;0
51;9;37240;0
51;9;37241;0
51;9;37242;0
51;9;37243;0
51;9;37244;0
51;9;37245;0
51;9;37246;0
51;9;37247;0
51;9;37248;0
51;9;37249;0
51;9;37250;0
51;9;37251;0
51;9;37252;0
51;9;37253;0
51;9;37254;0
51;9;37255;0
51;9;37256;0
51;9;37257;0
51;9;37258;0
51;9;37259;0
51;9;37260;0
51;9;37261;0
51;9;37262;0
51;9;37263;0
51;9;37264;0
51;9;37265;0
51;9;37266;0
51;9;37267;0
51;9;37268;0
51;9;37269;0
51;9;37270;0
51;9;37271;0
51;9;37272;0
51;9;37273;0
51;9;37274;0
51;9;37275;0
51;9;37276;0
51;9;37277;0
51;9;37278;0
51;9;37279;0
51;9;37280;0
51;9;37281;0
51;9;37282;0
51;9;37283;0
51;9;37284;0
51;9;37285;0
51;9;37286;0
51;9;37287;0
51;9;37288;0
51;9;37289;0
51;9;37290;0
51;9;37291;0
51;9;37292;0
51;9;37293;0
51;9;37294;0
51;9;37295;0
51;9;37296;0
51;9;37297;0
51;9;37298;0
51;9;37299;0
51;9;37300;0
51;9;37301;0
51;9;37302;0
51;9;37303;0
51;9;37304;0
51;9;37305;0
51;9;37306;0
51;9;37307;0
51;9;37308;0
51;9;37309;0
51;9;37310;0
51;9;37311;0
51;9;37312;0
51;9;37313;0
51;9;37314;0
51;9;37315;0
51;9;37316;0
51;9;37317;0
51;9;37318;0
51;9;37319;0
51;9;37320;0
51;9;37321;0
51;9;37322;0
51;9;37323;0
51;9;37324;0
51;9;37325;0
51;9;37326;0
51;9;37327;0
51;9;37328;0
51;9;37329;0
51;9;37330;0
51;9;37331;0
51;9;37332;0
51;9;37333;0
51;9;37334;0
51;9;37335;0
51;9;37336;0
51;9;37337;0
51;9;37338;0
51;9;37339;0
51;9;37340;0
51;9;37341;0
51;9;37342;0
51;9;37343;0
51;9;37344;0
51;9;37345;0
51;9;37346;0
51;9;37347;0
51;9;37348;0
51;9;37349;0
51;9;37350;0
51;9;37351;0
51;9;37352;0
51;9;37353;0
51;9;37354;0
51;9;37355;0
51;9;37356;0
51;9;37357;0
51;9;37358;0
51;9;37359;0
51;9;37360;0
51;9;37361;0
51;9;37362;0
51;9;37363;0
51;9;37364;0
51;9;37365;0
51;9;37366;0
51;9;37367;0
51;9;37368;0
51;9;37369;0
51;9;37370;0
51;9;37371;0
51;9;37372;0
51;9;37373;0
51;9;37374;0
51;9;37375;0
51;9;37376;0
51;9;37377;0
51;9;37378;0
51;9;37379;0
51;9;37380;0
51;9;37381;0
51;9;37382;0
51;9;37383;0
51;9;37384;0
51;9;37385;0
51;9;37386;0
51;9;37387;0
51;9;37388;0
51;9;37389;0
51;9;37390;0
51;9;37391;0
51;9;37392;0
51;9;37393;0
51;9;37394;0
51;9;37395;0
51;9;37396;0
51;9;37397;0
51;9;37398;0
51;9;37399;0
51;9;37400;0
51;9;37401;0
51;9;37402;0
51;9;37403;0
51;9;37404;0
51;9;37405;0
51;9;37406;0
51;9;37407;0
51;9;37408;0
51;9;37409;0
51;9;37410;0
51;9;37411;0
51;9;37412;0
51;9;37413;0
51;9;37414;0
51;9;37415;0
51;9;37416;0
51;9;37417;0
51;9;37418;0
51;9;37419;0
51;9;37420;0
51;9;37421;0
51;9;37422;0
51;9;37423;0
51;9;37424;0
51;9;37425;0
51;9;37426;0
51;9;37427;0
51;9;37428;0
51;9;37429;0
51;9;37430;0
51;9;37431;0
51;9;37432;0
51;9;37433;0
51;9;37434;0
51;9;37435;0
51;9;37436;0
51;9;37437;0
51;9;37438;0
51;9;37439;0
51;9;37440;0
51;9;37441;0
51;9;37442;0
51;9;37443;0
51;9;37444;0
51;9;37445;0
51;9;37446;0
51;9;37447;0
51;9;37448;0
51;9;37449;0
51;9;37450;0
51;9;37451;0
51;9;37452;0
51;9;37453;0
51;9;37454;0
51;9;37455;0
51;9;37456;0
51;9;37457;0
51;9;37458;0
51;9;37459;0
51;9;37460;0
51;9;37461;0
51;9;37462;0
51;9;37463;0
51;9;37464;0
51;9;37465;0
51;9;37466;0
51;9;37467;0
51;9;37468;0
51;9;37469;0
51;9;37470;0
51;9;37471;0
51;9;37472;0
51;9;37473;0
51;9;37474;0
51;9;37475;0
51;9;37476;0
51;9;37477;0
51;9;37478;0
51;9;37479;0
51;9;37480;0
51;9;37481;0
51;9;37482;0
51;9;37483;0
51;9;37484;0
51;9;37485;0
51;9;37486;0
51;9;37487;0
51;9;37488;0
51;9;37489;0
51;9;37490;0
51;9;37491;0
51;9;37492;0
51;9;37493;0
51;9;37494;0
51;9;37495;0
51;9;37496;0
51;9;37497;0
51;9;37498;0
51;9;37499;0
51;9;37500;0
51;9;37501;0
51;9;37502;0
51;9;37503;0
51;9;37504;0
51;9;37505;0
51;9;37506;0
51;9;37507;0
51;9;37508;0
51;9;37509;0
51;9;37510;0
51;9;37511;0
51;9;37512;0
51;9;37513;0
51;9;37514;0
51;9;37515;0
51;9;37516;0
51;9;37517;0
51;9;37518;0
51;9;37519;0
51;9;37520;0
51;9;37521;0
51;9;37522;0
51;9;37523;0
51;9;37524;0
51;9;37525;0
51;9;37526;0
51;9;37527;0
51;9;37528;0
51;9;37529;0
51;9;37530;0
51;9;37531;0
51;9;37532;0
51;9;37533;0
51;9;37534;0
51;9;37535;0
51;9;37536;0
51;9;37537;0
51;9;37538;0
51;9;37539;0
51;9;37540;0
51;9;37541;0
51;9;37542;0
51;9;37543;0
51;9;37544;0
51;9;37545;0
51;9;37546;0
51;9;37547;0
51;9;37548;0
51;9;37549;0
51;9;37550;0
51;9;37551;0
51;9;37552;0
51;9;37553;0
51;9;37554;0
51;9;37555;0
51;9;37556;0
51;9;37557;0
51;9;37558;0
51;9;37559;0
51;9;37560;0
51;9;37561;0
51;9;37562;0
51;9;37563;0
51;9;37564;0
51;9;37565;0
51;9;37566;0
51;9;37567;0
51;9;37568;0
51;9;37569;0
51;9;37570;0
51;9;37571;0
51;9;37572;0
51;9;37573;0
51;9;37574;0
51;9;37575;0
51;9;37576;0
51;9;37577;0
51;9;37578;0
51;9;37579;0
51;9;37580;0
51;9;37581;0
51;9;37582;0
51;9;37583;0
51;9;37584;0
51;9;37585;0
51;9;37586;0
51;9;37587;0
51;9;37588;0
51;9;37589;0
51;9;37590;0
51;9;37591;0
51;9;37592;0
51;9;37593;0
51;9;37594;0
51;9;37595;0
51;9;37596;0
51;9;37597;0
51;9;37598;0
51;9;37599;0
51;9;37600;0
51;9;37601;0
51;9;37602;0
51;9;37603;0
51;9;37604;0
51;9;37605;0
51;9;37606;0
51;9;37607;0
51;9;37608;0
51;9;37609;0
51;9;37610;0
51;9;37611;0
51;9;37612;0
51;9;37613;0
51;9;37614;0
51;9;37615;0
51;9;37616;0
51;9;37617;0
51;9;37618;0
51;9;37619;0
51;9;37620;0
51;9;37621;0
51;9;37622;0
51;9;37623;0
51;9;37624;0
51;9;37625;0
51;9;37626;0
51;9;37627;0
51;9;37628;0
51;9;37629;0
51;9;37630;0
51;9;37631;0
51;9;37632;0
51;9;37633;0
51;9;37634;0
51;9;37635;0
51;9;37636;0
51;9;37637;0
51;9;37638;0
51;9;37639;0
51;9;37640;0
51;9;37641;0
51;9;37642;0
51;9;37643;0
51;9;37644;0
51;9;37645;0
51;9;37646;0
51;9;37647;0
51;9;37648;0
51;9;37649;0
51;9;37650;0
51;9;37651;0
51;9;37652;0
51;9;37653;0
51;9;37654;0
51;9;37655;0
51;9;37656;0
51;9;37657;0
51;9;37658;0
51;9;37659;0
51;9;37660;0
51;9;37661;0
51;9;37662;0
51;9;37663;0
51;9;37664;0
51;9;37665;0
51;9;37666;0
51;9;37667;0
51;9;37668;0
51;9;37669;0
51;9;37670;0
51;9;37671;0
51;9;37672;0
51;9;37673;0
51;9;37674;0
51;9;37675;0
51;9;37676;0
51;9;37677;0
51;9;37678;0
51;9;37679;0
51;9;37680;0
51;9;37681;0
51;9;37682;0
51;9;37683;0
51;9;37684;0
51;9;37685;0
51;9;37686;0
51;9;37687;0
51;9;37688;0
51;9;37689;0
51;9;37690;0
51;9;37691;0
51;9;37692;0
51;9;37693;0
51;9;37694;0
51;9;37695;0
51;9;37696;0
51;9;37697;0
51;9;37698;0
51;9;37699;0
51;9;37700;0
51;9;37701;0
51;9;37702;0
51;9;37703;0
51;9;37704;0
51;9;37705;0
51;9;37706;0
51;9;37707;0
51;9;37708;0
51;9;37709;0
51;9;37710;0
51;9;37711;0
51;9;37712;0
51;9;37713;0
51;9;37714;0
51;9;37715;0
51;9;37716;0
51;9;37717;0
51;9;37718;0
51;9;37719;0
51;9;37720;0
51;9;37721;0
51;9;37722;0
51;9;37723;0
51;9;37724;0
51;9;37725;0
51;9;37726;0
51;9;37727;0
51;9;37728;0
51;9;37729;0
51;9;37730;0
51;9;37731;0
51;9;37732;0
51;9;37733;0
51;9;37734;0
51;9;37735;0
51;9;37736;0
51;9;37737;0
51;9;37738;0
51;9;37739;0
51;9;37740;0
51;9;37741;0
51;9;37742;0
51;9;37743;0
51;9;37744;0
51;9;37745;0
51;9;37746;0
51;9;37747;0
51;9;37748;0
51;9;37749;0
51;9;37750;0
51;9;37751;0
51;9;37752;0
51;9;37753;0
51;9;37754;0
51;9;37755;0
51;9;37756;0
51;9;37757;0
51;9;37758;0
51;9;37759;0
51;9;37760;0
51;9;37761;0
51;9;37762;0
51;9;37763;0
51;9;37764;0
51;9;37765;0
51;9;37766;0
51;9;37767;0
51;9;37768;0
51;9;37769;0
51;9;37770;0
51;9;37771;0
51;9;37772;0
51;9;37773;0
51;9;37774;0
51;9;37775;0
51;9;37776;0
51;9;37777;0
51;9;37778;0
51;9;37779;0
51;9;37780;0
51;9;37781;0
51;9;37782;0
51;9;37783;0
51;9;37784;0
51;9;37785;0
51;9;37786;0
51;9;37787;0
51;9;37788;0
51;9;37789;0
51;9;37790;0
51;9;37791;0
51;9;37792;0
51;9;37793;0
51;9;37794;0
51;9;37795;0
51;9;37796;0
51;9;37797;0
51;9;37798;0
51;9;37799;0
51;9;37800;0
51;9;37801;0
51;9;37802;0
51;9;37803;0
51;9;37804;0
51;9;37805;0
51;9;37806;0
51;9;37807;0
51;9;37808;0
51;9;37809;0
51;9;37810;0
51;9;37811;0
51;9;37812;0
51;9;37813;0
51;9;37814;0
51;9;37815;0
51;9;37816;0
51;9;37817;0
51;9;37818;0
51;9;37819;0
51;9;37820;0
51;9;37821;0
51;9;37822;0
51;9;37823;0
51;9;37824;0
51;9;37825;0
51;9;37826;0
51;9;37827;0
51;9;37828;0
51;9;37829;0
51;9;37830;0
51;9;37831;0
51;9;37832;0
51;9;37833;0
51;9;37834;0
51;9;37835;0
51;9;37836;0
51;9;37837;0
51;9;37838;0
51;9;37839;0
51;9;37840;0
51;9;37841;0
51;9;37842;0
51;9;37843;0
51;9;37844;0
51;9;37845;0
51;9;37846;0
51;9;37847;0
51;9;37848;0
51;9;37849;0
51;9;37850;0
51;9;37851;0
51;9;37852;0
51;9;37853;0
51;9;37854;0
51;9;37855;0
51;9;37856;0
51;9;37857;0
51;9;37858;0
51;9;37859;0
51;9;37860;0
51;9;37861;0
51;9;37862;0
51;9;37863;0
51;9;37864;0
51;9;37865;0
51;9;37866;0
51;9;37867;0
51;9;37868;0
51;9;37869;0
51;9;37870;0
51;9;37871;0
51;9;37872;0
51;9;37873;0
51;9;37874;0
51;9;37875;0
51;9;37876;0
51;9;37877;0
51;9;37878;0
51;9;37879;0
51;9;37880;0
51;9;37881;0
51;9;37882;0
51;9;37883;0
51;9;37884;0
51;9;37885;0
51;9;37886;0
51;9;37887;0
51;9;37888;0
51;9;37889;0
51;9;37890;0
51;9;37891;0
51;9;37892;0
51;9;37893;0
51;9;37894;0
51;9;37895;0
51;9;37896;0
51;9;37897;0
51;9;37898;0
51;9;37899;0
51;9;37900;0
51;9;37901;0
51;9;37902;0
51;9;37903;0
51;9;37904;0
51;9;37905;0
51;9;37906;0
51;9;37907;0
51;9;37908;0
51;9;37909;0
51;9;37910;0
51;9;37911;0
51;9;37912;0
51;9;37913;0
51;9;37914;0
51;9;37915;0
51;9;37916;0
51;9;37917;0
51;9;37918;0
51;9;37919;0
51;9;37920;0
51;9;37921;0
51;9;37922;0
51;9;37923;0
51;9;37924;0
51;9;37925;0
51;9;37926;0
51;9;37927;0
51;9;37928;0
51;9;37929;0
51;9;37930;0
51;9;37931;0
51;9;37932;0
51;9;37933;0
51;9;37934;0
51;9;37935;0
51;9;37936;0
51;9;37937;0
51;9;37938;0
51;9;37939;0
51;9;37940;0
51;9;37941;0
51;9;37942;0
51;9;37943;0
51;9;37944;0
51;9;37945;0
51;9;37946;0
51;9;37947;0
51;9;37948;0
51;9;37949;0
51;9;37950;0
51;9;37951;0
51;9;37952;0
51;9;37953;0
51;9;37954;0
51;9;37955;0
51;9;37956;0
51;9;37957;0
51;9;37958;0
51;9;37959;0
51;9;37960;0
51;9;37961;0
51;9;37962;0
51;9;37963;0
51;9;37964;0
51;9;37965;0
51;9;37966;0
51;9;37967;0
51;9;37968;0
51;9;37969;0
51;9;37970;0
51;9;37971;0
51;9;37972;0
51;9;37973;0
51;9;37974;0
51;9;37975;0
51;9;37976;0
51;9;37977;0
51;9;37978;0
51;9;37979;0
51;9;37980;0
51;9;37981;0
51;9;37982;0
51;9;37983;0
51;9;37984;0
51;9;37985;0
51;9;37986;0
51;9;37987;0
51;9;37988;0
51;9;37989;0
51;9;37990;0
51;9;37991;0
51;9;37992;0
51;9;37993;0
51;9;37994;0
51;9;37995;0
51;9;37996;0
51;9;37997;0
51;9;37998;0
51;9;37999;0
51;9;38000;0
51;9;38001;0
51;9;38002;0
51;9;38003;0
51;9;38004;0
51;9;38005;0
51;9;38006;0
51;9;38007;0
51;9;38008;0
51;9;38009;0
51;9;38010;0
51;9;38011;0
51;9;38012;0
51;9;38013;0
51;9;38014;0
51;9;38015;0
51;9;38016;0
51;9;38017;0
51;9;38018;0
51;9;38019;0
51;9;38020;0
51;9;38021;0
51;9;38022;0
51;9;38023;0
51;9;38024;0
51;9;38025;0
51;9;38026;0
51;9;38027;0
51;9;38028;0
51;9;38029;0
51;9;38030;0
51;9;38031;0
51;9;38032;0
51;9;38033;0
51;9;38034;0
51;9;38035;0
51;9;38036;0
51;9;38037;0
51;9;38038;0
51;9;38039;0
51;9;38040;0
51;9;38041;0
51;9;38042;0
51;9;38043;0
51;9;38044;0
51;9;38045;0
51;9;38046;0
51;9;38047;0
51;9;38048;0
51;9;38049;0
51;9;38050;0
51;9;38051;0
51;9;38052;0
51;9;38053;0
51;9;38054;0
51;9;38055;0
51;9;38056;0
51;9;38057;0
51;9;38058;0
51;9;38059;0
51;9;38060;0
51;9;38061;0
51;9;38062;0
51;9;38063;0
51;9;38064;0
51;9;38065;0
51;9;38066;0
51;9;38067;0
51;9;38068;0
51;9;38069;0
51;9;38070;0
51;9;38071;0
51;9;38072;0
51;9;38073;0
51;9;38074;0
51;9;38075;0
51;9;38076;0
51;9;38077;0
51;9;38078;0
51;9;38079;0
51;9;38080;0
51;9;38081;0
51;9;38082;0
51;9;38083;0
51;9;38084;0
51;9;38085;0
51;9;38086;0
51;9;38087;0
51;9;38088;0
51;9;38089;0
51;9;38090;0
51;9;38091;0
51;9;38092;0
51;9;38093;0
51;9;38094;0
51;9;38095;0
51;9;38096;0
51;9;38097;0
51;9;38098;0
51;9;38099;0
51;9;38100;0
51;9;38101;0
51;9;38102;0
51;9;38103;0
51;9;38104;0
51;9;38105;0
51;9;38106;0
51;9;38107;0
51;9;38108;0
51;9;38109;0
51;9;38110;0
51;9;38111;0
51;9;38112;0
51;9;38113;0
51;9;38114;0
51;9;38115;0
51;9;38116;0
51;9;38117;0
51;9;38118;0
51;9;38119;0
51;9;38120;0
51;9;38121;0
51;9;38122;0
51;9;38123;0
51;9;38124;0
51;9;38125;0
51;9;38126;0
51;9;38127;0
51;9;38128;0
51;9;38129;0
51;9;38130;0
51;9;38131;0
51;9;38132;0
51;9;38133;0
51;9;38134;0
51;9;38135;0
51;9;38136;0
51;9;38137;0
51;9;38138;0
51;9;38139;0
51;9;38140;0
51;9;38141;0
51;9;38142;0
51;9;38143;0
51;9;38144;0
51;9;38145;0
51;9;38146;0
51;9;38147;0
51;9;38148;0
51;9;38149;0
51;9;38150;0
51;9;38151;0
51;9;38152;0
51;9;38153;0
51;9;38154;0
51;9;38155;0
51;9;38156;0
51;9;38157;0
51;9;38158;0
51;9;38159;0
51;9;38160;0
51;9;38161;0
51;9;38162;0
51;9;38163;0
51;9;38164;0
51;9;38165;0
51;9;38166;0
51;9;38167;0
51;9;38168;0
51;9;38169;0
51;9;38170;0
51;9;38171;0
51;9;38172;0
51;9;38173;0
51;9;38174;0
51;9;38175;0
51;9;38176;0
51;9;38177;0
51;9;38178;0
51;9;38179;0
51;9;38180;0
51;9;38181;0
51;9;38182;0
51;9;38183;0
51;9;38184;0
51;9;38185;0
51;9;38186;0
51;9;38187;0
51;9;38188;0
51;9;38189;0
51;9;38190;0
51;9;38191;0
51;9;38192;0
51;9;38193;0
51;9;38194;0
51;9;38195;0
51;9;38196;0
51;9;38197;0
51;9;38198;0
51;9;38199;0
51;9;38200;0
51;9;38201;0
51;9;38202;0
51;9;38203;0
51;9;38204;0
51;9;38205;0
51;9;38206;0
51;9;38207;0
51;9;38208;0
51;9;38209;0
51;9;38210;0
51;9;38211;0
51;9;38212;0
51;9;38213;0
51;9;38214;0
51;9;38215;0
51;9;38216;0
51;9;38217;0
51;9;38218;0
51;9;38219;0
51;9;38220;0
51;9;38221;0
51;9;38222;0
51;9;38223;0
51;9;38224;0
51;9;38225;0
51;9;38226;0
51;9;38227;0
51;9;38228;0
51;9;38229;0
51;9;38230;0
51;9;38231;0
51;9;38232;0
51;9;38233;0
51;9;38234;0
51;9;38235;0
51;9;38236;0
51;9;38237;0
51;9;38238;0
51;9;38239;0
51;9;38240;0
51;9;38241;0
51;9;38242;0
51;9;38243;0
51;9;38244;0
51;9;38245;0
51;9;38246;0
51;9;38247;0
51;9;38248;0
51;9;38249;0
51;9;38250;0
51;9;38251;0
51;9;38252;0
51;9;38253;0
51;9;38254;0
51;9;38255;0
51;9;38256;0
51;9;38257;0
51;9;38258;0
51;9;38259;0
51;9;38260;0
51;9;38261;0
51;9;38262;0
51;9;38263;0
51;9;38264;0
51;9;38265;0
51;9;38266;0
51;9;38267;0
51;9;38268;0
51;9;38269;0
51;9;38270;0
51;9;38271;0
51;9;38272;0
51;9;38273;0
51;9;38274;0
51;9;38275;0
51;9;38276;0
51;9;38277;0
51;9;38278;0
51;9;38279;0
51;9;38280;0
51;9;38281;0
51;9;38282;0
51;9;38283;0
51;9;38284;0
51;9;38285;0
51;9;38286;0
51;9;38287;0
51;9;38288;0
51;9;38289;0
51;9;38290;0
51;9;38291;0
51;9;38292;0
51;9;38293;0
51;9;38294;0
51;9;38295;0
51;9;38296;0
51;9;38297;0
51;9;38298;0
51;9;38299;0
51;9;38300;0
51;9;38301;0
51;9;38302;0
51;9;38303;0
51;9;38304;0
51;9;38305;0
51;9;38306;0
51;9;38307;0
51;9;38308;0
51;9;38309;0
51;9;38310;0
51;9;38311;0
51;9;38312;0
51;9;38313;0
51;9;38314;0
51;9;38315;0
51;9;38316;0
51;9;38317;0
51;9;38318;0
51;9;38319;0
51;9;38320;0
51;9;38321;0
51;9;38322;0
51;9;38323;0
51;9;38324;0
51;9;38325;0
51;9;38326;0
51;9;38327;0
51;9;38328;0
51;9;38329;0
51;9;38330;0
51;9;38331;0
51;9;38332;0
51;9;38333;0
51;9;38334;0
51;9;38335;0
51;9;38336;0
51;9;38337;0
51;9;38338;0
51;9;38339;0
51;9;38340;0
51;9;38341;0
51;9;38342;0
51;9;38343;0
51;9;38344;0
51;9;38345;0
51;9;38346;0
51;9;38347;0
51;9;38348;0
51;9;38349;0
51;9;38350;0
51;9;38351;0
51;9;38352;0
51;9;38353;0
51;9;38354;0
51;9;38355;0
51;9;38356;0
51;9;38357;0
51;9;38358;0
51;9;38359;0
51;9;38360;0
51;9;38361;0
51;9;38362;0
51;9;38363;0
51;9;38364;0
51;9;38365;0
51;9;38366;0
51;9;38367;0
51;9;38368;0
51;9;38369;0
51;9;38370;0
51;9;38371;0
51;9;38372;0
51;9;38373;0
51;9;38374;0
51;9;38375;0
51;9;38376;0
51;9;38377;0
51;9;38378;0
51;9;38379;0
51;9;38380;0
51;9;38381;0
51;9;38382;0
51;9;38383;0
51;9;38384;0
51;9;38385;0
51;9;38386;0
51;9;38387;0
51;9;38388;0
51;9;38389;0
51;9;38390;0
51;9;38391;0
51;9;38392;0
51;9;38393;0
51;9;38394;0
51;9;38395;0
51;9;38396;0
51;9;38397;0
51;9;38398;0
51;9;38399;0
51;9;38400;0
51;9;38401;0
51;9;38402;0
51;9;38403;0
51;9;38404;0
51;9;38405;0
51;9;38406;0
51;9;38407;0
51;9;38408;0
51;9;38409;0
51;9;38410;0
51;9;38411;0
51;9;38412;0
51;9;38413;0
51;9;38414;0
51;9;38415;0
51;9;38416;0
51;9;38417;0
51;9;38418;0
51;9;38419;0
51;9;38420;0
51;9;38421;0
51;9;38422;0
51;9;38423;0
51;9;38424;0
51;9;38425;0
51;9;38426;0
51;9;38427;0
51;9;38428;0
51;9;38429;0
51;9;38430;0
51;9;38431;0
51;9;38432;0
51;9;38433;0
51;9;38434;0
51;9;38435;0
51;9;38436;0
51;9;38437;0
51;9;38438;0
51;9;38439;0
51;9;38440;0
51;9;38441;0
51;9;38442;0
51;9;38443;0
51;9;38444;0
51;9;38445;0
51;9;38446;0
51;9;38447;0
51;9;38448;0
51;9;38449;0
51;9;38450;0
51;9;38451;0
51;9;38452;0
51;9;38453;0
51;9;38454;0
51;9;38455;0
51;9;38456;0
51;9;38457;0
51;9;38458;0
51;9;38459;0
51;9;38460;0
51;9;38461;0
51;9;38462;0
51;9;38463;0
51;9;38464;0
51;9;38465;0
51;9;38466;0
51;9;38467;0
51;9;38468;0
51;9;38469;0
51;9;38470;0
51;9;38471;0
51;9;38472;0
51;9;38473;0
51;9;38474;0
51;9;38475;0
51;9;38476;0
51;9;38477;0
51;9;38478;0
51;9;38479;0
51;9;38480;0
51;9;38481;0
51;9;38482;0
51;9;38483;0
51;9;38484;0
51;9;38485;0
51;9;38486;0
51;9;38487;0
51;9;38488;0
51;9;38489;0
51;9;38490;0
51;9;38491;0
51;9;38492;0
51;9;38493;0
51;9;38494;0
51;9;38495;0
51;9;38496;0
51;9;38497;0
51;9;38498;0
51;9;38499;0
51;9;38500;0
51;9;38501;0
51;9;38502;0
51;9;38503;0
51;9;38504;0
51;9;38505;0
51;9;38506;0
51;9;38507;0
51;9;38508;0
51;9;38509;0
51;9;38510;0
51;9;38511;0
51;9;38512;0
51;9;38513;0
51;9;38514;0
51;9;38515;0
51;9;38516;0
51;9;38517;0
51;9;38518;0
51;9;38519;0
51;9;38520;0
51;9;38521;0
51;9;38522;0
51;9;38523;0
51;9;38524;0
51;9;38525;0
51;9;38526;0
51;9;38527;0
51;9;38528;0
51;9;38529;0
51;9;38530;0
51;9;38531;0
51;9;38532;0
51;9;38533;0
51;9;38534;0
51;9;38535;0
51;9;38536;0
51;9;38537;0
51;9;38538;0
51;9;38539;0
51;9;38540;0
51;9;38541;0
51;9;38542;0
51;9;38543;0
51;9;38544;0
51;9;38545;0
51;9;38546;0
51;9;38547;0
51;9;38548;0
51;9;38549;0
51;9;38550;0
51;9;38551;0
51;9;38552;0
51;9;38553;0
51;9;38554;0
51;9;38555;0
51;9;38556;0
51;9;38557;0
51;9;38558;0
51;9;38559;0
51;9;38560;0
51;9;38561;0
51;9;38562;0
51;9;38563;0
51;9;38564;0
51;9;38565;0
51;9;38566;0
51;9;38567;0
51;9;38568;0
51;9;38569;0
51;9;38570;0
51;9;38571;0
51;9;38572;0
51;9;38573;0
51;9;38574;0
51;9;38575;0
51;9;38576;0
51;9;38577;0
51;9;38578;0
51;9;38579;0
51;9;38580;0
51;9;38581;0
51;9;38582;0
51;9;38583;0
51;9;38584;0
51;9;38585;0
51;9;38586;0
51;9;38587;0
51;9;38588;0
51;9;38589;0
51;9;38590;0
51;9;38591;0
51;9;38592;0
51;9;38593;0
51;9;38594;0
51;9;38595;0
51;9;38596;0
51;9;38597;0
51;9;38598;0
51;9;38599;0
51;9;38600;0
51;9;38601;0
51;9;38602;0
51;9;38603;0
51;9;38604;0
51;9;38605;0
51;9;38606;0
51;9;38607;0
51;9;38608;0
51;9;38609;0
51;9;38610;0
51;9;38611;0
51;9;38612;0
51;9;38613;0
51;9;38614;0
51;9;38615;0
51;9;38616;0
51;9;38617;0
51;9;38618;0
51;9;38619;0
51;9;38620;0
51;9;38621;0
51;9;38622;0
51;9;38623;0
51;9;38624;0
51;9;38625;0
51;9;38626;0
51;9;38627;0
51;9;38628;0
51;9;38629;0
51;9;38630;0
51;9;38631;0
51;9;38632;0
51;9;38633;0
51;9;38634;0
51;9;38635;0
51;9;38636;0
51;9;38637;0
51;9;38638;0
51;9;38639;0
51;9;38640;0
51;9;38641;0
51;9;38642;0
51;9;38643;0
51;9;38644;0
51;9;38645;0
51;9;38646;0
51;9;38647;0
51;9;38648;0
51;9;38649;0
51;9;38650;0
51;9;38651;0
51;9;38652;0
51;9;38653;0
51;9;38654;0
51;9;38655;0
51;9;38656;0
51;9;38657;0
51;9;38658;0
51;9;38659;0
51;9;38660;0
51;9;38661;0
51;9;38662;0
51;9;38663;0
51;9;38664;0
51;9;38665;0
51;9;38666;0
51;9;38667;0
51;9;38668;0
51;9;38669;0
51;9;38670;0
51;9;38671;0
51;9;38672;0
51;9;38673;0
51;9;38674;0
51;9;38675;0
51;9;38676;0
51;9;38677;0
51;9;38678;0
51;9;38679;0
51;9;38680;0
51;9;38681;0
51;9;38682;0
51;9;38683;0
51;9;38684;0
51;9;38685;0
51;9;38686;0
51;9;38687;0
51;9;38688;0
51;9;38689;0
51;9;38690;0
51;9;38691;0
51;9;38692;0
51;9;38693;0
51;9;38694;0
51;9;38695;0
51;9;38696;0
51;9;38697;0
51;9;38698;0
51;9;38699;0
51;9;38700;0
51;9;38701;0
51;9;38702;0
51;9;38703;0
51;9;38704;0
51;9;38705;0
51;9;38706;0
51;9;38707;0
51;9;38708;0
51;9;38709;0
51;9;38710;0
51;9;38711;0
51;9;38712;0
51;9;38713;0
51;9;38714;0
51;9;38715;0
51;9;38716;0
51;9;38717;0
51;9;38718;0
51;9;38719;0
51;9;38720;0
51;9;38721;0
51;9;38722;0
51;9;38723;0
51;9;38724;0
51;9;38725;0
51;9;38726;0
51;9;38727;0
51;9;38728;0
51;9;38729;0
51;9;38730;0
51;9;38731;0
51;9;38732;0
51;9;38733;0
51;9;38734;0
51;9;38735;0
51;9;38736;0
51;9;38737;0
51;9;38738;0
51;9;38739;0
51;9;38740;0
51;9;38741;0
51;9;38742;0
51;9;38743;0
51;9;38744;0
51;9;38745;0
51;9;38746;0
51;9;38747;0
51;9;38748;0
51;9;38749;0
51;9;38750;0
51;9;38751;0
51;9;38752;0
51;9;38753;0
51;9;38754;0
51;9;38755;0
51;9;38756;0
51;9;38757;0
51;9;38758;0
51;9;38759;0
51;9;38760;0
51;9;38761;0
51;9;38762;0
51;9;38763;0
51;9;38764;0
51;9;38765;0
51;9;38766;0
51;9;38767;0
51;9;38768;0
51;9;38769;0
51;9;38770;0
51;9;38771;0
51;9;38772;0
51;9;38773;0
51;9;38774;0
51;9;38775;0
51;9;38776;0
51;9;38777;0
51;9;38778;0
51;9;38779;0
51;9;38780;0
51;9;38781;0
51;9;38782;0
51;9;38783;0
51;9;38784;0
51;9;38785;0
51;9;38786;0
51;9;38787;0
51;9;38788;0
51;9;38789;0
51;9;38790;0
51;9;38791;0
51;9;38792;0
51;9;38793;0
51;9;38794;0
51;9;38795;0
51;9;38796;0
51;9;38797;0
51;9;38798;0
51;9;38799;0
51;9;38800;0
51;9;38801;0
51;9;38802;0
51;9;38803;0
51;9;38804;0
51;9;38805;0
51;9;38806;0
51;9;38807;0
51;9;38808;0
51;9;38809;0
51;9;38810;0
51;9;38811;0
51;9;38812;0
51;9;38813;0
51;9;38814;0
51;9;38815;0
51;9;38816;0
51;9;38817;0
51;9;38818;0
51;9;38819;0
51;9;38820;0
51;9;38821;0
51;9;38822;0
51;9;38823;0
51;9;38824;0
51;9;38825;0
51;9;38826;0
51;9;38827;0
51;9;38828;0
51;9;38829;0
51;9;38830;0
51;9;38831;0
51;9;38832;0
51;9;38833;0
51;9;38834;0
51;9;38835;0
51;9;38836;0
51;9;38837;0
51;9;38838;0
51;9;38839;0
51;9;38840;0
51;9;38841;0
51;9;38842;0
51;9;38843;0
51;9;38844;0
51;9;38845;0
51;9;38846;0
51;9;38847;0
51;9;38848;0
51;9;38849;0
51;9;38850;0
51;9;38851;0
51;9;38852;0
51;9;38853;0
51;9;38854;0
51;9;38855;0
51;9;38856;0
51;9;38857;0
51;9;38858;0
51;9;38859;0
51;9;38860;0
51;9;38861;0
51;9;38862;0
51;9;38863;0
51;9;38864;0
51;9;38865;0
51;9;38866;0
51;9;38867;0
51;9;38868;0
51;9;38869;0
51;9;38870;0
51;9;38871;0
51;9;38872;0
51;9;38873;0
51;9;38874;0
51;9;38875;0
51;9;38876;0
51;9;38877;0
51;9;38878;0
51;9;38879;0
51;9;38880;0
51;9;38881;0
51;9;38882;0
51;9;38883;0
51;9;38884;0
51;9;38885;0
51;9;38886;0
51;9;38887;0
51;9;38888;0
51;9;38889;0
51;9;38890;0
51;9;38891;0
51;9;38892;0
51;9;38893;0
51;9;38894;0
51;9;38895;0
51;9;38896;0
51;9;38897;0
51;9;38898;0
51;9;38899;0
51;9;38900;0
51;9;38901;0
51;9;38902;0
51;9;38903;0
51;9;38904;0
51;9;38905;0
51;9;38906;0
51;9;38907;0
51;9;38908;0
51;9;38909;0
51;9;38910;0
51;9;38911;0
51;9;38912;0
51;9;38913;0
51;9;38914;0
51;9;38915;0
51;9;38916;0
51;9;38917;0
51;9;38918;0
51;9;38919;0
51;9;38920;0
51;9;38921;0
51;9;38922;0
51;9;38923;0
51;9;38924;0
51;9;38925;0
51;9;38926;0
51;9;38927;0
51;9;38928;0
51;9;38929;0
51;9;38930;0
51;9;38931;0
51;9;38932;0
51;9;38933;0
51;9;38934;0
51;9;38935;0
51;9;38936;0
51;9;38937;0
51;9;38938;0
51;9;38939;0
51;9;38940;0
51;9;38941;0
51;9;38942;0
51;9;38943;0
51;9;38944;0
51;9;38945;0
51;9;38946;0
51;9;38947;0
51;9;38948;0
51;9;38949;0
51;9;38950;0
51;9;38951;0
51;9;38952;0
51;9;38953;0
51;9;38954;0
51;9;38955;0
51;9;38956;0
51;9;38957;0
51;9;38958;0
51;9;38959;0
51;9;38960;0
51;9;38961;0
51;9;38962;0
51;9;38963;0
51;9;38964;0
51;9;38965;0
51;9;38966;0
51;9;38967;0
51;9;38968;0
51;9;38969;0
51;9;38970;0
51;9;38971;0
51;9;38972;0
51;9;38973;0
51;9;38974;0
51;9;38975;0
51;9;38976;0
51;9;38977;0
51;9;38978;0
51;9;38979;0
51;9;38980;0
51;9;38981;0
51;9;38982;0
51;9;38983;0
51;9;38984;0
51;9;38985;0
51;9;38986;0
51;9;38987;0
51;9;38988;0
51;9;38989;0
51;9;38990;0
51;9;38991;0
51;9;38992;0
51;9;38993;0
51;9;38994;0
51;9;38995;0
51;9;38996;0
51;9;38997;0
51;9;38998;0
51;9;38999;0
51;9;39000;0
51;9;39001;0
51;9;39002;0
51;9;39003;0
51;9;39004;0
51;9;39005;0
51;9;39006;0
51;9;39007;0
51;9;39008;0
51;9;39009;0
51;9;39010;0
51;9;39011;0
51;9;39012;0
51;9;39013;0
51;9;39014;0
51;9;39015;0
51;9;39016;0
51;9;39017;0
51;9;39018;0
51;9;39019;0
51;9;39020;0
51;9;39021;0
51;9;39022;0
51;9;39023;0
51;9;39024;0
51;9;39025;0
51;9;39026;0
51;9;39027;0
51;9;39028;0
51;9;39029;0
51;9;39030;0
51;9;39031;0
51;9;39032;0
51;9;39033;0
51;9;39034;0
51;9;39035;0
51;9;39036;0
51;9;39037;0
51;9;39038;0
51;9;39039;0
51;9;39040;0
51;9;39041;0
51;9;39042;0
51;9;39043;0
51;9;39044;0
51;9;39045;0
51;9;39046;0
51;9;39047;0
51;9;39048;0
51;9;39049;0
51;9;39050;0
51;9;39051;0
51;9;39052;0
51;9;39053;0
51;9;39054;0
51;9;39055;0
51;9;39056;0
51;9;39057;0
51;9;39058;0
51;9;39059;0
51;9;39060;0
51;9;39061;0
51;9;39062;0
51;9;39063;0
51;9;39064;0
51;9;39065;0
51;9;39066;0
51;9;39067;0
51;9;39068;0
51;9;39069;0
51;9;39070;0
51;9;39071;0
51;9;39072;0
51;9;39073;0
51;9;39074;0
51;9;39075;0
51;9;39076;0
51;9;39077;0
51;9;39078;0
51;9;39079;0
51;9;39080;0
51;9;39081;0
51;9;39082;0
51;9;39083;0
51;9;39084;0
51;9;39085;0
51;9;39086;0
51;9;39087;0
51;9;39088;0
51;9;39089;0
51;9;39090;0
51;9;39091;0
51;9;39092;0
51;9;39093;0
51;9;39094;0
51;9;39095;0
51;9;39096;0
51;9;39097;0
51;9;39098;0
51;9;39099;0
51;9;39100;0
51;9;39101;0
51;9;39102;0
51;9;39103;0
51;9;39104;0
51;9;39105;0
51;9;39106;0
51;9;39107;0
51;9;39108;0
51;9;39109;0
51;9;39110;0
51;9;39111;0
51;9;39112;0
51;9;39113;0
51;9;39114;0
51;9;39115;0
51;9;39116;0
51;9;39117;0
51;9;39118;0
51;9;39119;0
51;9;39120;0
51;9;39121;0
51;9;39122;0
51;9;39123;0
51;9;39124;0
51;9;39125;0
51;9;39126;0
51;9;39127;0
51;9;39128;0
51;9;39129;0
51;9;39130;0
51;9;39131;0
51;9;39132;0
51;9;39133;0
51;9;39134;0
51;9;39135;0
51;9;39136;0
51;9;39137;0
51;9;39138;0
51;9;39139;0
51;9;39140;0
51;9;39141;0
51;9;39142;0
51;9;39143;0
51;9;39144;0
51;9;39145;0
51;9;39146;0
51;9;39147;0
51;9;39148;0
51;9;39149;0
51;9;39150;0
51;9;39151;0
51;9;39152;0
51;9;39153;0
51;9;39154;0
51;9;39155;0
51;9;39156;0
51;9;39157;0
51;9;39158;0
51;9;39159;0
51;9;39160;0
51;9;39161;0
51;9;39162;0
51;9;39163;0
51;9;39164;0
51;9;39165;0
51;9;39166;0
51;9;39167;0
51;9;39168;0
51;9;39169;0
51;9;39170;0
51;9;39171;0
51;9;39172;0
51;9;39173;0
51;9;39174;0
51;9;39175;0
51;9;39176;0
51;9;39177;0
51;9;39178;0
51;9;39179;0
51;9;39180;0
51;9;39181;0
51;9;39182;0
51;9;39183;0
51;9;39184;0
51;9;39185;0
51;9;39186;0
51;9;39187;0
51;9;39188;0
51;9;39189;0
51;9;39190;0
51;9;39191;0
51;9;39192;0
51;9;39193;0
51;9;39194;0
51;9;39195;0
51;9;39196;0
51;9;39197;0
51;9;39198;0
51;9;39199;0
51;9;39200;0
51;9;39201;0
51;9;39202;0
51;9;39203;0
51;9;39204;0
51;9;39205;0
51;9;39206;0
51;9;39207;0
51;9;39208;0
51;9;39209;0
51;9;39210;0
51;9;39211;0
51;9;39212;0
51;9;39213;0
51;9;39214;0
51;9;39215;0
51;9;39216;0
51;9;39217;0
51;9;39218;0
51;9;39219;0
51;9;39220;0
51;9;39221;0
51;9;39222;0
51;9;39223;0
51;9;39224;0
51;9;39225;0
51;9;39226;0
51;9;39227;0
51;9;39228;0
51;9;39229;0
51;9;39230;0
51;9;39231;0
51;9;39232;0
51;9;39233;0
51;9;39234;0
51;9;39235;0
51;9;39236;0
51;9;39237;0
51;9;39238;0
51;9;39239;0
51;9;39240;0
51;9;39241;0
51;9;39242;0
51;9;39243;0
51;9;39244;0
51;9;39245;0
51;9;39246;0
51;9;39247;0
51;9;39248;0
51;9;39249;0
51;9;39250;0
51;9;39251;0
51;9;39252;0
51;9;39253;0
51;9;39254;0
51;9;39255;0
51;9;39256;0
51;9;39257;0
51;9;39258;0
51;9;39259;0
51;9;39260;0
51;9;39261;0
51;9;39262;0
51;9;39263;0
51;9;39264;0
51;9;39265;0
51;9;39266;0
51;9;39267;0
51;9;39268;0
51;9;39269;0
51;9;39270;0
51;9;39271;0
51;9;39272;0
51;9;39273;0
51;9;39274;0
51;9;39275;0
51;9;39276;0
51;9;39277;0
51;9;39278;0
51;9;39279;0
51;9;39280;0
51;9;39281;0
51;9;39282;0
51;9;39283;0
51;9;39284;0
51;9;39285;0
51;9;39286;0
51;9;39287;0
51;9;39288;0
51;9;39289;0
51;9;39290;0
51;9;39291;0
51;9;39292;0
51;9;39293;0
51;9;39294;0
51;9;39295;0
51;9;39296;0
51;9;39297;0
51;9;39298;0
51;9;39299;0
51;9;39300;0
51;9;39301;0
51;9;39302;0
51;9;39303;0
51;9;39304;0
51;9;39305;0
51;9;39306;0
51;9;39307;0
51;9;39308;0
51;9;39309;0
51;9;39310;0
51;9;39311;0
51;9;39312;0
51;9;39313;0
51;9;39314;0
51;9;39315;0
51;9;39316;0
51;9;39317;0
51;9;39318;0
51;9;39319;0
51;9;39320;0
51;9;39321;0
51;9;39322;0
51;9;39323;0
51;9;39324;0
51;9;39325;0
51;9;39326;0
51;9;39327;0
51;9;39328;0
51;9;39329;0
51;9;39330;0
51;9;39331;0
51;9;39332;0
51;9;39333;0
51;9;39334;0
51;9;39335;0
51;9;39336;0
51;9;39337;0
51;9;39338;0
51;9;39339;0
51;9;39340;0
51;9;39341;0
51;9;39342;0
51;9;39343;0
51;9;39344;0
51;9;39345;0
51;9;39346;0
51;9;39347;0
51;9;39348;0
51;9;39349;0
51;9;39350;0
51;9;39351;0
51;9;39352;0
51;9;39353;0
51;9;39354;0
51;9;39355;0
51;9;39356;0
51;9;39357;0
51;9;39358;0
51;9;39359;0
51;9;39360;0
51;9;39361;0
51;9;39362;0
51;9;39363;0
51;9;39364;0
51;9;39365;0
51;9;39366;0
51;9;39367;0
51;9;39368;0
51;9;39369;0
51;9;39370;0
51;9;39371;0
51;9;39372;0
51;9;39373;0
51;9;39374;0
51;9;39375;0
51;9;39376;0
51;9;39377;0
51;9;39378;0
51;9;39379;0
51;9;39380;0
51;9;39381;0
51;9;39382;0
51;9;39383;0
51;9;39384;0
51;9;39385;0
51;9;39386;0
51;9;39387;0
51;9;39388;0
51;9;39389;0
51;9;39390;0
51;9;39391;0
51;9;39392;0
51;9;39393;0
51;9;39394;0
51;9;39395;0
51;9;39396;0
51;9;39397;0
51;9;39398;0
51;9;39399;0
51;9;39400;0
51;9;39401;0
51;9;39402;0
51;9;39403;0
51;9;39404;0
51;9;39405;0
51;9;39406;0
51;9;39407;0
51;9;39408;0
51;9;39409;0
51;9;39410;0
51;9;39411;0
51;9;39412;0
51;9;39413;0
51;9;39414;0
51;9;39415;0
51;9;39416;0
51;9;39417;0
51;9;39418;0
51;9;39419;0
51;9;39420;0
51;9;39421;0
51;9;39422;0
51;9;39423;0
51;9;39424;0
51;9;39425;0
51;9;39426;0
51;9;39427;0
51;9;39428;0
51;9;39429;0
51;9;39430;0
51;9;39431;0
51;9;39432;0
51;9;39433;0
51;9;39434;0
51;9;39435;0
51;9;39436;0
51;9;39437;0
51;9;39438;0
51;9;39439;0
51;9;39440;0
51;9;39441;0
51;9;39442;0
51;9;39443;0
51;9;39444;0
51;9;39445;0
51;9;39446;0
51;9;39447;0
51;9;39448;0
51;9;39449;0
51;9;39450;0
51;9;39451;0
51;9;39452;0
51;9;39453;0
51;9;39454;0
51;9;39455;0
51;9;39456;0
51;9;39457;0
51;9;39458;0
51;9;39459;0
51;9;39460;0
51;9;39461;0
51;9;39462;0
51;9;39463;0
51;9;39464;0
51;9;39465;0
51;9;39466;0
51;9;39467;0
51;9;39468;0
51;9;39469;0
51;9;39470;0
51;9;39471;0
51;9;39472;0
51;9;39473;0
51;9;39474;0
51;9;39475;0
51;9;39476;0
51;9;39477;0
51;9;39478;0
51;9;39479;0
51;9;39480;0
51;9;39481;0
51;9;39482;0
51;9;39483;0
51;9;39484;0
51;9;39485;0
51;9;39486;0
51;9;39487;0
51;9;39488;0
51;9;39489;0
51;9;39490;0
51;9;39491;0
51;9;39492;0
51;9;39493;0
51;9;39494;0
51;9;39495;0
51;9;39496;0
51;9;39497;0
51;9;39498;0
51;9;39499;0
51;9;39500;0
51;9;39501;0
51;9;39502;0
51;9;39503;0
51;9;39504;0
51;9;39505;0
51;9;39506;0
51;9;39507;0
51;9;39508;0
51;9;39509;0
51;9;39510;0
51;9;39511;0
51;9;39512;0
51;9;39513;0
51;9;39514;0
51;9;39515;0
51;9;39516;0
51;9;39517;0
51;9;39518;0
51;9;39519;0
51;9;39520;0
51;9;39521;0
51;9;39522;0
51;9;39523;0
51;9;39524;0
51;9;39525;0
51;9;39526;0
51;9;39527;0
51;9;39528;0
51;9;39529;0
51;9;39530;0
51;9;39531;0
51;9;39532;0
51;9;39533;0
51;9;39534;0
51;9;39535;0
51;9;39536;0
51;9;39537;0
51;9;39538;0
51;9;39539;0
51;9;39540;0
51;9;39541;0
51;9;39542;0
51;9;39543;0
51;9;39544;0
51;9;39545;0
51;9;39546;0
51;9;39547;0
51;9;39548;0
51;9;39549;0
51;9;39550;0
51;9;39551;0
51;9;39552;0
51;9;39553;0
51;9;39554;0
51;9;39555;0
51;9;39556;0
51;9;39557;0
51;9;39558;0
51;9;39559;0
51;9;39560;0
51;9;39561;0
51;9;39562;0
51;9;39563;0
51;9;39564;0
51;9;39565;0
51;9;39566;0
51;9;39567;0
51;9;39568;0
51;9;39569;0
51;9;39570;0
51;9;39571;0
51;9;39572;0
51;9;39573;0
51;9;39574;0
51;9;39575;0
51;9;39576;0
51;9;39577;0
51;9;39578;0
51;9;39579;0
51;9;39580;0
51;9;39581;0
51;9;39582;0
51;9;39583;0
51;9;39584;0
51;9;39585;0
51;9;39586;0
51;9;39587;0
51;9;39588;0
51;9;39589;0
51;9;39590;0
51;9;39591;0
51;9;39592;0
51;9;39593;0
51;9;39594;0
51;9;39595;0
51;9;39596;0
51;9;39597;0
51;9;39598;0
51;9;39599;0
51;9;39600;0
51;9;39601;0
51;9;39602;0
51;9;39603;0
51;9;39604;0
51;9;39605;0
51;9;39606;0
51;9;39607;0
51;9;39608;0
51;9;39609;0
51;9;39610;0
51;9;39611;0
51;9;39612;0
51;9;39613;0
51;9;39614;0
51;9;39615;0
51;9;39616;0
51;9;39617;0
51;9;39618;0
51;9;39619;0
51;9;39620;0
51;9;39621;0
51;9;39622;0
51;9;39623;0
51;9;39624;0
51;9;39625;0
51;9;39626;0
51;9;39627;0
51;9;39628;0
51;9;39629;0
51;9;39630;0
51;9;39631;0
51;9;39632;0
51;9;39633;0
51;9;39634;0
51;9;39635;0
51;9;39636;0
51;9;39637;0
51;9;39638;0
51;9;39639;0
51;9;39640;0
51;9;39641;0
51;9;39642;0
51;9;39643;0
51;9;39644;0
51;9;39645;0
51;9;39646;0
51;9;39647;0
51;9;39648;0
51;9;39649;0
51;9;39650;0
51;9;39651;0
51;9;39652;0
51;9;39653;0
51;9;39654;0
51;9;39655;0
51;9;39656;0
51;9;39657;0
51;9;39658;0
51;9;39659;0
51;9;39660;0
51;9;39661;0
51;9;39662;0
51;9;39663;0
51;9;39664;0
51;9;39665;0
51;9;39666;0
51;9;39667;0
51;9;39668;0
51;9;39669;0
51;9;39670;0
51;9;39671;0
51;9;39672;0
51;9;39673;0
51;9;39674;0
51;9;39675;0
51;9;39676;0
51;9;39677;0
51;9;39678;0
51;9;39679;0
51;9;39680;0
51;9;39681;0
51;9;39682;0
51;9;39683;0
51;9;39684;0
51;9;39685;0
51;9;39686;0
51;9;39687;0
51;9;39688;0
51;9;39689;0
51;9;39690;0
51;9;39691;0
51;9;39692;0
51;9;39693;0
51;9;39694;0
51;9;39695;0
51;9;39696;0
51;9;39697;0
51;9;39698;0
51;9;39699;0
51;9;39700;0
51;9;39701;0
51;9;39702;0
51;9;39703;0
51;9;39704;0
51;9;39705;0
51;9;39706;0
51;9;39707;0
51;9;39708;0
51;9;39709;0
51;9;39710;0
51;9;39711;0
51;9;39712;0
51;9;39713;0
51;9;39714;0
51;9;39715;0
51;9;39716;0
51;9;39717;0
51;9;39718;0
51;9;39719;0
51;9;39720;0
51;9;39721;0
51;9;39722;0
51;9;39723;0
51;9;39724;0
51;9;39725;0
51;9;39726;0
51;9;39727;0
51;9;39728;0
51;9;39729;0
51;9;39730;0
51;9;39731;0
51;9;39732;0
51;9;39733;0
51;9;39734;0
51;9;39735;0
51;9;39736;0
51;9;39737;0
51;9;39738;0
51;9;39739;0
51;9;39740;0
51;9;39741;0
51;9;39742;0
51;9;39743;0
51;9;39744;0
51;9;39745;0
51;9;39746;0
51;9;39747;0
51;9;39748;0
51;9;39749;0
51;9;39750;0
51;9;39751;0
51;9;39752;0
51;9;39753;0
51;9;39754;0
51;9;39755;0
51;9;39756;0
51;9;39757;0
51;9;39758;0
51;9;39759;0
51;9;39760;0
51;9;39761;0
51;9;39762;0
51;9;39763;0
51;9;39764;0
51;9;39765;0
51;9;39766;0
51;9;39767;0
51;9;39768;0
51;9;39769;0
51;9;39770;0
51;9;39771;0
51;9;39772;0
51;9;39773;0
51;9;39774;0
51;9;39775;0
51;9;39776;0
51;9;39777;0
51;9;39778;0
51;9;39779;0
51;9;39780;0
51;9;39781;0
51;9;39782;0
51;9;39783;0
51;9;39784;0
51;9;39785;0
51;9;39786;0
51;9;39787;0
51;9;39788;0
51;9;39789;0
51;9;39790;0
51;9;39791;0
51;9;39792;0
51;9;39793;0
51;9;39794;0
51;9;39795;0
51;9;39796;0
51;9;39797;0
51;9;39798;0
51;9;39799;0
51;9;39800;0
51;9;39801;0
51;9;39802;0
51;9;39803;0
51;9;39804;0
51;9;39805;0
51;9;39806;0
51;9;39807;0
51;9;39808;0
51;9;39809;0
51;9;39810;0
51;9;39811;0
51;9;39812;0
51;9;39813;0
51;9;39814;0
51;9;39815;0
51;9;39816;0
51;9;39817;0
51;9;39818;0
51;9;39819;0
51;9;39820;0
51;9;39821;0
51;9;39822;0
51;9;39823;0
51;9;39824;0
51;9;39825;0
51;9;39826;0
51;9;39827;0
51;9;39828;0
51;9;39829;0
51;9;39830;0
51;9;39831;0
51;9;39832;0
51;9;39833;0
51;9;39834;0
51;9;39835;0
51;9;39836;0
51;9;39837;0
51;9;39838;0
51;9;39839;0
51;9;39840;0
51;9;39841;0
51;9;39842;0
51;9;39843;0
51;9;39844;0
51;9;39845;0
51;9;39846;0
51;9;39847;0
51;9;39848;0
51;9;39849;0
51;9;39850;0
51;9;39851;0
51;9;39852;0
51;9;39853;0
51;9;39854;0
51;9;39855;0
51;9;39856;0
51;9;39857;0
51;9;39858;0
51;9;39859;0
51;9;39860;0
51;9;39861;0
51;9;39862;0
51;9;39863;0
51;9;39864;0
51;9;39865;0
51;9;39866;0
51;9;39867;0
51;9;39868;0
51;9;39869;0
51;9;39870;0
51;9;39871;0
51;9;39872;0
51;9;39873;0
51;9;39874;0
51;9;39875;0
51;9;39876;0
51;9;39877;0
51;9;39878;0
51;9;39879;0
51;9;39880;0
51;9;39881;0
51;9;39882;0
51;9;39883;0
51;9;39884;0
51;9;39885;0
51;9;39886;0
51;9;39887;0
51;9;39888;0
51;9;39889;0
51;9;39890;0
51;9;39891;0
51;9;39892;0
51;9;39893;0
51;9;39894;0
51;9;39895;0
51;9;39896;0
51;9;39897;0
51;9;39898;0
51;9;39899;0
51;9;39900;0
51;9;39901;0
51;9;39902;0
51;9;39903;0
51;9;39904;0
51;9;39905;0
51;9;39906;0
51;9;39907;0
51;9;39908;0
51;9;39909;0
51;9;39910;0
51;9;39911;0
51;9;39912;0
51;9;39913;0
51;9;39914;0
51;9;39915;0
51;9;39916;0
51;9;39917;0
51;9;39918;0
51;9;39919;0
51;9;39920;0
51;9;39921;0
51;9;39922;0
51;9;39923;0
51;9;39924;0
51;9;39925;0
51;9;39926;0
51;9;39927;0
51;9;39928;0
51;9;39929;0
51;9;39930;0
51;9;39931;0
51;9;39932;0
51;9;39933;0
51;9;39934;0
51;9;39935;0
51;9;39936;0
51;9;39937;0
51;9;39938;0
51;9;39939;0
51;9;39940;0
51;9;39941;0
51;9;39942;0
51;9;39943;0
51;9;39944;0
51;9;39945;0
51;9;39946;0
51;9;39947;0
51;9;39948;0
51;9;39949;0
51;9;39950;0
51;9;39951;0
51;9;39952;0
51;9;39953;0
51;9;39954;0
51;9;39955;0
51;9;39956;0
51;9;39957;0
51;9;39958;0
51;9;39959;0
51;9;39960;0
51;9;39961;0
51;9;39962;0
51;9;39963;0
51;9;39964;0
51;9;39965;0
51;9;39966;0
51;9;39967;0
51;9;39968;0
51;9;39969;0
51;9;39970;0
51;9;39971;0
51;9;39972;0
51;9;39973;0
51;9;39974;0
51;9;39975;0
51;9;39976;0
51;9;39977;0
51;9;39978;0
51;9;39979;0
51;9;39980;0
51;9;39981;0
51;9;39982;0
51;9;39983;0
51;9;39984;0
51;9;39985;0
51;9;39986;0
51;9;39987;0
51;9;39988;0
51;9;39989;0
51;9;39990;0
51;9;39991;0
51;9;39992;0
51;9;39993;0
51;9;39994;0
51;9;39995;0
51;9;39996;0
51;9;39997;0
51;9;39998;0
51;9;39999;0
51;9;40000;0
51;9;40001;0
51;9;40002;0
51;9;40003;0
51;9;40004;0
51;9;40005;0
51;9;40006;0
51;9;40007;0
51;9;40008;0
51;9;40009;0
51;9;40010;0
51;9;40011;0
51;9;40012;0
51;9;40013;0
51;9;40014;0
51;9;40015;0
51;9;40016;0
51;9;40017;0
51;9;40018;0
51;9;40019;0
51;9;40020;0
51;9;40021;0
51;9;40022;0
51;9;40023;0
51;9;40024;0
51;9;40025;0
51;9;40026;0
51;9;40027;0
51;9;40028;0
51;9;40029;0
51;9;40030;0
51;9;40031;0
51;9;40032;0
51;9;40033;0
51;9;40034;0
51;9;40035;0
51;9;40036;0
51;9;40037;0
51;9;40038;0
51;9;40039;0
51;9;40040;0
51;9;40041;0
51;9;40042;0
51;9;40043;0
51;9;40044;0
51;9;40045;0
51;9;40046;0
51;9;40047;0
51;9;40048;0
51;9;40049;0
51;9;40050;0
51;9;40051;0
51;9;40052;0
51;9;40053;0
51;9;40054;0
51;9;40055;0
51;9;40056;0
51;9;40057;0
51;9;40058;0
51;9;40059;0
51;9;40060;0
51;9;40061;0
51;9;40062;0
51;9;40063;0
51;9;40064;0
51;9;40065;0
51;9;40066;0
51;9;40067;0
51;9;40068;0
51;9;40069;0
51;9;40070;0
51;9;40071;0
51;9;40072;0
51;9;40073;0
51;9;40074;0
51;9;40075;0
51;9;40076;0
51;9;40077;0
51;9;40078;0
51;9;40079;0
51;9;40080;0
51;9;40081;0
51;9;40082;0
51;9;40083;0
51;9;40084;0
51;9;40085;0
51;9;40086;0
51;9;40087;0
51;9;40088;0
51;9;40089;0
51;9;40090;0
51;9;40091;0
51;9;40092;0
51;9;40093;0
51;9;40094;0
51;9;40095;0
51;9;40096;0
51;9;40097;0
51;9;40098;0
51;9;40099;0
51;9;40100;0
51;9;40101;0
51;9;40102;0
51;9;40103;0
51;9;40104;0
51;9;40105;0
51;9;40106;0
51;9;40107;0
51;9;40108;0
51;9;40109;0
51;9;40110;0
51;9;40111;0
51;9;40112;0
51;9;40113;0
51;9;40114;0
51;9;40115;0
51;9;40116;0
51;9;40117;0
51;9;40118;0
51;9;40119;0
51;9;40120;0
51;9;40121;0
51;9;40122;0
51;9;40123;0
51;9;40124;0
51;9;40125;0
51;9;40126;0
51;9;40127;0
51;9;40128;0
51;9;40129;0
51;9;40130;0
51;9;40131;0
51;9;40132;0
51;9;40133;0
51;9;40134;0
51;9;40135;0
51;9;40136;0
51;9;40137;0
51;9;40138;0
51;9;40139;0
51;9;40140;0
51;9;40141;0
51;9;40142;0
51;9;40143;0
51;9;40144;0
51;9;40145;0
51;9;40146;0
51;9;40147;0
51;9;40148;0
51;9;40149;0
51;9;40150;0
51;9;40151;0
51;9;40152;0
51;9;40153;0
51;9;40154;0
51;9;40155;0
51;9;40156;0
51;9;40157;0
51;9;40158;0
51;9;40159;0
51;9;40160;0
51;9;40161;0
51;9;40162;0
51;9;40163;0
51;9;40164;0
51;9;40165;0
51;9;40166;0
51;9;40167;0
51;9;40168;0
51;9;40169;0
51;9;40170;0
51;9;40171;0
51;9;40172;0
51;9;40173;0
51;9;40174;0
51;9;40175;0
51;9;40176;0
51;9;40177;0
51;9;40178;0
51;9;40179;0
51;9;40180;0
51;9;40181;0
51;9;40182;0
51;9;40183;0
51;9;40184;0
51;9;40185;0
51;9;40186;0
51;9;40187;0
51;9;40188;0
51;9;40189;0
51;9;40190;0
51;9;40191;0
51;9;40192;0
51;9;40193;0
51;9;40194;0
51;9;40195;0
51;9;40196;0
51;9;40197;0
51;9;40198;0
51;9;40199;0
51;9;40200;0
51;9;40201;0
51;9;40202;0
51;9;40203;0
51;9;40204;0
51;9;40205;0
51;9;40206;0
51;9;40207;0
51;9;40208;0
51;9;40209;0
51;9;40210;0
51;9;40211;0
51;9;40212;0
51;9;40213;0
51;9;40214;0
51;9;40215;0
51;9;40216;0
51;9;40217;0
51;9;40218;0
51;9;40219;0
51;9;40220;0
51;9;40221;0
51;9;40222;0
51;9;40223;0
51;9;40224;0
51;9;40225;0
51;9;40226;0
51;9;40227;0
51;9;40228;0
51;9;40229;0
51;9;40230;0
51;9;40231;0
51;9;40232;0
51;9;40233;0
51;9;40234;0
51;9;40235;0
51;9;40236;0
51;9;40237;0
51;9;40238;0
51;9;40239;0
51;9;40240;0
51;9;40241;0
51;9;40242;0
51;9;40243;0
51;9;40244;0
51;9;40245;0
51;9;40246;0
51;9;40247;0
51;9;40248;0
51;9;40249;0
51;9;40250;0
51;9;40251;0
51;9;40252;0
51;9;40253;0
51;9;40254;0
51;9;40255;0
51;9;40256;0
51;9;40257;0
51;9;40258;0
51;9;40259;0
51;9;40260;0
51;9;40261;0
51;9;40262;0
51;9;40263;0
51;9;40264;0
51;9;40265;0
51;9;40266;0
51;9;40267;0
51;9;40268;0
51;9;40269;0
51;9;40270;0
51;9;40271;0
51;9;40272;0
51;9;40273;0
51;9;40274;0
51;9;40275;0
51;9;40276;0
51;9;40277;0
51;9;40278;0
51;9;40279;0
51;9;40280;0
51;9;40281;0
51;9;40282;0
51;9;40283;0
51;9;40284;0
51;9;40285;0
51;9;40286;0
51;9;40287;0
51;9;40288;0
51;9;40289;0
51;9;40290;0
51;9;40291;0
51;9;40292;0
51;9;40293;0
51;9;40294;0
51;9;40295;0
51;9;40296;0
51;9;40297;0
51;9;40298;0
51;9;40299;0
51;9;40300;0
51;9;40301;0
51;9;40302;0
51;9;40303;0
51;9;40304;0
51;9;40305;0
51;9;40306;0
51;9;40307;0
51;9;40308;0
51;9;40309;0
51;9;40310;0
51;9;40311;0
51;9;40312;0
51;9;40313;0
51;9;40314;0
51;9;40315;0
51;9;40316;0
51;9;40317;0
51;9;40318;0
51;9;40319;0
51;9;40320;0
51;9;40321;0
51;9;40322;0
51;9;40323;0
51;9;40324;0
51;9;40325;0
51;9;40326;0
51;9;40327;0
51;9;40328;0
51;9;40329;0
51;9;40330;0
51;9;40331;0
51;9;40332;0
51;9;40333;0
51;9;40334;0
51;9;40335;0
51;9;40336;0
51;9;40337;0
51;9;40338;0
51;9;40339;0
51;9;40340;0
51;9;40341;0
51;9;40342;0
51;9;40343;0
51;9;40344;0
51;9;40345;0
51;9;40346;0
51;9;40347;0
51;9;40348;0
51;9;40349;0
51;9;40350;0
51;9;40351;0
51;9;40352;0
51;9;40353;0
51;9;40354;0
51;9;40355;0
51;9;40356;0
51;9;40357;0
51;9;40358;0
51;9;40359;0
51;9;40360;0
51;9;40361;0
51;9;40362;0
51;9;40363;0
51;9;40364;0
51;9;40365;0
51;9;40366;0
51;9;40367;0
51;9;40368;0
51;9;40369;0
51;9;40370;0
51;9;40371;0
51;9;40372;0
51;9;40373;0
51;9;40374;0
51;9;40375;0
51;9;40376;0
51;9;40377;0
51;9;40378;0
51;9;40379;0
51;9;40380;0
51;9;40381;0
51;9;40382;0
51;9;40383;0
51;9;40384;0
51;9;40385;0
51;9;40386;0
51;9;40387;0
51;9;40388;0
51;9;40389;0
51;9;40390;0
51;9;40391;0
51;9;40392;0
51;9;40393;0
51;9;40394;0
51;9;40395;0
51;9;40396;0
51;9;40397;0
51;9;40398;0
51;9;40399;0
51;9;40400;0
51;9;40401;0
51;9;40402;0
51;9;40403;0
51;9;40404;0
51;9;40405;0
51;9;40406;0
51;9;40407;0
51;9;40408;0
51;9;40409;0
51;9;40410;0
51;9;40411;0
51;9;40412;0
51;9;40413;0
51;9;40414;0
51;9;40415;0
51;9;40416;0
51;9;40417;0
51;9;40418;0
51;9;40419;0
51;9;40420;0
51;9;40421;0
51;9;40422;0
51;9;40423;0
51;9;40424;0
51;9;40425;0
51;9;40426;0
51;9;40427;0
51;9;40428;0
51;9;40429;0
51;9;40430;0
51;9;40431;0
51;9;40432;0
51;9;40433;0
51;9;40434;0
51;9;40435;0
51;9;40436;0
51;9;40437;0
51;9;40438;0
51;9;40439;0
51;9;40440;0
51;9;40441;0
51;9;40442;0
51;9;40443;0
51;9;40444;0
51;9;40445;0
51;9;40446;0
51;9;40447;0
51;9;40448;0
51;9;40449;0
51;9;40450;0
51;9;40451;0
51;9;40452;0
51;9;40453;0
51;9;40454;0
51;9;40455;0
51;9;40456;0
51;9;40457;0
51;9;40458;0
51;9;40459;0
51;9;40460;0
51;9;40461;0
51;9;40462;0
51;9;40463;0
51;9;40464;0
51;9;40465;0
51;9;40466;0
51;9;40467;0
51;9;40468;0
51;9;40469;0
51;9;40470;0
51;9;40471;0
51;9;40472;0
51;9;40473;0
51;9;40474;0
51;9;40475;0
51;9;40476;0
51;9;40477;0
51;9;40478;0
51;9;40479;0
51;9;40480;0
51;9;40481;0
51;9;40482;0
51;9;40483;0
51;9;40484;0
51;9;40485;0
51;9;40486;0
51;9;40487;0
51;9;40488;0
51;9;40489;0
51;9;40490;0
51;9;40491;0
51;9;40492;0
51;9;40493;0
51;9;40494;0
51;9;40495;0
51;9;40496;0
51;9;40497;0
51;9;40498;0
51;9;40499;0
51;9;40500;0
51;9;40501;0
51;9;40502;0
51;9;40503;0
51;9;40504;0
51;9;40505;0
51;9;40506;0
51;9;40507;0
51;9;40508;0
51;9;40509;0
51;9;40510;0
51;9;40511;0
51;9;40512;0
51;9;40513;0
51;9;40514;0
51;9;40515;0
51;9;40516;0
51;9;40517;0
51;9;40518;0
51;9;40519;0
51;9;40520;0
51;9;40521;0
51;9;40522;0
51;9;40523;0
51;9;40524;0
51;9;40525;0
51;9;40526;0
51;9;40527;0
51;9;40528;0
51;9;40529;0
51;9;40530;0
51;9;40531;0
51;9;40532;0
51;9;40533;0
51;9;40534;0
51;9;40535;0
51;9;40536;0
51;9;40537;0
51;9;40538;0
51;9;40539;0
51;9;40540;0
51;9;40541;0
51;9;40542;0
51;9;40543;0
51;9;40544;0
51;9;40545;0
51;9;40546;0
51;9;40547;0
51;9;40548;0
51;9;40549;0
51;9;40550;0
51;9;40551;0
51;9;40552;0
51;9;40553;0
51;9;40554;0
51;9;40555;0
51;9;40556;0
51;9;40557;0
51;9;40558;0
51;9;40559;0
51;9;40560;0
51;9;40561;0
51;9;40562;0
51;9;40563;0
51;9;40564;0
51;9;40565;0
51;9;40566;0
51;9;40567;0
51;9;40568;0
51;9;40569;0
51;9;40570;0
51;9;40571;0
51;9;40572;0
51;9;40573;0
51;9;40574;0
51;9;40575;0
51;9;40576;0
51;9;40577;0
51;9;40578;0
51;9;40579;0
51;9;40580;0
51;9;40581;0
51;9;40582;0
51;9;40583;0
51;9;40584;0
51;9;40585;0
51;9;40586;0
51;9;40587;0
51;9;40588;0
51;9;40589;0
51;9;40590;0
51;9;40591;0
51;9;40592;0
51;9;40593;0
51;9;40594;0
51;9;40595;0
51;9;40596;0
51;9;40597;0
51;9;40598;0
51;9;40599;0
51;9;40600;0
51;9;40601;0
51;9;40602;0
51;9;40603;0
51;9;40604;0
51;9;40605;0
51;9;40606;0
51;9;40607;0
51;9;40608;0
51;9;40609;0
51;9;40610;0
51;9;40611;0
51;9;40612;0
51;9;40613;0
51;9;40614;0
51;9;40615;0
51;9;40616;0
51;9;40617;0
51;9;40618;0
51;9;40619;0
51;9;40620;0
51;9;40621;0
51;9;40622;0
51;9;40623;0
51;9;40624;0
51;9;40625;0
51;9;40626;0
51;9;40627;0
51;9;40628;0
51;9;40629;0
51;9;40630;0
51;9;40631;0
51;9;40632;0
51;9;40633;0
51;9;40634;0
51;9;40635;0
51;9;40636;0
51;9;40637;0
51;9;40638;0
51;9;40639;0
51;9;40640;0
51;9;40641;0
51;9;40642;0
51;9;40643;0
51;9;40644;0
51;9;40645;0
51;9;40646;0
51;9;40647;0
51;9;40648;0
51;9;40649;0
51;9;40650;0
51;9;40651;0
51;9;40652;0
51;9;40653;0
51;9;40654;0
51;9;40655;0
51;9;40656;0
51;9;40657;0
51;9;40658;0
51;9;40659;0
51;9;40660;0
51;9;40661;0
51;9;40662;0
51;9;40663;0
51;9;40664;0
51;9;40665;0
51;9;40666;0
51;9;40667;0
51;9;40668;0
51;9;40669;0
51;9;40670;0
51;9;40671;0
51;9;40672;0
51;9;40673;0
51;9;40674;0
51;9;40675;0
51;9;40676;0
51;9;40677;0
51;9;40678;0
51;9;40679;0
51;9;40680;0
51;9;40681;0
51;9;40682;0
51;9;40683;0
51;9;40684;0
51;9;40685;0
51;9;40686;0
51;9;40687;0
51;9;40688;0
51;9;40689;0
51;9;40690;0
51;9;40691;0
51;9;40692;0
51;9;40693;0
51;9;40694;0
51;9;40695;0
51;9;40696;0
51;9;40697;0
51;9;40698;0
51;9;40699;0
51;9;40700;0
51;9;40701;0
51;9;40702;0
51;9;40703;0
51;9;40704;0
51;9;40705;0
51;9;40706;0
51;9;40707;0
51;9;40708;0
51;9;40709;0
51;9;40710;0
51;9;40711;0
51;9;40712;0
51;9;40713;0
51;9;40714;0
51;9;40715;0
51;9;40716;0
51;9;40717;0
51;9;40718;0
51;9;40719;0
51;9;40720;0
51;9;40721;0
51;9;40722;0
51;9;40723;0
51;9;40724;0
51;9;40725;0
51;9;40726;0
51;9;40727;0
51;9;40728;0
51;9;40729;0
51;9;40730;0
51;9;40731;0
51;9;40732;0
51;9;40733;0
51;9;40734;0
51;9;40735;0
51;9;40736;0
51;9;40737;0
51;9;40738;0
51;9;40739;0
51;9;40740;0
51;9;40741;0
51;9;40742;0
51;9;40743;0
51;9;40744;0
51;9;40745;0
51;9;40746;0
51;9;40747;0
51;9;40748;0
51;9;40749;0
51;9;40750;0
51;9;40751;0
51;9;40752;0
51;9;40753;0
51;9;40754;0
51;9;40755;0
51;9;40756;0
51;9;40757;0
51;9;40758;0
51;9;40759;0
51;9;40760;0
51;9;40761;0
51;9;40762;0
51;9;40763;0
51;9;40764;0
51;9;40765;0
51;9;40766;0
51;9;40767;0
51;9;40768;0
51;9;40769;0
51;9;40770;0
51;9;40771;0
51;9;40772;0
51;9;40773;0
51;9;40774;0
51;9;40775;0
51;9;40776;0
51;9;40777;0
51;9;40778;0
51;9;40779;0
51;9;40780;0
51;9;40781;0
51;9;40782;0
51;9;40783;0
51;9;40784;0
51;9;40785;0
51;9;40786;0
51;9;40787;0
51;9;40788;0
51;9;40789;0
51;9;40790;0
51;9;40791;0
51;9;40792;0
51;9;40793;0
51;9;40794;0
51;9;40795;0
51;9;40796;0
51;9;40797;0
51;9;40798;0
51;9;40799;0
51;9;40800;0
51;9;40801;0
51;9;40802;0
51;9;40803;0
51;9;40804;0
51;9;40805;0
51;9;40806;0
51;9;40807;0
51;9;40808;0
51;9;40809;0
51;9;40810;0
51;9;40811;0
51;9;40812;0
51;9;40813;0
51;9;40814;0
51;9;40815;0
51;9;40816;0
51;9;40817;0
51;9;40818;0
51;9;40819;0
51;9;40820;0
51;9;40821;0
51;9;40822;0
51;9;40823;0
51;9;40824;0
51;9;40825;0
51;9;40826;0
51;9;40827;0
51;9;40828;0
51;9;40829;0
51;9;40830;0
51;9;40831;0
51;9;40832;0
51;9;40833;0
51;9;40834;0
51;9;40835;0
51;9;40836;0
51;9;40837;0
51;9;40838;0
51;9;40839;0
51;9;40840;0
51;9;40841;0
51;9;40842;0
51;9;40843;0
51;9;40844;0
51;9;40845;0
51;9;40846;0
51;9;40847;0
51;9;40848;0
51;9;40849;0
51;9;40850;0
51;9;40851;0
51;9;40852;0
51;9;40853;0
51;9;40854;0
51;9;40855;0
51;9;40856;0
51;9;40857;0
51;9;40858;0
51;9;40859;0
51;9;40860;0
51;9;40861;0
51;9;40862;0
51;9;40863;0
51;9;40864;0
51;9;40865;0
51;9;40866;0
51;9;40867;0
51;9;40868;0
51;9;40869;0
51;9;40870;0
51;9;40871;0
51;9;40872;0
51;9;40873;0
51;9;40874;0
51;9;40875;0
51;9;40876;0
51;9;40877;0
51;9;40878;0
51;9;40879;0
51;9;40880;0
51;9;40881;0
51;9;40882;0
51;9;40883;0
51;9;40884;0
51;9;40885;0
51;9;40886;0
51;9;40887;0
51;9;40888;0
51;9;40889;0
51;9;40890;0
51;9;40891;0
51;9;40892;0
51;9;40893;0
51;9;40894;0
51;9;40895;0
51;9;40896;0
51;9;40897;0
51;9;40898;0
51;9;40899;0
51;9;40900;0
51;9;40901;0
51;9;40902;0
51;9;40903;0
51;9;40904;0
51;9;40905;0
51;9;40906;0
51;9;40907;0
51;9;40908;0
51;9;40909;0
51;9;40910;0
51;9;40911;0
51;9;40912;0
51;9;40913;0
51;9;40914;0
51;9;40915;0
51;9;40916;0
51;9;40917;0
51;9;40918;0
51;9;40919;0
51;9;40920;0
51;9;40921;0
51;9;40922;0
51;9;40923;0
51;9;40924;0
51;9;40925;0
51;9;40926;0
51;9;40927;0
51;9;40928;0
51;9;40929;0
51;9;40930;0
51;9;40931;0
51;9;40932;0
51;9;40933;0
51;9;40934;0
51;9;40935;0
51;9;40936;0
51;9;40937;0
51;9;40938;0
51;9;40939;0
51;9;40940;0
51;9;40941;0
51;9;40942;0
51;9;40943;0
51;9;40944;0
51;9;40945;0
51;9;40946;0
51;9;40947;0
51;9;40948;0
51;9;40949;0
51;9;40950;0
51;9;40951;0
51;9;40952;0
51;9;40953;0
51;9;40954;0
51;9;40955;0
51;9;40956;0
51;9;40957;0
51;9;40958;0
51;9;40959;0
51;9;40960;0
51;9;40961;0
51;9;40962;0
51;9;40963;0
51;9;40964;0
51;9;40965;0
51;9;40966;0
51;9;40967;0
51;9;40968;0
51;9;40969;0
51;9;40970;0
51;9;40971;0
51;9;40972;0
51;9;40973;0
51;9;40974;0
51;9;40975;0
51;9;40976;0
51;9;40977;0
51;9;40978;0
51;9;40979;0
51;9;40980;0
51;9;40981;0
51;9;40982;0
51;9;40983;0
51;9;40984;0
51;9;40985;0
51;9;40986;0
51;9;40987;0
51;9;40988;0
51;9;40989;0
51;9;40990;0
51;9;40991;0
51;9;40992;0
51;9;40993;0
51;9;40994;0
51;9;40995;0
51;9;40996;0
51;9;40997;0
51;9;40998;0
51;9;40999;0
51;9;41000;0
51;9;41001;0
51;9;41002;0
51;9;41003;0
51;9;41004;0
51;9;41005;0
51;9;41006;0
51;9;41007;0
51;9;41008;0
51;9;41009;0
51;9;41010;0
51;9;41011;0
51;9;41012;0
51;9;41013;0
51;9;41014;0
51;9;41015;0
51;9;41016;0
51;9;41017;0
51;9;41018;0
51;9;41019;0
51;9;41020;0
51;9;41021;0
51;9;41022;0
51;9;41023;0
51;9;41024;0
51;9;41025;0
51;9;41026;0
51;9;41027;0
51;9;41028;0
51;9;41029;0
51;9;41030;0
51;9;41031;0
51;9;41032;0
51;9;41033;0
51;9;41034;0
51;9;41035;0
51;9;41036;0
51;9;41037;0
51;9;41038;0
51;9;41039;0
51;9;41040;0
51;9;41041;0
51;9;41042;0
51;9;41043;0
51;9;41044;0
51;9;41045;0
51;9;41046;0
51;9;41047;0
51;9;41048;0
51;9;41049;0
51;9;41050;0
51;9;41051;0
51;9;41052;0
51;9;41053;0
51;9;41054;0
51;9;41055;0
51;9;41056;0
51;9;41057;0
51;9;41058;0
51;9;41059;0
51;9;41060;0
51;9;41061;0
51;9;41062;0
51;9;41063;0
51;9;41064;0
51;9;41065;0
51;9;41066;0
51;9;41067;0
51;9;41068;0
51;9;41069;0
51;9;41070;0
51;9;41071;0
51;9;41072;0
51;9;41073;0
51;9;41074;0
51;9;41075;0
51;9;41076;0
51;9;41077;0
51;9;41078;0
51;9;41079;0
51;9;41080;0
51;9;41081;0
51;9;41082;0
51;9;41083;0
51;9;41084;0
51;9;41085;0
51;9;41086;0
51;9;41087;0
51;9;41088;0
51;9;41089;0
51;9;41090;0
51;9;41091;0
51;9;41092;0
51;9;41093;0
51;9;41094;0
51;9;41095;0
51;9;41096;0
51;9;41097;0
51;9;41098;0
51;9;41099;0
51;9;41100;0
51;9;41101;0
51;9;41102;0
51;9;41103;0
51;9;41104;0
51;9;41105;0
51;9;41106;0
51;9;41107;0
51;9;41108;0
51;9;41109;0
51;9;41110;0
51;9;41111;0
51;9;41112;0
51;9;41113;0
51;9;41114;0
51;9;41115;0
51;9;41116;0
51;9;41117;0
51;9;41118;0
51;9;41119;0
51;9;41120;0
51;9;41121;0
51;9;41122;0
51;9;41123;0
51;9;41124;0
51;9;41125;0
51;9;41126;0
51;9;41127;0
51;9;41128;0
51;9;41129;0
51;9;41130;0
51;9;41131;0
51;9;41132;0
51;9;41133;0
51;9;41134;0
51;9;41135;0
51;9;41136;0
51;9;41137;0
51;9;41138;0
51;9;41139;0
51;9;41140;0
51;9;41141;0
51;9;41142;0
51;9;41143;0
51;9;41144;0
51;9;41145;0
51;9;41146;0
51;9;41147;0
51;9;41148;0
51;9;41149;0
51;9;41150;0
51;9;41151;0
51;9;41152;0
51;9;41153;0
51;9;41154;0
51;9;41155;0
51;9;41156;0
51;9;41157;0
51;9;41158;0
51;9;41159;0
51;9;41160;0
51;9;41161;0
51;9;41162;0
51;9;41163;0
51;9;41164;0
51;9;41165;0
51;9;41166;0
51;9;41167;0
51;9;41168;0
51;9;41169;0
51;9;41170;0
51;9;41171;0
51;9;41172;0
51;9;41173;0
51;9;41174;0
51;9;41175;0
51;9;41176;0
51;9;41177;0
51;9;41178;0
51;9;41179;0
51;9;41180;0
51;9;41181;0
51;9;41182;0
51;9;41183;0
51;9;41184;0
51;9;41185;0
51;9;41186;0
51;9;41187;0
51;9;41188;0
51;9;41189;0
51;9;41190;0
51;9;41191;0
51;9;41192;0
51;9;41193;0
51;9;41194;0
51;9;41195;0
51;9;41196;0
51;9;41197;0
51;9;41198;0
51;9;41199;0
51;9;41200;0
51;9;41201;0
51;9;41202;0
51;9;41203;0
51;9;41204;0
51;9;41205;0
51;9;41206;0
51;9;41207;0
51;9;41208;0
51;9;41209;0
51;9;41210;0
51;9;41211;0
51;9;41212;0
51;9;41213;0
51;9;41214;0
51;9;41215;0
51;9;41216;0
51;9;41217;0
51;9;41218;0
51;9;41219;0
51;9;41220;0
51;9;41221;0
51;9;41222;0
51;9;41223;0
51;9;41224;0
51;9;41225;0
51;9;41226;0
51;9;41227;0
51;9;41228;0
51;9;41229;0
51;9;41230;0
51;9;41231;0
51;9;41232;0
51;9;41233;0
51;9;41234;0
51;9;41235;0
51;9;41236;0
51;9;41237;0
51;9;41238;0
51;9;41239;0
51;9;41240;0
51;9;41241;0
51;9;41242;0
51;9;41243;0
51;9;41244;0
51;9;41245;0
51;9;41246;0
51;9;41247;0
51;9;41248;0
51;9;41249;0
51;9;41250;0
51;9;41251;0
51;9;41252;0
51;9;41253;0
51;9;41254;0
51;9;41255;0
51;9;41256;0
51;9;41257;0
51;9;41258;0
51;9;41259;0
51;9;41260;0
51;9;41261;0
51;9;41262;0
51;9;41263;0
51;9;41264;0
51;9;41265;0
51;9;41266;0
51;9;41267;0
51;9;41268;0
51;9;41269;0
51;9;41270;0
51;9;41271;0
51;9;41272;0
51;9;41273;0
51;9;41274;0
51;9;41275;0
51;9;41276;0
51;9;41277;0
51;9;41278;0
51;9;41279;0
51;9;41280;0
51;9;41281;0
51;9;41282;0
51;9;41283;0
51;9;41284;0
51;9;41285;0
51;9;41286;0
51;9;41287;0
51;9;41288;0
51;9;41289;0
51;9;41290;0
51;9;41291;0
51;9;41292;0
51;9;41293;0
51;9;41294;0
51;9;41295;0
51;9;41296;0
51;9;41297;0
51;9;41298;0
51;9;41299;0
51;9;41300;0
51;9;41301;0
51;9;41302;0
51;9;41303;0
51;9;41304;0
51;9;41305;0
51;9;41306;0
51;9;41307;0
51;9;41308;0
51;9;41309;0
51;9;41310;0
51;9;41311;0
51;9;41312;0
51;9;41313;0
51;9;41314;0
51;9;41315;0
51;9;41316;0
51;9;41317;0
51;9;41318;0
51;9;41319;0
51;9;41320;0
51;9;41321;0
51;9;41322;0
51;9;41323;0
51;9;41324;0
51;9;41325;0
51;9;41326;0
51;9;41327;0
51;9;41328;0
51;9;41329;0
51;9;41330;0
51;9;41331;0
51;9;41332;0
51;9;41333;0
51;9;41334;0
51;9;41335;0
51;9;41336;0
51;9;41337;0
51;9;41338;0
51;9;41339;0
51;9;41340;0
51;9;41341;0
51;9;41342;0
51;9;41343;0
51;9;41344;0
51;9;41345;0
51;9;41346;0
51;9;41347;0
51;9;41348;0
51;9;41349;0
51;9;41350;0
51;9;41351;0
51;9;41352;0
51;9;41353;0
51;9;41354;0
51;9;41355;0
51;9;41356;0
51;9;41357;0
51;9;41358;0
51;9;41359;0
51;9;41360;0
51;9;41361;0
51;9;41362;0
51;9;41363;0
51;9;41364;0
51;9;41365;0
51;9;41366;0
51;9;41367;0
51;9;41368;0
51;9;41369;0
51;9;41370;0
51;9;41371;0
51;9;41372;0
51;9;41373;0
51;9;41374;0
51;9;41375;0
51;9;41376;0
51;9;41377;0
51;9;41378;0
51;9;41379;0
51;9;41380;0
51;9;41381;0
51;9;41382;0
51;9;41383;0
51;9;41384;0
51;9;41385;0
51;9;41386;0
51;9;41387;0
51;9;41388;0
51;9;41389;0
51;9;41390;0
51;9;41391;0
51;9;41392;0
51;9;41393;0
51;9;41394;0
51;9;41395;0
51;9;41396;0
51;9;41397;0
51;9;41398;0
51;9;41399;0
51;9;41400;0
51;9;41401;0
51;9;41402;0
51;9;41403;0
51;9;41404;0
51;9;41405;0
51;9;41406;0
51;9;41407;0
51;9;41408;0
51;9;41409;0
51;9;41410;0
51;9;41411;0
51;9;41412;0
51;9;41413;0
51;9;41414;0
51;9;41415;0
51;9;41416;0
51;9;41417;0
51;9;41418;0
51;9;41419;0
51;9;41420;0
51;9;41421;0
51;9;41422;0
51;9;41423;0
51;9;41424;0
51;9;41425;0
51;9;41426;0
51;9;41427;0
51;9;41428;0
51;9;41429;0
51;9;41430;0
51;9;41431;0
51;9;41432;0
51;9;41433;0
51;9;41434;0
51;9;41435;0
51;9;41436;0
51;9;41437;0
51;9;41438;0
51;9;41439;0
51;9;41440;0
51;9;41441;0
51;9;41442;0
51;9;41443;0
51;9;41444;0
51;9;41445;0
51;9;41446;0
51;9;41447;0
51;9;41448;0
51;9;41449;0
51;9;41450;0
51;9;41451;0
51;9;41452;0
51;9;41453;0
51;9;41454;0
51;9;41455;0
51;9;41456;0
51;9;41457;0
51;9;41458;0
51;9;41459;0
51;9;41460;0
51;9;41461;0
51;9;41462;0
51;9;41463;0
51;9;41464;0
51;9;41465;0
51;9;41466;0
51;9;41467;0
51;9;41468;0
51;9;41469;0
51;9;41470;0
51;9;41471;0
51;9;41472;0
51;9;41473;0
51;9;41474;0
51;9;41475;0
51;9;41476;0
51;9;41477;0
51;9;41478;0
51;9;41479;0
51;9;41480;0
51;9;41481;0
51;9;41482;0
51;9;41483;0
51;9;41484;0
51;9;41485;0
51;9;41486;0
51;9;41487;0
51;9;41488;0
51;9;41489;0
51;9;41490;0
51;9;41491;0
51;9;41492;0
51;9;41493;0
51;9;41494;0
51;9;41495;0
51;9;41496;0
51;9;41497;0
51;9;41498;0
51;9;41499;0
51;9;41500;0
51;9;41501;0
51;9;41502;0
51;9;41503;0
51;9;41504;0
51;9;41505;0
51;9;41506;0
51;9;41507;0
51;9;41508;0
51;9;41509;0
51;9;41510;0
51;9;41511;0
51;9;41512;0
51;9;41513;0
51;9;41514;0
51;9;41515;0
51;9;41516;0
51;9;41517;0
51;9;41518;0
51;9;41519;0
51;9;41520;0
51;9;41521;0
51;9;41522;0
51;9;41523;0
51;9;41524;0
51;9;41525;0
51;9;41526;0
51;9;41527;0
51;9;41528;0
51;9;41529;0
51;9;41530;0
51;9;41531;0
51;9;41532;0
51;9;41533;0
51;9;41534;0
51;9;41535;0
51;9;41536;0
51;9;41537;0
51;9;41538;0
51;9;41539;0
51;9;41540;0
51;9;41541;0
51;9;41542;0
51;9;41543;0
51;9;41544;0
51;9;41545;0
51;9;41546;0
51;9;41547;0
51;9;41548;0
51;9;41549;0
51;9;41550;0
51;9;41551;0
51;9;41552;0
51;9;41553;0
51;9;41554;0
51;9;41555;0
51;9;41556;0
51;9;41557;0
51;9;41558;0
51;9;41559;0
51;9;41560;0
51;9;41561;0
51;9;41562;0
51;9;41563;0
51;9;41564;0
51;9;41565;0
51;9;41566;0
51;9;41567;0
51;9;41568;0
51;9;41569;0
51;9;41570;0
51;9;41571;0
51;9;41572;0
51;9;41573;0
51;9;41574;0
51;9;41575;0
51;9;41576;0
51;9;41577;0
51;9;41578;0
51;9;41579;0
51;9;41580;0
51;9;41581;0
51;9;41582;0
51;9;41583;0
51;9;41584;0
51;9;41585;0
51;9;41586;0
51;9;41587;0
51;9;41588;0
51;9;41589;0
51;9;41590;0
51;9;41591;0
51;9;41592;0
51;9;41593;0
51;9;41594;0
51;9;41595;0
51;9;41596;0
51;9;41597;0
51;9;41598;0
51;9;41599;0
51;9;41600;0
51;9;41601;0
51;9;41602;0
51;9;41603;0
51;9;41604;0
51;9;41605;0
51;9;41606;0
51;9;41607;0
51;9;41608;0
51;9;41609;0
51;9;41610;0
51;9;41611;0
51;9;41612;0
51;9;41613;0
51;9;41614;0
51;9;41615;0
51;9;41616;0
51;9;41617;0
51;9;41618;0
51;9;41619;0
51;9;41620;0
51;9;41621;0
51;9;41622;0
51;9;41623;0
51;9;41624;0
51;9;41625;0
51;9;41626;0
51;9;41627;0
51;9;41628;0
51;9;41629;0
51;9;41630;0
51;9;41631;0
51;9;41632;0
51;9;41633;0
51;9;41634;0
51;9;41635;0
51;9;41636;0
51;9;41637;0
51;9;41638;0
51;9;41639;0
51;9;41640;0
51;9;41641;0
51;9;41642;0
51;9;41643;0
51;9;41644;0
51;9;41645;0
51;9;41646;0
51;9;41647;0
51;9;41648;0
51;9;41649;0
51;9;41650;0
51;9;41651;0
51;9;41652;0
51;9;41653;0
51;9;41654;0
51;9;41655;0
51;9;41656;0
51;9;41657;0
51;9;41658;0
51;9;41659;0
51;9;41660;0
51;9;41661;0
51;9;41662;0
51;9;41663;0
51;9;41664;0
51;9;41665;0
51;9;41666;0
51;9;41667;0
51;9;41668;0
51;9;41669;0
51;9;41670;0
51;9;41671;0
51;9;41672;0
51;9;41673;0
51;9;41674;0
51;9;41675;0
51;9;41676;0
51;9;41677;0
51;9;41678;0
51;9;41679;0
51;9;41680;0
51;9;41681;0
51;9;41682;0
51;9;41683;0
51;9;41684;0
51;9;41685;0
51;9;41686;0
51;9;41687;0
51;9;41688;0
51;9;41689;0
51;9;41690;0
51;9;41691;0
51;9;41692;0
51;9;41693;0
51;9;41694;0
51;9;41695;0
51;9;41696;0
51;9;41697;0
51;9;41698;0
51;9;41699;0
51;9;41700;0
51;9;41701;0
51;9;41702;0
51;9;41703;0
51;9;41704;0
51;9;41705;0
51;9;41706;0
51;9;41707;0
51;9;41708;0
51;9;41709;0
51;9;41710;0
51;9;41711;0
51;9;41712;0
51;9;41713;0
51;9;41714;0
51;9;41715;0
51;9;41716;0
51;9;41717;0
51;9;41718;0
51;9;41719;0
51;9;41720;0
51;9;41721;0
51;9;41722;0
51;9;41723;0
51;9;41724;0
51;9;41725;0
51;9;41726;0
51;9;41727;0
51;9;41728;0
51;9;41729;0
51;9;41730;0
51;9;41731;0
51;9;41732;0
51;9;41733;0
51;9;41734;0
51;9;41735;0
51;9;41736;0
51;9;41737;0
51;9;41738;0
51;9;41739;0
51;9;41740;0
51;9;41741;0
51;9;41742;0
51;9;41743;0
51;9;41744;0
51;9;41745;0
51;9;41746;0
51;9;41747;0
51;9;41748;0
51;9;41749;0
51;9;41750;0
51;9;41751;0
51;9;41752;0
51;9;41753;0
51;9;41754;0
51;9;41755;0
51;9;41756;0
51;9;41757;0
51;9;41758;0
51;9;41759;0
51;9;41760;0
51;9;41761;0
51;9;41762;0
51;9;41763;0
51;9;41764;0
51;9;41765;0
51;9;41766;0
51;9;41767;0
51;9;41768;0
51;9;41769;0
51;9;41770;0
51;9;41771;0
51;9;41772;0
51;9;41773;0
51;9;41774;0
51;9;41775;0
51;9;41776;0
51;9;41777;0
51;9;41778;0
51;9;41779;0
51;9;41780;0
51;9;41781;0
51;9;41782;0
51;9;41783;0
51;9;41784;0
51;9;41785;0
51;9;41786;0
51;9;41787;0
51;9;41788;0
51;9;41789;0
51;9;41790;0
51;9;41791;0
51;9;41792;0
51;9;41793;0
51;9;41794;0
51;9;41795;0
51;9;41796;0
51;9;41797;0
51;9;41798;0
51;9;41799;0
51;9;41800;0
51;9;41801;0
51;9;41802;0
51;9;41803;0
51;9;41804;0
51;9;41805;0
51;9;41806;0
51;9;41807;0
51;9;41808;0
51;9;41809;0
51;9;41810;0
51;9;41811;0
51;9;41812;0
51;9;41813;0
51;9;41814;0
51;9;41815;0
51;9;41816;0
51;9;41817;0
51;9;41818;0
51;9;41819;0
51;9;41820;0
51;9;41821;0
51;9;41822;0
51;9;41823;0
51;9;41824;0
51;9;41825;0
51;9;41826;0
51;9;41827;0
51;9;41828;0
51;9;41829;0
51;9;41830;0
51;9;41831;0
51;9;41832;0
51;9;41833;0
51;9;41834;0
51;9;41835;0
51;9;41836;0
51;9;41837;0
51;9;41838;0
51;9;41839;0
51;9;41840;0
51;9;41841;0
51;9;41842;0
51;9;41843;0
51;9;41844;0
51;9;41845;0
51;9;41846;0
51;9;41847;0
51;9;41848;0
51;9;41849;0
51;9;41850;0
51;9;41851;0
51;9;41852;0
51;9;41853;0
51;9;41854;0
51;9;41855;0
51;9;41856;0
51;9;41857;0
51;9;41858;0
51;9;41859;0
51;9;41860;0
51;9;41861;0
51;9;41862;0
51;9;41863;0
51;9;41864;0
51;9;41865;0
51;9;41866;0
51;9;41867;0
51;9;41868;0
51;9;41869;0
51;9;41870;0
51;9;41871;0
51;9;41872;0
51;9;41873;0
51;9;41874;0
51;9;41875;0
51;9;41876;0
51;9;41877;0
51;9;41878;0
51;9;41879;0
51;9;41880;0
51;9;41881;0
51;9;41882;0
51;9;41883;0
51;9;41884;0
51;9;41885;0
51;9;41886;0
51;9;41887;0
51;9;41888;0
51;9;41889;0
51;9;41890;0
51;9;41891;0
51;9;41892;0
51;9;41893;0
51;9;41894;0
51;9;41895;0
51;9;41896;0
51;9;41897;0
51;9;41898;0
51;9;41899;0
51;9;41900;0
51;9;41901;0
51;9;41902;0
51;9;41903;0
51;9;41904;0
51;9;41905;0
51;9;41906;0
51;9;41907;0
51;9;41908;0
51;9;41909;0
51;9;41910;0
51;9;41911;0
51;9;41912;0
51;9;41913;0
51;9;41914;0
51;9;41915;0
51;9;41916;0
51;9;41917;0
51;9;41918;0
51;9;41919;0
51;9;41920;0
51;9;41921;0
51;9;41922;0
51;9;41923;0
51;9;41924;0
51;9;41925;0
51;9;41926;0
51;9;41927;0
51;9;41928;0
51;9;41929;0
51;9;41930;0
51;9;41931;0
51;9;41932;0
51;9;41933;0
51;9;41934;0
51;9;41935;0
51;9;41936;0
51;9;41937;0
51;9;41938;0
51;9;41939;0
51;9;41940;0
51;9;41941;0
51;9;41942;0
51;9;41943;0
51;9;41944;0
51;9;41945;0
51;9;41946;0
51;9;41947;0
51;9;41948;0
51;9;41949;0
51;9;41950;0
51;9;41951;0
51;9;41952;0
51;9;41953;0
51;9;41954;0
51;9;41955;0
51;9;41956;0
51;9;41957;0
51;9;41958;0
51;9;41959;0
51;9;41960;0
51;9;41961;0
51;9;41962;0
51;9;41963;0
51;9;41964;0
51;9;41965;0
51;9;41966;0
51;9;41967;0
51;9;41968;0
51;9;41969;0
51;9;41970;0
51;9;41971;0
51;9;41972;0
51;9;41973;0
51;9;41974;0
51;9;41975;0
51;9;41976;0
51;9;41977;0
51;9;41978;0
51;9;41979;0
51;9;41980;0
51;9;41981;0
51;9;41982;0
51;9;41983;0
51;9;41984;0
51;9;41985;0
51;9;41986;0
51;9;41987;0
51;9;41988;0
51;9;41989;0
51;9;41990;0
51;9;41991;0
51;9;41992;0
51;9;41993;0
51;9;41994;0
51;9;41995;0
51;9;41996;0
51;9;41997;0
51;9;41998;0
51;9;41999;0
51;9;42000;0
51;9;42001;0
51;9;42002;0
51;9;42003;0
51;9;42004;0
51;9;42005;0
51;9;42006;0
51;9;42007;0
51;9;42008;0
51;9;42009;0
51;9;42010;0
51;9;42011;0
51;9;42012;0
51;9;42013;0
51;9;42014;0
51;9;42015;0
51;9;42016;0
51;9;42017;0
51;9;42018;0
51;9;42019;0
51;9;42020;0
51;9;42021;0
51;9;42022;0
51;9;42023;0
51;9;42024;0
51;9;42025;0
51;9;42026;0
51;9;42027;0
51;9;42028;0
51;9;42029;0
51;9;42030;0
51;9;42031;0
51;9;42032;0
51;9;42033;0
51;9;42034;0
51;9;42035;0
51;9;42036;0
51;9;42037;0
51;9;42038;0
51;9;42039;0
51;9;42040;0
51;9;42041;0
51;9;42042;0
51;9;42043;0
51;9;42044;0
51;9;42045;0
51;9;42046;0
51;9;42047;0
51;9;42048;0
51;9;42049;0
51;9;42050;0
51;9;42051;0
51;9;42052;0
51;9;42053;0
51;9;42054;0
51;9;42055;0
51;9;42056;0
51;9;42057;0
51;9;42058;0
51;9;42059;0
51;9;42060;0
51;9;42061;0
51;9;42062;0
51;9;42063;0
51;9;42064;0
51;9;42065;0
51;9;42066;0
51;9;42067;0
51;9;42068;0
51;9;42069;0
51;9;42070;0
51;9;42071;0
51;9;42072;0
51;9;42073;0
51;9;42074;0
51;9;42075;0
51;9;42076;0
51;9;42077;0
51;9;42078;0
51;9;42079;0
51;9;42080;0
51;9;42081;0
51;9;42082;0
51;9;42083;0
51;9;42084;0
51;9;42085;0
51;9;42086;0
51;9;42087;0
51;9;42088;0
51;9;42089;0
51;9;42090;0
51;9;42091;0
51;9;42092;0
51;9;42093;0
51;9;42094;0
51;9;42095;0
51;9;42096;0
51;9;42097;0
51;9;42098;0
51;9;42099;0
51;9;42100;0
51;9;42101;0
51;9;42102;0
51;9;42103;0
51;9;42104;0
51;9;42105;0
51;9;42106;0
51;9;42107;0
51;9;42108;0
51;9;42109;0
51;9;42110;0
51;9;42111;0
51;9;42112;0
51;9;42113;0
51;9;42114;0
51;9;42115;0
51;9;42116;0
51;9;42117;0
51;9;42118;0
51;9;42119;0
51;9;42120;0
51;9;42121;0
51;9;42122;0
51;9;42123;0
51;9;42124;0
51;9;42125;0
51;9;42126;0
51;9;42127;0
51;9;42128;0
51;9;42129;0
51;9;42130;0
51;9;42131;0
51;9;42132;0
51;9;42133;0
51;9;42134;0
51;9;42135;0
51;9;42136;0
51;9;42137;0
51;9;42138;0
51;9;42139;0
51;9;42140;0
51;9;42141;0
51;9;42142;0
51;9;42143;0
51;9;42144;0
51;9;42145;0
51;9;42146;0
51;9;42147;0
51;9;42148;0
51;9;42149;0
51;9;42150;0
51;9;42151;0
51;9;42152;0
51;9;42153;0
51;9;42154;0
51;9;42155;0
51;9;42156;0
51;9;42157;0
51;9;42158;0
51;9;42159;0
51;9;42160;0
51;9;42161;0
51;9;42162;0
51;9;42163;0
51;9;42164;0
51;9;42165;0
51;9;42166;0
51;9;42167;0
51;9;42168;0
51;9;42169;0
51;9;42170;0
51;9;42171;0
51;9;42172;0
51;9;42173;0
51;9;42174;0
51;9;42175;0
51;9;42176;0
51;9;42177;0
51;9;42178;0
51;9;42179;0
51;9;42180;0
51;9;42181;0
51;9;42182;0
51;9;42183;0
51;9;42184;0
51;9;42185;0
51;9;42186;0
51;9;42187;0
51;9;42188;0
51;9;42189;0
51;9;42190;0
51;9;42191;0
51;9;42192;0
51;9;42193;0
51;9;42194;0
51;9;42195;0
51;9;42196;0
51;9;42197;0
51;9;42198;0
51;9;42199;0
51;9;42200;0
51;9;42201;0
51;9;42202;0
51;9;42203;0
51;9;42204;0
51;9;42205;0
51;9;42206;0
51;9;42207;0
51;9;42208;0
51;9;42209;0
51;9;42210;0
51;9;42211;0
51;9;42212;0
51;9;42213;0
51;9;42214;0
51;9;42215;0
51;9;42216;0
51;9;42217;0
51;9;42218;0
51;9;42219;0
51;9;42220;0
51;9;42221;0
51;9;42222;0
51;9;42223;0
51;9;42224;0
51;9;42225;0
51;9;42226;0
51;9;42227;0
51;9;42228;0
51;9;42229;0
51;9;42230;0
51;9;42231;0
51;9;42232;0
51;9;42233;0
51;9;42234;0
51;9;42235;0
51;9;42236;0
51;9;42237;0
51;9;42238;0
51;9;42239;0
51;9;42240;0
51;9;42241;0
51;9;42242;0
51;9;42243;0
51;9;42244;0
51;9;42245;0
51;9;42246;0
51;9;42247;0
51;9;42248;0
51;9;42249;0
51;9;42250;0
51;9;42251;0
51;9;42252;0
51;9;42253;0
51;9;42254;0
51;9;42255;0
51;9;42256;0
51;9;42257;0
51;9;42258;0
51;9;42259;0
51;9;42260;0
51;9;42261;0
51;9;42262;0
51;9;42263;0
51;9;42264;0
51;9;42265;0
51;9;42266;0
51;9;42267;0
51;9;42268;0
51;9;42269;0
51;9;42270;0
51;9;42271;0
51;9;42272;0
51;9;42273;0
51;9;42274;0
51;9;42275;0
51;9;42276;0
51;9;42277;0
51;9;42278;0
51;9;42279;0
51;9;42280;0
51;9;42281;0
51;9;42282;0
51;9;42283;0
51;9;42284;0
51;9;42285;0
51;9;42286;0
51;9;42287;0
51;9;42288;0
51;9;42289;0
51;9;42290;0
51;9;42291;0
51;9;42292;0
51;9;42293;0
51;9;42294;0
51;9;42295;0
51;9;42296;0
51;9;42297;0
51;9;42298;0
51;9;42299;0
51;9;42300;0
51;9;42301;0
51;9;42302;0
51;9;42303;0
51;9;42304;0
51;9;42305;0
51;9;42306;0
51;9;42307;0
51;9;42308;0
51;9;42309;0
51;9;42310;0
51;9;42311;0
51;9;42312;0
51;9;42313;0
51;9;42314;0
51;9;42315;0
51;9;42316;0
51;9;42317;0
51;9;42318;0
51;9;42319;0
51;9;42320;0
51;9;42321;0
51;9;42322;0
51;9;42323;0
51;9;42324;0
51;9;42325;0
51;9;42326;0
51;9;42327;0
51;9;42328;0
51;9;42329;0
51;9;42330;0
51;9;42331;0
51;9;42332;0
51;9;42333;0
51;9;42334;0
51;9;42335;0
51;9;42336;0
51;9;42337;0
51;9;42338;0
51;9;42339;0
51;9;42340;0
51;9;42341;0
51;9;42342;0
51;9;42343;0
51;9;42344;0
51;9;42345;0
51;9;42346;0
51;9;42347;0
51;9;42348;0
51;9;42349;0
51;9;42350;0
51;9;42351;0
51;9;42352;0
51;9;42353;0
51;9;42354;0
51;9;42355;0
51;9;42356;0
51;9;42357;0
51;9;42358;0
51;9;42359;0
51;9;42360;0
51;9;42361;0
51;9;42362;0
51;9;42363;0
51;9;42364;0
51;9;42365;0
51;9;42366;0
51;9;42367;0
51;9;42368;0
51;9;42369;0
51;9;42370;0
51;9;42371;0
51;9;42372;0
51;9;42373;0
51;9;42374;0
51;9;42375;0
51;9;42376;0
51;9;42377;0
51;9;42378;0
51;9;42379;0
51;9;42380;0
51;9;42381;0
51;9;42382;0
51;9;42383;0
51;9;42384;0
51;9;42385;0
51;9;42386;0
51;9;42387;0
51;9;42388;0
51;9;42389;0
51;9;42390;0
51;9;42391;0
51;9;42392;0
51;9;42393;0
51;9;42394;0
51;9;42395;0
51;9;42396;0
51;9;42397;0
51;9;42398;0
51;9;42399;0
51;9;42400;0
51;9;42401;0
51;9;42402;0
51;9;42403;0
51;9;42404;0
51;9;42405;0
51;9;42406;0
51;9;42407;0
51;9;42408;0
51;9;42409;0
51;9;42410;0
51;9;42411;0
51;9;42412;0
51;9;42413;0
51;9;42414;0
51;9;42415;0
51;9;42416;0
51;9;42417;0
51;9;42418;0
51;9;42419;0
51;9;42420;0
51;9;42421;0
51;9;42422;0
51;9;42423;0
51;9;42424;0
51;9;42425;0
51;9;42426;0
51;9;42427;0
51;9;42428;0
51;9;42429;0
51;9;42430;0
51;9;42431;0
51;9;42432;0
51;9;42433;0
51;9;42434;0
51;9;42435;0
51;9;42436;0
51;9;42437;0
51;9;42438;0
51;9;42439;0
51;9;42440;0
51;9;42441;0
51;9;42442;0
51;9;42443;0
51;9;42444;0
51;9;42445;0
51;9;42446;0
51;9;42447;0
51;9;42448;0
51;9;42449;0
51;9;42450;0
51;9;42451;0
51;9;42452;0
51;9;42453;0
51;9;42454;0
51;9;42455;0
51;9;42456;0
51;9;42457;0
51;9;42458;0
51;9;42459;0
51;9;42460;0
51;9;42461;0
51;9;42462;0
51;9;42463;0
51;9;42464;0
51;9;42465;0
51;9;42466;0
51;9;42467;0
51;9;42468;0
51;9;42469;0
51;9;42470;0
51;9;42471;0
51;9;42472;0
51;9;42473;0
51;9;42474;0
51;9;42475;0
51;9;42476;0
51;9;42477;0
51;9;42478;0
51;9;42479;0
51;9;42480;0
51;9;42481;0
51;9;42482;0
51;9;42483;0
51;9;42484;0
51;9;42485;0
51;9;42486;0
51;9;42487;0
51;9;42488;0
51;9;42489;0
51;9;42490;0
51;9;42491;0
51;9;42492;0
51;9;42493;0
51;9;42494;0
51;9;42495;0
51;9;42496;0
51;9;42497;0
51;9;42498;0
51;9;42499;0
51;9;42500;0
51;9;42501;0
51;9;42502;0
51;9;42503;0
51;9;42504;0
51;9;42505;0
51;9;42506;0
51;9;42507;0
51;9;42508;0
51;9;42509;0
51;9;42510;0
51;9;42511;0
51;9;42512;0
51;9;42513;0
51;9;42514;0
51;9;42515;0
51;9;42516;0
51;9;42517;0
51;9;42518;0
51;9;42519;0
51;9;42520;0
51;9;42521;0
51;9;42522;0
51;9;42523;0
51;9;42524;0
51;9;42525;0
51;9;42526;0
51;9;42527;0
51;9;42528;0
51;9;42529;0
51;9;42530;0
51;9;42531;0
51;9;42532;0
51;9;42533;0
51;9;42534;0
51;9;42535;0
51;9;42536;0
51;9;42537;0
51;9;42538;0
51;9;42539;0
51;9;42540;0
51;9;42541;0
51;9;42542;0
51;9;42543;0
51;9;42544;0
51;9;42545;0
51;9;42546;0
51;9;42547;0
51;9;42548;0
51;9;42549;0
51;9;42550;0
51;9;42551;0
51;9;42552;0
51;9;42553;0
51;9;42554;0
51;9;42555;0
51;9;42556;0
51;9;42557;0
51;9;42558;0
51;9;42559;0
51;9;42560;0
51;9;42561;0
51;9;42562;0
51;9;42563;0
51;9;42564;0
51;9;42565;0
51;9;42566;0
51;9;42567;0
51;9;42568;0
51;9;42569;0
51;9;42570;0
51;9;42571;0
51;9;42572;0
51;9;42573;0
51;9;42574;0
51;9;42575;0
51;9;42576;0
51;9;42577;0
51;9;42578;0
51;9;42579;0
51;9;42580;0
51;9;42581;0
51;9;42582;0
51;9;42583;0
51;9;42584;0
51;9;42585;0
51;9;42586;0
51;9;42587;0
51;9;42588;0
51;9;42589;0
51;9;42590;0
51;9;42591;0
51;9;42592;0
51;9;42593;0
51;9;42594;0
51;9;42595;0
51;9;42596;0
51;9;42597;0
51;9;42598;0
51;9;42599;0
51;9;42600;0
51;9;42601;0
51;9;42602;0
51;9;42603;0
51;9;42604;0
51;9;42605;0
51;9;42606;0
51;9;42607;0
51;9;42608;0
51;9;42609;0
51;9;42610;0
51;9;42611;0
51;9;42612;0
51;9;42613;0
51;9;42614;0
51;9;42615;0
51;9;42616;0
51;9;42617;0
51;9;42618;0
51;9;42619;0
51;9;42620;0
51;9;42621;0
51;9;42622;0
51;9;42623;0
51;9;42624;0
51;9;42625;0
51;9;42626;0
51;9;42627;0
51;9;42628;0
51;9;42629;0
51;9;42630;0
51;9;42631;0
51;9;42632;0
51;9;42633;0
51;9;42634;0
51;9;42635;0
51;9;42636;0
51;9;42637;0
51;9;42638;0
51;9;42639;0
51;9;42640;0
51;9;42641;0
51;9;42642;0
51;9;42643;0
51;9;42644;0
51;9;42645;0
51;9;42646;0
51;9;42647;0
51;9;42648;0
51;9;42649;0
51;9;42650;0
51;9;42651;0
51;9;42652;0
51;9;42653;0
51;9;42654;0
51;9;42655;0
51;9;42656;0
51;9;42657;0
51;9;42658;0
51;9;42659;0
51;9;42660;0
51;9;42661;0
51;9;42662;0
51;9;42663;0
51;9;42664;0
51;9;42665;0
51;9;42666;0
51;9;42667;0
51;9;42668;0
51;9;42669;0
51;9;42670;0
51;9;42671;0
51;9;42672;0
51;9;42673;0
51;9;42674;0
51;9;42675;0
51;9;42676;0
51;9;42677;0
51;9;42678;0
51;9;42679;0
51;9;42680;0
51;9;42681;0
51;9;42682;0
51;9;42683;0
51;9;42684;0
51;9;42685;0
51;9;42686;0
51;9;42687;0
51;9;42688;0
51;9;42689;0
51;9;42690;0
51;9;42691;0
51;9;42692;0
51;9;42693;0
51;9;42694;0
51;9;42695;0
51;9;42696;0
51;9;42697;0
51;9;42698;0
51;9;42699;0
51;9;42700;0
51;9;42701;0
51;9;42702;0
51;9;42703;0
51;9;42704;0
51;9;42705;0
51;9;42706;0
51;9;42707;0
51;9;42708;0
51;9;42709;0
51;9;42710;0
51;9;42711;0
51;9;42712;0
51;9;42713;0
51;9;42714;0
51;9;42715;0
51;9;42716;0
51;9;42717;0
51;9;42718;0
51;9;42719;0
51;9;42720;0
51;9;42721;0
51;9;42722;0
51;9;42723;0
51;9;42724;0
51;9;42725;0
51;9;42726;0
51;9;42727;0
51;9;42728;0
51;9;42729;0
51;9;42730;0
51;9;42731;0
51;9;42732;0
51;9;42733;0
51;9;42734;0
51;9;42735;0
51;9;42736;0
51;9;42737;0
51;9;42738;0
51;9;42739;0
51;9;42740;0
51;9;42741;0
51;9;42742;0
51;9;42743;0
51;9;42744;0
51;9;42745;0
51;9;42746;0
51;9;42747;0
51;9;42748;0
51;9;42749;0
51;9;42750;0
51;9;42751;0
51;9;42752;0
51;9;42753;0
51;9;42754;0
51;9;42755;0
51;9;42756;0
51;9;42757;0
51;9;42758;0
51;9;42759;0
51;9;42760;0
51;9;42761;0
51;9;42762;0
51;9;42763;0
51;9;42764;0
51;9;42765;0
51;9;42766;0
51;9;42767;0
51;9;42768;0
51;9;42769;0
51;9;42770;0
51;9;42771;0
51;9;42772;0
51;9;42773;0
51;9;42774;0
51;9;42775;0
51;9;42776;0
51;9;42777;0
51;9;42778;0
51;9;42779;0
51;9;42780;0
51;9;42781;0
51;9;42782;0
51;9;42783;0
51;9;42784;0
51;9;42785;0
51;9;42786;0
51;9;42787;0
51;9;42788;0
51;9;42789;0
51;9;42790;0
51;9;42791;0
51;9;42792;0
51;9;42793;0
51;9;42794;0
51;9;42795;0
51;9;42796;0
51;9;42797;0
51;9;42798;0
51;9;42799;0
51;9;42800;0
51;9;42801;0
51;9;42802;0
51;9;42803;0
51;9;42804;0
51;9;42805;0
51;9;42806;0
51;9;42807;0
51;9;42808;0
51;9;42809;0
51;9;42810;0
51;9;42811;0
51;9;42812;0
51;9;42813;0
51;9;42814;0
51;9;42815;0
51;9;42816;0
51;9;42817;0
51;9;42818;0
51;9;42819;0
51;9;42820;0
51;9;42821;0
51;9;42822;0
51;9;42823;0
51;9;42824;0
51;9;42825;0
51;9;42826;0
51;9;42827;0
51;9;42828;0
51;9;42829;0
51;9;42830;0
51;9;42831;0
51;9;42832;0
51;9;42833;0
51;9;42834;0
51;9;42835;0
51;9;42836;0
51;9;42837;0
51;9;42838;0
51;9;42839;0
51;9;42840;0
51;9;42841;0
51;9;42842;0
51;9;42843;0
51;9;42844;0
51;9;42845;0
51;9;42846;0
51;9;42847;0
51;9;42848;0
51;9;42849;0
51;9;42850;0
51;9;42851;0
51;9;42852;0
51;9;42853;0
51;9;42854;0
51;9;42855;0
51;9;42856;0
51;9;42857;0
51;9;42858;0
51;9;42859;0
51;9;42860;0
51;9;42861;0
51;9;42862;0
51;9;42863;0
51;9;42864;0
51;9;42865;0
51;9;42866;0
51;9;42867;0
51;9;42868;0
51;9;42869;0
51;9;42870;0
51;9;42871;0
51;9;42872;0
51;9;42873;0
51;9;42874;0
51;9;42875;0
51;9;42876;0
51;9;42877;0
51;9;42878;0
51;9;42879;0
51;9;42880;0
51;9;42881;0
51;9;42882;0
51;9;42883;0
51;9;42884;0
51;9;42885;0
51;9;42886;0
51;9;42887;0
51;9;42888;0
51;9;42889;0
51;9;42890;0
51;9;42891;0
51;9;42892;0
51;9;42893;0
51;9;42894;0
51;9;42895;0
51;9;42896;0
51;9;42897;0
51;9;42898;0
51;9;42899;0
51;9;42900;0
51;9;42901;0
51;9;42902;0
51;9;42903;0
51;9;42904;0
51;9;42905;0
51;9;42906;0
51;9;42907;0
51;9;42908;0
51;9;42909;0
51;9;42910;0
51;9;42911;0
51;9;42912;0
51;9;42913;0
51;9;42914;0
51;9;42915;0
51;9;42916;0
51;9;42917;0
51;9;42918;0
51;9;42919;0
51;9;42920;0
51;9;42921;0
51;9;42922;0
51;9;42923;0
51;9;42924;0
51;9;42925;0
51;9;42926;0
51;9;42927;0
51;9;42928;0
51;9;42929;0
51;9;42930;0
51;9;42931;0
51;9;42932;0
51;9;42933;0
51;9;42934;0
51;9;42935;0
51;9;42936;0
51;9;42937;0
51;9;42938;0
51;9;42939;0
51;9;42940;0
51;9;42941;0
51;9;42942;0
51;9;42943;0
51;9;42944;0
51;9;42945;0
51;9;42946;0
51;9;42947;0
51;9;42948;0
51;9;42949;0
51;9;42950;0
51;9;42951;0
51;9;42952;0
51;9;42953;0
51;9;42954;0
51;9;42955;0
51;9;42956;0
51;9;42957;0
51;9;42958;0
51;9;42959;0
51;9;42960;0
51;9;42961;0
51;9;42962;0
51;9;42963;0
51;9;42964;0
51;9;42965;0
51;9;42966;0
51;9;42967;0
51;9;42968;0
51;9;42969;0
51;9;42970;0
51;9;42971;0
51;9;42972;0
51;9;42973;0
51;9;42974;0
51;9;42975;0
51;9;42976;0
51;9;42977;0
51;9;42978;0
51;9;42979;0
51;9;42980;0
51;9;42981;0
51;9;42982;0
51;9;42983;0
51;9;42984;0
51;9;42985;0
51;9;42986;0
51;9;42987;0
51;9;42988;0
51;9;42989;0
51;9;42990;0
51;9;42991;0
51;9;42992;0
51;9;42993;0
51;9;42994;0
51;9;42995;0
51;9;42996;0
51;9;42997;0
51;9;42998;0
51;9;42999;0
51;9;43000;0
51;9;43001;0
51;9;43002;0
51;9;43003;0
51;9;43004;0
51;9;43005;0
51;9;43006;0
51;9;43007;0
51;9;43008;0
51;9;43009;0
51;9;43010;0
51;9;43011;0
51;9;43012;0
51;9;43013;0
51;9;43014;0
51;9;43015;0
51;9;43016;0
51;9;43017;0
51;9;43018;0
51;9;43019;0
51;9;43020;0
51;9;43021;0
51;9;43022;0
51;9;43023;0
51;9;43024;0
51;9;43025;0
51;9;43026;0
51;9;43027;0
51;9;43028;0
51;9;43029;0
51;9;43030;0
51;9;43031;0
51;9;43032;0
51;9;43033;0
51;9;43034;0
51;9;43035;0
51;9;43036;0
51;9;43037;0
51;9;43038;0
51;9;43039;0
51;9;43040;0
51;9;43041;0
51;9;43042;0
51;9;43043;0
51;9;43044;0
51;9;43045;0
51;9;43046;0
51;9;43047;0
51;9;43048;0
51;9;43049;0
51;9;43050;0
51;9;43051;0
51;9;43052;0
51;9;43053;0
51;9;43054;0
51;9;43055;0
51;9;43056;0
51;9;43057;0
51;9;43058;0
51;9;43059;0
51;9;43060;0
51;9;43061;0
51;9;43062;0
51;9;43063;0
51;9;43064;0
51;9;43065;0
51;9;43066;0
51;9;43067;0
51;9;43068;0
51;9;43069;0
51;9;43070;0
51;9;43071;0
51;9;43072;0
51;9;43073;0
51;9;43074;0
51;9;43075;0
51;9;43076;0
51;9;43077;0
51;9;43078;0
51;9;43079;0
51;9;43080;0
51;9;43081;0
51;9;43082;0
51;9;43083;0
51;9;43084;0
51;9;43085;0
51;9;43086;0
51;9;43087;0
51;9;43088;0
51;9;43089;0
51;9;43090;0
51;9;43091;0
51;9;43092;0
51;9;43093;0
51;9;43094;0
51;9;43095;0
51;9;43096;0
51;9;43097;0
51;9;43098;0
51;9;43099;0
51;9;43100;0
51;9;43101;0
51;9;43102;0
51;9;43103;0
51;9;43104;0
51;9;43105;0
51;9;43106;0
51;9;43107;0
51;9;43108;0
51;9;43109;0
51;9;43110;0
51;9;43111;0
51;9;43112;0
51;9;43113;0
51;9;43114;0
51;9;43115;0
51;9;43116;0
51;9;43117;0
51;9;43118;0
51;9;43119;0
51;9;43120;0
51;9;43121;0
51;9;43122;0
51;9;43123;0
51;9;43124;0
51;9;43125;0
51;9;43126;0
51;9;43127;0
51;9;43128;0
51;9;43129;0
51;9;43130;0
51;9;43131;0
51;9;43132;0
51;9;43133;0
51;9;43134;0
51;9;43135;0
51;9;43136;0
51;9;43137;0
51;9;43138;0
51;9;43139;0
51;9;43140;0
51;9;43141;0
51;9;43142;0
51;9;43143;0
51;9;43144;0
51;9;43145;0
51;9;43146;0
51;9;43147;0
51;9;43148;0
51;9;43149;0
51;9;43150;0
51;9;43151;0
51;9;43152;0
51;9;43153;0
51;9;43154;0
51;9;43155;0
51;9;43156;0
51;9;43157;0
51;9;43158;0
51;9;43159;0
51;9;43160;0
51;9;43161;0
51;9;43162;0
51;9;43163;0
51;9;43164;0
51;9;43165;0
51;9;43166;0
51;9;43167;0
51;9;43168;0
51;9;43169;0
51;9;43170;0
51;9;43171;0
51;9;43172;0
51;9;43173;0
51;9;43174;0
51;9;43175;0
51;9;43176;0
51;9;43177;0
51;9;43178;0
51;9;43179;0
51;9;43180;0
51;9;43181;0
51;9;43182;0
51;9;43183;0
51;9;43184;0
51;9;43185;0
51;9;43186;0
51;9;43187;0
51;9;43188;0
51;9;43189;0
51;9;43190;0
51;9;43191;0
51;9;43192;0
51;9;43193;0
51;9;43194;0
51;9;43195;0
51;9;43196;0
51;9;43197;0
51;9;43198;0
51;9;43199;0
51;9;43200;0
51;9;43201;0
51;9;43202;0
51;9;43203;0
51;9;43204;0
51;9;43205;0
51;9;43206;0
51;9;43207;0
51;9;43208;0
51;9;43209;0
51;9;43210;0
51;9;43211;0
51;9;43212;0
51;9;43213;0
51;9;43214;0
51;9;43215;0
51;9;43216;0
51;9;43217;0
51;9;43218;0
51;9;43219;0
51;9;43220;0
51;9;43221;0
51;9;43222;0
51;9;43223;0
51;9;43224;0
51;9;43225;0
51;9;43226;0
51;9;43227;0
51;9;43228;0
51;9;43229;0
51;9;43230;0
51;9;43231;0
51;9;43232;0
51;9;43233;0
51;9;43234;0
51;9;43235;0
51;9;43236;0
51;9;43237;0
51;9;43238;0
51;9;43239;0
51;9;43240;0
51;9;43241;0
51;9;43242;0
51;9;43243;0
51;9;43244;0
51;9;43245;0
51;9;43246;0
51;9;43247;0
51;9;43248;0
51;9;43249;0
51;9;43250;0
51;9;43251;0
51;9;43252;0
51;9;43253;0
51;9;43254;0
51;9;43255;0
51;9;43256;0
51;9;43257;0
51;9;43258;0
51;9;43259;0
51;9;43260;0
51;9;43261;0
51;9;43262;0
51;9;43263;0
51;9;43264;0
51;9;43265;0
51;9;43266;0
51;9;43267;0
51;9;43268;0
51;9;43269;0
51;9;43270;0
51;9;43271;0
51;9;43272;0
51;9;43273;0
51;9;43274;0
51;9;43275;0
51;9;43276;0
51;9;43277;0
51;9;43278;0
51;9;43279;0
51;9;43280;0
51;9;43281;0
51;9;43282;0
51;9;43283;0
51;9;43284;0
51;9;43285;0
51;9;43286;0
51;9;43287;0
51;9;43288;0
51;9;43289;0
51;9;43290;0
51;9;43291;0
51;9;43292;0
51;9;43293;0
51;9;43294;0
51;9;43295;0
51;9;43296;0
51;9;43297;0
51;9;43298;0
51;9;43299;0
51;9;43300;0
51;9;43301;0
51;9;43302;0
51;9;43303;0
51;9;43304;0
51;9;43305;0
51;9;43306;0
51;9;43307;0
51;9;43308;0
51;9;43309;0
51;9;43310;0
51;9;43311;0
51;9;43312;0
51;9;43313;0
51;9;43314;0
51;9;43315;0
51;9;43316;0
51;9;43317;0
51;9;43318;0
51;9;43319;0
51;9;43320;0
51;9;43321;0
51;9;43322;0
51;9;43323;0
51;9;43324;0
51;9;43325;0
51;9;43326;0
51;9;43327;0
51;9;43328;0
51;9;43329;0
51;9;43330;0
51;9;43331;0
51;9;43332;0
51;9;43333;0
51;9;43334;0
51;9;43335;0
51;9;43336;0
51;9;43337;0
51;9;43338;0
51;9;43339;0
51;9;43340;0
51;9;43341;0
51;9;43342;0
51;9;43343;0
51;9;43344;0
51;9;43345;0
51;9;43346;0
51;9;43347;0
51;9;43348;0
51;9;43349;0
51;9;43350;0
51;9;43351;0
51;9;43352;0
51;9;43353;0
51;9;43354;0
51;9;43355;0
51;9;43356;0
51;9;43357;0
51;9;43358;0
51;9;43359;0
51;9;43360;0
51;9;43361;0
51;9;43362;0
51;9;43363;0
51;9;43364;0
51;9;43365;0
51;9;43366;0
51;9;43367;0
51;9;43368;0
51;9;43369;0
51;9;43370;0
51;9;43371;0
51;9;43372;0
51;9;43373;0
51;9;43374;0
51;9;43375;0
51;9;43376;0
51;9;43377;0
51;9;43378;0
51;9;43379;0
51;9;43380;0
51;9;43381;0
51;9;43382;0
51;9;43383;0
51;9;43384;0
51;9;43385;0
51;9;43386;0
51;9;43387;0
51;9;43388;0
51;9;43389;0
51;9;43390;0
51;9;43391;0
51;9;43392;0
51;9;43393;0
51;9;43394;0
51;9;43395;0
51;9;43396;0
51;9;43397;0
51;9;43398;0
51;9;43399;0
51;9;43400;0
51;9;43401;0
51;9;43402;0
51;9;43403;0
51;9;43404;0
51;9;43405;0
51;9;43406;0
51;9;43407;0
51;9;43408;0
51;9;43409;0
51;9;43410;0
51;9;43411;0
51;9;43412;0
51;9;43413;0
51;9;43414;0
51;9;43415;0
51;9;43416;0
51;9;43417;0
51;9;43418;0
51;9;43419;0
51;9;43420;0
51;9;43421;0
51;9;43422;0
51;9;43423;0
51;9;43424;0
51;9;43425;0
51;9;43426;0
51;9;43427;0
51;9;43428;0
51;9;43429;0
51;9;43430;0
51;9;43431;0
51;9;43432;0
51;9;43433;0
51;9;43434;0
51;9;43435;0
51;9;43436;0
51;9;43437;0
51;9;43438;0
51;9;43439;0
51;9;43440;0
51;9;43441;0
51;9;43442;0
51;9;43443;0
51;9;43444;0
51;9;43445;0
51;9;43446;0
51;9;43447;0
51;9;43448;0
51;9;43449;0
51;9;43450;0
51;9;43451;0
51;9;43452;0
51;9;43453;0
51;9;43454;0
51;9;43455;0
51;9;43456;0
51;9;43457;0
51;9;43458;0
51;9;43459;0
51;9;43460;0
51;9;43461;0
51;9;43462;0
51;9;43463;0
51;9;43464;0
51;9;43465;0
51;9;43466;0
51;9;43467;0
51;9;43468;0
51;9;43469;0
51;9;43470;0
51;9;43471;0
51;9;43472;0
51;9;43473;0
51;9;43474;0
51;9;43475;0
51;9;43476;0
51;9;43477;0
51;9;43478;0
51;9;43479;0
51;9;43480;0
51;9;43481;0
51;9;43482;0
51;9;43483;0
51;9;43484;0
51;9;43485;0
51;9;43486;0
51;9;43487;0
51;9;43488;0
51;9;43489;0
51;9;43490;0
51;9;43491;0
51;9;43492;0
51;9;43493;0
51;9;43494;0
51;9;43495;0
51;9;43496;0
51;9;43497;0
51;9;43498;0
51;9;43499;0
51;9;43500;0
51;9;43501;0
51;9;43502;0
51;9;43503;0
51;9;43504;0
51;9;43505;0
51;9;43506;0
51;9;43507;0
51;9;43508;0
51;9;43509;0
51;9;43510;0
51;9;43511;0
51;9;43512;0
51;9;43513;0
51;9;43514;0
51;9;43515;0
51;9;43516;0
51;9;43517;0
51;9;43518;0
51;9;43519;0
51;9;43520;0
51;9;43521;0
51;9;43522;0
51;9;43523;0
51;9;43524;0
51;9;43525;0
51;9;43526;0
51;9;43527;0
51;9;43528;0
51;9;43529;0
51;9;43530;0
51;9;43531;0
51;9;43532;0
51;9;43533;0
51;9;43534;0
51;9;43535;0
51;9;43536;0
51;9;43537;0
51;9;43538;0
51;9;43539;0
51;9;43540;0
51;9;43541;0
51;9;43542;0
51;9;43543;0
51;9;43544;0
51;9;43545;0
51;9;43546;0
51;9;43547;0
51;9;43548;0
51;9;43549;0
51;9;43550;0
51;9;43551;0
51;9;43552;0
51;9;43553;0
51;9;43554;0
51;9;43555;0
51;9;43556;0
51;9;43557;0
51;9;43558;0
51;9;43559;0
51;9;43560;0
51;9;43561;0
51;9;43562;0
51;9;43563;0
51;9;43564;0
51;9;43565;0
51;9;43566;0
51;9;43567;0
51;9;43568;0
51;9;43569;0
51;9;43570;0
51;9;43571;0
51;9;43572;0
51;9;43573;0
51;9;43574;0
51;9;43575;0
51;9;43576;0
51;9;43577;0
51;9;43578;0
51;9;43579;0
51;9;43580;0
51;9;43581;0
51;9;43582;0
51;9;43583;0
51;9;43584;0
51;9;43585;0
51;9;43586;0
51;9;43587;0
51;9;43588;0
51;9;43589;0
51;9;43590;0
51;9;43591;0
51;9;43592;0
51;9;43593;0
51;9;43594;0
51;9;43595;0
51;9;43596;0
51;9;43597;0
51;9;43598;0
51;9;43599;0
51;9;43600;0
51;9;43601;0
51;9;43602;0
51;9;43603;0
51;9;43604;0
51;9;43605;0
51;9;43606;0
51;9;43607;0
51;9;43608;0
51;9;43609;0
51;9;43610;0
51;9;43611;0
51;9;43612;0
51;9;43613;0
51;9;43614;0
51;9;43615;0
51;9;43616;0
51;9;43617;0
51;9;43618;0
51;9;43619;0
51;9;43620;0
51;9;43621;0
51;9;43622;0
51;9;43623;0
51;9;43624;0
51;9;43625;0
51;9;43626;0
51;9;43627;0
51;9;43628;0
51;9;43629;0
51;9;43630;0
51;9;43631;0
51;9;43632;0
51;9;43633;0
51;9;43634;0
51;9;43635;0
51;9;43636;0
51;9;43637;0
51;9;43638;0
51;9;43639;0
51;9;43640;0
51;9;43641;0
51;9;43642;0
51;9;43643;0
51;9;43644;0
51;9;43645;0
51;9;43646;0
51;9;43647;0
51;9;43648;0
51;9;43649;0
51;9;43650;0
51;9;43651;0
51;9;43652;0
51;9;43653;0
51;9;43654;0
51;9;43655;0
51;9;43656;0
51;9;43657;0
51;9;43658;0
51;9;43659;0
51;9;43660;0
51;9;43661;0
51;9;43662;0
51;9;43663;0
51;9;43664;0
51;9;43665;0
51;9;43666;0
51;9;43667;0
51;9;43668;0
51;9;43669;0
51;9;43670;0
51;9;43671;0
51;9;43672;0
51;9;43673;0
51;9;43674;0
51;9;43675;0
51;9;43676;0
51;9;43677;0
51;9;43678;0
51;9;43679;0
51;9;43680;0
51;9;43681;0
51;9;43682;0
51;9;43683;0
51;9;43684;0
51;9;43685;0
51;9;43686;0
51;9;43687;0
51;9;43688;0
51;9;43689;0
51;9;43690;0
51;9;43691;0
51;9;43692;0
51;9;43693;0
51;9;43694;0
51;9;43695;0
51;9;43696;0
51;9;43697;0
51;9;43698;0
51;9;43699;0
51;9;43700;0
51;9;43701;0
51;9;43702;0
51;9;43703;0
51;9;43704;0
51;9;43705;0
51;9;43706;0
51;9;43707;0
51;9;43708;0
51;9;43709;0
51;9;43710;0
51;9;43711;0
51;9;43712;0
51;9;43713;0
51;9;43714;0
51;9;43715;0
51;9;43716;0
51;9;43717;0
51;9;43718;0
51;9;43719;0
51;9;43720;0
51;9;43721;0
51;9;43722;0
51;9;43723;0
51;9;43724;0
51;9;43725;0
51;9;43726;0
51;9;43727;0
51;9;43728;0
51;9;43729;0
51;9;43730;0
51;9;43731;0
51;9;43732;0
51;9;43733;0
51;9;43734;0
51;9;43735;0
51;9;43736;0
51;9;43737;0
51;9;43738;0
51;9;43739;0
51;9;43740;0
51;9;43741;0
51;9;43742;0
51;9;43743;0
51;9;43744;0
51;9;43745;0
51;9;43746;0
51;9;43747;0
51;9;43748;0
51;9;43749;0
51;9;43750;0
51;9;43751;0
51;9;43752;0
51;9;43753;0
51;9;43754;0
51;9;43755;0
51;9;43756;0
51;9;43757;0
51;9;43758;0
51;9;43759;0
51;9;43760;0
51;9;43761;0
51;9;43762;0
51;9;43763;0
51;9;43764;0
51;9;43765;0
51;9;43766;0
51;9;43767;0
51;9;43768;0
51;9;43769;0
51;9;43770;0
51;9;43771;0
51;9;43772;0
51;9;43773;0
51;9;43774;0
51;9;43775;0
51;9;43776;0
51;9;43777;0
51;9;43778;0
51;9;43779;0
51;9;43780;0
51;9;43781;0
51;9;43782;0
51;9;43783;0
51;9;43784;0
51;9;43785;0
51;9;43786;0
51;9;43787;0
51;9;43788;0
51;9;43789;0
51;9;43790;0
51;9;43791;0
51;9;43792;0
51;9;43793;0
51;9;43794;0
51;9;43795;0
51;9;43796;0
51;9;43797;0
51;9;43798;0
51;9;43799;0
51;9;43800;0
51;9;43801;0
51;9;43802;0
51;9;43803;0
51;9;43804;0
51;9;43805;0
51;9;43806;0
51;9;43807;0
51;9;43808;0
51;9;43809;0
51;9;43810;0
51;9;43811;0
51;9;43812;0
51;9;43813;0
51;9;43814;0
51;9;43815;0
51;9;43816;0
51;9;43817;0
51;9;43818;0
51;9;43819;0
51;9;43820;0
51;9;43821;0
51;9;43822;0
51;9;43823;0
51;9;43824;0
51;9;43825;0
51;9;43826;0
51;9;43827;0
51;9;43828;0
51;9;43829;0
51;9;43830;0
51;9;43831;0
51;9;43832;0
51;9;43833;0
51;9;43834;0
51;9;43835;0
51;9;43836;0
51;9;43837;0
51;9;43838;0
51;9;43839;0
51;9;43840;0
51;9;43841;0
51;9;43842;0
51;9;43843;0
51;9;43844;0
51;9;43845;0
51;9;43846;0
51;9;43847;0
51;9;43848;0
51;9;43849;0
51;9;43850;0
51;9;43851;0
51;9;43852;0
51;9;43853;0
51;9;43854;0
51;9;43855;0
51;9;43856;0
51;9;43857;0
51;9;43858;0
51;9;43859;0
51;9;43860;0
51;9;43861;0
51;9;43862;0
51;9;43863;0
51;9;43864;0
51;9;43865;0
51;9;43866;0
51;9;43867;0
51;9;43868;0
51;9;43869;0
51;9;43870;0
51;9;43871;0
51;9;43872;0
51;9;43873;0
51;9;43874;0
51;9;43875;0
51;9;43876;0
51;9;43877;0
51;9;43878;0
51;9;43879;0
51;9;43880;0
51;9;43881;0
51;9;43882;0
51;9;43883;0
51;9;43884;0
51;9;43885;0
51;9;43886;0
51;9;43887;0
51;9;43888;0
51;9;43889;0
51;9;43890;0
51;9;43891;0
51;9;43892;0
51;9;43893;0
51;9;43894;0
51;9;43895;0
51;9;43896;0
51;9;43897;0
51;9;43898;0
51;9;43899;0
51;9;43900;0
51;9;43901;0
51;9;43902;0
51;9;43903;0
51;9;43904;0
51;9;43905;0
51;9;43906;0
51;9;43907;0
51;9;43908;0
51;9;43909;0
51;9;43910;0
51;9;43911;0
51;9;43912;0
51;9;43913;0
51;9;43914;0
51;9;43915;0
51;9;43916;0
51;9;43917;0
51;9;43918;0
51;9;43919;0
51;9;43920;0
51;9;43921;0
51;9;43922;0
51;9;43923;0
51;9;43924;0
51;9;43925;0
51;9;43926;0
51;9;43927;0
51;9;43928;0
51;9;43929;0
51;9;43930;0
51;9;43931;0
51;9;43932;0
51;9;43933;0
51;9;43934;0
51;9;43935;0
51;9;43936;0
51;9;43937;0
51;9;43938;0
51;9;43939;0
51;9;43940;0
51;9;43941;0
51;9;43942;0
51;9;43943;0
51;9;43944;0
51;9;43945;0
51;9;43946;0
51;9;43947;0
51;9;43948;0
51;9;43949;0
51;9;43950;0
51;9;43951;0
51;9;43952;0
51;9;43953;0
51;9;43954;0
51;9;43955;0
51;9;43956;0
51;9;43957;0
51;9;43958;0
51;9;43959;0
51;9;43960;0
51;9;43961;0
51;9;43962;0
51;9;43963;0
51;9;43964;0
51;9;43965;0
51;9;43966;0
51;9;43967;0
51;9;43968;0
51;9;43969;0
51;9;43970;0
51;9;43971;0
51;9;43972;0
51;9;43973;0
51;9;43974;0
51;9;43975;0
51;9;43976;0
51;9;43977;0
51;9;43978;0
51;9;43979;0
51;9;43980;0
51;9;43981;0
51;9;43982;0
51;9;43983;0
51;9;43984;0
51;9;43985;0
51;9;43986;0
51;9;43987;0
51;9;43988;0
51;9;43989;0
51;9;43990;0
51;9;43991;0
51;9;43992;0
51;9;43993;0
51;9;43994;0
51;9;43995;0
51;9;43996;0
51;9;43997;0
51;9;43998;0
51;9;43999;0
51;9;44000;0
51;9;44001;0
51;9;44002;0
51;9;44003;0
51;9;44004;0
51;9;44005;0
51;9;44006;0
51;9;44007;0
51;9;44008;0
51;9;44009;0
51;9;44010;0
51;9;44011;0
51;9;44012;0
51;9;44013;0
51;9;44014;0
51;9;44015;0
51;9;44016;0
51;9;44017;0
51;9;44018;0
51;9;44019;0
51;9;44020;0
51;9;44021;0
51;9;44022;0
51;9;44023;0
51;9;44024;0
51;9;44025;0
51;9;44026;0
51;9;44027;0
51;9;44028;0
51;9;44029;0
51;9;44030;0
51;9;44031;0
51;9;44032;0
51;9;44033;0
51;9;44034;0
51;9;44035;0
51;9;44036;0
51;9;44037;0
51;9;44038;0
51;9;44039;0
51;9;44040;0
51;9;44041;0
51;9;44042;0
51;9;44043;0
51;9;44044;0
51;9;44045;0
51;9;44046;0
51;9;44047;0
51;9;44048;0
51;9;44049;0
51;9;44050;0
51;9;44051;0
51;9;44052;0
51;9;44053;0
51;9;44054;0
51;9;44055;0
51;9;44056;0
51;9;44057;0
51;9;44058;0
51;9;44059;0
51;9;44060;0
51;9;44061;0
51;9;44062;0
51;9;44063;0
51;9;44064;0
51;9;44065;0
51;9;44066;0
51;9;44067;0
51;9;44068;0
51;9;44069;0
51;9;44070;0
51;9;44071;0
51;9;44072;0
51;9;44073;0
51;9;44074;0
51;9;44075;0
51;9;44076;0
51;9;44077;0
51;9;44078;0
51;9;44079;0
51;9;44080;0
51;9;44081;0
51;9;44082;0
51;9;44083;0
51;9;44084;0
51;9;44085;0
51;9;44086;0
51;9;44087;0
51;9;44088;0
51;9;44089;0
51;9;44090;0
51;9;44091;0
51;9;44092;0
51;9;44093;0
51;9;44094;0
51;9;44095;0
51;9;44096;0
51;9;44097;0
51;9;44098;0
51;9;44099;0
51;9;44100;0
51;9;44101;0
51;9;44102;0
51;9;44103;0
51;9;44104;0
51;9;44105;0
51;9;44106;0
51;9;44107;0
51;9;44108;0
51;9;44109;0
51;9;44110;0
51;9;44111;0
51;9;44112;0
51;9;44113;0
51;9;44114;0
51;9;44115;0
51;9;44116;0
51;9;44117;0
51;9;44118;0
51;9;44119;0
51;9;44120;0
51;9;44121;0
51;9;44122;0
51;9;44123;0
51;9;44124;0
51;9;44125;0
51;9;44126;0
51;9;44127;0
51;9;44128;0
51;9;44129;0
51;9;44130;0
51;9;44131;0
51;9;44132;0
51;9;44133;0
51;9;44134;0
51;9;44135;0
51;9;44136;0
51;9;44137;0
51;9;44138;0
51;9;44139;0
51;9;44140;0
51;9;44141;0
51;9;44142;0
51;9;44143;0
51;9;44144;0
51;9;44145;0
51;9;44146;0
51;9;44147;0
51;9;44148;0
51;9;44149;0
51;9;44150;0
51;9;44151;0
51;9;44152;0
51;9;44153;0
51;9;44154;0
51;9;44155;0
51;9;44156;0
51;9;44157;0
51;9;44158;0
51;9;44159;0
51;9;44160;0
51;9;44161;0
51;9;44162;0
51;9;44163;0
51;9;44164;0
51;9;44165;0
51;9;44166;0
51;9;44167;0
51;9;44168;0
51;9;44169;0
51;9;44170;0
51;9;44171;0
51;9;44172;0
51;9;44173;0
51;9;44174;0
51;9;44175;0
51;9;44176;0
51;9;44177;0
51;9;44178;0
51;9;44179;0
51;9;44180;0
51;9;44181;0
51;9;44182;0
51;9;44183;0
51;9;44184;0
51;9;44185;0
51;9;44186;0
51;9;44187;0
51;9;44188;0
51;9;44189;0
51;9;44190;0
51;9;44191;0
51;9;44192;0
51;9;44193;0
51;9;44194;0
51;9;44195;0
51;9;44196;0
51;9;44197;0
51;9;44198;0
51;9;44199;0
51;9;44200;0
51;9;44201;0
51;9;44202;0
51;9;44203;0
51;9;44204;0
51;9;44205;0
51;9;44206;0
51;9;44207;0
51;9;44208;0
51;9;44209;0
51;9;44210;0
51;9;44211;0
51;9;44212;0
51;9;44213;0
51;9;44214;0
51;9;44215;0
51;9;44216;0
51;9;44217;0
51;9;44218;0
51;9;44219;0
51;9;44220;0
51;9;44221;0
51;9;44222;0
51;9;44223;0
51;9;44224;0
51;9;44225;0
51;9;44226;0
51;9;44227;0
51;9;44228;0
51;9;44229;0
51;9;44230;0
51;9;44231;0
51;9;44232;0
51;9;44233;0
51;9;44234;0
51;9;44235;0
51;9;44236;0
51;9;44237;0
51;9;44238;0
51;9;44239;0
51;9;44240;0
51;9;44241;0
51;9;44242;0
51;9;44243;0
51;9;44244;0
51;9;44245;0
51;9;44246;0
51;9;44247;0
51;9;44248;0
51;9;44249;0
51;9;44250;0
51;9;44251;0
51;9;44252;0
51;9;44253;0
51;9;44254;0
51;9;44255;0
51;9;44256;0
51;9;44257;0
51;9;44258;0
51;9;44259;0
51;9;44260;0
51;9;44261;0
51;9;44262;0
51;9;44263;0
51;9;44264;0
51;9;44265;0
51;9;44266;0
51;9;44267;0
51;9;44268;0
51;9;44269;0
51;9;44270;0
51;9;44271;0
51;9;44272;0
51;9;44273;0
51;9;44274;0
51;9;44275;0
51;9;44276;0
51;9;44277;0
51;9;44278;0
51;9;44279;0
51;9;44280;0
51;9;44281;0
51;9;44282;0
51;9;44283;0
51;9;44284;0
51;9;44285;0
51;9;44286;0
51;9;44287;0
51;9;44288;0
51;9;44289;0
51;9;44290;0
51;9;44291;0
51;9;44292;0
51;9;44293;0
51;9;44294;0
51;9;44295;0
51;9;44296;0
51;9;44297;0
51;9;44298;0
51;9;44299;0
51;9;44300;0
51;9;44301;0
51;9;44302;0
51;9;44303;0
51;9;44304;0
51;9;44305;0
51;9;44306;0
51;9;44307;0
51;9;44308;0
51;9;44309;0
51;9;44310;0
51;9;44311;0
51;9;44312;0
51;9;44313;0
51;9;44314;0
51;9;44315;0
51;9;44316;0
51;9;44317;0
51;9;44318;0
51;9;44319;0
51;9;44320;0
51;9;44321;0
51;9;44322;0
51;9;44323;0
51;9;44324;0
51;9;44325;0
51;9;44326;0
51;9;44327;0
51;9;44328;0
51;9;44329;0
51;9;44330;0
51;9;44331;0
51;9;44332;0
51;9;44333;0
51;9;44334;0
51;9;44335;0
51;9;44336;0
51;9;44337;0
51;9;44338;0
51;9;44339;0
51;9;44340;0
51;9;44341;0
51;9;44342;0
51;9;44343;0
51;9;44344;0
51;9;44345;0
51;9;44346;0
51;9;44347;0
51;9;44348;0
51;9;44349;0
51;9;44350;0
51;9;44351;0
51;9;44352;0
51;9;44353;0
51;9;44354;0
51;9;44355;0
51;9;44356;0
51;9;44357;0
51;9;44358;0
51;9;44359;0
51;9;44360;0
51;9;44361;0
51;9;44362;0
51;9;44363;0
51;9;44364;0
51;9;44365;0
51;9;44366;0
51;9;44367;0
51;9;44368;0
51;9;44369;0
51;9;44370;0
51;9;44371;0
51;9;44372;0
51;9;44373;0
51;9;44374;0
51;9;44375;0
51;9;44376;0
51;9;44377;0
51;9;44378;0
51;9;44379;0
51;9;44380;0
51;9;44381;0
51;9;44382;0
51;9;44383;0
51;9;44384;0
51;9;44385;0
51;9;44386;0
51;9;44387;0
51;9;44388;0
51;9;44389;0
51;9;44390;0
51;9;44391;0
51;9;44392;0
51;9;44393;0
51;9;44394;0
51;9;44395;0
51;9;44396;0
51;9;44397;0
51;9;44398;0
51;9;44399;0
51;9;44400;0
51;9;44401;0
51;9;44402;0
51;9;44403;0
51;9;44404;0
51;9;44405;0
51;9;44406;0
51;9;44407;0
51;9;44408;0
51;9;44409;0
51;9;44410;0
51;9;44411;0
51;9;44412;0
51;9;44413;0
51;9;44414;0
51;9;44415;0
51;9;44416;0
51;9;44417;0
51;9;44418;0
51;9;44419;0
51;9;44420;0
51;9;44421;0
51;9;44422;0
51;9;44423;0
51;9;44424;0
51;9;44425;0
51;9;44426;0
51;9;44427;0
51;9;44428;0
51;9;44429;0
51;9;44430;0
51;9;44431;0
51;9;44432;0
51;9;44433;0
51;9;44434;0
51;9;44435;0
51;9;44436;0
51;9;44437;0
51;9;44438;0
51;9;44439;0
51;9;44440;0
51;9;44441;0
51;9;44442;0
51;9;44443;0
51;9;44444;0
51;9;44445;0
51;9;44446;0
51;9;44447;0
51;9;44448;0
51;9;44449;0
51;9;44450;0
51;9;44451;0
51;9;44452;0
51;9;44453;0
51;9;44454;0
51;9;44455;0
51;9;44456;0
51;9;44457;0
51;9;44458;0
51;9;44459;0
51;9;44460;0
51;9;44461;0
51;9;44462;0
51;9;44463;0
51;9;44464;0
51;9;44465;0
51;9;44466;0
51;9;44467;0
51;9;44468;0
51;9;44469;0
51;9;44470;0
51;9;44471;0
51;9;44472;0
51;9;44473;0
51;9;44474;0
51;9;44475;0
51;9;44476;0
51;9;44477;0
51;9;44478;0
51;9;44479;0
51;9;44480;0
51;9;44481;0
51;9;44482;0
51;9;44483;0
51;9;44484;0
51;9;44485;0
51;9;44486;0
51;9;44487;0
51;9;44488;0
51;9;44489;0
51;9;44490;0
51;9;44491;0
51;9;44492;0
51;9;44493;0
51;9;44494;0
51;9;44495;0
51;9;44496;0
51;9;44497;0
51;9;44498;0
51;9;44499;0
51;9;44500;0
51;9;44501;0
51;9;44502;0
51;9;44503;0
51;9;44504;0
51;9;44505;0
51;9;44506;0
51;9;44507;0
51;9;44508;0
51;9;44509;0
51;9;44510;0
51;9;44511;0
51;9;44512;0
51;9;44513;0
51;9;44514;0
51;9;44515;0
51;9;44516;0
51;9;44517;0
51;9;44518;0
51;9;44519;0
51;9;44520;0
51;9;44521;0
51;9;44522;0
51;9;44523;0
51;9;44524;0
51;9;44525;0
51;9;44526;0
51;9;44527;0
51;9;44528;0
51;9;44529;0
51;9;44530;0
51;9;44531;0
51;9;44532;0
51;9;44533;0
51;9;44534;0
51;9;44535;0
51;9;44536;0
51;9;44537;0
51;9;44538;0
51;9;44539;0
51;9;44540;0
51;9;44541;0
51;9;44542;0
51;9;44543;0
51;9;44544;0
51;9;44545;0
51;9;44546;0
51;9;44547;0
51;9;44548;0
51;9;44549;0
51;9;44550;0
51;9;44551;0
51;9;44552;0
51;9;44553;0
51;9;44554;0
51;9;44555;0
51;9;44556;0
51;9;44557;0
51;9;44558;0
51;9;44559;0
51;9;44560;0
51;9;44561;0
51;9;44562;0
51;9;44563;0
51;9;44564;0
51;9;44565;0
51;9;44566;0
51;9;44567;0
51;9;44568;0
51;9;44569;0
51;9;44570;0
51;9;44571;0
51;9;44572;0
51;9;44573;0
51;9;44574;0
51;9;44575;0
51;9;44576;0
51;9;44577;0
51;9;44578;0
51;9;44579;0
51;9;44580;0
51;9;44581;0
51;9;44582;0
51;9;44583;0
51;9;44584;0
51;9;44585;0
51;9;44586;0
51;9;44587;0
51;9;44588;0
51;9;44589;0
51;9;44590;0
51;9;44591;0
51;9;44592;0
51;9;44593;0
51;9;44594;0
51;9;44595;0
51;9;44596;0
51;9;44597;0
51;9;44598;0
51;9;44599;0
51;9;44600;0
51;9;44601;0
51;9;44602;0
51;9;44603;0
51;9;44604;0
51;9;44605;0
51;9;44606;0
51;9;44607;0
51;9;44608;0
51;9;44609;0
51;9;44610;0
51;9;44611;0
51;9;44612;0
51;9;44613;0
51;9;44614;0
51;9;44615;0
51;9;44616;0
51;9;44617;0
51;9;44618;0
51;9;44619;0
51;9;44620;0
51;9;44621;0
51;9;44622;0
51;9;44623;0
51;9;44624;0
51;9;44625;0
51;9;44626;0
51;9;44627;0
51;9;44628;0
51;9;44629;0
51;9;44630;0
51;9;44631;0
51;9;44632;0
51;9;44633;0
51;9;44634;0
51;9;44635;0
51;9;44636;0
51;9;44637;0
51;9;44638;0
51;9;44639;0
51;9;44640;0
51;9;44641;0
51;9;44642;0
51;9;44643;0
51;9;44644;0
51;9;44645;0
51;9;44646;0
51;9;44647;0
51;9;44648;0
51;9;44649;0
51;9;44650;0
51;9;44651;0
51;9;44652;0
51;9;44653;0
51;9;44654;0
51;9;44655;0
51;9;44656;0
51;9;44657;0
51;9;44658;0
51;9;44659;0
51;9;44660;0
51;9;44661;0
51;9;44662;0
51;9;44663;0
51;9;44664;0
51;9;44665;0
51;9;44666;0
51;9;44667;0
51;9;44668;0
51;9;44669;0
51;9;44670;0
51;9;44671;0
51;9;44672;0
51;9;44673;0
51;9;44674;0
51;9;44675;0
51;9;44676;0
51;9;44677;0
51;9;44678;0
51;9;44679;0
51;9;44680;0
51;9;44681;0
51;9;44682;0
51;9;44683;0
51;9;44684;0
51;9;44685;0
51;9;44686;0
51;9;44687;0
51;9;44688;0
51;9;44689;0
51;9;44690;0
51;9;44691;0
51;9;44692;0
51;9;44693;0
51;9;44694;0
51;9;44695;0
51;9;44696;0
51;9;44697;0
51;9;44698;0
51;9;44699;0
51;9;44700;0
51;9;44701;0
51;9;44702;0
51;9;44703;0
51;9;44704;0
51;9;44705;0
51;9;44706;0
51;9;44707;0
51;9;44708;0
51;9;44709;0
51;9;44710;0
51;9;44711;0
51;9;44712;0
51;9;44713;0
51;9;44714;0
51;9;44715;0
51;9;44716;0
51;9;44717;0
51;9;44718;0
51;9;44719;0
51;9;44720;0
51;9;44721;0
51;9;44722;0
51;9;44723;0
51;9;44724;0
51;9;44725;0
51;9;44726;0
51;9;44727;0
51;9;44728;0
51;9;44729;0
51;9;44730;0
51;9;44731;0
51;9;44732;0
51;9;44733;0
51;9;44734;0
51;9;44735;0
51;9;44736;0
51;9;44737;0
51;9;44738;0
51;9;44739;0
51;9;44740;0
51;9;44741;0
51;9;44742;0
51;9;44743;0
51;9;44744;0
51;9;44745;0
51;9;44746;0
51;9;44747;0
51;9;44748;0
51;9;44749;0
51;9;44750;0
51;9;44751;0
51;9;44752;0
51;9;44753;0
51;9;44754;0
51;9;44755;0
51;9;44756;0
51;9;44757;0
51;9;44758;0
51;9;44759;0
51;9;44760;0
51;9;44761;0
51;9;44762;0
51;9;44763;0
51;9;44764;0
51;9;44765;0
51;9;44766;0
51;9;44767;0
51;9;44768;0
51;9;44769;0
51;9;44770;0
51;9;44771;0
51;9;44772;0
51;9;44773;0
51;9;44774;0
51;9;44775;0
51;9;44776;0
51;9;44777;0
51;9;44778;0
51;9;44779;0
51;9;44780;0
51;9;44781;0
51;9;44782;0
51;9;44783;0
51;9;44784;0
51;9;44785;0
51;9;44786;0
51;9;44787;0
51;9;44788;0
51;9;44789;0
51;9;44790;0
51;9;44791;0
51;9;44792;0
51;9;44793;0
51;9;44794;0
51;9;44795;0
51;9;44796;0
51;9;44797;0
51;9;44798;0
51;9;44799;0
51;9;44800;0
51;9;44801;0
51;9;44802;0
51;9;44803;0
51;9;44804;0
51;9;44805;0
51;9;44806;0
51;9;44807;0
51;9;44808;0
51;9;44809;0
51;9;44810;0
51;9;44811;0
51;9;44812;0
51;9;44813;0
51;9;44814;0
51;9;44815;0
51;9;44816;0
51;9;44817;0
51;9;44818;0
51;9;44819;0
51;9;44820;0
51;9;44821;0
51;9;44822;0
51;9;44823;0
51;9;44824;0
51;9;44825;0
51;9;44826;0
51;9;44827;0
51;9;44828;0
51;9;44829;0
51;9;44830;0
51;9;44831;0
51;9;44832;0
51;9;44833;0
51;9;44834;0
51;9;44835;0
51;9;44836;0
51;9;44837;0
51;9;44838;0
51;9;44839;0
51;9;44840;0
51;9;44841;0
51;9;44842;0
51;9;44843;0
51;9;44844;0
51;9;44845;0
51;9;44846;0
51;9;44847;0
51;9;44848;0
51;9;44849;0
51;9;44850;0
51;9;44851;0
51;9;44852;0
51;9;44853;0
51;9;44854;0
51;9;44855;0
51;9;44856;0
51;9;44857;0
51;9;44858;0
51;9;44859;0
51;9;44860;0
51;9;44861;0
51;9;44862;0
51;9;44863;0
51;9;44864;0
51;9;44865;0
51;9;44866;0
51;9;44867;0
51;9;44868;0
51;9;44869;0
51;9;44870;0
51;9;44871;0
51;9;44872;0
51;9;44873;0
51;9;44874;0
51;9;44875;0
51;9;44876;0
51;9;44877;0
51;9;44878;0
51;9;44879;0
51;9;44880;0
51;9;44881;0
51;9;44882;0
51;9;44883;0
51;9;44884;0
51;9;44885;0
51;9;44886;0
51;9;44887;0
51;9;44888;0
51;9;44889;0
51;9;44890;0
51;9;44891;0
51;9;44892;0
51;9;44893;0
51;9;44894;0
51;9;44895;0
51;9;44896;0
51;9;44897;0
51;9;44898;0
51;9;44899;0
51;9;44900;0
51;9;44901;0
51;9;44902;0
51;9;44903;0
51;9;44904;0
51;9;44905;0
51;9;44906;0
51;9;44907;0
51;9;44908;0
51;9;44909;0
51;9;44910;0
51;9;44911;0
51;9;44912;0
51;9;44913;0
51;9;44914;0
51;9;44915;0
51;9;44916;0
51;9;44917;0
51;9;44918;0
51;9;44919;0
51;9;44920;0
51;9;44921;0
51;9;44922;0
51;9;44923;0
51;9;44924;0
51;9;44925;0
51;9;44926;0
51;9;44927;0
51;9;44928;0
51;9;44929;0
51;9;44930;0
51;9;44931;0
51;9;44932;0
51;9;44933;0
51;9;44934;0
51;9;44935;0
51;9;44936;0
51;9;44937;0
51;9;44938;0
51;9;44939;0
51;9;44940;0
51;9;44941;0
51;9;44942;0
51;9;44943;0
51;9;44944;0
51;9;44945;0
51;9;44946;0
51;9;44947;0
51;9;44948;0
51;9;44949;0
51;9;44950;0
51;9;44951;0
51;9;44952;0
51;9;44953;0
51;9;44954;0
51;9;44955;0
51;9;44956;0
51;9;44957;0
51;9;44958;0
51;9;44959;0
51;9;44960;0
51;9;44961;0
51;9;44962;0
51;9;44963;0
51;9;44964;0
51;9;44965;0
51;9;44966;0
51;9;44967;0
51;9;44968;0
51;9;44969;0
51;9;44970;0
51;9;44971;0
51;9;44972;0
51;9;44973;0
51;9;44974;0
51;9;44975;0
51;9;44976;0
51;9;44977;0
51;9;44978;0
51;9;44979;0
51;9;44980;0
51;9;44981;0
51;9;44982;0
51;9;44983;0
51;9;44984;0
51;9;44985;0
51;9;44986;0
51;9;44987;0
51;9;44988;0
51;9;44989;0
51;9;44990;0
51;9;44991;0
51;9;44992;0
51;9;44993;0
51;9;44994;0
51;9;44995;0
51;9;44996;0
51;9;44997;0
51;9;44998;0
51;9;44999;0
51;9;45000;0
51;9;45001;0
51;9;45002;0
51;9;45003;0
51;9;45004;0
51;9;45005;0
51;9;45006;0
51;9;45007;0
51;9;45008;0
51;9;45009;0
51;9;45010;0
51;9;45011;0
51;9;45012;0
51;9;45013;0
51;9;45014;0
51;9;45015;0
51;9;45016;0
51;9;45017;0
51;9;45018;0
51;9;45019;0
51;9;45020;0
51;9;45021;0
51;9;45022;0
51;9;45023;0
51;9;45024;0
51;9;45025;0
51;9;45026;0
51;9;45027;0
51;9;45028;0
51;9;45029;0
51;9;45030;0
51;9;45031;0
51;9;45032;0
51;9;45033;0
51;9;45034;0
51;9;45035;0
51;9;45036;0
51;9;45037;0
51;9;45038;0
51;9;45039;0
51;9;45040;0
51;9;45041;0
51;9;45042;0
51;9;45043;0
51;9;45044;0
51;9;45045;0
51;9;45046;0
51;9;45047;0
51;9;45048;0
51;9;45049;0
51;9;45050;0
51;9;45051;0
51;9;45052;0
51;9;45053;0
51;9;45054;0
51;9;45055;0
51;9;45056;0
51;9;45057;0
51;9;45058;0
51;9;45059;0
51;9;45060;0
51;9;45061;0
51;9;45062;0
51;9;45063;0
51;9;45064;0
51;9;45065;0
51;9;45066;0
51;9;45067;0
51;9;45068;0
51;9;45069;0
51;9;45070;0
51;9;45071;0
51;9;45072;0
51;9;45073;0
51;9;45074;0
51;9;45075;0
51;9;45076;0
51;9;45077;0
51;9;45078;0
51;9;45079;0
51;9;45080;0
51;9;45081;0
51;9;45082;0
51;9;45083;0
51;9;45084;0
51;9;45085;0
51;9;45086;0
51;9;45087;0
51;9;45088;0
51;9;45089;0
51;9;45090;0
51;9;45091;0
51;9;45092;0
51;9;45093;0
51;9;45094;0
51;9;45095;0
51;9;45096;0
51;9;45097;0
51;9;45098;0
51;9;45099;0
51;9;45100;0
51;9;45101;0
51;9;45102;0
51;9;45103;0
51;9;45104;0
51;9;45105;0
51;9;45106;0
51;9;45107;0
51;9;45108;0
51;9;45109;0
51;9;45110;0
51;9;45111;0
51;9;45112;0
51;9;45113;0
51;9;45114;0
51;9;45115;0
51;9;45116;0
51;9;45117;0
51;9;45118;0
51;9;45119;0
51;9;45120;0
51;9;45121;0
51;9;45122;0
51;9;45123;0
51;9;45124;0
51;9;45125;0
51;9;45126;0
51;9;45127;0
51;9;45128;0
51;9;45129;0
51;9;45130;0
51;9;45131;0
51;9;45132;0
51;9;45133;0
51;9;45134;0
51;9;45135;0
51;9;45136;0
51;9;45137;0
51;9;45138;0
51;9;45139;0
51;9;45140;0
51;9;45141;0
51;9;45142;0
51;9;45143;0
51;9;45144;0
51;9;45145;0
51;9;45146;0
51;9;45147;0
51;9;45148;0
51;9;45149;0
51;9;45150;0
51;9;45151;0
51;9;45152;0
51;9;45153;0
51;9;45154;0
51;9;45155;0
51;9;45156;0
51;9;45157;0
51;9;45158;0
51;9;45159;0
51;9;45160;0
51;9;45161;0
51;9;45162;0
51;9;45163;0
51;9;45164;0
51;9;45165;0
51;9;45166;0
51;9;45167;0
51;9;45168;0
51;9;45169;0
51;9;45170;0
51;9;45171;0
51;9;45172;0
51;9;45173;0
51;9;45174;0
51;9;45175;0
51;9;45176;0
51;9;45177;0
51;9;45178;0
51;9;45179;0
51;9;45180;0
51;9;45181;0
51;9;45182;0
51;9;45183;0
51;9;45184;0
51;9;45185;0
51;9;45186;0
51;9;45187;0
51;9;45188;0
51;9;45189;0
51;9;45190;0
51;9;45191;0
51;9;45192;0
51;9;45193;0
51;9;45194;0
51;9;45195;0
51;9;45196;0
51;9;45197;0
51;9;45198;0
51;9;45199;0
51;9;45200;0
51;9;45201;0
51;9;45202;0
51;9;45203;0
51;9;45204;0
51;9;45205;0
51;9;45206;0
51;9;45207;0
51;9;45208;0
51;9;45209;0
51;9;45210;0
51;9;45211;0
51;9;45212;0
51;9;45213;0
51;9;45214;0
51;9;45215;0
51;9;45216;0
51;9;45217;0
51;9;45218;0
51;9;45219;0
51;9;45220;0
51;9;45221;0
51;9;45222;0
51;9;45223;0
51;9;45224;0
51;9;45225;0
51;9;45226;0
51;9;45227;0
51;9;45228;0
51;9;45229;0
51;9;45230;0
51;9;45231;0
51;9;45232;0
51;9;45233;0
51;9;45234;0
51;9;45235;0
51;9;45236;0
51;9;45237;0
51;9;45238;0
51;9;45239;0
51;9;45240;0
51;9;45241;0
51;9;45242;0
51;9;45243;0
51;9;45244;0
51;9;45245;0
51;9;45246;0
51;9;45247;0
51;9;45248;0
51;9;45249;0
51;9;45250;0
51;9;45251;0
51;9;45252;0
51;9;45253;0
51;9;45254;0
51;9;45255;0
51;9;45256;0
51;9;45257;0
51;9;45258;0
51;9;45259;0
51;9;45260;0
51;9;45261;0
51;9;45262;0
51;9;45263;0
51;9;45264;0
51;9;45265;0
51;9;45266;0
51;9;45267;0
51;9;45268;0
51;9;45269;0
51;9;45270;0
51;9;45271;0
51;9;45272;0
51;9;45273;0
51;9;45274;0
51;9;45275;0
51;9;45276;0
51;9;45277;0
51;9;45278;0
51;9;45279;0
51;9;45280;0
51;9;45281;0
51;9;45282;0
51;9;45283;0
51;9;45284;0
51;9;45285;0
51;9;45286;0
51;9;45287;0
51;9;45288;0
51;9;45289;0
51;9;45290;0
51;9;45291;0
51;9;45292;0
51;9;45293;0
51;9;45294;0
51;9;45295;0
51;9;45296;0
51;9;45297;0
51;9;45298;0
51;9;45299;0
51;9;45300;0
51;9;45301;0
51;9;45302;0
51;9;45303;0
51;9;45304;0
51;9;45305;0
51;9;45306;0
51;9;45307;0
51;9;45308;0
51;9;45309;0
51;9;45310;0
51;9;45311;0
51;9;45312;0
51;9;45313;0
51;9;45314;0
51;9;45315;0
51;9;45316;0
51;9;45317;0
51;9;45318;0
51;9;45319;0
51;9;45320;0
51;9;45321;0
51;9;45322;0
51;9;45323;0
51;9;45324;0
51;9;45325;0
51;9;45326;0
51;9;45327;0
51;9;45328;0
51;9;45329;0
51;9;45330;0
51;9;45331;0
51;9;45332;0
51;9;45333;0
51;9;45334;0
51;9;45335;0
51;9;45336;0
51;9;45337;0
51;9;45338;0
51;9;45339;0
51;9;45340;0
51;9;45341;0
51;9;45342;0
51;9;45343;0
51;9;45344;0
51;9;45345;0
51;9;45346;0
51;9;45347;0
51;9;45348;0
51;9;45349;0
51;9;45350;0
51;9;45351;0
51;9;45352;0
51;9;45353;0
51;9;45354;0
51;9;45355;0
51;9;45356;0
51;9;45357;0
51;9;45358;0
51;9;45359;0
51;9;45360;0
51;9;45361;0
51;9;45362;0
51;9;45363;0
51;9;45364;0
51;9;45365;0
51;9;45366;0
51;9;45367;0
51;9;45368;0
51;9;45369;0
51;9;45370;0
51;9;45371;0
51;9;45372;0
51;9;45373;0
51;9;45374;0
51;9;45375;0
51;9;45376;0
51;9;45377;0
51;9;45378;0
51;9;45379;0
51;9;45380;0
51;9;45381;0
51;9;45382;0
51;9;45383;0
51;9;45384;0
51;9;45385;0
51;9;45386;0
51;9;45387;0
51;9;45388;0
51;9;45389;0
51;9;45390;0
51;9;45391;0
51;9;45392;0
51;9;45393;0
51;9;45394;0
51;9;45395;0
51;9;45396;0
51;9;45397;0
51;9;45398;0
51;9;45399;0
51;9;45400;0
51;9;45401;0
51;9;45402;0
51;9;45403;0
51;9;45404;0
51;9;45405;0
51;9;45406;0
51;9;45407;0
51;9;45408;0
51;9;45409;0
51;9;45410;0
51;9;45411;0
51;9;45412;0
51;9;45413;0
51;9;45414;0
51;9;45415;0
51;9;45416;0
51;9;45417;0
51;9;45418;0
51;9;45419;0
51;9;45420;0
51;9;45421;0
51;9;45422;0
51;9;45423;0
51;9;45424;0
51;9;45425;0
51;9;45426;0
51;9;45427;0
51;9;45428;0
51;9;45429;0
51;9;45430;0
51;9;45431;0
51;9;45432;0
51;9;45433;0
51;9;45434;0
51;9;45435;0
51;9;45436;0
51;9;45437;0
51;9;45438;0
51;9;45439;0
51;9;45440;0
51;9;45441;0
51;9;45442;0
51;9;45443;0
51;9;45444;0
51;9;45445;0
51;9;45446;0
51;9;45447;0
51;9;45448;0
51;9;45449;0
51;9;45450;0
51;9;45451;0
51;9;45452;0
51;9;45453;0
51;9;45454;0
51;9;45455;0
51;9;45456;0
51;9;45457;0
51;9;45458;0
51;9;45459;0
51;9;45460;0
51;9;45461;0
51;9;45462;0
51;9;45463;0
51;9;45464;0
51;9;45465;0
51;9;45466;0
51;9;45467;0
51;9;45468;0
51;9;45469;0
51;9;45470;0
51;9;45471;0
51;9;45472;0
51;9;45473;0
51;9;45474;0
51;9;45475;0
51;9;45476;0
51;9;45477;0
51;9;45478;0
51;9;45479;0
51;9;45480;0
51;9;45481;0
51;9;45482;0
51;9;45483;0
51;9;45484;0
51;9;45485;0
51;9;45486;0
51;9;45487;0
51;9;45488;0
51;9;45489;0
51;9;45490;0
51;9;45491;0
51;9;45492;0
51;9;45493;0
51;9;45494;0
51;9;45495;0
51;9;45496;0
51;9;45497;0
51;9;45498;0
51;9;45499;0
51;9;45500;0
51;9;45501;0
51;9;45502;0
51;9;45503;0
51;9;45504;0
51;9;45505;0
51;9;45506;0
51;9;45507;0
51;9;45508;0
51;9;45509;0
51;9;45510;0
51;9;45511;0
51;9;45512;0
51;9;45513;0
51;9;45514;0
51;9;45515;0
51;9;45516;0
51;9;45517;0
51;9;45518;0
51;9;45519;0
51;9;45520;0
51;9;45521;0
51;9;45522;0
51;9;45523;0
51;9;45524;0
51;9;45525;0
51;9;45526;0
51;9;45527;0
51;9;45528;0
51;9;45529;0
51;9;45530;0
51;9;45531;0
51;9;45532;0
51;9;45533;0
51;9;45534;0
51;9;45535;0
51;9;45536;0
51;9;45537;0
51;9;45538;0
51;9;45539;0
51;9;45540;0
51;9;45541;0
51;9;45542;0
51;9;45543;0
51;9;45544;0
51;9;45545;0
51;9;45546;0
51;9;45547;0
51;9;45548;0
51;9;45549;0
51;9;45550;0
51;9;45551;0
51;9;45552;0
51;9;45553;0
51;9;45554;0
51;9;45555;0
51;9;45556;0
51;9;45557;0
51;9;45558;0
51;9;45559;0
51;9;45560;0
51;9;45561;0
51;9;45562;0
51;9;45563;0
51;9;45564;0
51;9;45565;0
51;9;45566;0
51;9;45567;0
51;9;45568;0
51;9;45569;0
51;9;45570;0
51;9;45571;0
51;9;45572;0
51;9;45573;0
51;9;45574;0
51;9;45575;0
51;9;45576;0
51;9;45577;0
51;9;45578;0
51;9;45579;0
51;9;45580;0
51;9;45581;0
51;9;45582;0
51;9;45583;0
51;9;45584;0
51;9;45585;0
51;9;45586;0
51;9;45587;0
51;9;45588;0
51;9;45589;0
51;9;45590;0
51;9;45591;0
51;9;45592;0
51;9;45593;0
51;9;45594;0
51;9;45595;0
51;9;45596;0
51;9;45597;0
51;9;45598;0
51;9;45599;0
51;9;45600;0
51;9;45601;0
51;9;45602;0
51;9;45603;0
51;9;45604;0
51;9;45605;0
51;9;45606;0
51;9;45607;0
51;9;45608;0
51;9;45609;0
51;9;45610;0
51;9;45611;0
51;9;45612;0
51;9;45613;0
51;9;45614;0
51;9;45615;0
51;9;45616;0
51;9;45617;0
51;9;45618;0
51;9;45619;0
51;9;45620;0
51;9;45621;0
51;9;45622;0
51;9;45623;0
51;9;45624;0
51;9;45625;0
51;9;45626;0
51;9;45627;0
51;9;45628;0
51;9;45629;0
51;9;45630;0
51;9;45631;0
51;9;45632;0
51;9;45633;0
51;9;45634;0
51;9;45635;0
51;9;45636;0
51;9;45637;0
51;9;45638;0
51;9;45639;0
51;9;45640;0
51;9;45641;0
51;9;45642;0
51;9;45643;0
51;9;45644;0
51;9;45645;0
51;9;45646;0
51;9;45647;0
51;9;45648;0
51;9;45649;0
51;9;45650;0
51;9;45651;0
51;9;45652;0
51;9;45653;0
51;9;45654;0
51;9;45655;0
51;9;45656;0
51;9;45657;0
51;9;45658;0
51;9;45659;0
51;9;45660;0
51;9;45661;0
51;9;45662;0
51;9;45663;0
51;9;45664;0
51;9;45665;0
51;9;45666;0
51;9;45667;0
51;9;45668;0
51;9;45669;0
51;9;45670;0
51;9;45671;0
51;9;45672;0
51;9;45673;0
51;9;45674;0
51;9;45675;0
51;9;45676;0
51;9;45677;0
51;9;45678;0
51;9;45679;0
51;9;45680;0
51;9;45681;0
51;9;45682;0
51;9;45683;0
51;9;45684;0
51;9;45685;0
51;9;45686;0
51;9;45687;0
51;9;45688;0
51;9;45689;0
51;9;45690;0
51;9;45691;0
51;9;45692;0
51;9;45693;0
51;9;45694;0
51;9;45695;0
51;9;45696;0
51;9;45697;0
51;9;45698;0
51;9;45699;0
51;9;45700;0
51;9;45701;0
51;9;45702;0
51;9;45703;0
51;9;45704;0
51;9;45705;0
51;9;45706;0
51;9;45707;0
51;9;45708;0
51;9;45709;0
51;9;45710;0
51;9;45711;0
51;9;45712;0
51;9;45713;0
51;9;45714;0
51;9;45715;0
51;9;45716;0
51;9;45717;0
51;9;45718;0
51;9;45719;0
51;9;45720;0
51;9;45721;0
51;9;45722;0
51;9;45723;0
51;9;45724;0
51;9;45725;0
51;9;45726;0
51;9;45727;0
51;9;45728;0
51;9;45729;0
51;9;45730;0
51;9;45731;0
51;9;45732;0
51;9;45733;0
51;9;45734;0
51;9;45735;0
51;9;45736;0
51;9;45737;0
51;9;45738;0
51;9;45739;0
51;9;45740;0
51;9;45741;0
51;9;45742;0
51;9;45743;0
51;9;45744;0
51;9;45745;0
51;9;45746;0
51;9;45747;0
51;9;45748;0
51;9;45749;0
51;9;45750;0
51;9;45751;0
51;9;45752;0
51;9;45753;0
51;9;45754;0
51;9;45755;0
51;9;45756;0
51;9;45757;0
51;9;45758;0
51;9;45759;0
51;9;45760;0
51;9;45761;0
51;9;45762;0
51;9;45763;0
51;9;45764;0
51;9;45765;0
51;9;45766;0
51;9;45767;0
51;9;45768;0
51;9;45769;0
51;9;45770;0
51;9;45771;0
51;9;45772;0
51;9;45773;0
51;9;45774;0
51;9;45775;0
51;9;45776;0
51;9;45777;0
51;9;45778;0
51;9;45779;0
51;9;45780;0
51;9;45781;0
51;9;45782;0
51;9;45783;0
51;9;45784;0
51;9;45785;0
51;9;45786;0
51;9;45787;0
51;9;45788;0
51;9;45789;0
51;9;45790;0
51;9;45791;0
51;9;45792;0
51;9;45793;0
51;9;45794;0
51;9;45795;0
51;9;45796;0
51;9;45797;0
51;9;45798;0
51;9;45799;0
51;9;45800;0
51;9;45801;0
51;9;45802;0
51;9;45803;0
51;9;45804;0
51;9;45805;0
51;9;45806;0
51;9;45807;0
51;9;45808;0
51;9;45809;0
51;9;45810;0
51;9;45811;0
51;9;45812;0
51;9;45813;0
51;9;45814;0
51;9;45815;0
51;9;45816;0
51;9;45817;0
51;9;45818;0
51;9;45819;0
51;9;45820;0
51;9;45821;0
51;9;45822;0
51;9;45823;0
51;9;45824;0
51;9;45825;0
51;9;45826;0
51;9;45827;0
51;9;45828;0
51;9;45829;0
51;9;45830;0
51;9;45831;0
51;9;45832;0
51;9;45833;0
51;9;45834;0
51;9;45835;0
51;9;45836;0
51;9;45837;0
51;9;45838;0
51;9;45839;0
51;9;45840;0
51;9;45841;0
51;9;45842;0
51;9;45843;0
51;9;45844;0
51;9;45845;0
51;9;45846;0
51;9;45847;0
51;9;45848;0
51;9;45849;0
51;9;45850;0
51;9;45851;0
51;9;45852;0
51;9;45853;0
51;9;45854;0
51;9;45855;0
51;9;45856;0
51;9;45857;0
51;9;45858;0
51;9;45859;0
51;9;45860;0
51;9;45861;0
51;9;45862;0
51;9;45863;0
51;9;45864;0
51;9;45865;0
51;9;45866;0
51;9;45867;0
51;9;45868;0
51;9;45869;0
51;9;45870;0
51;9;45871;0
51;9;45872;0
51;9;45873;0
51;9;45874;0
51;9;45875;0
51;9;45876;0
51;9;45877;0
51;9;45878;0
51;9;45879;0
51;9;45880;0
51;9;45881;0
51;9;45882;0
51;9;45883;0
51;9;45884;0
51;9;45885;0
51;9;45886;0
51;9;45887;0
51;9;45888;0
51;9;45889;0
51;9;45890;0
51;9;45891;0
51;9;45892;0
51;9;45893;0
51;9;45894;0
51;9;45895;0
51;9;45896;0
51;9;45897;0
51;9;45898;0
51;9;45899;0
51;9;45900;0
51;9;45901;0
51;9;45902;0
51;9;45903;0
51;9;45904;0
51;9;45905;0
51;9;45906;0
51;9;45907;0
51;9;45908;0
51;9;45909;0
51;9;45910;0
51;9;45911;0
51;9;45912;0
51;9;45913;0
51;9;45914;0
51;9;45915;0
51;9;45916;0
51;9;45917;0
51;9;45918;0
51;9;45919;0
51;9;45920;0
51;9;45921;0
51;9;45922;0
51;9;45923;0
51;9;45924;0
51;9;45925;0
51;9;45926;0
51;9;45927;0
51;9;45928;0
51;9;45929;0
51;9;45930;0
51;9;45931;0
51;9;45932;0
51;9;45933;0
51;9;45934;0
51;9;45935;0
51;9;45936;0
51;9;45937;0
51;9;45938;0
51;9;45939;0
51;9;45940;0
51;9;45941;0
51;9;45942;0
51;9;45943;0
51;9;45944;0
51;9;45945;0
51;9;45946;0
51;9;45947;0
51;9;45948;0
51;9;45949;0
51;9;45950;0
51;9;45951;0
51;9;45952;0
51;9;45953;0
51;9;45954;0
51;9;45955;0
51;9;45956;0
51;9;45957;0
51;9;45958;0
51;9;45959;0
51;9;45960;0
51;9;45961;0
51;9;45962;0
51;9;45963;0
51;9;45964;0
51;9;45965;0
51;9;45966;0
51;9;45967;0
51;9;45968;0
51;9;45969;0
51;9;45970;0
51;9;45971;0
51;9;45972;0
51;9;45973;0
51;9;45974;0
51;9;45975;0
51;9;45976;0
51;9;45977;0
51;9;45978;0
51;9;45979;0
51;9;45980;0
51;9;45981;0
51;9;45982;0
51;9;45983;0
51;9;45984;0
51;9;45985;0
51;9;45986;0
51;9;45987;0
51;9;45988;0
51;9;45989;0
51;9;45990;0
51;9;45991;0
51;9;45992;0
51;9;45993;0
51;9;45994;0
51;9;45995;0
51;9;45996;0
51;9;45997;0
51;9;45998;0
51;9;45999;0
51;9;46000;0
51;9;46001;0
51;9;46002;0
51;9;46003;0
51;9;46004;0
51;9;46005;0
51;9;46006;0
51;9;46007;0
51;9;46008;0
51;9;46009;0
51;9;46010;0
51;9;46011;0
51;9;46012;0
51;9;46013;0
51;9;46014;0
51;9;46015;0
51;9;46016;0
51;9;46017;0
51;9;46018;0
51;9;46019;0
51;9;46020;0
51;9;46021;0
51;9;46022;0
51;9;46023;0
51;9;46024;0
51;9;46025;0
51;9;46026;0
51;9;46027;0
51;9;46028;0
51;9;46029;0
51;9;46030;0
51;9;46031;0
51;9;46032;0
51;9;46033;0
51;9;46034;0
51;9;46035;0
51;9;46036;0
51;9;46037;0
51;9;46038;0
51;9;46039;0
51;9;46040;0
51;9;46041;0
51;9;46042;0
51;9;46043;0
51;9;46044;0
51;9;46045;0
51;9;46046;0
51;9;46047;0
51;9;46048;0
51;9;46049;0
51;9;46050;0
51;9;46051;0
51;9;46052;0
51;9;46053;0
51;9;46054;0
51;9;46055;0
51;9;46056;0
51;9;46057;0
51;9;46058;0
51;9;46059;0
51;9;46060;0
51;9;46061;0
51;9;46062;0
51;9;46063;0
51;9;46064;0
51;9;46065;0
51;9;46066;0
51;9;46067;0
51;9;46068;0
51;9;46069;0
51;9;46070;0
51;9;46071;0
51;9;46072;0
51;9;46073;0
51;9;46074;0
51;9;46075;0
51;9;46076;0
51;9;46077;0
51;9;46078;0
51;9;46079;0
51;9;46080;0
51;9;46081;0
51;9;46082;0
51;9;46083;0
51;9;46084;0
51;9;46085;0
51;9;46086;0
51;9;46087;0
51;9;46088;0
51;9;46089;0
51;9;46090;0
51;9;46091;0
51;9;46092;0
51;9;46093;0
51;9;46094;0
51;9;46095;0
51;9;46096;0
51;9;46097;0
51;9;46098;0
51;9;46099;0
51;9;46100;0
51;9;46101;0
51;9;46102;0
51;9;46103;0
51;9;46104;0
51;9;46105;0
51;9;46106;0
51;9;46107;0
51;9;46108;0
51;9;46109;0
51;9;46110;0
51;9;46111;0
51;9;46112;0
51;9;46113;0
51;9;46114;0
51;9;46115;0
51;9;46116;0
51;9;46117;0
51;9;46118;0
51;9;46119;0
51;9;46120;0
51;9;46121;0
51;9;46122;0
51;9;46123;0
51;9;46124;0
51;9;46125;0
51;9;46126;0
51;9;46127;0
51;9;46128;0
51;9;46129;0
51;9;46130;0
51;9;46131;0
51;9;46132;0
51;9;46133;0
51;9;46134;0
51;9;46135;0
51;9;46136;0
51;9;46137;0
51;9;46138;0
51;9;46139;0
51;9;46140;0
51;9;46141;0
51;9;46142;0
51;9;46143;0
51;9;46144;0
51;9;46145;0
51;9;46146;0
51;9;46147;0
51;9;46148;0
51;9;46149;0
51;9;46150;0
51;9;46151;0
51;9;46152;0
51;9;46153;0
51;9;46154;0
51;9;46155;0
51;9;46156;0
51;9;46157;0
51;9;46158;0
51;9;46159;0
51;9;46160;0
51;9;46161;0
51;9;46162;0
51;9;46163;0
51;9;46164;0
51;9;46165;0
51;9;46166;0
51;9;46167;0
51;9;46168;0
51;9;46169;0
51;9;46170;0
51;9;46171;0
51;9;46172;0
51;9;46173;0
51;9;46174;0
51;9;46175;0
51;9;46176;0
51;9;46177;0
51;9;46178;0
51;9;46179;0
51;9;46180;0
51;9;46181;0
51;9;46182;0
51;9;46183;0
51;9;46184;0
51;9;46185;0
51;9;46186;0
51;9;46187;0
51;9;46188;0
51;9;46189;0
51;9;46190;0
51;9;46191;0
51;9;46192;0
51;9;46193;0
51;9;46194;0
51;9;46195;0
51;9;46196;0
51;9;46197;0
51;9;46198;0
51;9;46199;0
51;9;46200;0
51;9;46201;0
51;9;46202;0
51;9;46203;0
51;9;46204;0
51;9;46205;0
51;9;46206;0
51;9;46207;0
51;9;46208;0
51;9;46209;0
51;9;46210;0
51;9;46211;0
51;9;46212;0
51;9;46213;0
51;9;46214;0
51;9;46215;0
51;9;46216;0
51;9;46217;0
51;9;46218;0
51;9;46219;0
51;9;46220;0
51;9;46221;0
51;9;46222;0
51;9;46223;0
51;9;46224;0
51;9;46225;0
51;9;46226;0
51;9;46227;0
51;9;46228;0
51;9;46229;0
51;9;46230;0
51;9;46231;0
51;9;46232;0
51;9;46233;0
51;9;46234;0
51;9;46235;0
51;9;46236;0
51;9;46237;0
51;9;46238;0
51;9;46239;0
51;9;46240;0
51;9;46241;0
51;9;46242;0
51;9;46243;0
51;9;46244;0
51;9;46245;0
51;9;46246;0
51;9;46247;0
51;9;46248;0
51;9;46249;0
51;9;46250;0
51;9;46251;0
51;9;46252;0
51;9;46253;0
51;9;46254;0
51;9;46255;0
51;9;46256;0
51;9;46257;0
51;9;46258;0
51;9;46259;0
51;9;46260;0
51;9;46261;0
51;9;46262;0
51;9;46263;0
51;9;46264;0
51;9;46265;0
51;9;46266;0
51;9;46267;0
51;9;46268;0
51;9;46269;0
51;9;46270;0
51;9;46271;0
51;9;46272;0
51;9;46273;0
51;9;46274;0
51;9;46275;0
51;9;46276;0
51;9;46277;0
51;9;46278;0
51;9;46279;0
51;9;46280;0
51;9;46281;0
51;9;46282;0
51;9;46283;0
51;9;46284;0
51;9;46285;0
51;9;46286;0
51;9;46287;0
51;9;46288;0
51;9;46289;0
51;9;46290;0
51;9;46291;0
51;9;46292;0
51;9;46293;0
51;9;46294;0
51;9;46295;0
51;9;46296;0
51;9;46297;0
51;9;46298;0
51;9;46299;0
51;9;46300;0
51;9;46301;0
51;9;46302;0
51;9;46303;0
51;9;46304;0
51;9;46305;0
51;9;46306;0
51;9;46307;0
51;9;46308;0
51;9;46309;0
51;9;46310;0
51;9;46311;0
51;9;46312;0
51;9;46313;0
51;9;46314;0
51;9;46315;0
51;9;46316;0
51;9;46317;0
51;9;46318;0
51;9;46319;0
51;9;46320;0
51;9;46321;0
51;9;46322;0
51;9;46323;0
51;9;46324;0
51;9;46325;0
51;9;46326;0
51;9;46327;0
51;9;46328;0
51;9;46329;0
51;9;46330;0
51;9;46331;0
51;9;46332;0
51;9;46333;0
51;9;46334;0
51;9;46335;0
51;9;46336;0
51;9;46337;0
51;9;46338;0
51;9;46339;0
51;9;46340;0
51;9;46341;0
51;9;46342;0
51;9;46343;0
51;9;46344;0
51;9;46345;0
51;9;46346;0
51;9;46347;0
51;9;46348;0
51;9;46349;0
51;9;46350;0
51;9;46351;0
51;9;46352;0
51;9;46353;0
51;9;46354;0
51;9;46355;0
51;9;46356;0
51;9;46357;0
51;9;46358;0
51;9;46359;0
51;9;46360;0
51;9;46361;0
51;9;46362;0
51;9;46363;0
51;9;46364;0
51;9;46365;0
51;9;46366;0
51;9;46367;0
51;9;46368;0
51;9;46369;0
51;9;46370;0
51;9;46371;0
51;9;46372;0
51;9;46373;0
51;9;46374;0
51;9;46375;0
51;9;46376;0
51;9;46377;0
51;9;46378;0
51;9;46379;0
51;9;46380;0
51;9;46381;0
51;9;46382;0
51;9;46383;0
51;9;46384;0
51;9;46385;0
51;9;46386;0
51;9;46387;0
51;9;46388;0
51;9;46389;0
51;9;46390;0
51;9;46391;0
51;9;46392;0
51;9;46393;0
51;9;46394;0
51;9;46395;0
51;9;46396;0
51;9;46397;0
51;9;46398;0
51;9;46399;0
51;9;46400;0
51;9;46401;0
51;9;46402;0
51;9;46403;0
51;9;46404;0
51;9;46405;0
51;9;46406;0
51;9;46407;0
51;9;46408;0
51;9;46409;0
51;9;46410;0
51;9;46411;0
51;9;46412;0
51;9;46413;0
51;9;46414;0
51;9;46415;0
51;9;46416;0
51;9;46417;0
51;9;46418;0
51;9;46419;0
51;9;46420;0
51;9;46421;0
51;9;46422;0
51;9;46423;0
51;9;46424;0
51;9;46425;0
51;9;46426;0
51;9;46427;0
51;9;46428;0
51;9;46429;0
51;9;46430;0
51;9;46431;0
51;9;46432;0
51;9;46433;0
51;9;46434;0
51;9;46435;0
51;9;46436;0
51;9;46437;0
51;9;46438;0
51;9;46439;0
51;9;46440;0
51;9;46441;0
51;9;46442;0
51;9;46443;0
51;9;46444;0
51;9;46445;0
51;9;46446;0
51;9;46447;0
51;9;46448;0
51;9;46449;0
51;9;46450;0
51;9;46451;0
51;9;46452;0
51;9;46453;0
51;9;46454;0
51;9;46455;0
51;9;46456;0
51;9;46457;0
51;9;46458;0
51;9;46459;0
51;9;46460;0
51;9;46461;0
51;9;46462;0
51;9;46463;0
51;9;46464;0
51;9;46465;0
51;9;46466;0
51;9;46467;0
51;9;46468;0
51;9;46469;0
51;9;46470;0
51;9;46471;0
51;9;46472;0
51;9;46473;0
51;9;46474;0
51;9;46475;0
51;9;46476;0
51;9;46477;0
51;9;46478;0
51;9;46479;0
51;9;46480;0
51;9;46481;0
51;9;46482;0
51;9;46483;0
51;9;46484;0
51;9;46485;0
51;9;46486;0
51;9;46487;0
51;9;46488;0
51;9;46489;0
51;9;46490;0
51;9;46491;0
51;9;46492;0
51;9;46493;0
51;9;46494;0
51;9;46495;0
51;9;46496;0
51;9;46497;0
51;9;46498;0
51;9;46499;0
51;9;46500;0
51;9;46501;0
51;9;46502;0
51;9;46503;0
51;9;46504;0
51;9;46505;0
51;9;46506;0
51;9;46507;0
51;9;46508;0
51;9;46509;0
51;9;46510;0
51;9;46511;0
51;9;46512;0
51;9;46513;0
51;9;46514;0
51;9;46515;0
51;9;46516;0
51;9;46517;0
51;9;46518;0
51;9;46519;0
51;9;46520;0
51;9;46521;0
51;9;46522;0
51;9;46523;0
51;9;46524;0
51;9;46525;0
51;9;46526;0
51;9;46527;0
51;9;46528;0
51;9;46529;0
51;9;46530;0
51;9;46531;0
51;9;46532;0
51;9;46533;0
51;9;46534;0
51;9;46535;0
51;9;46536;0
51;9;46537;0
51;9;46538;0
51;9;46539;0
51;9;46540;0
51;9;46541;0
51;9;46542;0
51;9;46543;0
51;9;46544;0
51;9;46545;0
51;9;46546;0
51;9;46547;0
51;9;46548;0
51;9;46549;0
51;9;46550;0
51;9;46551;0
51;9;46552;0
51;9;46553;0
51;9;46554;0
51;9;46555;0
51;9;46556;0
51;9;46557;0
51;9;46558;0
51;9;46559;0
51;9;46560;0
51;9;46561;0
51;9;46562;0
51;9;46563;0
51;9;46564;0
51;9;46565;0
51;9;46566;0
51;9;46567;0
51;9;46568;0
51;9;46569;0
51;9;46570;0
51;9;46571;0
51;9;46572;0
51;9;46573;0
51;9;46574;0
51;9;46575;0
51;9;46576;0
51;9;46577;0
51;9;46578;0
51;9;46579;0
51;9;46580;0
51;9;46581;0
51;9;46582;0
51;9;46583;0
51;9;46584;0
51;9;46585;0
51;9;46586;0
51;9;46587;0
51;9;46588;0
51;9;46589;0
51;9;46590;0
51;9;46591;0
51;9;46592;0
51;9;46593;0
51;9;46594;0
51;9;46595;0
51;9;46596;0
51;9;46597;0
51;9;46598;0
51;9;46599;0
51;9;46600;0
51;9;46601;0
51;9;46602;0
51;9;46603;0
51;9;46604;0
51;9;46605;0
51;9;46606;0
51;9;46607;0
51;9;46608;0
51;9;46609;0
51;9;46610;0
51;9;46611;0
51;9;46612;0
51;9;46613;0
51;9;46614;0
51;9;46615;0
51;9;46616;0
51;9;46617;0
51;9;46618;0
51;9;46619;0
51;9;46620;0
51;9;46621;0
51;9;46622;0
51;9;46623;0
51;9;46624;0
51;9;46625;0
51;9;46626;0
51;9;46627;0
51;9;46628;0
51;9;46629;0
51;9;46630;0
51;9;46631;0
51;9;46632;0
51;9;46633;0
51;9;46634;0
51;9;46635;0
51;9;46636;0
51;9;46637;0
51;9;46638;0
51;9;46639;0
51;9;46640;0
51;9;46641;0
51;9;46642;0
51;9;46643;0
51;9;46644;0
51;9;46645;0
51;9;46646;0
51;9;46647;0
51;9;46648;0
51;9;46649;0
51;9;46650;0
51;9;46651;0
51;9;46652;0
51;9;46653;0
51;9;46654;0
51;9;46655;0
51;9;46656;0
51;9;46657;0
51;9;46658;0
51;9;46659;0
51;9;46660;0
51;9;46661;0
51;9;46662;0
51;9;46663;0
51;9;46664;0
51;9;46665;0
51;9;46666;0
51;9;46667;0
51;9;46668;0
51;9;46669;0
51;9;46670;0
51;9;46671;0
51;9;46672;0
51;9;46673;0
51;9;46674;0
51;9;46675;0
51;9;46676;0
51;9;46677;0
51;9;46678;0
51;9;46679;0
51;9;46680;0
51;9;46681;0
51;9;46682;0
51;9;46683;0
51;9;46684;0
51;9;46685;0
51;9;46686;0
51;9;46687;0
51;9;46688;0
51;9;46689;0
51;9;46690;0
51;9;46691;0
51;9;46692;0
51;9;46693;0
51;9;46694;0
51;9;46695;0
51;9;46696;0
51;9;46697;0
51;9;46698;0
51;9;46699;0
51;9;46700;0
51;9;46701;0
51;9;46702;0
51;9;46703;0
51;9;46704;0
51;9;46705;0
51;9;46706;0
51;9;46707;0
51;9;46708;0
51;9;46709;0
51;9;46710;0
51;9;46711;0
51;9;46712;0
51;9;46713;0
51;9;46714;0
51;9;46715;0
51;9;46716;0
51;9;46717;0
51;9;46718;0
51;9;46719;0
51;9;46720;0
51;9;46721;0
51;9;46722;0
51;9;46723;0
51;9;46724;0
51;9;46725;0
51;9;46726;0
51;9;46727;0
51;9;46728;0
51;9;46729;0
51;9;46730;0
51;9;46731;0
51;9;46732;0
51;9;46733;0
51;9;46734;0
51;9;46735;0
51;9;46736;0
51;9;46737;0
51;9;46738;0
51;9;46739;0
51;9;46740;0
51;9;46741;0
51;9;46742;0
51;9;46743;0
51;9;46744;0
51;9;46745;0
51;9;46746;0
51;9;46747;0
51;9;46748;0
51;9;46749;0
51;9;46750;0
51;9;46751;0
51;9;46752;0
51;9;46753;0
51;9;46754;0
51;9;46755;0
51;9;46756;0
51;9;46757;0
51;9;46758;0
51;9;46759;0
51;9;46760;0
51;9;46761;0
51;9;46762;0
51;9;46763;0
51;9;46764;0
51;9;46765;0
51;9;46766;0
51;9;46767;0
51;9;46768;0
51;9;46769;0
51;9;46770;0
51;9;46771;0
51;9;46772;0
51;9;46773;0
51;9;46774;0
51;9;46775;0
51;9;46776;0
51;9;46777;0
51;9;46778;0
51;9;46779;0
51;9;46780;0
51;9;46781;0
51;9;46782;0
51;9;46783;0
51;9;46784;0
51;9;46785;0
51;9;46786;0
51;9;46787;0
51;9;46788;0
51;9;46789;0
51;9;46790;0
51;9;46791;0
51;9;46792;0
51;9;46793;0
51;9;46794;0
51;9;46795;0
51;9;46796;0
51;9;46797;0
51;9;46798;0
51;9;46799;0
51;9;46800;0
51;9;46801;0
51;9;46802;0
51;9;46803;0
51;9;46804;0
51;9;46805;0
51;9;46806;0
51;9;46807;0
51;9;46808;0
51;9;46809;0
51;9;46810;0
51;9;46811;0
51;9;46812;0
51;9;46813;0
51;9;46814;0
51;9;46815;0
51;9;46816;0
51;9;46817;0
51;9;46818;0
51;9;46819;0
51;9;46820;0
51;9;46821;0
51;9;46822;0
51;9;46823;0
51;9;46824;0
51;9;46825;0
51;9;46826;0
51;9;46827;0
51;9;46828;0
51;9;46829;0
51;9;46830;0
51;9;46831;0
51;9;46832;0
51;9;46833;0
51;9;46834;0
51;9;46835;0
51;9;46836;0
51;9;46837;0
51;9;46838;0
51;9;46839;0
51;9;46840;0
51;9;46841;0
51;9;46842;0
51;9;46843;0
51;9;46844;0
51;9;46845;0
51;9;46846;0
51;9;46847;0
51;9;46848;0
51;9;46849;0
51;9;46850;0
51;9;46851;0
51;9;46852;0
51;9;46853;0
51;9;46854;0
51;9;46855;0
51;9;46856;0
51;9;46857;0
51;9;46858;0
51;9;46859;0
51;9;46860;0
51;9;46861;0
51;9;46862;0
51;9;46863;0
51;9;46864;0
51;9;46865;0
51;9;46866;0
51;9;46867;0
51;9;46868;0
51;9;46869;0
51;9;46870;0
51;9;46871;0
51;9;46872;0
51;9;46873;0
51;9;46874;0
51;9;46875;0
51;9;46876;0
51;9;46877;0
51;9;46878;0
51;9;46879;0
51;9;46880;0
51;9;46881;0
51;9;46882;0
51;9;46883;0
51;9;46884;0
51;9;46885;0
51;9;46886;0
51;9;46887;0
51;9;46888;0
51;9;46889;0
51;9;46890;0
51;9;46891;0
51;9;46892;0
51;9;46893;0
51;9;46894;0
51;9;46895;0
51;9;46896;0
51;9;46897;0
51;9;46898;0
51;9;46899;0
51;9;46900;0
51;9;46901;0
51;9;46902;0
51;9;46903;0
51;9;46904;0
51;9;46905;0
51;9;46906;0
51;9;46907;0
51;9;46908;0
51;9;46909;0
51;9;46910;0
51;9;46911;0
51;9;46912;0
51;9;46913;0
51;9;46914;0
51;9;46915;0
51;9;46916;0
51;9;46917;0
51;9;46918;0
51;9;46919;0
51;9;46920;0
51;9;46921;0
51;9;46922;0
51;9;46923;0
51;9;46924;0
51;9;46925;0
51;9;46926;0
51;9;46927;0
51;9;46928;0
51;9;46929;0
51;9;46930;0
51;9;46931;0
51;9;46932;0
51;9;46933;0
51;9;46934;0
51;9;46935;0
51;9;46936;0
51;9;46937;0
51;9;46938;0
51;9;46939;0
51;9;46940;0
51;9;46941;0
51;9;46942;0
51;9;46943;0
51;9;46944;0
51;9;46945;0
51;9;46946;0
51;9;46947;0
51;9;46948;0
51;9;46949;0
51;9;46950;0
51;9;46951;0
51;9;46952;0
51;9;46953;0
51;9;46954;0
51;9;46955;0
51;9;46956;0
51;9;46957;0
51;9;46958;0
51;9;46959;0
51;9;46960;0
51;9;46961;0
51;9;46962;0
51;9;46963;0
51;9;46964;0
51;9;46965;0
51;9;46966;0
51;9;46967;0
51;9;46968;0
51;9;46969;0
51;9;46970;0
51;9;46971;0
51;9;46972;0
51;9;46973;0
51;9;46974;0
51;9;46975;0
51;9;46976;0
51;9;46977;0
51;9;46978;0
51;9;46979;0
51;9;46980;0
51;9;46981;0
51;9;46982;0
51;9;46983;0
51;9;46984;0
51;9;46985;0
51;9;46986;0
51;9;46987;0
51;9;46988;0
51;9;46989;0
51;9;46990;0
51;9;46991;0
51;9;46992;0
51;9;46993;0
51;9;46994;0
51;9;46995;0
51;9;46996;0
51;9;46997;0
51;9;46998;0
51;9;46999;0
51;9;47000;0
51;9;47001;0
51;9;47002;0
51;9;47003;0
51;9;47004;0
51;9;47005;0
51;9;47006;0
51;9;47007;0
51;9;47008;0
51;9;47009;0
51;9;47010;0
51;9;47011;0
51;9;47012;0
51;9;47013;0
51;9;47014;0
51;9;47015;0
51;9;47016;0
51;9;47017;0
51;9;47018;0
51;9;47019;0
51;9;47020;0
51;9;47021;0
51;9;47022;0
51;9;47023;0
51;9;47024;0
51;9;47025;0
51;9;47026;0
51;9;47027;0
51;9;47028;0
51;9;47029;0
51;9;47030;0
51;9;47031;0
51;9;47032;0
51;9;47033;0
51;9;47034;0
51;9;47035;0
51;9;47036;0
51;9;47037;0
51;9;47038;0
51;9;47039;0
51;9;47040;0
51;9;47041;0
51;9;47042;0
51;9;47043;0
51;9;47044;0
51;9;47045;0
51;9;47046;0
51;9;47047;0
51;9;47048;0
51;9;47049;0
51;9;47050;0
51;9;47051;0
51;9;47052;0
51;9;47053;0
51;9;47054;0
51;9;47055;0
51;9;47056;0
51;9;47057;0
51;9;47058;0
51;9;47059;0
51;9;47060;0
51;9;47061;0
51;9;47062;0
51;9;47063;0
51;9;47064;0
51;9;47065;0
51;9;47066;0
51;9;47067;0
51;9;47068;0
51;9;47069;0
51;9;47070;0
51;9;47071;0
51;9;47072;0
51;9;47073;0
51;9;47074;0
51;9;47075;0
51;9;47076;0
51;9;47077;0
51;9;47078;0
51;9;47079;0
51;9;47080;0
51;9;47081;0
51;9;47082;0
51;9;47083;0
51;9;47084;0
51;9;47085;0
51;9;47086;0
51;9;47087;0
51;9;47088;0
51;9;47089;0
51;9;47090;0
51;9;47091;0
51;9;47092;0
51;9;47093;0
51;9;47094;0
51;9;47095;0
51;9;47096;0
51;9;47097;0
51;9;47098;0
51;9;47099;0
51;9;47100;0
51;9;47101;0
51;9;47102;0
51;9;47103;0
51;9;47104;0
51;9;47105;0
51;9;47106;0
51;9;47107;0
51;9;47108;0
51;9;47109;0
51;9;47110;0
51;9;47111;0
51;9;47112;0
51;9;47113;0
51;9;47114;0
51;9;47115;0
51;9;47116;0
51;9;47117;0
51;9;47118;0
51;9;47119;0
51;9;47120;0
51;9;47121;0
51;9;47122;0
51;9;47123;0
51;9;47124;0
51;9;47125;0
51;9;47126;0
51;9;47127;0
51;9;47128;0
51;9;47129;0
51;9;47130;0
51;9;47131;0
51;9;47132;0
51;9;47133;0
51;9;47134;0
51;9;47135;0
51;9;47136;0
51;9;47137;0
51;9;47138;0
51;9;47139;0
51;9;47140;0
51;9;47141;0
51;9;47142;0
51;9;47143;0
51;9;47144;0
51;9;47145;0
51;9;47146;0
51;9;47147;0
51;9;47148;0
51;9;47149;0
51;9;47150;0
51;9;47151;0
51;9;47152;0
51;9;47153;0
51;9;47154;0
51;9;47155;0
51;9;47156;0
51;9;47157;0
51;9;47158;0
51;9;47159;0
51;9;47160;0
51;9;47161;0
51;9;47162;0
51;9;47163;0
51;9;47164;0
51;9;47165;0
51;9;47166;0
51;9;47167;0
51;9;47168;0
51;9;47169;0
51;9;47170;0
51;9;47171;0
51;9;47172;0
51;9;47173;0
51;9;47174;0
51;9;47175;0
51;9;47176;0
51;9;47177;0
51;9;47178;0
51;9;47179;0
51;9;47180;0
51;9;47181;0
51;9;47182;0
51;9;47183;0
51;9;47184;0
51;9;47185;0
51;9;47186;0
51;9;47187;0
51;9;47188;0
51;9;47189;0
51;9;47190;0
51;9;47191;0
51;9;47192;0
51;9;47193;0
51;9;47194;0
51;9;47195;0
51;9;47196;0
51;9;47197;0
51;9;47198;0
51;9;47199;0
51;9;47200;0
51;9;47201;0
51;9;47202;0
51;9;47203;0
51;9;47204;0
51;9;47205;0
51;9;47206;0
51;9;47207;0
51;9;47208;0
51;9;47209;0
51;9;47210;0
51;9;47211;0
51;9;47212;0
51;9;47213;0
51;9;47214;0
51;9;47215;0
51;9;47216;0
51;9;47217;0
51;9;47218;0
51;9;47219;0
51;9;47220;0
51;9;47221;0
51;9;47222;0
51;9;47223;0
51;9;47224;0
51;9;47225;0
51;9;47226;0
51;9;47227;0
51;9;47228;0
51;9;47229;0
51;9;47230;0
51;9;47231;0
51;9;47232;0
51;9;47233;0
51;9;47234;0
51;9;47235;0
51;9;47236;0
51;9;47237;0
51;9;47238;0
51;9;47239;0
51;9;47240;0
51;9;47241;0
51;9;47242;0
51;9;47243;0
51;9;47244;0
51;9;47245;0
51;9;47246;0
51;9;47247;0
51;9;47248;0
51;9;47249;0
51;9;47250;0
51;9;47251;0
51;9;47252;0
51;9;47253;0
51;9;47254;0
51;9;47255;0
51;9;47256;0
51;9;47257;0
51;9;47258;0
51;9;47259;0
51;9;47260;0
51;9;47261;0
51;9;47262;0
51;9;47263;0
51;9;47264;0
51;9;47265;0
51;9;47266;0
51;9;47267;0
51;9;47268;0
51;9;47269;0
51;9;47270;0
51;9;47271;0
51;9;47272;0
51;9;47273;0
51;9;47274;0
51;9;47275;0
51;9;47276;0
51;9;47277;0
51;9;47278;0
51;9;47279;0
51;9;47280;0
51;9;47281;0
51;9;47282;0
51;9;47283;0
51;9;47284;0
51;9;47285;0
51;9;47286;0
51;9;47287;0
51;9;47288;0
51;9;47289;0
51;9;47290;0
51;9;47291;0
51;9;47292;0
51;9;47293;0
51;9;47294;0
51;9;47295;0
51;9;47296;0
51;9;47297;0
51;9;47298;0
51;9;47299;0
51;9;47300;0
51;9;47301;0
51;9;47302;0
51;9;47303;0
51;9;47304;0
51;9;47305;0
51;9;47306;0
51;9;47307;0
51;9;47308;0
51;9;47309;0
51;9;47310;0
51;9;47311;0
51;9;47312;0
51;9;47313;0
51;9;47314;0
51;9;47315;0
51;9;47316;0
51;9;47317;0
51;9;47318;0
51;9;47319;0
51;9;47320;0
51;9;47321;0
51;9;47322;0
51;9;47323;0
51;9;47324;0
51;9;47325;0
51;9;47326;0
51;9;47327;0
51;9;47328;0
51;9;47329;0
51;9;47330;0
51;9;47331;0
51;9;47332;0
51;9;47333;0
51;9;47334;0
51;9;47335;0
51;9;47336;0
51;9;47337;0
51;9;47338;0
51;9;47339;0
51;9;47340;0
51;9;47341;0
51;9;47342;0
51;9;47343;0
51;9;47344;0
51;9;47345;0
51;9;47346;0
51;9;47347;0
51;9;47348;0
51;9;47349;0
51;9;47350;0
51;9;47351;0
51;9;47352;0
51;9;47353;0
51;9;47354;0
51;9;47355;0
51;9;47356;0
51;9;47357;0
51;9;47358;0
51;9;47359;0
51;9;47360;0
51;9;47361;0
51;9;47362;0
51;9;47363;0
51;9;47364;0
51;9;47365;0
51;9;47366;0
51;9;47367;0
51;9;47368;0
51;9;47369;0
51;9;47370;0
51;9;47371;0
51;9;47372;0
51;9;47373;0
51;9;47374;0
51;9;47375;0
51;9;47376;0
51;9;47377;0
51;9;47378;0
51;9;47379;0
51;9;47380;0
51;9;47381;0
51;9;47382;0
51;9;47383;0
51;9;47384;0
51;9;47385;0
51;9;47386;0
51;9;47387;0
51;9;47388;0
51;9;47389;0
51;9;47390;0
51;9;47391;0
51;9;47392;0
51;9;47393;0
51;9;47394;0
51;9;47395;0
51;9;47396;0
51;9;47397;0
51;9;47398;0
51;9;47399;0
51;9;47400;0
51;9;47401;0
51;9;47402;0
51;9;47403;0
51;9;47404;0
51;9;47405;0
51;9;47406;0
51;9;47407;0
51;9;47408;0
51;9;47409;0
51;9;47410;0
51;9;47411;0
51;9;47412;0
51;9;47413;0
51;9;47414;0
51;9;47415;0
51;9;47416;0
51;9;47417;0
51;9;47418;0
51;9;47419;0
51;9;47420;0
51;9;47421;0
51;9;47422;0
51;9;47423;0
51;9;47424;0
51;9;47425;0
51;9;47426;0
51;9;47427;0
51;9;47428;0
51;9;47429;0
51;9;47430;0
51;9;47431;0
51;9;47432;0
51;9;47433;0
51;9;47434;0
51;9;47435;0
51;9;47436;0
51;9;47437;0
51;9;47438;0
51;9;47439;0
51;9;47440;0
51;9;47441;0
51;9;47442;0
51;9;47443;0
51;9;47444;0
51;9;47445;0
51;9;47446;0
51;9;47447;0
51;9;47448;0
51;9;47449;0
51;9;47450;0
51;9;47451;0
51;9;47452;0
51;9;47453;0
51;9;47454;0
51;9;47455;0
51;9;47456;0
51;9;47457;0
51;9;47458;0
51;9;47459;0
51;9;47460;0
51;9;47461;0
51;9;47462;0
51;9;47463;0
51;9;47464;0
51;9;47465;0
51;9;47466;0
51;9;47467;0
51;9;47468;0
51;9;47469;0
51;9;47470;0
51;9;47471;0
51;9;47472;0
51;9;47473;0
51;9;47474;0
51;9;47475;0
51;9;47476;0
51;9;47477;0
51;9;47478;0
51;9;47479;0
51;9;47480;0
51;9;47481;0
51;9;47482;0
51;9;47483;0
51;9;47484;0
51;9;47485;0
51;9;47486;0
51;9;47487;0
51;9;47488;0
51;9;47489;0
51;9;47490;0
51;9;47491;0
51;9;47492;0
51;9;47493;0
51;9;47494;0
51;9;47495;0
51;9;47496;0
51;9;47497;0
51;9;47498;0
51;9;47499;0
51;9;47500;0
51;9;47501;0
51;9;47502;0
51;9;47503;0
51;9;47504;0
51;9;47505;0
51;9;47506;0
51;9;47507;0
51;9;47508;0
51;9;47509;0
51;9;47510;0
51;9;47511;0
51;9;47512;0
51;9;47513;0
51;9;47514;0
51;9;47515;0
51;9;47516;0
51;9;47517;0
51;9;47518;0
51;9;47519;0
51;9;47520;0
51;9;47521;0
51;9;47522;0
51;9;47523;0
51;9;47524;0
51;9;47525;0
51;9;47526;0
51;9;47527;0
51;9;47528;0
51;9;47529;0
51;9;47530;0
51;9;47531;0
51;9;47532;0
51;9;47533;0
51;9;47534;0
51;9;47535;0
51;9;47536;0
51;9;47537;0
51;9;47538;0
51;9;47539;0
51;9;47540;0
51;9;47541;0
51;9;47542;0
51;9;47543;0
51;9;47544;0
51;9;47545;0
51;9;47546;0
51;9;47547;0
51;9;47548;0
51;9;47549;0
51;9;47550;0
51;9;47551;0
51;9;47552;0
51;9;47553;0
51;9;47554;0
51;9;47555;0
51;9;47556;0
51;9;47557;0
51;9;47558;0
51;9;47559;0
51;9;47560;0
51;9;47561;0
51;9;47562;0
51;9;47563;0
51;9;47564;0
51;9;47565;0
51;9;47566;0
51;9;47567;0
51;9;47568;0
51;9;47569;0
51;9;47570;0
51;9;47571;0
51;9;47572;0
51;9;47573;0
51;9;47574;0
51;9;47575;0
51;9;47576;0
51;9;47577;0
51;9;47578;0
51;9;47579;0
51;9;47580;0
51;9;47581;0
51;9;47582;0
51;9;47583;0
51;9;47584;0
51;9;47585;0
51;9;47586;0
51;9;47587;0
51;9;47588;0
51;9;47589;0
51;9;47590;0
51;9;47591;0
51;9;47592;0
51;9;47593;0
51;9;47594;0
51;9;47595;0
51;9;47596;0
51;9;47597;0
51;9;47598;0
51;9;47599;0
51;9;47600;0
51;9;47601;0
51;9;47602;0
51;9;47603;0
51;9;47604;0
51;9;47605;0
51;9;47606;0
51;9;47607;0
51;9;47608;0
51;9;47609;0
51;9;47610;0
51;9;47611;0
51;9;47612;0
51;9;47613;0
51;9;47614;0
51;9;47615;0
51;9;47616;0
51;9;47617;0
51;9;47618;0
51;9;47619;0
51;9;47620;0
51;9;47621;0
51;9;47622;0
51;9;47623;0
51;9;47624;0
51;9;47625;0
51;9;47626;0
51;9;47627;0
51;9;47628;0
51;9;47629;0
51;9;47630;0
51;9;47631;0
51;9;47632;0
51;9;47633;0
51;9;47634;0
51;9;47635;0
51;9;47636;0
51;9;47637;0
51;9;47638;0
51;9;47639;0
51;9;47640;0
51;9;47641;0
51;9;47642;0
51;9;47643;0
51;9;47644;0
51;9;47645;0
51;9;47646;0
51;9;47647;0
51;9;47648;0
51;9;47649;0
51;9;47650;0
51;9;47651;0
51;9;47652;0
51;9;47653;0
51;9;47654;0
51;9;47655;0
51;9;47656;0
51;9;47657;0
51;9;47658;0
51;9;47659;0
51;9;47660;0
51;9;47661;0
51;9;47662;0
51;9;47663;0
51;9;47664;0
51;9;47665;0
51;9;47666;0
51;9;47667;0
51;9;47668;0
51;9;47669;0
51;9;47670;0
51;9;47671;0
51;9;47672;0
51;9;47673;0
51;9;47674;0
51;9;47675;0
51;9;47676;0
51;9;47677;0
51;9;47678;0
51;9;47679;0
51;9;47680;0
51;9;47681;0
51;9;47682;0
51;9;47683;0
51;9;47684;0
51;9;47685;0
51;9;47686;0
51;9;47687;0
51;9;47688;0
51;9;47689;0
51;9;47690;0
51;9;47691;0
51;9;47692;0
51;9;47693;0
51;9;47694;0
51;9;47695;0
51;9;47696;0
51;9;47697;0
51;9;47698;0
51;9;47699;0
51;9;47700;0
51;9;47701;0
51;9;47702;0
51;9;47703;0
51;9;47704;0
51;9;47705;0
51;9;47706;0
51;9;47707;0
51;9;47708;0
51;9;47709;0
51;9;47710;0
51;9;47711;0
51;9;47712;0
51;9;47713;0
51;9;47714;0
51;9;47715;0
51;9;47716;0
51;9;47717;0
51;9;47718;0
51;9;47719;0
51;9;47720;0
51;9;47721;0
51;9;47722;0
51;9;47723;0
51;9;47724;0
51;9;47725;0
51;9;47726;0
51;9;47727;0
51;9;47728;0
51;9;47729;0
51;9;47730;0
51;9;47731;0
51;9;47732;0
51;9;47733;0
51;9;47734;0
51;9;47735;0
51;9;47736;0
51;9;47737;0
51;9;47738;0
51;9;47739;0
51;9;47740;0
51;9;47741;0
51;9;47742;0
51;9;47743;0
51;9;47744;0
51;9;47745;0
51;9;47746;0
51;9;47747;0
51;9;47748;0
51;9;47749;0
51;9;47750;0
51;9;47751;0
51;9;47752;0
51;9;47753;0
51;9;47754;0
51;9;47755;0
51;9;47756;0
51;9;47757;0
51;9;47758;0
51;9;47759;0
51;9;47760;0
51;9;47761;0
51;9;47762;0
51;9;47763;0
51;9;47764;0
51;9;47765;0
51;9;47766;0
51;9;47767;0
51;9;47768;0
51;9;47769;0
51;9;47770;0
51;9;47771;0
51;9;47772;0
51;9;47773;0
51;9;47774;0
51;9;47775;0
51;9;47776;0
51;9;47777;0
51;9;47778;0
51;9;47779;0
51;9;47780;0
51;9;47781;0
51;9;47782;0
51;9;47783;0
51;9;47784;0
51;9;47785;0
51;9;47786;0
51;9;47787;0
51;9;47788;0
51;9;47789;0
51;9;47790;0
51;9;47791;0
51;9;47792;0
51;9;47793;0
51;9;47794;0
51;9;47795;0
51;9;47796;0
51;9;47797;0
51;9;47798;0
51;9;47799;0
51;9;47800;0
51;9;47801;0
51;9;47802;0
51;9;47803;0
51;9;47804;0
51;9;47805;0
51;9;47806;0
51;9;47807;0
51;9;47808;0
51;9;47809;0
51;9;47810;0
51;9;47811;0
51;9;47812;0
51;9;47813;0
51;9;47814;0
51;9;47815;0
51;9;47816;0
51;9;47817;0
51;9;47818;0
51;9;47819;0
51;9;47820;0
51;9;47821;0
51;9;47822;0
51;9;47823;0
51;9;47824;0
51;9;47825;0
51;9;47826;0
51;9;47827;0
51;9;47828;0
51;9;47829;0
51;9;47830;0
51;9;47831;0
51;9;47832;0
51;9;47833;0
51;9;47834;0
51;9;47835;0
51;9;47836;0
51;9;47837;0
51;9;47838;0
51;9;47839;0
51;9;47840;0
51;9;47841;0
51;9;47842;0
51;9;47843;0
51;9;47844;0
51;9;47845;0
51;9;47846;0
51;9;47847;0
51;9;47848;0
51;9;47849;0
51;9;47850;0
51;9;47851;0
51;9;47852;0
51;9;47853;0
51;9;47854;0
51;9;47855;0
51;9;47856;0
51;9;47857;0
51;9;47858;0
51;9;47859;0
51;9;47860;0
51;9;47861;0
51;9;47862;0
51;9;47863;0
51;9;47864;0
51;9;47865;0
51;9;47866;0
51;9;47867;0
51;9;47868;0
51;9;47869;0
51;9;47870;0
51;9;47871;0
51;9;47872;0
51;9;47873;0
51;9;47874;0
51;9;47875;0
51;9;47876;0
51;9;47877;0
51;9;47878;0
51;9;47879;0
51;9;47880;0
51;9;47881;0
51;9;47882;0
51;9;47883;0
51;9;47884;0
51;9;47885;0
51;9;47886;0
51;9;47887;0
51;9;47888;0
51;9;47889;0
51;9;47890;0
51;9;47891;0
51;9;47892;0
51;9;47893;0
51;9;47894;0
51;9;47895;0
51;9;47896;0
51;9;47897;0
51;9;47898;0
51;9;47899;0
51;9;47900;0
51;9;47901;0
51;9;47902;0
51;9;47903;0
51;9;47904;0
51;9;47905;0
51;9;47906;0
51;9;47907;0
51;9;47908;0
51;9;47909;0
51;9;47910;0
51;9;47911;0
51;9;47912;0
51;9;47913;0
51;9;47914;0
51;9;47915;0
51;9;47916;0
51;9;47917;0
51;9;47918;0
51;9;47919;0
51;9;47920;0
51;9;47921;0
51;9;47922;0
51;9;47923;0
51;9;47924;0
51;9;47925;0
51;9;47926;0
51;9;47927;0
51;9;47928;0
51;9;47929;0
51;9;47930;0
51;9;47931;0
51;9;47932;0
51;9;47933;0
51;9;47934;0
51;9;47935;0
51;9;47936;0
51;9;47937;0
51;9;47938;0
51;9;47939;0
51;9;47940;0
51;9;47941;0
51;9;47942;0
51;9;47943;0
51;9;47944;0
51;9;47945;0
51;9;47946;0
51;9;47947;0
51;9;47948;0
51;9;47949;0
51;9;47950;0
51;9;47951;0
51;9;47952;0
51;9;47953;0
51;9;47954;0
51;9;47955;0
51;9;47956;0
51;9;47957;0
51;9;47958;0
51;9;47959;0
51;9;47960;0
51;9;47961;0
51;9;47962;0
51;9;47963;0
51;9;47964;0
51;9;47965;0
51;9;47966;0
51;9;47967;0
51;9;47968;0
51;9;47969;0
51;9;47970;0
51;9;47971;0
51;9;47972;0
51;9;47973;0
51;9;47974;0
51;9;47975;0
51;9;47976;0
51;9;47977;0
51;9;47978;0
51;9;47979;0
51;9;47980;0
51;9;47981;0
51;9;47982;0
51;9;47983;0
51;9;47984;0
51;9;47985;0
51;9;47986;0
51;9;47987;0
51;9;47988;0
51;9;47989;0
51;9;47990;0
51;9;47991;0
51;9;47992;0
51;9;47993;0
51;9;47994;0
51;9;47995;0
51;9;47996;0
51;9;47997;0
51;9;47998;0
51;9;47999;0
51;9;48000;0
51;9;48001;0
51;9;48002;0
51;9;48003;0
51;9;48004;0
51;9;48005;0
51;9;48006;0
51;9;48007;0
51;9;48008;0
51;9;48009;0
51;9;48010;0
51;9;48011;0
51;9;48012;0
51;9;48013;0
51;9;48014;0
51;9;48015;0
51;9;48016;0
51;9;48017;0
51;9;48018;0
51;9;48019;0
51;9;48020;0
51;9;48021;0
51;9;48022;0
51;9;48023;0
51;9;48024;0
51;9;48025;0
51;9;48026;0
51;9;48027;0
51;9;48028;0
51;9;48029;0
51;9;48030;0
51;9;48031;0
51;9;48032;0
51;9;48033;0
51;9;48034;0
51;9;48035;0
51;9;48036;0
51;9;48037;0
51;9;48038;0
51;9;48039;0
51;9;48040;0
51;9;48041;0
51;9;48042;0
51;9;48043;0
51;9;48044;0
51;9;48045;0
51;9;48046;0
51;9;48047;0
51;9;48048;0
51;9;48049;0
51;9;48050;0
51;9;48051;0
51;9;48052;0
51;9;48053;0
51;9;48054;0
51;9;48055;0
51;9;48056;0
51;9;48057;0
51;9;48058;0
51;9;48059;0
51;9;48060;0
51;9;48061;0
51;9;48062;0
51;9;48063;0
51;9;48064;0
51;9;48065;0
51;9;48066;0
51;9;48067;0
51;9;48068;0
51;9;48069;0
51;9;48070;0
51;9;48071;0
51;9;48072;0
51;9;48073;0
51;9;48074;0
51;9;48075;0
51;9;48076;0
51;9;48077;0
51;9;48078;0
51;9;48079;0
51;9;48080;0
51;9;48081;0
51;9;48082;0
51;9;48083;0
51;9;48084;0
51;9;48085;0
51;9;48086;0
51;9;48087;0
51;9;48088;0
51;9;48089;0
51;9;48090;0
51;9;48091;0
51;9;48092;0
51;9;48093;0
51;9;48094;0
51;9;48095;0
51;9;48096;0
51;9;48097;0
51;9;48098;0
51;9;48099;0
51;9;48100;0
51;9;48101;0
51;9;48102;0
51;9;48103;0
51;9;48104;0
51;9;48105;0
51;9;48106;0
51;9;48107;0
51;9;48108;0
51;9;48109;0
51;9;48110;0
51;9;48111;0
51;9;48112;0
51;9;48113;0
51;9;48114;0
51;9;48115;0
51;9;48116;0
51;9;48117;0
51;9;48118;0
51;9;48119;0
51;9;48120;0
51;9;48121;0
51;9;48122;0
51;9;48123;0
51;9;48124;0
51;9;48125;0
51;9;48126;0
51;9;48127;0
51;9;48128;0
51;9;48129;0
51;9;48130;0
51;9;48131;0
51;9;48132;0
51;9;48133;0
51;9;48134;0
51;9;48135;0
51;9;48136;0
51;9;48137;0
51;9;48138;0
51;9;48139;0
51;9;48140;0
51;9;48141;0
51;9;48142;0
51;9;48143;0
51;9;48144;0
51;9;48145;0
51;9;48146;0
51;9;48147;0
51;9;48148;0
51;9;48149;0
51;9;48150;0
51;9;48151;0
51;9;48152;0
51;9;48153;0
51;9;48154;0
51;9;48155;0
51;9;48156;0
51;9;48157;0
51;9;48158;0
51;9;48159;0
51;9;48160;0
51;9;48161;0
51;9;48162;0
51;9;48163;0
51;9;48164;0
51;9;48165;0
51;9;48166;0
51;9;48167;0
51;9;48168;0
51;9;48169;0
51;9;48170;0
51;9;48171;0
51;9;48172;0
51;9;48173;0
51;9;48174;0
51;9;48175;0
51;9;48176;0
51;9;48177;0
51;9;48178;0
51;9;48179;0
51;9;48180;0
51;9;48181;0
51;9;48182;0
51;9;48183;0
51;9;48184;0
51;9;48185;0
51;9;48186;0
51;9;48187;0
51;9;48188;0
51;9;48189;0
51;9;48190;0
51;9;48191;0
51;9;48192;0
51;9;48193;0
51;9;48194;0
51;9;48195;0
51;9;48196;0
51;9;48197;0
51;9;48198;0
51;9;48199;0
51;9;48200;0
51;9;48201;0
51;9;48202;0
51;9;48203;0
51;9;48204;0
51;9;48205;0
51;9;48206;0
51;9;48207;0
51;9;48208;0
51;9;48209;0
51;9;48210;0
51;9;48211;0
51;9;48212;0
51;9;48213;0
51;9;48214;0
51;9;48215;0
51;9;48216;0
51;9;48217;0
51;9;48218;0
51;9;48219;0
51;9;48220;0
51;9;48221;0
51;9;48222;0
51;9;48223;0
51;9;48224;0
51;9;48225;0
51;9;48226;0
51;9;48227;0
51;9;48228;0
51;9;48229;0
51;9;48230;0
51;9;48231;0
51;9;48232;0
51;9;48233;0
51;9;48234;0
51;9;48235;0
51;9;48236;0
51;9;48237;0
51;9;48238;0
51;9;48239;0
51;9;48240;0
51;9;48241;0
51;9;48242;0
51;9;48243;0
51;9;48244;0
51;9;48245;0
51;9;48246;0
51;9;48247;0
51;9;48248;0
51;9;48249;0
51;9;48250;0
51;9;48251;0
51;9;48252;0
51;9;48253;0
51;9;48254;0
51;9;48255;0
51;9;48256;0
51;9;48257;0
51;9;48258;0
51;9;48259;0
51;9;48260;0
51;9;48261;0
51;9;48262;0
51;9;48263;0
51;9;48264;0
51;9;48265;0
51;9;48266;0
51;9;48267;0
51;9;48268;0
51;9;48269;0
51;9;48270;0
51;9;48271;0
51;9;48272;0
51;9;48273;0
51;9;48274;0
51;9;48275;0
51;9;48276;0
51;9;48277;0
51;9;48278;0
51;9;48279;0
51;9;48280;0
51;9;48281;0
51;9;48282;0
51;9;48283;0
51;9;48284;0
51;9;48285;0
51;9;48286;0
51;9;48287;0
51;9;48288;0
51;9;48289;0
51;9;48290;0
51;9;48291;0
51;9;48292;0
51;9;48293;0
51;9;48294;0
51;9;48295;0
51;9;48296;0
51;9;48297;0
51;9;48298;0
51;9;48299;0
51;9;48300;0
51;9;48301;0
51;9;48302;0
51;9;48303;0
51;9;48304;0
51;9;48305;0
51;9;48306;0
51;9;48307;0
51;9;48308;0
51;9;48309;0
51;9;48310;0
51;9;48311;0
51;9;48312;0
51;9;48313;0
51;9;48314;0
51;9;48315;0
51;9;48316;0
51;9;48317;0
51;9;48318;0
51;9;48319;0
51;9;48320;0
51;9;48321;0
51;9;48322;0
51;9;48323;0
51;9;48324;0
51;9;48325;0
51;9;48326;0
51;9;48327;0
51;9;48328;0
51;9;48329;0
51;9;48330;0
51;9;48331;0
51;9;48332;0
51;9;48333;0
51;9;48334;0
51;9;48335;0
51;9;48336;0
51;9;48337;0
51;9;48338;0
51;9;48339;0
51;9;48340;0
51;9;48341;0
51;9;48342;0
51;9;48343;0
51;9;48344;0
51;9;48345;0
51;9;48346;0
51;9;48347;0
51;9;48348;0
51;9;48349;0
51;9;48350;0
51;9;48351;0
51;9;48352;0
51;9;48353;0
51;9;48354;0
51;9;48355;0
51;9;48356;0
51;9;48357;0
51;9;48358;0
51;9;48359;0
51;9;48360;0
51;9;48361;0
51;9;48362;0
51;9;48363;0
51;9;48364;0
51;9;48365;0
51;9;48366;0
51;9;48367;0
51;9;48368;0
51;9;48369;0
51;9;48370;0
51;9;48371;0
51;9;48372;0
51;9;48373;0
51;9;48374;0
51;9;48375;0
51;9;48376;0
51;9;48377;0
51;9;48378;0
51;9;48379;0
51;9;48380;0
51;9;48381;0
51;9;48382;0
51;9;48383;0
51;9;48384;0
51;9;48385;0
51;9;48386;0
51;9;48387;0
51;9;48388;0
51;9;48389;0
51;9;48390;0
51;9;48391;0
51;9;48392;0
51;9;48393;0
51;9;48394;0
51;9;48395;0
51;9;48396;0
51;9;48397;0
51;9;48398;0
51;9;48399;0
51;9;48400;0
51;9;48401;0
51;9;48402;0
51;9;48403;0
51;9;48404;0
51;9;48405;0
51;9;48406;0
51;9;48407;0
51;9;48408;0
51;9;48409;0
51;9;48410;0
51;9;48411;0
51;9;48412;0
51;9;48413;0
51;9;48414;0
51;9;48415;0
51;9;48416;0
51;9;48417;0
51;9;48418;0
51;9;48419;0
51;9;48420;0
51;9;48421;0
51;9;48422;0
51;9;48423;0
51;9;48424;0
51;9;48425;0
51;9;48426;0
51;9;48427;0
51;9;48428;0
51;9;48429;0
51;9;48430;0
51;9;48431;0
51;9;48432;0
51;9;48433;0
51;9;48434;0
51;9;48435;0
51;9;48436;0
51;9;48437;0
51;9;48438;0
51;9;48439;0
51;9;48440;0
51;9;48441;0
51;9;48442;0
51;9;48443;0
51;9;48444;0
51;9;48445;0
51;9;48446;0
51;9;48447;0
51;9;48448;0
51;9;48449;0
51;9;48450;0
51;9;48451;0
51;9;48452;0
51;9;48453;0
51;9;48454;0
51;9;48455;0
51;9;48456;0
51;9;48457;0
51;9;48458;0
51;9;48459;0
51;9;48460;0
51;9;48461;0
51;9;48462;0
51;9;48463;0
51;9;48464;0
51;9;48465;0
51;9;48466;0
51;9;48467;0
51;9;48468;0
51;9;48469;0
51;9;48470;0
51;9;48471;0
51;9;48472;0
51;9;48473;0
51;9;48474;0
51;9;48475;0
51;9;48476;0
51;9;48477;0
51;9;48478;0
51;9;48479;0
51;9;48480;0
51;9;48481;0
51;9;48482;0
51;9;48483;0
51;9;48484;0
51;9;48485;0
51;9;48486;0
51;9;48487;0
51;9;48488;0
51;9;48489;0
51;9;48490;0
51;9;48491;0
51;9;48492;0
51;9;48493;0
51;9;48494;0
51;9;48495;0
51;9;48496;0
51;9;48497;0
51;9;48498;0
51;9;48499;0
51;9;48500;0
51;9;48501;0
51;9;48502;0
51;9;48503;0
51;9;48504;0
51;9;48505;0
51;9;48506;0
51;9;48507;0
51;9;48508;0
51;9;48509;0
51;9;48510;0
51;9;48511;0
51;9;48512;0
51;9;48513;0
51;9;48514;0
51;9;48515;0
51;9;48516;0
51;9;48517;0
51;9;48518;0
51;9;48519;0
51;9;48520;0
51;9;48521;0
51;9;48522;0
51;9;48523;0
51;9;48524;0
51;9;48525;0
51;9;48526;0
51;9;48527;0
51;9;48528;0
51;9;48529;0
51;9;48530;0
51;9;48531;0
51;9;48532;0
51;9;48533;0
51;9;48534;0
51;9;48535;0
51;9;48536;0
51;9;48537;0
51;9;48538;0
51;9;48539;0
51;9;48540;0
51;9;48541;0
51;9;48542;0
51;9;48543;0
51;9;48544;0
51;9;48545;0
51;9;48546;0
51;9;48547;0
51;9;48548;0
51;9;48549;0
51;9;48550;0
51;9;48551;0
51;9;48552;0
51;9;48553;0
51;9;48554;0
51;9;48555;0
51;9;48556;0
51;9;48557;0
51;9;48558;0
51;9;48559;0
51;9;48560;0
51;9;48561;0
51;9;48562;0
51;9;48563;0
51;9;48564;0
51;9;48565;0
51;9;48566;0
51;9;48567;0
51;9;48568;0
51;9;48569;0
51;9;48570;0
51;9;48571;0
51;9;48572;0
51;9;48573;0
51;9;48574;0
51;9;48575;0
51;9;48576;0
51;9;48577;0
51;9;48578;0
51;9;48579;0
51;9;48580;0
51;9;48581;0
51;9;48582;0
51;9;48583;0
51;9;48584;0
51;9;48585;0
51;9;48586;0
51;9;48587;0
51;9;48588;0
51;9;48589;0
51;9;48590;0
51;9;48591;0
51;9;48592;0
51;9;48593;0
51;9;48594;0
51;9;48595;0
51;9;48596;0
51;9;48597;0
51;9;48598;0
51;9;48599;0
51;9;48600;0
51;9;48601;0
51;9;48602;0
51;9;48603;0
51;9;48604;0
51;9;48605;0
51;9;48606;0
51;9;48607;0
51;9;48608;0
51;9;48609;0
51;9;48610;0
51;9;48611;0
51;9;48612;0
51;9;48613;0
51;9;48614;0
51;9;48615;0
51;9;48616;0
51;9;48617;0
51;9;48618;0
51;9;48619;0
51;9;48620;0
51;9;48621;0
51;9;48622;0
51;9;48623;0
51;9;48624;0
51;9;48625;0
51;9;48626;0
51;9;48627;0
51;9;48628;0
51;9;48629;0
51;9;48630;0
51;9;48631;0
51;9;48632;0
51;9;48633;0
51;9;48634;0
51;9;48635;0
51;9;48636;0
51;9;48637;0
51;9;48638;0
51;9;48639;0
51;9;48640;0
51;9;48641;0
51;9;48642;0
51;9;48643;0
51;9;48644;0
51;9;48645;0
51;9;48646;0
51;9;48647;0
51;9;48648;0
51;9;48649;0
51;9;48650;0
51;9;48651;0
51;9;48652;0
51;9;48653;0
51;9;48654;0
51;9;48655;0
51;9;48656;0
51;9;48657;0
51;9;48658;0
51;9;48659;0
51;9;48660;0
51;9;48661;0
51;9;48662;0
51;9;48663;0
51;9;48664;0
51;9;48665;0
51;9;48666;0
51;9;48667;0
51;9;48668;0
51;9;48669;0
51;9;48670;0
51;9;48671;0
51;9;48672;0
51;9;48673;0
51;9;48674;0
51;9;48675;0
51;9;48676;0
51;9;48677;0
51;9;48678;0
51;9;48679;0
51;9;48680;0
51;9;48681;0
51;9;48682;0
51;9;48683;0
51;9;48684;0
51;9;48685;0
51;9;48686;0
51;9;48687;0
51;9;48688;0
51;9;48689;0
51;9;48690;0
51;9;48691;0
51;9;48692;0
51;9;48693;0
51;9;48694;0
51;9;48695;0
51;9;48696;0
51;9;48697;0
51;9;48698;0
51;9;48699;0
51;9;48700;0
51;9;48701;0
51;9;48702;0
51;9;48703;0
51;9;48704;0
51;9;48705;0
51;9;48706;0
51;9;48707;0
51;9;48708;0
51;9;48709;0
51;9;48710;0
51;9;48711;0
51;9;48712;0
51;9;48713;0
51;9;48714;0
51;9;48715;0
51;9;48716;0
51;9;48717;0
51;9;48718;0
51;9;48719;0
51;9;48720;0
51;9;48721;0
51;9;48722;0
51;9;48723;0
51;9;48724;0
51;9;48725;0
51;9;48726;0
51;9;48727;0
51;9;48728;0
51;9;48729;0
51;9;48730;0
51;9;48731;0
51;9;48732;0
51;9;48733;0
51;9;48734;0
51;9;48735;0
51;9;48736;0
51;9;48737;0
51;9;48738;0
51;9;48739;0
51;9;48740;0
51;9;48741;0
51;9;48742;0
51;9;48743;0
51;9;48744;0
51;9;48745;0
51;9;48746;0
51;9;48747;0
51;9;48748;0
51;9;48749;0
51;9;48750;0
51;9;48751;0
51;9;48752;0
51;9;48753;0
51;9;48754;0
51;9;48755;0
51;9;48756;0
51;9;48757;0
51;9;48758;0
51;9;48759;0
51;9;48760;0
51;9;48761;0
51;9;48762;0
51;9;48763;0
51;9;48764;0
51;9;48765;0
51;9;48766;0
51;9;48767;0
51;9;48768;0
51;9;48769;0
51;9;48770;0
51;9;48771;0
51;9;48772;0
51;9;48773;0
51;9;48774;0
51;9;48775;0
51;9;48776;0
51;9;48777;0
51;9;48778;0
51;9;48779;0
51;9;48780;0
51;9;48781;0
51;9;48782;0
51;9;48783;0
51;9;48784;0
51;9;48785;0
51;9;48786;0
51;9;48787;0
51;9;48788;0
51;9;48789;0
51;9;48790;0
51;9;48791;0
51;9;48792;0
51;9;48793;0
51;9;48794;0
51;9;48795;0
51;9;48796;0
51;9;48797;0
51;9;48798;0
51;9;48799;0
51;9;48800;0
51;9;48801;0
51;9;48802;0
51;9;48803;0
51;9;48804;0
51;9;48805;0
51;9;48806;0
51;9;48807;0
51;9;48808;0
51;9;48809;0
51;9;48810;0
51;9;48811;0
51;9;48812;0
51;9;48813;0
51;9;48814;0
51;9;48815;0
51;9;48816;0
51;9;48817;0
51;9;48818;0
51;9;48819;0
51;9;48820;0
51;9;48821;0
51;9;48822;0
51;9;48823;0
51;9;48824;0
51;9;48825;0
51;9;48826;0
51;9;48827;0
51;9;48828;0
51;9;48829;0
51;9;48830;0
51;9;48831;0
51;9;48832;0
51;9;48833;0
51;9;48834;0
51;9;48835;0
51;9;48836;0
51;9;48837;0
51;9;48838;0
51;9;48839;0
51;9;48840;0
51;9;48841;0
51;9;48842;0
51;9;48843;0
51;9;48844;0
51;9;48845;0
51;9;48846;0
51;9;48847;0
51;9;48848;0
51;9;48849;0
51;9;48850;0
51;9;48851;0
51;9;48852;0
51;9;48853;0
51;9;48854;0
51;9;48855;0
51;9;48856;0
51;9;48857;0
51;9;48858;0
51;9;48859;0
51;9;48860;0
51;9;48861;0
51;9;48862;0
51;9;48863;0
51;9;48864;0
51;9;48865;0
51;9;48866;0
51;9;48867;0
51;9;48868;0
51;9;48869;0
51;9;48870;0
51;9;48871;0
51;9;48872;0
51;9;48873;0
51;9;48874;0
51;9;48875;0
51;9;48876;0
51;9;48877;0
51;9;48878;0
51;9;48879;0
51;9;48880;0
51;9;48881;0
51;9;48882;0
51;9;48883;0
51;9;48884;0
51;9;48885;0
51;9;48886;0
51;9;48887;0
51;9;48888;0
51;9;48889;0
51;9;48890;0
51;9;48891;0
51;9;48892;0
51;9;48893;0
51;9;48894;0
51;9;48895;0
51;9;48896;0
51;9;48897;0
51;9;48898;0
51;9;48899;0
51;9;48900;0
51;9;48901;0
51;9;48902;0
51;9;48903;0
51;9;48904;0
51;9;48905;0
51;9;48906;0
51;9;48907;0
51;9;48908;0
51;9;48909;0
51;9;48910;0
51;9;48911;0
51;9;48912;0
51;9;48913;0
51;9;48914;0
51;9;48915;0
51;9;48916;0
51;9;48917;0
51;9;48918;0
51;9;48919;0
51;9;48920;0
51;9;48921;0
51;9;48922;0
51;9;48923;0
51;9;48924;0
51;9;48925;0
51;9;48926;0
51;9;48927;0
51;9;48928;0
51;9;48929;0
51;9;48930;0
51;9;48931;0
51;9;48932;0
51;9;48933;0
51;9;48934;0
51;9;48935;0
51;9;48936;0
51;9;48937;0
51;9;48938;0
51;9;48939;0
51;9;48940;0
51;9;48941;0
51;9;48942;0
51;9;48943;0
51;9;48944;0
51;9;48945;0
51;9;48946;0
51;9;48947;0
51;9;48948;0
51;9;48949;0
51;9;48950;0
51;9;48951;0
51;9;48952;0
51;9;48953;0
51;9;48954;0
51;9;48955;0
51;9;48956;0
51;9;48957;0
51;9;48958;0
51;9;48959;0
51;9;48960;0
51;9;48961;0
51;9;48962;0
51;9;48963;0
51;9;48964;0
51;9;48965;0
51;9;48966;0
51;9;48967;0
51;9;48968;0
51;9;48969;0
51;9;48970;0
51;9;48971;0
51;9;48972;0
51;9;48973;0
51;9;48974;0
51;9;48975;0
51;9;48976;0
51;9;48977;0
51;9;48978;0
51;9;48979;0
51;9;48980;0
51;9;48981;0
51;9;48982;0
51;9;48983;0
51;9;48984;0
51;9;48985;0
51;9;48986;0
51;9;48987;0
51;9;48988;0
51;9;48989;0
51;9;48990;0
51;9;48991;0
51;9;48992;0
51;9;48993;0
51;9;48994;0
51;9;48995;0
51;9;48996;0
51;9;48997;0
51;9;48998;0
51;9;48999;0
51;9;49000;0
51;9;49001;0
51;9;49002;0
51;9;49003;0
51;9;49004;0
51;9;49005;0
51;9;49006;0
51;9;49007;0
51;9;49008;0
51;9;49009;0
51;9;49010;0
51;9;49011;0
51;9;49012;0
51;9;49013;0
51;9;49014;0
51;9;49015;0
51;9;49016;0
51;9;49017;0
51;9;49018;0
51;9;49019;0
51;9;49020;0
51;9;49021;0
51;9;49022;0
51;9;49023;0
51;9;49024;0
51;9;49025;0
51;9;49026;0
51;9;49027;0
51;9;49028;0
51;9;49029;0
51;9;49030;0
51;9;49031;0
51;9;49032;0
51;9;49033;0
51;9;49034;0
51;9;49035;0
51;9;49036;0
51;9;49037;0
51;9;49038;0
51;9;49039;0
51;9;49040;0
51;9;49041;0
51;9;49042;0
51;9;49043;0
51;9;49044;0
51;9;49045;0
51;9;49046;0
51;9;49047;0
51;9;49048;0
51;9;49049;0
51;9;49050;0
51;9;49051;0
51;9;49052;0
51;9;49053;0
51;9;49054;0
51;9;49055;0
51;9;49056;0
51;9;49057;0
51;9;49058;0
51;9;49059;0
51;9;49060;0
51;9;49061;0
51;9;49062;0
51;9;49063;0
51;9;49064;0
51;9;49065;0
51;9;49066;0
51;9;49067;0
51;9;49068;0
51;9;49069;0
51;9;49070;0
51;9;49071;0
51;9;49072;0
51;9;49073;0
51;9;49074;0
51;9;49075;0
51;9;49076;0
51;9;49077;0
51;9;49078;0
51;9;49079;0
51;9;49080;0
51;9;49081;0
51;9;49082;0
51;9;49083;0
51;9;49084;0
51;9;49085;0
51;9;49086;0
51;9;49087;0
51;9;49088;0
51;9;49089;0
51;9;49090;0
51;9;49091;0
51;9;49092;0
51;9;49093;0
51;9;49094;0
51;9;49095;0
51;9;49096;0
51;9;49097;0
51;9;49098;0
51;9;49099;0
51;9;49100;0
51;9;49101;0
51;9;49102;0
51;9;49103;0
51;9;49104;0
51;9;49105;0
51;9;49106;0
51;9;49107;0
51;9;49108;0
51;9;49109;0
51;9;49110;0
51;9;49111;0
51;9;49112;0
51;9;49113;0
51;9;49114;0
51;9;49115;0
51;9;49116;0
51;9;49117;0
51;9;49118;0
51;9;49119;0
51;9;49120;0
51;9;49121;0
51;9;49122;0
51;9;49123;0
51;9;49124;0
51;9;49125;0
51;9;49126;0
51;9;49127;0
51;9;49128;0
51;9;49129;0
51;9;49130;0
51;9;49131;0
51;9;49132;0
51;9;49133;0
51;9;49134;0
51;9;49135;0
51;9;49136;0
51;9;49137;0
51;9;49138;0
51;9;49139;0
51;9;49140;0
51;9;49141;0
51;9;49142;0
51;9;49143;0
51;9;49144;0
51;9;49145;0
51;9;49146;0
51;9;49147;0
51;9;49148;0
51;9;49149;0
51;9;49150;0
51;9;49151;0
51;9;49152;0
51;9;49153;0
51;9;49154;0
51;9;49155;0
51;9;49156;0
51;9;49157;0
51;9;49158;0
51;9;49159;0
51;9;49160;0
51;9;49161;0
51;9;49162;0
51;9;49163;0
51;9;49164;0
51;9;49165;0
51;9;49166;0
51;9;49167;0
51;9;49168;0
51;9;49169;0
51;9;49170;0
51;9;49171;0
51;9;49172;0
51;9;49173;0
51;9;49174;0
51;9;49175;0
51;9;49176;0
51;9;49177;0
51;9;49178;0
51;9;49179;0
51;9;49180;0
51;9;49181;0
51;9;49182;0
51;9;49183;0
51;9;49184;0
51;9;49185;0
51;9;49186;0
51;9;49187;0
51;9;49188;0
51;9;49189;0
51;9;49190;0
51;9;49191;0
51;9;49192;0
51;9;49193;0
51;9;49194;0
51;9;49195;0
51;9;49196;0
51;9;49197;0
51;9;49198;0
51;9;49199;0
51;9;49200;0
51;9;49201;0
51;9;49202;0
51;9;49203;0
51;9;49204;0
51;9;49205;0
51;9;49206;0
51;9;49207;0
51;9;49208;0
51;9;49209;0
51;9;49210;0
51;9;49211;0
51;9;49212;0
51;9;49213;0
51;9;49214;0
51;9;49215;0
51;9;49216;0
51;9;49217;0
51;9;49218;0
51;9;49219;0
51;9;49220;0
51;9;49221;0
51;9;49222;0
51;9;49223;0
51;9;49224;0
51;9;49225;0
51;9;49226;0
51;9;49227;0
51;9;49228;0
51;9;49229;0
51;9;49230;0
51;9;49231;0
51;9;49232;0
51;9;49233;0
51;9;49234;0
51;9;49235;0
51;9;49236;0
51;9;49237;0
51;9;49238;0
51;9;49239;0
51;9;49240;0
51;9;49241;0
51;9;49242;0
51;9;49243;0
51;9;49244;0
51;9;49245;0
51;9;49246;0
51;9;49247;0
51;9;49248;0
51;9;49249;0
51;9;49250;0
51;9;49251;0
51;9;49252;0
51;9;49253;0
51;9;49254;0
51;9;49255;0
51;9;49256;0
51;9;49257;0
51;9;49258;0
51;9;49259;0
51;9;49260;0
51;9;49261;0
51;9;49262;0
51;9;49263;0
51;9;49264;0
51;9;49265;0
51;9;49266;0
51;9;49267;0
51;9;49268;0
51;9;49269;0
51;9;49270;0
51;9;49271;0
51;9;49272;0
51;9;49273;0
51;9;49274;0
51;9;49275;0
51;9;49276;0
51;9;49277;0
51;9;49278;0
51;9;49279;0
51;9;49280;0
51;9;49281;0
51;9;49282;0
51;9;49283;0
51;9;49284;0
51;9;49285;0
51;9;49286;0
51;9;49287;0
51;9;49288;0
51;9;49289;0
51;9;49290;0
51;9;49291;0
51;9;49292;0
51;9;49293;0
51;9;49294;0
51;9;49295;0
51;9;49296;0
51;9;49297;0
51;9;49298;0
51;9;49299;0
51;9;49300;0
51;9;49301;0
51;9;49302;0
51;9;49303;0
51;9;49304;0
51;9;49305;0
51;9;49306;0
51;9;49307;0
51;9;49308;0
51;9;49309;0
51;9;49310;0
51;9;49311;0
51;9;49312;0
51;9;49313;0
51;9;49314;0
51;9;49315;0
51;9;49316;0
51;9;49317;0
51;9;49318;0
51;9;49319;0
51;9;49320;0
51;9;49321;0
51;9;49322;0
51;9;49323;0
51;9;49324;0
51;9;49325;0
51;9;49326;0
51;9;49327;0
51;9;49328;0
51;9;49329;0
51;9;49330;0
51;9;49331;0
51;9;49332;0
51;9;49333;0
51;9;49334;0
51;9;49335;0
51;9;49336;0
51;9;49337;0
51;9;49338;0
51;9;49339;0
51;9;49340;0
51;9;49341;0
51;9;49342;0
51;9;49343;0
51;9;49344;0
51;9;49345;0
51;9;49346;0
51;9;49347;0
51;9;49348;0
51;9;49349;0
51;9;49350;0
51;9;49351;0
51;9;49352;0
51;9;49353;0
51;9;49354;0
51;9;49355;0
51;9;49356;0
51;9;49357;0
51;9;49358;0
51;9;49359;0
51;9;49360;0
51;9;49361;0
51;9;49362;0
51;9;49363;0
51;9;49364;0
51;9;49365;0
51;9;49366;0
51;9;49367;0
51;9;49368;0
51;9;49369;0
51;9;49370;0
51;9;49371;0
51;9;49372;0
51;9;49373;0
51;9;49374;0
51;9;49375;0
51;9;49376;0
51;9;49377;0
51;9;49378;0
51;9;49379;0
51;9;49380;0
51;9;49381;0
51;9;49382;0
51;9;49383;0
51;9;49384;0
51;9;49385;0
51;9;49386;0
51;9;49387;0
51;9;49388;0
51;9;49389;0
51;9;49390;0
51;9;49391;0
51;9;49392;0
51;9;49393;0
51;9;49394;0
51;9;49395;0
51;9;49396;0
51;9;49397;0
51;9;49398;0
51;9;49399;0
51;9;49400;0
51;9;49401;0
51;9;49402;0
51;9;49403;0
51;9;49404;0
51;9;49405;0
51;9;49406;0
51;9;49407;0
51;9;49408;0
51;9;49409;0
51;9;49410;0
51;9;49411;0
51;9;49412;0
51;9;49413;0
51;9;49414;0
51;9;49415;0
51;9;49416;0
51;9;49417;0
51;9;49418;0
51;9;49419;0
51;9;49420;0
51;9;49421;0
51;9;49422;0
51;9;49423;0
51;9;49424;0
51;9;49425;0
51;9;49426;0
51;9;49427;0
51;9;49428;0
51;9;49429;0
51;9;49430;0
51;9;49431;0
51;9;49432;0
51;9;49433;0
51;9;49434;0
51;9;49435;0
51;9;49436;0
51;9;49437;0
51;9;49438;0
51;9;49439;0
51;9;49440;0
51;9;49441;0
51;9;49442;0
51;9;49443;0
51;9;49444;0
51;9;49445;0
51;9;49446;0
51;9;49447;0
51;9;49448;0
51;9;49449;0
51;9;49450;0
51;9;49451;0
51;9;49452;0
51;9;49453;0
51;9;49454;0
51;9;49455;0
51;9;49456;0
51;9;49457;0
51;9;49458;0
51;9;49459;0
51;9;49460;0
51;9;49461;0
51;9;49462;0
51;9;49463;0
51;9;49464;0
51;9;49465;0
51;9;49466;0
51;9;49467;0
51;9;49468;0
51;9;49469;0
51;9;49470;0
51;9;49471;0
51;9;49472;0
51;9;49473;0
51;9;49474;0
51;9;49475;0
51;9;49476;0
51;9;49477;0
51;9;49478;0
51;9;49479;0
51;9;49480;0
51;9;49481;0
51;9;49482;0
51;9;49483;0
51;9;49484;0
51;9;49485;0
51;9;49486;0
51;9;49487;0
51;9;49488;0
51;9;49489;0
51;9;49490;0
51;9;49491;0
51;9;49492;0
51;9;49493;0
51;9;49494;0
51;9;49495;0
51;9;49496;0
51;9;49497;0
51;9;49498;0
51;9;49499;0
51;9;49500;0
51;9;49501;0
51;9;49502;0
51;9;49503;0
51;9;49504;0
51;9;49505;0
51;9;49506;0
51;9;49507;0
51;9;49508;0
51;9;49509;0
51;9;49510;0
51;9;49511;0
51;9;49512;0
51;9;49513;0
51;9;49514;0
51;9;49515;0
51;9;49516;0
51;9;49517;0
51;9;49518;0
51;9;49519;0
51;9;49520;0
51;9;49521;0
51;9;49522;0
51;9;49523;0
51;9;49524;0
51;9;49525;0
51;9;49526;0
51;9;49527;0
51;9;49528;0
51;9;49529;0
51;9;49530;0
51;9;49531;0
51;9;49532;0
51;9;49533;0
51;9;49534;0
51;9;49535;0
51;9;49536;0
51;9;49537;0
51;9;49538;0
51;9;49539;0
51;9;49540;0
51;9;49541;0
51;9;49542;0
51;9;49543;0
51;9;49544;0
51;9;49545;0
51;9;49546;0
51;9;49547;0
51;9;49548;0
51;9;49549;0
51;9;49550;0
51;9;49551;0
51;9;49552;0
51;9;49553;0
51;9;49554;0
51;9;49555;0
51;9;49556;0
51;9;49557;0
51;9;49558;0
51;9;49559;0
51;9;49560;0
51;9;49561;0
51;9;49562;0
51;9;49563;0
51;9;49564;0
51;9;49565;0
51;9;49566;0
51;9;49567;0
51;9;49568;0
51;9;49569;0
51;9;49570;0
51;9;49571;0
51;9;49572;0
51;9;49573;0
51;9;49574;0
51;9;49575;0
51;9;49576;0
51;9;49577;0
51;9;49578;0
51;9;49579;0
51;9;49580;0
51;9;49581;0
51;9;49582;0
51;9;49583;0
51;9;49584;0
51;9;49585;0
51;9;49586;0
51;9;49587;0
51;9;49588;0
51;9;49589;0
51;9;49590;0
51;9;49591;0
51;9;49592;0
51;9;49593;0
51;9;49594;0
51;9;49595;0
51;9;49596;0
51;9;49597;0
51;9;49598;0
51;9;49599;0
51;9;49600;0
51;9;49601;0
51;9;49602;0
51;9;49603;0
51;9;49604;0
51;9;49605;0
51;9;49606;0
51;9;49607;0
51;9;49608;0
51;9;49609;0
51;9;49610;0
51;9;49611;0
51;9;49612;0
51;9;49613;0
51;9;49614;0
51;9;49615;0
51;9;49616;0
51;9;49617;0
51;9;49618;0
51;9;49619;0
51;9;49620;0
51;9;49621;0
51;9;49622;0
51;9;49623;0
51;9;49624;0
51;9;49625;0
51;9;49626;0
51;9;49627;0
51;9;49628;0
51;9;49629;0
51;9;49630;0
51;9;49631;0
51;9;49632;0
51;9;49633;0
51;9;49634;0
51;9;49635;0
51;9;49636;0
51;9;49637;0
51;9;49638;0
51;9;49639;0
51;9;49640;0
51;9;49641;0
51;9;49642;0
51;9;49643;0
51;9;49644;0
51;9;49645;0
51;9;49646;0
51;9;49647;0
51;9;49648;0
51;9;49649;0
51;9;49650;0
51;9;49651;0
51;9;49652;0
51;9;49653;0
51;9;49654;0
51;9;49655;0
51;9;49656;0
51;9;49657;0
51;9;49658;0
51;9;49659;0
51;9;49660;0
51;9;49661;0
51;9;49662;0
51;9;49663;0
51;9;49664;0
51;9;49665;0
51;9;49666;0
51;9;49667;0
51;9;49668;0
51;9;49669;0
51;9;49670;0
51;9;49671;0
51;9;49672;0
51;9;49673;0
51;9;49674;0
51;9;49675;0
51;9;49676;0
51;9;49677;0
51;9;49678;0
51;9;49679;0
51;9;49680;0
51;9;49681;0
51;9;49682;0
51;9;49683;0
51;9;49684;0
51;9;49685;0
51;9;49686;0
51;9;49687;0
51;9;49688;0
51;9;49689;0
51;9;49690;0
51;9;49691;0
51;9;49692;0
51;9;49693;0
51;9;49694;0
51;9;49695;0
51;9;49696;0
51;9;49697;0
51;9;49698;0
51;9;49699;0
51;9;49700;0
51;9;49701;0
51;9;49702;0
51;9;49703;0
51;9;49704;0
51;9;49705;0
51;9;49706;0
51;9;49707;0
51;9;49708;0
51;9;49709;0
51;9;49710;0
51;9;49711;0
51;9;49712;0
51;9;49713;0
51;9;49714;0
51;9;49715;0
51;9;49716;0
51;9;49717;0
51;9;49718;0
51;9;49719;0
51;9;49720;0
51;9;49721;0
51;9;49722;0
51;9;49723;0
51;9;49724;0
51;9;49725;0
51;9;49726;0
51;9;49727;0
51;9;49728;0
51;9;49729;0
51;9;49730;0
51;9;49731;0
51;9;49732;0
51;9;49733;0
51;9;49734;0
51;9;49735;0
51;9;49736;0
51;9;49737;0
51;9;49738;0
51;9;49739;0
51;9;49740;0
51;9;49741;0
51;9;49742;0
51;9;49743;0
51;9;49744;0
51;9;49745;0
51;9;49746;0
51;9;49747;0
51;9;49748;0
51;9;49749;0
51;9;49750;0
51;9;49751;0
51;9;49752;0
51;9;49753;0
51;9;49754;0
51;9;49755;0
51;9;49756;0
51;9;49757;0
51;9;49758;0
51;9;49759;0
51;9;49760;0
51;9;49761;0
51;9;49762;0
51;9;49763;0
51;9;49764;0
51;9;49765;0
51;9;49766;0
51;9;49767;0
51;9;49768;0
51;9;49769;0
51;9;49770;0
51;9;49771;0
51;9;49772;0
51;9;49773;0
51;9;49774;0
51;9;49775;0
51;9;49776;0
51;9;49777;0
51;9;49778;0
51;9;49779;0
51;9;49780;0
51;9;49781;0
51;9;49782;0
51;9;49783;0
51;9;49784;0
51;9;49785;0
51;9;49786;0
51;9;49787;0
51;9;49788;0
51;9;49789;0
51;9;49790;0
51;9;49791;0
51;9;49792;0
51;9;49793;0
51;9;49794;0
51;9;49795;0
51;9;49796;0
51;9;49797;0
51;9;49798;0
51;9;49799;0
51;9;49800;0
51;9;49801;0
51;9;49802;0
51;9;49803;0
51;9;49804;0
51;9;49805;0
51;9;49806;0
51;9;49807;0
51;9;49808;0
51;9;49809;0
51;9;49810;0
51;9;49811;0
51;9;49812;0
51;9;49813;0
51;9;49814;0
51;9;49815;0
51;9;49816;0
51;9;49817;0
51;9;49818;0
51;9;49819;0
51;9;49820;0
51;9;49821;0
51;9;49822;0
51;9;49823;0
51;9;49824;0
51;9;49825;0
51;9;49826;0
51;9;49827;0
51;9;49828;0
51;9;49829;0
51;9;49830;0
51;9;49831;0
51;9;49832;0
51;9;49833;0
51;9;49834;0
51;9;49835;0
51;9;49836;0
51;9;49837;0
51;9;49838;0
51;9;49839;0
51;9;49840;0
51;9;49841;0
51;9;49842;0
51;9;49843;0
51;9;49844;0
51;9;49845;0
51;9;49846;0
51;9;49847;0
51;9;49848;0
51;9;49849;0
51;9;49850;0
51;9;49851;0
51;9;49852;0
51;9;49853;0
51;9;49854;0
51;9;49855;0
51;9;49856;0
51;9;49857;0
51;9;49858;0
51;9;49859;0
51;9;49860;0
51;9;49861;0
51;9;49862;0
51;9;49863;0
51;9;49864;0
51;9;49865;0
51;9;49866;0
51;9;49867;0
51;9;49868;0
51;9;49869;0
51;9;49870;0
51;9;49871;0
51;9;49872;0
51;9;49873;0
51;9;49874;0
51;9;49875;0
51;9;49876;0
51;9;49877;0
51;9;49878;0
51;9;49879;0
51;9;49880;0
51;9;49881;0
51;9;49882;0
51;9;49883;0
51;9;49884;0
51;9;49885;0
51;9;49886;0
51;9;49887;0
51;9;49888;0
51;9;49889;0
51;9;49890;0
51;9;49891;0
51;9;49892;0
51;9;49893;0
51;9;49894;0
51;9;49895;0
51;9;49896;0
51;9;49897;0
51;9;49898;0
51;9;49899;0
51;9;49900;0
51;9;49901;0
51;9;49902;0
51;9;49903;0
51;9;49904;0
51;9;49905;0
51;9;49906;0
51;9;49907;0
51;9;49908;0
51;9;49909;0
51;9;49910;0
51;9;49911;0
51;9;49912;0
51;9;49913;0
51;9;49914;0
51;9;49915;0
51;9;49916;0
51;9;49917;0
51;9;49918;0
51;9;49919;0
51;9;49920;0
51;9;49921;0
51;9;49922;0
51;9;49923;0
51;9;49924;0
51;9;49925;0
51;9;49926;0
51;9;49927;0
51;9;49928;0
51;9;49929;0
51;9;49930;0
51;9;49931;0
51;9;49932;0
51;9;49933;0
51;9;49934;0
51;9;49935;0
51;9;49936;0
51;9;49937;0
51;9;49938;0
51;9;49939;0
51;9;49940;0
51;9;49941;0
51;9;49942;0
51;9;49943;0
51;9;49944;0
51;9;49945;0
51;9;49946;0
51;9;49947;0
51;9;49948;0
51;9;49949;0
51;9;49950;0
51;9;49951;0
51;9;49952;0
51;9;49953;0
51;9;49954;0
51;9;49955;0
51;9;49956;0
51;9;49957;0
51;9;49958;0
51;9;49959;0
51;9;49960;0
51;9;49961;0
51;9;49962;0
51;9;49963;0
51;9;49964;0
51;9;49965;0
51;9;49966;0
51;9;49967;0
51;9;49968;0
51;9;49969;0
51;9;49970;0
51;9;49971;0
51;9;49972;0
51;9;49973;0
51;9;49974;0
51;9;49975;0
51;9;49976;0
51;9;49977;0
51;9;49978;0
51;9;49979;0
51;9;49980;0
51;9;49981;0
51;9;49982;0
51;9;49983;0
51;9;49984;0
51;9;49985;0
51;9;49986;0
51;9;49987;0
51;9;49988;0
51;9;49989;0
51;9;49990;0
51;9;49991;0
51;9;49992;0
51;9;49993;0
51;9;49994;0
51;9;49995;0
51;9;49996;0
51;9;49997;0
51;9;49998;0
51;9;49999;0
51;9;50000;0
51;9;50001;0
51;9;50002;0
51;9;50003;0
51;9;50004;0
51;9;50005;0
51;9;50006;0
51;9;50007;0
51;9;50008;0
51;9;50009;0
51;9;50010;0
51;9;50011;0
51;9;50012;0
51;9;50013;0
51;9;50014;0
51;9;50015;0
51;9;50016;0
51;9;50017;0
51;9;50018;0
51;9;50019;0
51;9;50020;0
51;9;50021;0
51;9;50022;0
51;9;50023;0
51;9;50024;0
51;9;50025;0
51;9;50026;0
51;9;50027;0
51;9;50028;0
51;9;50029;0
51;9;50030;0
51;9;50031;0
51;9;50032;0
51;9;50033;0
51;9;50034;0
51;9;50035;0
51;9;50036;0
51;9;50037;0
51;9;50038;0
51;9;50039;0
51;9;50040;0
51;9;50041;0
51;9;50042;0
51;9;50043;0
51;9;50044;0
51;9;50045;0
51;9;50046;0
51;9;50047;0
51;9;50048;0
51;9;50049;0
51;9;50050;0
51;9;50051;0
51;9;50052;0
51;9;50053;0
51;9;50054;0
51;9;50055;0
51;9;50056;0
51;9;50057;0
51;9;50058;0
51;9;50059;0
51;9;50060;0
51;9;50061;0
51;9;50062;0
51;9;50063;0
51;9;50064;0
51;9;50065;0
51;9;50066;0
51;9;50067;0
51;9;50068;0
51;9;50069;0
51;9;50070;0
51;9;50071;0
51;9;50072;0
51;9;50073;0
51;9;50074;0
51;9;50075;0
51;9;50076;0
51;9;50077;0
51;9;50078;0
51;9;50079;0
51;9;50080;0
51;9;50081;0
51;9;50082;0
51;9;50083;0
51;9;50084;0
51;9;50085;0
51;9;50086;0
51;9;50087;0
51;9;50088;0
51;9;50089;0
51;9;50090;0
51;9;50091;0
51;9;50092;0
51;9;50093;0
51;9;50094;0
51;9;50095;0
51;9;50096;0
51;9;50097;0
51;9;50098;0
51;9;50099;0
51;9;50100;0
51;9;50101;0
51;9;50102;0
51;9;50103;0
51;9;50104;0
51;9;50105;0
51;9;50106;0
51;9;50107;0
51;9;50108;0
51;9;50109;0
51;9;50110;0
51;9;50111;0
51;9;50112;0
51;9;50113;0
51;9;50114;0
51;9;50115;0
51;9;50116;0
51;9;50117;0
51;9;50118;0
51;9;50119;0
51;9;50120;0
51;9;50121;0
51;9;50122;0
51;9;50123;0
51;9;50124;0
51;9;50125;0
51;9;50126;0
51;9;50127;0
51;9;50128;0
51;9;50129;0
51;9;50130;0
51;9;50131;0
51;9;50132;0
51;9;50133;0
51;9;50134;0
51;9;50135;0
51;9;50136;0
51;9;50137;0
51;9;50138;0
51;9;50139;0
51;9;50140;0
51;9;50141;0
51;9;50142;0
51;9;50143;0
51;9;50144;0
51;9;50145;0
51;9;50146;0
51;9;50147;0
51;9;50148;0
51;9;50149;0
51;9;50150;0
51;9;50151;0
51;9;50152;0
51;9;50153;0
51;9;50154;0
51;9;50155;0
51;9;50156;0
51;9;50157;0
51;9;50158;0
51;9;50159;0
51;9;50160;0
51;9;50161;0
51;9;50162;0
51;9;50163;0
51;9;50164;0
51;9;50165;0
51;9;50166;0
51;9;50167;0
51;9;50168;0
51;9;50169;0
51;9;50170;0
51;9;50171;0
51;9;50172;0
51;9;50173;0
51;9;50174;0
51;9;50175;0
51;9;50176;0
51;9;50177;0
51;9;50178;0
51;9;50179;0
51;9;50180;0
51;9;50181;0
51;9;50182;0
51;9;50183;0
51;9;50184;0
51;9;50185;0
51;9;50186;0
51;9;50187;0
51;9;50188;0
51;9;50189;0
51;9;50190;0
51;9;50191;0
51;9;50192;0
51;9;50193;0
51;9;50194;0
51;9;50195;0
51;9;50196;0
51;9;50197;0
51;9;50198;0
51;9;50199;0
51;9;50200;0
51;9;50201;0
51;9;50202;0
51;9;50203;0
51;9;50204;0
51;9;50205;0
51;9;50206;0
51;9;50207;0
51;9;50208;0
51;9;50209;0
51;9;50210;0
51;9;50211;0
51;9;50212;0
51;9;50213;0
51;9;50214;0
51;9;50215;0
51;9;50216;0
51;9;50217;0
51;9;50218;0
51;9;50219;0
51;9;50220;0
51;9;50221;0
51;9;50222;0
51;9;50223;0
51;9;50224;0
51;9;50225;0
51;9;50226;0
51;9;50227;0
51;9;50228;0
51;9;50229;0
51;9;50230;0
51;9;50231;0
51;9;50232;0
51;9;50233;0
51;9;50234;0
51;9;50235;0
51;9;50236;0
51;9;50237;0
51;9;50238;0
51;9;50239;0
51;9;50240;0
51;9;50241;0
51;9;50242;0
51;9;50243;0
51;9;50244;0
51;9;50245;0
51;9;50246;0
51;9;50247;0
51;9;50248;0
51;9;50249;0
51;9;50250;0
51;9;50251;0
51;9;50252;0
51;9;50253;0
51;9;50254;0
51;9;50255;0
51;9;50256;0
51;9;50257;0
51;9;50258;0
51;9;50259;0
51;9;50260;0
51;9;50261;0
51;9;50262;0
51;9;50263;0
51;9;50264;0
51;9;50265;0
51;9;50266;0
51;9;50267;0
51;9;50268;0
51;9;50269;0
51;9;50270;0
51;9;50271;0
51;9;50272;0
51;9;50273;0
51;9;50274;0
51;9;50275;0
51;9;50276;0
51;9;50277;0
51;9;50278;0
51;9;50279;0
51;9;50280;0
51;9;50281;0
51;9;50282;0
51;9;50283;0
51;9;50284;0
51;9;50285;0
51;9;50286;0
51;9;50287;0
51;9;50288;0
51;9;50289;0
51;9;50290;0
51;9;50291;0
51;9;50292;0
51;9;50293;0
51;9;50294;0
51;9;50295;0
51;9;50296;0
51;9;50297;0
51;9;50298;0
51;9;50299;0
51;9;50300;0
51;9;50301;0
51;9;50302;0
51;9;50303;0
51;9;50304;0
51;9;50305;0
51;9;50306;0
51;9;50307;0
51;9;50308;0
51;9;50309;0
51;9;50310;0
51;9;50311;0
51;9;50312;0
51;9;50313;0
51;9;50314;0
51;9;50315;0
51;9;50316;0
51;9;50317;0
51;9;50318;0
51;9;50319;0
51;9;50320;0
51;9;50321;0
51;9;50322;0
51;9;50323;0
51;9;50324;0
51;9;50325;0
51;9;50326;0
51;9;50327;0
51;9;50328;0
51;9;50329;0
51;9;50330;0
51;9;50331;0
51;9;50332;0
51;9;50333;0
51;9;50334;0
51;9;50335;0
51;9;50336;0
51;9;50337;0
51;9;50338;0
51;9;50339;0
51;9;50340;0
51;9;50341;0
51;9;50342;0
51;9;50343;0
51;9;50344;0
51;9;50345;0
51;9;50346;0
51;9;50347;0
51;9;50348;0
51;9;50349;0
51;9;50350;0
51;9;50351;0
51;9;50352;0
51;9;50353;0
51;9;50354;0
51;9;50355;0
51;9;50356;0
51;9;50357;0
51;9;50358;0
51;9;50359;0
51;9;50360;0
51;9;50361;0
51;9;50362;0
51;9;50363;0
51;9;50364;0
51;9;50365;0
51;9;50366;0
51;9;50367;0
51;9;50368;0
51;9;50369;0
51;9;50370;0
51;9;50371;0
51;9;50372;0
51;9;50373;0
51;9;50374;0
51;9;50375;0
51;9;50376;0
51;9;50377;0
51;9;50378;0
51;9;50379;0
51;9;50380;0
51;9;50381;0
51;9;50382;0
51;9;50383;0
51;9;50384;0
51;9;50385;0
51;9;50386;0
51;9;50387;0
51;9;50388;0
51;9;50389;0
51;9;50390;0
51;9;50391;0
51;9;50392;0
51;9;50393;0
51;9;50394;0
51;9;50395;0
51;9;50396;0
51;9;50397;0
51;9;50398;0
51;9;50399;0
51;9;50400;0
51;9;50401;0
51;9;50402;0
51;9;50403;0
51;9;50404;0
51;9;50405;0
51;9;50406;0
51;9;50407;0
51;9;50408;0
51;9;50409;0
51;9;50410;0
51;9;50411;0
51;9;50412;0
51;9;50413;0
51;9;50414;0
51;9;50415;0
51;9;50416;0
51;9;50417;0
51;9;50418;0
51;9;50419;0
51;9;50420;0
51;9;50421;0
51;9;50422;0
51;9;50423;0
51;9;50424;0
51;9;50425;0
51;9;50426;0
51;9;50427;0
51;9;50428;0
51;9;50429;0
51;9;50430;0
51;9;50431;0
51;9;50432;0
51;9;50433;0
51;9;50434;0
51;9;50435;0
51;9;50436;0
51;9;50437;0
51;9;50438;0
51;9;50439;0
51;9;50440;0
51;9;50441;0
51;9;50442;0
51;9;50443;0
51;9;50444;0
51;9;50445;0
51;9;50446;0
51;9;50447;0
51;9;50448;0
51;9;50449;0
51;9;50450;0
51;9;50451;0
51;9;50452;0
51;9;50453;0
51;9;50454;0
51;9;50455;0
51;9;50456;0
51;9;50457;0
51;9;50458;0
51;9;50459;0
51;9;50460;0
51;9;50461;0
51;9;50462;0
51;9;50463;0
51;9;50464;0
51;9;50465;0
51;9;50466;0
51;9;50467;0
51;9;50468;0
51;9;50469;0
51;9;50470;0
51;9;50471;0
51;9;50472;0
51;9;50473;0
51;9;50474;0
51;9;50475;0
51;9;50476;0
51;9;50477;0
51;9;50478;0
51;9;50479;0
51;9;50480;0
51;9;50481;0
51;9;50482;0
51;9;50483;0
51;9;50484;0
51;9;50485;0
51;9;50486;0
51;9;50487;0
51;9;50488;0
51;9;50489;0
51;9;50490;0
51;9;50491;0
51;9;50492;0
51;9;50493;0
51;9;50494;0
51;9;50495;0
51;9;50496;0
51;9;50497;0
51;9;50498;0
51;9;50499;0
51;9;50500;0
51;9;50501;0
51;9;50502;0
51;9;50503;0
51;9;50504;0
51;9;50505;0
51;9;50506;0
51;9;50507;0
51;9;50508;0
51;9;50509;0
51;9;50510;0
51;9;50511;0
51;9;50512;0
51;9;50513;0
51;9;50514;0
51;9;50515;0
51;9;50516;0
51;9;50517;0
51;9;50518;0
51;9;50519;0
51;9;50520;0
51;9;50521;0
51;9;50522;0
51;9;50523;0
51;9;50524;0
51;9;50525;0
51;9;50526;0
51;9;50527;0
51;9;50528;0
51;9;50529;0
51;9;50530;0
51;9;50531;0
51;9;50532;0
51;9;50533;0
51;9;50534;0
51;9;50535;0
51;9;50536;0
51;9;50537;0
51;9;50538;0
51;9;50539;0
51;9;50540;0
51;9;50541;0
51;9;50542;0
51;9;50543;0
51;9;50544;0
51;9;50545;0
51;9;50546;0
51;9;50547;0
51;9;50548;0
51;9;50549;0
51;9;50550;0
51;9;50551;0
51;9;50552;0
51;9;50553;0
51;9;50554;0
51;9;50555;0
51;9;50556;0
51;9;50557;0
51;9;50558;0
51;9;50559;0
51;9;50560;0
51;9;50561;0
51;9;50562;0
51;9;50563;0
51;9;50564;0
51;9;50565;0
51;9;50566;0
51;9;50567;0
51;9;50568;0
51;9;50569;0
51;9;50570;0
51;9;50571;0
51;9;50572;0
51;9;50573;0
51;9;50574;0
51;9;50575;0
51;9;50576;0
51;9;50577;0
51;9;50578;0
51;9;50579;0
51;9;50580;0
51;9;50581;0
51;9;50582;0
51;9;50583;0
51;9;50584;0
51;9;50585;0
51;9;50586;0
51;9;50587;0
51;9;50588;0
51;9;50589;0
51;9;50590;0
51;9;50591;0
51;9;50592;0
51;9;50593;0
51;9;50594;0
51;9;50595;0
51;9;50596;0
51;9;50597;0
51;9;50598;0
51;9;50599;0
51;9;50600;0
51;9;50601;0
51;9;50602;0
51;9;50603;0
51;9;50604;0
51;9;50605;0
51;9;50606;0
51;9;50607;0
51;9;50608;0
51;9;50609;0
51;9;50610;0
51;9;50611;0
51;9;50612;0
51;9;50613;0
51;9;50614;0
51;9;50615;0
51;9;50616;0
51;9;50617;0
51;9;50618;0
51;9;50619;0
51;9;50620;0
51;9;50621;0
51;9;50622;0
51;9;50623;0
51;9;50624;0
51;9;50625;0
51;9;50626;0
51;9;50627;0
51;9;50628;0
51;9;50629;0
51;9;50630;0
51;9;50631;0
51;9;50632;0
51;9;50633;0
51;9;50634;0
51;9;50635;0
51;9;50636;0
51;9;50637;0
51;9;50638;0
51;9;50639;0
51;9;50640;0
51;9;50641;0
51;9;50642;0
51;9;50643;0
51;9;50644;0
51;9;50645;0
51;9;50646;0
51;9;50647;0
51;9;50648;0
51;9;50649;0
51;9;50650;0
51;9;50651;0
51;9;50652;0
51;9;50653;0
51;9;50654;0
51;9;50655;0
51;9;50656;0
51;9;50657;0
51;9;50658;0
51;9;50659;0
51;9;50660;0
51;9;50661;0
51;9;50662;0
51;9;50663;0
51;9;50664;0
51;9;50665;0
51;9;50666;0
51;9;50667;0
51;9;50668;0
51;9;50669;0
51;9;50670;0
51;9;50671;0
51;9;50672;0
51;9;50673;0
51;9;50674;0
51;9;50675;0
51;9;50676;0
51;9;50677;0
51;9;50678;0
51;9;50679;0
51;9;50680;0
51;9;50681;0
51;9;50682;0
51;9;50683;0
51;9;50684;0
51;9;50685;0
51;9;50686;0
51;9;50687;0
51;9;50688;0
51;9;50689;0
51;9;50690;0
51;9;50691;0
51;9;50692;0
51;9;50693;0
51;9;50694;0
51;9;50695;0
51;9;50696;0
51;9;50697;0
51;9;50698;0
51;9;50699;0
51;9;50700;0
51;9;50701;0
51;9;50702;0
51;9;50703;0
51;9;50704;0
51;9;50705;0
51;9;50706;0
51;9;50707;0
51;9;50708;0
51;9;50709;0
51;9;50710;0
51;9;50711;0
51;9;50712;0
51;9;50713;0
51;9;50714;0
51;9;50715;0
51;9;50716;0
51;9;50717;0
51;9;50718;0
51;9;50719;0
51;9;50720;0
51;9;50721;0
51;9;50722;0
51;9;50723;0
51;9;50724;0
51;9;50725;0
51;9;50726;0
51;9;50727;0
51;9;50728;0
51;9;50729;0
51;9;50730;0
51;9;50731;0
51;9;50732;0
51;9;50733;0
51;9;50734;0
51;9;50735;0
51;9;50736;0
51;9;50737;0
51;9;50738;0
51;9;50739;0
51;9;50740;0
51;9;50741;0
51;9;50742;0
51;9;50743;0
51;9;50744;0
51;9;50745;0
51;9;50746;0
51;9;50747;0
51;9;50748;0
51;9;50749;0
51;9;50750;0
51;9;50751;0
51;9;50752;0
51;9;50753;0
51;9;50754;0
51;9;50755;0
51;9;50756;0
51;9;50757;0
51;9;50758;0
51;9;50759;0
51;9;50760;0
51;9;50761;0
51;9;50762;0
51;9;50763;0
51;9;50764;0
51;9;50765;0
51;9;50766;0
51;9;50767;0
51;9;50768;0
51;9;50769;0
51;9;50770;0
51;9;50771;0
51;9;50772;0
51;9;50773;0
51;9;50774;0
51;9;50775;0
51;9;50776;0
51;9;50777;0
51;9;50778;0
51;9;50779;0
51;9;50780;0
51;9;50781;0
51;9;50782;0
51;9;50783;0
51;9;50784;0
51;9;50785;0
51;9;50786;0
51;9;50787;0
51;9;50788;0
51;9;50789;0
51;9;50790;0
51;9;50791;0
51;9;50792;0
51;9;50793;0
51;9;50794;0
51;9;50795;0
51;9;50796;0
51;9;50797;0
51;9;50798;0
51;9;50799;0
51;9;50800;0
51;9;50801;0
51;9;50802;0
51;9;50803;0
51;9;50804;0
51;9;50805;0
51;9;50806;0
51;9;50807;0
51;9;50808;0
51;9;50809;0
51;9;50810;0
51;9;50811;0
51;9;50812;0
51;9;50813;0
51;9;50814;0
51;9;50815;0
51;9;50816;0
51;9;50817;0
51;9;50818;0
51;9;50819;0
51;9;50820;0
51;9;50821;0
51;9;50822;0
51;9;50823;0
51;9;50824;0
51;9;50825;0
51;9;50826;0
51;9;50827;0
51;9;50828;0
51;9;50829;0
51;9;50830;0
51;9;50831;0
51;9;50832;0
51;9;50833;0
51;9;50834;0
51;9;50835;0
51;9;50836;0
51;9;50837;0
51;9;50838;0
51;9;50839;0
51;9;50840;0
51;9;50841;0
51;9;50842;0
51;9;50843;0
51;9;50844;0
51;9;50845;0
51;9;50846;0
51;9;50847;0
51;9;50848;0
51;9;50849;0
51;9;50850;0
51;9;50851;0
51;9;50852;0
51;9;50853;0
51;9;50854;0
51;9;50855;0
51;9;50856;0
51;9;50857;0
51;9;50858;0
51;9;50859;0
51;9;50860;0
51;9;50861;0
51;9;50862;0
51;9;50863;0
51;9;50864;0
51;9;50865;0
51;9;50866;0
51;9;50867;0
51;9;50868;0
51;9;50869;0
51;9;50870;0
51;9;50871;0
51;9;50872;0
51;9;50873;0
51;9;50874;0
51;9;50875;0
51;9;50876;0
51;9;50877;0
51;9;50878;0
51;9;50879;0
51;9;50880;0
51;9;50881;0
51;9;50882;0
51;9;50883;0
51;9;50884;0
51;9;50885;0
51;9;50886;0
51;9;50887;0
51;9;50888;0
51;9;50889;0
51;9;50890;0
51;9;50891;0
51;9;50892;0
51;9;50893;0
51;9;50894;0
51;9;50895;0
51;9;50896;0
51;9;50897;0
51;9;50898;0
51;9;50899;0
51;9;50900;0
51;9;50901;0
51;9;50902;0
51;9;50903;0
51;9;50904;0
51;9;50905;0
51;9;50906;0
51;9;50907;0
51;9;50908;0
51;9;50909;0
51;9;50910;0
51;9;50911;0
51;9;50912;0
51;9;50913;0
51;9;50914;0
51;9;50915;0
51;9;50916;0
51;9;50917;0
51;9;50918;0
51;9;50919;0
51;9;50920;0
51;9;50921;0
51;9;50922;0
51;9;50923;0
51;9;50924;0
51;9;50925;0
51;9;50926;0
51;9;50927;0
51;9;50928;0
51;9;50929;0
51;9;50930;0
51;9;50931;0
51;9;50932;0
51;9;50933;0
51;9;50934;0
51;9;50935;0
51;9;50936;0
51;9;50937;0
51;9;50938;0
51;9;50939;0
51;9;50940;0
51;9;50941;0
51;9;50942;0
51;9;50943;0
51;9;50944;0
51;9;50945;0
51;9;50946;0
51;9;50947;0
51;9;50948;0
51;9;50949;0
51;9;50950;0
51;9;50951;0
51;9;50952;0
51;9;50953;0
51;9;50954;0
51;9;50955;0
51;9;50956;0
51;9;50957;0
51;9;50958;0
51;9;50959;0
51;9;50960;0
51;9;50961;0
51;9;50962;0
51;9;50963;0
51;9;50964;0
51;9;50965;0
51;9;50966;0
51;9;50967;0
51;9;50968;0
51;9;50969;0
51;9;50970;0
51;9;50971;0
51;9;50972;0
51;9;50973;0
51;9;50974;0
51;9;50975;0
51;9;50976;0
51;9;50977;0
51;9;50978;0
51;9;50979;0
51;9;50980;0
51;9;50981;0
51;9;50982;0
51;9;50983;0
51;9;50984;0
51;9;50985;0
51;9;50986;0
51;9;50987;0
51;9;50988;0
51;9;50989;0
51;9;50990;0
51;9;50991;0
51;9;50992;0
51;9;50993;0
51;9;50994;0
51;9;50995;0
51;9;50996;0
51;9;50997;0
51;9;50998;0
51;9;50999;0
51;9;51000;0
51;9;51001;0
51;9;51002;0
51;9;51003;0
51;9;51004;0
51;9;51005;0
51;9;51006;0
51;9;51007;0
51;9;51008;0
51;9;51009;0
51;9;51010;0
51;9;51011;0
51;9;51012;0
51;9;51013;0
51;9;51014;0
51;9;51015;0
51;9;51016;0
51;9;51017;0
51;9;51018;0
51;9;51019;0
51;9;51020;0
51;9;51021;0
51;9;51022;0
51;9;51023;0
51;9;51024;0
51;9;51025;0
51;9;51026;0
51;9;51027;0
51;9;51028;0
51;9;51029;0
51;9;51030;0
51;9;51031;0
51;9;51032;0
51;9;51033;0
51;9;51034;0
51;9;51035;0
51;9;51036;0
51;9;51037;0
51;9;51038;0
51;9;51039;0
51;9;51040;0
51;9;51041;0
51;9;51042;0
51;9;51043;0
51;9;51044;0
51;9;51045;0
51;9;51046;0
51;9;51047;0
51;9;51048;0
51;9;51049;0
51;9;51050;0
51;9;51051;0
51;9;51052;0
51;9;51053;0
51;9;51054;0
51;9;51055;0
51;9;51056;0
51;9;51057;0
51;9;51058;0
51;9;51059;0
51;9;51060;0
51;9;51061;0
51;9;51062;0
51;9;51063;0
51;9;51064;0
51;9;51065;0
51;9;51066;0
51;9;51067;0
51;9;51068;0
51;9;51069;0
51;9;51070;0
51;9;51071;0
51;9;51072;0
51;9;51073;0
51;9;51074;0
51;9;51075;0
51;9;51076;0
51;9;51077;0
51;9;51078;0
51;9;51079;0
51;9;51080;0
51;9;51081;0
51;9;51082;0
51;9;51083;0
51;9;51084;0
51;9;51085;0
51;9;51086;0
51;9;51087;0
51;9;51088;0
51;9;51089;0
51;9;51090;0
51;9;51091;0
51;9;51092;0
51;9;51093;0
51;9;51094;0
51;9;51095;0
51;9;51096;0
51;9;51097;0
51;9;51098;0
51;9;51099;0
51;9;51100;0
51;9;51101;0
51;9;51102;0
51;9;51103;0
51;9;51104;0
51;9;51105;0
51;9;51106;0
51;9;51107;0
51;9;51108;0
51;9;51109;0
51;9;51110;0
51;9;51111;0
51;9;51112;0
51;9;51113;0
51;9;51114;0
51;9;51115;0
51;9;51116;0
51;9;51117;0
51;9;51118;0
51;9;51119;0
51;9;51120;0
51;9;51121;0
51;9;51122;0
51;9;51123;0
51;9;51124;0
51;9;51125;0
51;9;51126;0
51;9;51127;0
51;9;51128;0
51;9;51129;0
51;9;51130;0
51;9;51131;0
51;9;51132;0
51;9;51133;0
51;9;51134;0
51;9;51135;0
51;9;51136;0
51;9;51137;0
51;9;51138;0
51;9;51139;0
51;9;51140;0
51;9;51141;0
51;9;51142;0
51;9;51143;0
51;9;51144;0
51;9;51145;0
51;9;51146;0
51;9;51147;0
51;9;51148;0
51;9;51149;0
51;9;51150;0
51;9;51151;0
51;9;51152;0
51;9;51153;0
51;9;51154;0
51;9;51155;0
51;9;51156;0
51;9;51157;0
51;9;51158;0
51;9;51159;0
51;9;51160;0
51;9;51161;0
51;9;51162;0
51;9;51163;0
51;9;51164;0
51;9;51165;0
51;9;51166;0
51;9;51167;0
51;9;51168;0
51;9;51169;0
51;9;51170;0
51;9;51171;0
51;9;51172;0
51;9;51173;0
51;9;51174;0
51;9;51175;0
51;9;51176;0
51;9;51177;0
51;9;51178;0
51;9;51179;0
51;9;51180;0
51;9;51181;0
51;9;51182;0
51;9;51183;0
51;9;51184;0
51;9;51185;0
51;9;51186;0
51;9;51187;0
51;9;51188;0
51;9;51189;0
51;9;51190;0
51;9;51191;0
51;9;51192;0
51;9;51193;0
51;9;51194;0
51;9;51195;0
51;9;51196;0
51;9;51197;0
51;9;51198;0
51;9;51199;0
51;9;51200;0
51;9;51201;0
51;9;51202;0
51;9;51203;0
51;9;51204;0
51;9;51205;0
51;9;51206;0
51;9;51207;0
51;9;51208;0
51;9;51209;0
51;9;51210;0
51;9;51211;0
51;9;51212;0
51;9;51213;0
51;9;51214;0
51;9;51215;0
51;9;51216;0
51;9;51217;0
51;9;51218;0
51;9;51219;0
51;9;51220;0
51;9;51221;0
51;9;51222;0
51;9;51223;0
51;9;51224;0
51;9;51225;0
51;9;51226;0
51;9;51227;0
51;9;51228;0
51;9;51229;0
51;9;51230;0
51;9;51231;0
51;9;51232;0
51;9;51233;0
51;9;51234;0
51;9;51235;0
51;9;51236;0
51;9;51237;0
51;9;51238;0
51;9;51239;0
51;9;51240;0
51;9;51241;0
51;9;51242;0
51;9;51243;0
51;9;51244;0
51;9;51245;0
51;9;51246;0
51;9;51247;0
51;9;51248;0
51;9;51249;0
51;9;51250;0
51;9;51251;0
51;9;51252;0
51;9;51253;0
51;9;51254;0
51;9;51255;0
51;9;51256;0
51;9;51257;0
51;9;51258;0
51;9;51259;0
51;9;51260;0
51;9;51261;0
51;9;51262;0
51;9;51263;0
51;9;51264;0
51;9;51265;0
51;9;51266;0
51;9;51267;0
51;9;51268;0
51;9;51269;0
51;9;51270;0
51;9;51271;0
51;9;51272;0
51;9;51273;0
51;9;51274;0
51;9;51275;0
51;9;51276;0
51;9;51277;0
51;9;51278;0
51;9;51279;0
51;9;51280;0
51;9;51281;0
51;9;51282;0
51;9;51283;0
51;9;51284;0
51;9;51285;0
51;9;51286;0
51;9;51287;0
51;9;51288;0
51;9;51289;0
51;9;51290;0
51;9;51291;0
51;9;51292;0
51;9;51293;0
51;9;51294;0
51;9;51295;0
51;9;51296;0
51;9;51297;0
51;9;51298;0
51;9;51299;0
51;9;51300;0
51;9;51301;0
51;9;51302;0
51;9;51303;0
51;9;51304;0
51;9;51305;0
51;9;51306;0
51;9;51307;0
51;9;51308;0
51;9;51309;0
51;9;51310;0
51;9;51311;0
51;9;51312;0
51;9;51313;0
51;9;51314;0
51;9;51315;0
51;9;51316;0
51;9;51317;0
51;9;51318;0
51;9;51319;0
51;9;51320;0
51;9;51321;0
51;9;51322;0
51;9;51323;0
51;9;51324;0
51;9;51325;0
51;9;51326;0
51;9;51327;0
51;9;51328;0
51;9;51329;0
51;9;51330;0
51;9;51331;0
51;9;51332;0
51;9;51333;0
51;9;51334;0
51;9;51335;0
51;9;51336;0
51;9;51337;0
51;9;51338;0
51;9;51339;0
51;9;51340;0
51;9;51341;0
51;9;51342;0
51;9;51343;0
51;9;51344;0
51;9;51345;0
51;9;51346;0
51;9;51347;0
51;9;51348;0
51;9;51349;0
51;9;51350;0
51;9;51351;0
51;9;51352;0
51;9;51353;0
51;9;51354;0
51;9;51355;0
51;9;51356;0
51;9;51357;0
51;9;51358;0
51;9;51359;0
51;9;51360;0
51;9;51361;0
51;9;51362;0
51;9;51363;0
51;9;51364;0
51;9;51365;0
51;9;51366;0
51;9;51367;0
51;9;51368;0
51;9;51369;0
51;9;51370;0
51;9;51371;0
51;9;51372;0
51;9;51373;0
51;9;51374;0
51;9;51375;0
51;9;51376;0
51;9;51377;0
51;9;51378;0
51;9;51379;0
51;9;51380;0
51;9;51381;0
51;9;51382;0
51;9;51383;0
51;9;51384;0
51;9;51385;0
51;9;51386;0
51;9;51387;0
51;9;51388;0
51;9;51389;0
51;9;51390;0
51;9;51391;0
51;9;51392;0
51;9;51393;0
51;9;51394;0
51;9;51395;0
51;9;51396;0
51;9;51397;0
51;9;51398;0
51;9;51399;0
51;9;51400;0
51;9;51401;0
51;9;51402;0
51;9;51403;0
51;9;51404;0
51;9;51405;0
51;9;51406;0
51;9;51407;0
51;9;51408;0
51;9;51409;0
51;9;51410;0
51;9;51411;0
51;9;51412;0
51;9;51413;0
51;9;51414;0
51;9;51415;0
51;9;51416;0
51;9;51417;0
51;9;51418;0
51;9;51419;0
51;9;51420;0
51;9;51421;0
51;9;51422;0
51;9;51423;0
51;9;51424;0
51;9;51425;0
51;9;51426;0
51;9;51427;0
51;9;51428;0
51;9;51429;0
51;9;51430;0
51;9;51431;0
51;9;51432;0
51;9;51433;0
51;9;51434;0
51;9;51435;0
51;9;51436;0
51;9;51437;0
51;9;51438;0
51;9;51439;0
51;9;51440;0
51;9;51441;0
51;9;51442;0
51;9;51443;0
51;9;51444;0
51;9;51445;0
51;9;51446;0
51;9;51447;0
51;9;51448;0
51;9;51449;0
51;9;51450;0
51;9;51451;0
51;9;51452;0
51;9;51453;0
51;9;51454;0
51;9;51455;0
51;9;51456;0
51;9;51457;0
51;9;51458;0
51;9;51459;0
51;9;51460;0
51;9;51461;0
51;9;51462;0
51;9;51463;0
51;9;51464;0
51;9;51465;0
51;9;51466;0
51;9;51467;0
51;9;51468;0
51;9;51469;0
51;9;51470;0
51;9;51471;0
51;9;51472;0
51;9;51473;0
51;9;51474;0
51;9;51475;0
51;9;51476;0
51;9;51477;0
51;9;51478;0
51;9;51479;0
51;9;51480;0
51;9;51481;0
51;9;51482;0
51;9;51483;0
51;9;51484;0
51;9;51485;0
51;9;51486;0
51;9;51487;0
51;9;51488;0
51;9;51489;0
51;9;51490;0
51;9;51491;0
51;9;51492;0
51;9;51493;0
51;9;51494;0
51;9;51495;0
51;9;51496;0
51;9;51497;0
51;9;51498;0
51;9;51499;0
51;9;51500;0
51;9;51501;0
51;9;51502;0
51;9;51503;0
51;9;51504;0
51;9;51505;0
51;9;51506;0
51;9;51507;0
51;9;51508;0
51;9;51509;0
51;9;51510;0
51;9;51511;0
51;9;51512;0
51;9;51513;0
51;9;51514;0
51;9;51515;0
51;9;51516;0
51;9;51517;0
51;9;51518;0
51;9;51519;0
51;9;51520;0
51;9;51521;0
51;9;51522;0
51;9;51523;0
51;9;51524;0
51;9;51525;0
51;9;51526;0
51;9;51527;0
51;9;51528;0
51;9;51529;0
51;9;51530;0
51;9;51531;0
51;9;51532;0
51;9;51533;0
51;9;51534;0
51;9;51535;0
51;9;51536;0
51;9;51537;0
51;9;51538;0
51;9;51539;0
51;9;51540;0
51;9;51541;0
51;9;51542;0
51;9;51543;0
51;9;51544;0
51;9;51545;0
51;9;51546;0
51;9;51547;0
51;9;51548;0
51;9;51549;0
51;9;51550;0
51;9;51551;0
51;9;51552;0
51;9;51553;0
51;9;51554;0
51;9;51555;0
51;9;51556;0
51;9;51557;0
51;9;51558;0
51;9;51559;0
51;9;51560;0
51;9;51561;0
51;9;51562;0
51;9;51563;0
51;9;51564;0
51;9;51565;0
51;9;51566;0
51;9;51567;0
51;9;51568;0
51;9;51569;0
51;9;51570;0
51;9;51571;0
51;9;51572;0
51;9;51573;0
51;9;51574;0
51;9;51575;0
51;9;51576;0
51;9;51577;0
51;9;51578;0
51;9;51579;0
51;9;51580;0
51;9;51581;0
51;9;51582;0
51;9;51583;0
51;9;51584;0
51;9;51585;0
51;9;51586;0
51;9;51587;0
51;9;51588;0
51;9;51589;0
51;9;51590;0
51;9;51591;0
51;9;51592;0
51;9;51593;0
51;9;51594;0
51;9;51595;0
51;9;51596;0
51;9;51597;0
51;9;51598;0
51;9;51599;0
51;9;51600;0
51;9;51601;0
51;9;51602;0
51;9;51603;0
51;9;51604;0
51;9;51605;0
51;9;51606;0
51;9;51607;0
51;9;51608;0
51;9;51609;0
51;9;51610;0
51;9;51611;0
51;9;51612;0
51;9;51613;0
51;9;51614;0
51;9;51615;0
51;9;51616;0
51;9;51617;0
51;9;51618;0
51;9;51619;0
51;9;51620;0
51;9;51621;0
51;9;51622;0
51;9;51623;0
51;9;51624;0
51;9;51625;0
51;9;51626;0
51;9;51627;0
51;9;51628;0
51;9;51629;0
51;9;51630;0
51;9;51631;0
51;9;51632;0
51;9;51633;0
51;9;51634;0
51;9;51635;0
51;9;51636;0
51;9;51637;0
51;9;51638;0
51;9;51639;0
51;9;51640;0
51;9;51641;0
51;9;51642;0
51;9;51643;0
51;9;51644;0
51;9;51645;0
51;9;51646;0
51;9;51647;0
51;9;51648;0
51;9;51649;0
51;9;51650;0
51;9;51651;0
51;9;51652;0
51;9;51653;0
51;9;51654;0
51;9;51655;0
51;9;51656;0
51;9;51657;0
51;9;51658;0
51;9;51659;0
51;9;51660;0
51;9;51661;0
51;9;51662;0
51;9;51663;0
51;9;51664;0
51;9;51665;0
51;9;51666;0
51;9;51667;0
51;9;51668;0
51;9;51669;0
51;9;51670;0
51;9;51671;0
51;9;51672;0
51;9;51673;0
51;9;51674;0
51;9;51675;0
51;9;51676;0
51;9;51677;0
51;9;51678;0
51;9;51679;0
51;9;51680;0
51;9;51681;0
51;9;51682;0
51;9;51683;0
51;9;51684;0
51;9;51685;0
51;9;51686;0
51;9;51687;0
51;9;51688;0
51;9;51689;0
51;9;51690;0
51;9;51691;0
51;9;51692;0
51;9;51693;0
51;9;51694;0
51;9;51695;0
51;9;51696;0
51;9;51697;0
51;9;51698;0
51;9;51699;0
51;9;51700;0
51;9;51701;0
51;9;51702;0
51;9;51703;0
51;9;51704;0
51;9;51705;0
51;9;51706;0
51;9;51707;0
51;9;51708;0
51;9;51709;0
51;9;51710;0
51;9;51711;0
51;9;51712;0
51;9;51713;0
51;9;51714;0
51;9;51715;0
51;9;51716;0
51;9;51717;0
51;9;51718;0
51;9;51719;0
51;9;51720;0
51;9;51721;0
51;9;51722;0
51;9;51723;0
51;9;51724;0
51;9;51725;0
51;9;51726;0
51;9;51727;0
51;9;51728;0
51;9;51729;0
51;9;51730;0
51;9;51731;0
51;9;51732;0
51;9;51733;0
51;9;51734;0
51;9;51735;0
51;9;51736;0
51;9;51737;0
51;9;51738;0
51;9;51739;0
51;9;51740;0
51;9;51741;0
51;9;51742;0
51;9;51743;0
51;9;51744;0
51;9;51745;0
51;9;51746;0
51;9;51747;0
51;9;51748;0
51;9;51749;0
51;9;51750;0
51;9;51751;0
51;9;51752;0
51;9;51753;0
51;9;51754;0
51;9;51755;0
51;9;51756;0
51;9;51757;0
51;9;51758;0
51;9;51759;0
51;9;51760;0
51;9;51761;0
51;9;51762;0
51;9;51763;0
51;9;51764;0
51;9;51765;0
51;9;51766;0
51;9;51767;0
51;9;51768;0
51;9;51769;0
51;9;51770;0
51;9;51771;0
51;9;51772;0
51;9;51773;0
51;9;51774;0
51;9;51775;0
51;9;51776;0
51;9;51777;0
51;9;51778;0
51;9;51779;0
51;9;51780;0
51;9;51781;0
51;9;51782;0
51;9;51783;0
51;9;51784;0
51;9;51785;0
51;9;51786;0
51;9;51787;0
51;9;51788;0
51;9;51789;0
51;9;51790;0
51;9;51791;0
51;9;51792;0
51;9;51793;0
51;9;51794;0
51;9;51795;0
51;9;51796;0
51;9;51797;0
51;9;51798;0
51;9;51799;0
51;9;51800;0
51;9;51801;0
51;9;51802;0
51;9;51803;0
51;9;51804;0
51;9;51805;0
51;9;51806;0
51;9;51807;0
51;9;51808;0
51;9;51809;0
51;9;51810;0
51;9;51811;0
51;9;51812;0
51;9;51813;0
51;9;51814;0
51;9;51815;0
51;9;51816;0
51;9;51817;0
51;9;51818;0
51;9;51819;0
51;9;51820;0
51;9;51821;0
51;9;51822;0
51;9;51823;0
51;9;51824;0
51;9;51825;0
51;9;51826;0
51;9;51827;0
51;9;51828;0
51;9;51829;0
51;9;51830;0
51;9;51831;0
51;9;51832;0
51;9;51833;0
51;9;51834;0
51;9;51835;0
51;9;51836;0
51;9;51837;0
51;9;51838;0
51;9;51839;0
51;9;51840;0
51;9;51841;0
51;9;51842;0
51;9;51843;0
51;9;51844;0
51;9;51845;0
51;9;51846;0
51;9;51847;0
51;9;51848;0
51;9;51849;0
51;9;51850;0
51;9;51851;0
51;9;51852;0
51;9;51853;0
51;9;51854;0
51;9;51855;0
51;9;51856;0
51;9;51857;0
51;9;51858;0
51;9;51859;0
51;9;51860;0
51;9;51861;0
51;9;51862;0
51;9;51863;0
51;9;51864;0
51;9;51865;0
51;9;51866;0
51;9;51867;0
51;9;51868;0
51;9;51869;0
51;9;51870;0
51;9;51871;0
51;9;51872;0
51;9;51873;0
51;9;51874;0
51;9;51875;0
51;9;51876;0
51;9;51877;0
51;9;51878;0
51;9;51879;0
51;9;51880;0
51;9;51881;0
51;9;51882;0
51;9;51883;0
51;9;51884;0
51;9;51885;0
51;9;51886;0
51;9;51887;0
51;9;51888;0
51;9;51889;0
51;9;51890;0
51;9;51891;0
51;9;51892;0
51;9;51893;0
51;9;51894;0
51;9;51895;0
51;9;51896;0
51;9;51897;0
51;9;51898;0
51;9;51899;0
51;9;51900;0
51;9;51901;0
51;9;51902;0
51;9;51903;0
51;9;51904;0
51;9;51905;0
51;9;51906;0
51;9;51907;0
51;9;51908;0
51;9;51909;0
51;9;51910;0
51;9;51911;0
51;9;51912;0
51;9;51913;0
51;9;51914;0
51;9;51915;0
51;9;51916;0
51;9;51917;0
51;9;51918;0
51;9;51919;0
51;9;51920;0
51;9;51921;0
51;9;51922;0
51;9;51923;0
51;9;51924;0
51;9;51925;0
51;9;51926;0
51;9;51927;0
51;9;51928;0
51;9;51929;0
51;9;51930;0
51;9;51931;0
51;9;51932;0
51;9;51933;0
51;9;51934;0
51;9;51935;0
51;9;51936;0
51;9;51937;0
51;9;51938;0
51;9;51939;0
51;9;51940;0
51;9;51941;0
51;9;51942;0
51;9;51943;0
51;9;51944;0
51;9;51945;0
51;9;51946;0
51;9;51947;0
51;9;51948;0
51;9;51949;0
51;9;51950;0
51;9;51951;0
51;9;51952;0
51;9;51953;0
51;9;51954;0
51;9;51955;0
51;9;51956;0
51;9;51957;0
51;9;51958;0
51;9;51959;0
51;9;51960;0
51;9;51961;0
51;9;51962;0
51;9;51963;0
51;9;51964;0
51;9;51965;0
51;9;51966;0
51;9;51967;0
51;9;51968;0
51;9;51969;0
51;9;51970;0
51;9;51971;0
51;9;51972;0
51;9;51973;0
51;9;51974;0
51;9;51975;0
51;9;51976;0
51;9;51977;0
51;9;51978;0
51;9;51979;0
51;9;51980;0
51;9;51981;0
51;9;51982;0
51;9;51983;0
51;9;51984;0
51;9;51985;0
51;9;51986;0
51;9;51987;0
51;9;51988;0
51;9;51989;0
51;9;51990;0
51;9;51991;0
51;9;51992;0
51;9;51993;0
51;9;51994;0
51;9;51995;0
51;9;51996;0
51;9;51997;0
51;9;51998;0
51;9;51999;0
51;9;52000;0
51;9;52001;0
51;9;52002;0
51;9;52003;0
51;9;52004;0
51;9;52005;0
51;9;52006;0
51;9;52007;0
51;9;52008;0
51;9;52009;0
51;9;52010;0
51;9;52011;0
51;9;52012;0
51;9;52013;0
51;9;52014;0
51;9;52015;0
51;9;52016;0
51;9;52017;0
51;9;52018;0
51;9;52019;0
51;9;52020;0
51;9;52021;0
51;9;52022;0
51;9;52023;0
51;9;52024;0
51;9;52025;0
51;9;52026;0
51;9;52027;0
51;9;52028;0
51;9;52029;0
51;9;52030;0
51;9;52031;0
51;9;52032;0
51;9;52033;0
51;9;52034;0
51;9;52035;0
51;9;52036;0
51;9;52037;0
51;9;52038;0
51;9;52039;0
51;9;52040;0
51;9;52041;0
51;9;52042;0
51;9;52043;0
51;9;52044;0
51;9;52045;0
51;9;52046;0
51;9;52047;0
51;9;52048;0
51;9;52049;0
51;9;52050;0
51;9;52051;0
51;9;52052;0
51;9;52053;0
51;9;52054;0
51;9;52055;0
51;9;52056;0
51;9;52057;0
51;9;52058;0
51;9;52059;0
51;9;52060;0
51;9;52061;0
51;9;52062;0
51;9;52063;0
51;9;52064;0
51;9;52065;0
51;9;52066;0
51;9;52067;0
51;9;52068;0
51;9;52069;0
51;9;52070;0
51;9;52071;0
51;9;52072;0
51;9;52073;0
51;9;52074;0
51;9;52075;0
51;9;52076;0
51;9;52077;0
51;9;52078;0
51;9;52079;0
51;9;52080;0
51;9;52081;0
51;9;52082;0
51;9;52083;0
51;9;52084;0
51;9;52085;0
51;9;52086;0
51;9;52087;0
51;9;52088;0
51;9;52089;0
51;9;52090;0
51;9;52091;0
51;9;52092;0
51;9;52093;0
51;9;52094;0
51;9;52095;0
51;9;52096;0
51;9;52097;0
51;9;52098;0
51;9;52099;0
51;9;52100;0
51;9;52101;0
51;9;52102;0
51;9;52103;0
51;9;52104;0
51;9;52105;0
51;9;52106;0
51;9;52107;0
51;9;52108;0
51;9;52109;0
51;9;52110;0
51;9;52111;0
51;9;52112;0
51;9;52113;0
51;9;52114;0
51;9;52115;0
51;9;52116;0
51;9;52117;0
51;9;52118;0
51;9;52119;0
51;9;52120;0
51;9;52121;0
51;9;52122;0
51;9;52123;0
51;9;52124;0
51;9;52125;0
51;9;52126;0
51;9;52127;0
51;9;52128;0
51;9;52129;0
51;9;52130;0
51;9;52131;0
51;9;52132;0
51;9;52133;0
51;9;52134;0
51;9;52135;0
51;9;52136;0
51;9;52137;0
51;9;52138;0
51;9;52139;0
51;9;52140;0
51;9;52141;0
51;9;52142;0
51;9;52143;0
51;9;52144;0
51;9;52145;0
51;9;52146;0
51;9;52147;0
51;9;52148;0
51;9;52149;0
51;9;52150;0
51;9;52151;0
51;9;52152;0
51;9;52153;0
51;9;52154;0
51;9;52155;0
51;9;52156;0
51;9;52157;0
51;9;52158;0
51;9;52159;0
51;9;52160;0
51;9;52161;0
51;9;52162;0
51;9;52163;0
51;9;52164;0
51;9;52165;0
51;9;52166;0
51;9;52167;0
51;9;52168;0
51;9;52169;0
51;9;52170;0
51;9;52171;0
51;9;52172;0
51;9;52173;0
51;9;52174;0
51;9;52175;0
51;9;52176;0
51;9;52177;0
51;9;52178;0
51;9;52179;0
51;9;52180;0
51;9;52181;0
51;9;52182;0
51;9;52183;0
51;9;52184;0
51;9;52185;0
51;9;52186;0
51;9;52187;0
51;9;52188;0
51;9;52189;0
51;9;52190;0
51;9;52191;0
51;9;52192;0
51;9;52193;0
51;9;52194;0
51;9;52195;0
51;9;52196;0
51;9;52197;0
51;9;52198;0
51;9;52199;0
51;9;52200;0
51;9;52201;0
51;9;52202;0
51;9;52203;0
51;9;52204;0
51;9;52205;0
51;9;52206;0
51;9;52207;0
51;9;52208;0
51;9;52209;0
51;9;52210;0
51;9;52211;0
51;9;52212;0
51;9;52213;0
51;9;52214;0
51;9;52215;0
51;9;52216;0
51;9;52217;0
51;9;52218;0
51;9;52219;0
51;9;52220;0
51;9;52221;0
51;9;52222;0
51;9;52223;0
51;9;52224;0
51;9;52225;0
51;9;52226;0
51;9;52227;0
51;9;52228;0
51;9;52229;0
51;9;52230;0
51;9;52231;0
51;9;52232;0
51;9;52233;0
51;9;52234;0
51;9;52235;0
51;9;52236;0
51;9;52237;0
51;9;52238;0
51;9;52239;0
51;9;52240;0
51;9;52241;0
51;9;52242;0
51;9;52243;0
51;9;52244;0
51;9;52245;0
51;9;52246;0
51;9;52247;0
51;9;52248;0
51;9;52249;0
51;9;52250;0
51;9;52251;0
51;9;52252;0
51;9;52253;0
51;9;52254;0
51;9;52255;0
51;9;52256;0
51;9;52257;0
51;9;52258;0
51;9;52259;0
51;9;52260;0
51;9;52261;0
51;9;52262;0
51;9;52263;0
51;9;52264;0
51;9;52265;0
51;9;52266;0
51;9;52267;0
51;9;52268;0
51;9;52269;0
51;9;52270;0
51;9;52271;0
51;9;52272;0
51;9;52273;0
51;9;52274;0
51;9;52275;0
51;9;52276;0
51;9;52277;0
51;9;52278;0
51;9;52279;0
51;9;52280;0
51;9;52281;0
51;9;52282;0
51;9;52283;0
51;9;52284;0
51;9;52285;0
51;9;52286;0
51;9;52287;0
51;9;52288;0
51;9;52289;0
51;9;52290;0
51;9;52291;0
51;9;52292;0
51;9;52293;0
51;9;52294;0
51;9;52295;0
51;9;52296;0
51;9;52297;0
51;9;52298;0
51;9;52299;0
51;9;52300;0
51;9;52301;0
51;9;52302;0
51;9;52303;0
51;9;52304;0
51;9;52305;0
51;9;52306;0
51;9;52307;0
51;9;52308;0
51;9;52309;0
51;9;52310;0
51;9;52311;0
51;9;52312;0
51;9;52313;0
51;9;52314;0
51;9;52315;0
51;9;52316;0
51;9;52317;0
51;9;52318;0
51;9;52319;0
51;9;52320;0
51;9;52321;0
51;9;52322;0
51;9;52323;0
51;9;52324;0
51;9;52325;0
51;9;52326;0
51;9;52327;0
51;9;52328;0
51;9;52329;0
51;9;52330;0
51;9;52331;0
51;9;52332;0
51;9;52333;0
51;9;52334;0
51;9;52335;0
51;9;52336;0
51;9;52337;0
51;9;52338;0
51;9;52339;0
51;9;52340;0
51;9;52341;0
51;9;52342;0
51;9;52343;0
51;9;52344;0
51;9;52345;0
51;9;52346;0
51;9;52347;0
51;9;52348;0
51;9;52349;0
51;9;52350;0
51;9;52351;0
51;9;52352;0
51;9;52353;0
51;9;52354;0
51;9;52355;0
51;9;52356;0
51;9;52357;0
51;9;52358;0
51;9;52359;0
51;9;52360;0
51;9;52361;0
51;9;52362;0
51;9;52363;0
51;9;52364;0
51;9;52365;0
51;9;52366;0
51;9;52367;0
51;9;52368;0
51;9;52369;0
51;9;52370;0
51;9;52371;0
51;9;52372;0
51;9;52373;0
51;9;52374;0
51;9;52375;0
51;9;52376;0
51;9;52377;0
51;9;52378;0
51;9;52379;0
51;9;52380;0
51;9;52381;0
51;9;52382;0
51;9;52383;0
51;9;52384;0
51;9;52385;0
51;9;52386;0
51;9;52387;0
51;9;52388;0
51;9;52389;0
51;9;52390;0
51;9;52391;0
51;9;52392;0
51;9;52393;0
51;9;52394;0
51;9;52395;0
51;9;52396;0
51;9;52397;0
51;9;52398;0
51;9;52399;0
51;9;52400;0
51;9;52401;0
51;9;52402;0
51;9;52403;0
51;9;52404;0
51;9;52405;0
51;9;52406;0
51;9;52407;0
51;9;52408;0
51;9;52409;0
51;9;52410;0
51;9;52411;0
51;9;52412;0
51;9;52413;0
51;9;52414;0
51;9;52415;0
51;9;52416;0
51;9;52417;0
51;9;52418;0
51;9;52419;0
51;9;52420;0
51;9;52421;0
51;9;52422;0
51;9;52423;0
51;9;52424;0
51;9;52425;0
51;9;52426;0
51;9;52427;0
51;9;52428;0
51;9;52429;0
51;9;52430;0
51;9;52431;0
51;9;52432;0
51;9;52433;0
51;9;52434;0
51;9;52435;0
51;9;52436;0
51;9;52437;0
51;9;52438;0
51;9;52439;0
51;9;52440;0
51;9;52441;0
51;9;52442;0
51;9;52443;0
51;9;52444;0
51;9;52445;0
51;9;52446;0
51;9;52447;0
51;9;52448;0
51;9;52449;0
51;9;52450;0
51;9;52451;0
51;9;52452;0
51;9;52453;0
51;9;52454;0
51;9;52455;0
51;9;52456;0
51;9;52457;0
51;9;52458;0
51;9;52459;0
51;9;52460;0
51;9;52461;0
51;9;52462;0
51;9;52463;0
51;9;52464;0
51;9;52465;0
51;9;52466;0
51;9;52467;0
51;9;52468;0
51;9;52469;0
51;9;52470;0
51;9;52471;0
51;9;52472;0
51;9;52473;0
51;9;52474;0
51;9;52475;0
51;9;52476;0
51;9;52477;0
51;9;52478;0
51;9;52479;0
51;9;52480;0
51;9;52481;0
51;9;52482;0
51;9;52483;0
51;9;52484;0
51;9;52485;0
51;9;52486;0
51;9;52487;0
51;9;52488;0
51;9;52489;0
51;9;52490;0
51;9;52491;0
51;9;52492;0
51;9;52493;0
51;9;52494;0
51;9;52495;0
51;9;52496;0
51;9;52497;0
51;9;52498;0
51;9;52499;0
51;9;52500;0
51;9;52501;0
51;9;52502;0
51;9;52503;0
51;9;52504;0
51;9;52505;0
51;9;52506;0
51;9;52507;0
51;9;52508;0
51;9;52509;0
51;9;52510;0
51;9;52511;0
51;9;52512;0
51;9;52513;0
51;9;52514;0
51;9;52515;0
51;9;52516;0
51;9;52517;0
51;9;52518;0
51;9;52519;0
51;9;52520;0
51;9;52521;0
51;9;52522;0
51;9;52523;0
51;9;52524;0
51;9;52525;0
51;9;52526;0
51;9;52527;0
51;9;52528;0
51;9;52529;0
51;9;52530;0
51;9;52531;0
51;9;52532;0
51;9;52533;0
51;9;52534;0
51;9;52535;0
51;9;52536;0
51;9;52537;0
51;9;52538;0
51;9;52539;0
51;9;52540;0
51;9;52541;0
51;9;52542;0
51;9;52543;0
51;9;52544;0
51;9;52545;0
51;9;52546;0
51;9;52547;0
51;9;52548;0
51;9;52549;0
51;9;52550;0
51;9;52551;0
51;9;52552;0
51;9;52553;0
51;9;52554;0
51;9;52555;0
51;9;52556;0
51;9;52557;0
51;9;52558;0
51;9;52559;0
51;9;52560;0
51;9;52561;0
51;9;52562;0
51;9;52563;0
51;9;52564;0
51;9;52565;0
51;9;52566;0
51;9;52567;0
51;9;52568;0
51;9;52569;0
51;9;52570;0
51;9;52571;0
51;9;52572;0
51;9;52573;0
51;9;52574;0
51;9;52575;0
51;9;52576;0
51;9;52577;0
51;9;52578;0
51;9;52579;0
51;9;52580;0
51;9;52581;0
51;9;52582;0
51;9;52583;0
51;9;52584;0
51;9;52585;0
51;9;52586;0
51;9;52587;0
51;9;52588;0
51;9;52589;0
51;9;52590;0
51;9;52591;0
51;9;52592;0
51;9;52593;0
51;9;52594;0
51;9;52595;0
51;9;52596;0
51;9;52597;0
51;9;52598;0
51;9;52599;0
51;9;52600;0
51;9;52601;0
51;9;52602;0
51;9;52603;0
51;9;52604;0
51;9;52605;0
51;9;52606;0
51;9;52607;0
51;9;52608;0
51;9;52609;0
51;9;52610;0
51;9;52611;0
51;9;52612;0
51;9;52613;0
51;9;52614;0
51;9;52615;0
51;9;52616;0
51;9;52617;0
51;9;52618;0
51;9;52619;0
51;9;52620;0
51;9;52621;0
51;9;52622;0
51;9;52623;0
51;9;52624;0
51;9;52625;0
51;9;52626;0
51;9;52627;0
51;9;52628;0
51;9;52629;0
51;9;52630;0
51;9;52631;0
51;9;52632;0
51;9;52633;0
51;9;52634;0
51;9;52635;0
51;9;52636;0
51;9;52637;0
51;9;52638;0
51;9;52639;0
51;9;52640;0
51;9;52641;0
51;9;52642;0
51;9;52643;0
51;9;52644;0
51;9;52645;0
51;9;52646;0
51;9;52647;0
51;9;52648;0
51;9;52649;0
51;9;52650;0
51;9;52651;0
51;9;52652;0
51;9;52653;0
51;9;52654;0
51;9;52655;0
51;9;52656;0
51;9;52657;0
51;9;52658;0
51;9;52659;0
51;9;52660;0
51;9;52661;0
51;9;52662;0
51;9;52663;0
51;9;52664;0
51;9;52665;0
51;9;52666;0
51;9;52667;0
51;9;52668;0
51;9;52669;0
51;9;52670;0
51;9;52671;0
51;9;52672;0
51;9;52673;0
51;9;52674;0
51;9;52675;0
51;9;52676;0
51;9;52677;0
51;9;52678;0
51;9;52679;0
51;9;52680;0
51;9;52681;0
51;9;52682;0
51;9;52683;0
51;9;52684;0
51;9;52685;0
51;9;52686;0
51;9;52687;0
51;9;52688;0
51;9;52689;0
51;9;52690;0
51;9;52691;0
51;9;52692;0
51;9;52693;0
51;9;52694;0
51;9;52695;0
51;9;52696;0
51;9;52697;0
51;9;52698;0
51;9;52699;0
51;9;52700;0
51;9;52701;0
51;9;52702;0
51;9;52703;0
51;9;52704;0
51;9;52705;0
51;9;52706;0
51;9;52707;0
51;9;52708;0
51;9;52709;0
51;9;52710;0
51;9;52711;0
51;9;52712;0
51;9;52713;0
51;9;52714;0
51;9;52715;0
51;9;52716;0
51;9;52717;0
51;9;52718;0
51;9;52719;0
51;9;52720;0
51;9;52721;0
51;9;52722;0
51;9;52723;0
51;9;52724;0
51;9;52725;0
51;9;52726;0
51;9;52727;0
51;9;52728;0
51;9;52729;0
51;9;52730;0
51;9;52731;0
51;9;52732;0
51;9;52733;0
51;9;52734;0
51;9;52735;0
51;9;52736;0
51;9;52737;0
51;9;52738;0
51;9;52739;0
51;9;52740;0
51;9;52741;0
51;9;52742;0
51;9;52743;0
51;9;52744;0
51;9;52745;0
51;9;52746;0
51;9;52747;0
51;9;52748;0
51;9;52749;0
51;9;52750;0
51;9;52751;0
51;9;52752;0
51;9;52753;0
51;9;52754;0
51;9;52755;0
51;9;52756;0
51;9;52757;0
51;9;52758;0
51;9;52759;0
51;9;52760;0
51;9;52761;0
51;9;52762;0
51;9;52763;0
51;9;52764;0
51;9;52765;0
51;9;52766;0
51;9;52767;0
51;9;52768;0
51;9;52769;0
51;9;52770;0
51;9;52771;0
51;9;52772;0
51;9;52773;0
51;9;52774;0
51;9;52775;0
51;9;52776;0
51;9;52777;0
51;9;52778;0
51;9;52779;0
51;9;52780;0
51;9;52781;0
51;9;52782;0
51;9;52783;0
51;9;52784;0
51;9;52785;0
51;9;52786;0
51;9;52787;0
51;9;52788;0
51;9;52789;0
51;9;52790;0
51;9;52791;0
51;9;52792;0
51;9;52793;0
51;9;52794;0
51;9;52795;0
51;9;52796;0
51;9;52797;0
51;9;52798;0
51;9;52799;0
51;9;52800;0
51;9;52801;0
51;9;52802;0
51;9;52803;0
51;9;52804;0
51;9;52805;0
51;9;52806;0
51;9;52807;0
51;9;52808;0
51;9;52809;0
51;9;52810;0
51;9;52811;0
51;9;52812;0
51;9;52813;0
51;9;52814;0
51;9;52815;0
51;9;52816;0
51;9;52817;0
51;9;52818;0
51;9;52819;0
51;9;52820;0
51;9;52821;0
51;9;52822;0
51;9;52823;0
51;9;52824;0
51;9;52825;0
51;9;52826;0
51;9;52827;0
51;9;52828;0
51;9;52829;0
51;9;52830;0
51;9;52831;0
51;9;52832;0
51;9;52833;0
51;9;52834;0
51;9;52835;0
51;9;52836;0
51;9;52837;0
51;9;52838;0
51;9;52839;0
51;9;52840;0
51;9;52841;0
51;9;52842;0
51;9;52843;0
51;9;52844;0
51;9;52845;0
51;9;52846;0
51;9;52847;0
51;9;52848;0
51;9;52849;0
51;9;52850;0
51;9;52851;0
51;9;52852;0
51;9;52853;0
51;9;52854;0
51;9;52855;0
51;9;52856;0
51;9;52857;0
51;9;52858;0
51;9;52859;0
51;9;52860;0
51;9;52861;0
51;9;52862;0
51;9;52863;0
51;9;52864;0
51;9;52865;0
51;9;52866;0
51;9;52867;0
51;9;52868;0
51;9;52869;0
51;9;52870;0
51;9;52871;0
51;9;52872;0
51;9;52873;0
51;9;52874;0
51;9;52875;0
51;9;52876;0
51;9;52877;0
51;9;52878;0
51;9;52879;0
51;9;52880;0
51;9;52881;0
51;9;52882;0
51;9;52883;0
51;9;52884;0
51;9;52885;0
51;9;52886;0
51;9;52887;0
51;9;52888;0
51;9;52889;0
51;9;52890;0
51;9;52891;0
51;9;52892;0
51;9;52893;0
51;9;52894;0
51;9;52895;0
51;9;52896;0
51;9;52897;0
51;9;52898;0
51;9;52899;0
51;9;52900;0
51;9;52901;0
51;9;52902;0
51;9;52903;0
51;9;52904;0
51;9;52905;0
51;9;52906;0
51;9;52907;0
51;9;52908;0
51;9;52909;0
51;9;52910;0
51;9;52911;0
51;9;52912;0
51;9;52913;0
51;9;52914;0
51;9;52915;0
51;9;52916;0
51;9;52917;0
51;9;52918;0
51;9;52919;0
51;9;52920;0
51;9;52921;0
51;9;52922;0
51;9;52923;0
51;9;52924;0
51;9;52925;0
51;9;52926;0
51;9;52927;0
51;9;52928;0
51;9;52929;0
51;9;52930;0
51;9;52931;0
51;9;52932;0
51;9;52933;0
51;9;52934;0
51;9;52935;0
51;9;52936;0
51;9;52937;0
51;9;52938;0
51;9;52939;0
51;9;52940;0
51;9;52941;0
51;9;52942;0
51;9;52943;0
51;9;52944;0
51;9;52945;0
51;9;52946;0
51;9;52947;0
51;9;52948;0
51;9;52949;0
51;9;52950;0
51;9;52951;0
51;9;52952;0
51;9;52953;0
51;9;52954;0
51;9;52955;0
51;9;52956;0
51;9;52957;0
51;9;52958;0
51;9;52959;0
51;9;52960;0
51;9;52961;0
51;9;52962;0
51;9;52963;0
51;9;52964;0
51;9;52965;0
51;9;52966;0
51;9;52967;0
51;9;52968;0
51;9;52969;0
51;9;52970;0
51;9;52971;0
51;9;52972;0
51;9;52973;0
51;9;52974;0
51;9;52975;0
51;9;52976;0
51;9;52977;0
51;9;52978;0
51;9;52979;0
51;9;52980;0
51;9;52981;0
51;9;52982;0
51;9;52983;0
51;9;52984;0
51;9;52985;0
51;9;52986;0
51;9;52987;0
51;9;52988;0
51;9;52989;0
51;9;52990;0
51;9;52991;0
51;9;52992;0
51;9;52993;0
51;9;52994;0
51;9;52995;0
51;9;52996;0
51;9;52997;0
51;9;52998;0
51;9;52999;0
51;9;53000;0
51;9;53001;0
51;9;53002;0
51;9;53003;0
51;9;53004;0
51;9;53005;0
51;9;53006;0
51;9;53007;0
51;9;53008;0
51;9;53009;0
51;9;53010;0
51;9;53011;0
51;9;53012;0
51;9;53013;0
51;9;53014;0
51;9;53015;0
51;9;53016;0
51;9;53017;0
51;9;53018;0
51;9;53019;0
51;9;53020;0
51;9;53021;0
51;9;53022;0
51;9;53023;0
51;9;53024;0
51;9;53025;0
51;9;53026;0
51;9;53027;0
51;9;53028;0
51;9;53029;0
51;9;53030;0
51;9;53031;0
51;9;53032;0
51;9;53033;0
51;9;53034;0
51;9;53035;0
51;9;53036;0
51;9;53037;0
51;9;53038;0
51;9;53039;0
51;9;53040;0
51;9;53041;0
51;9;53042;0
51;9;53043;0
51;9;53044;0
51;9;53045;0
51;9;53046;0
51;9;53047;0
51;9;53048;0
51;9;53049;0
51;9;53050;0
51;9;53051;0
51;9;53052;0
51;9;53053;0
51;9;53054;0
51;9;53055;0
51;9;53056;0
51;9;53057;0
51;9;53058;0
51;9;53059;0
51;9;53060;0
51;9;53061;0
51;9;53062;0
51;9;53063;0
51;9;53064;0
51;9;53065;0
51;9;53066;0
51;9;53067;0
51;9;53068;0
51;9;53069;0
51;9;53070;0
51;9;53071;0
51;9;53072;0
51;9;53073;0
51;9;53074;0
51;9;53075;0
51;9;53076;0
51;9;53077;0
51;9;53078;0
51;9;53079;0
51;9;53080;0
51;9;53081;0
51;9;53082;0
51;9;53083;0
51;9;53084;0
51;9;53085;0
51;9;53086;0
51;9;53087;0
51;9;53088;0
51;9;53089;0
51;9;53090;0
51;9;53091;0
51;9;53092;0
51;9;53093;0
51;9;53094;0
51;9;53095;0
51;9;53096;0
51;9;53097;0
51;9;53098;0
51;9;53099;0
51;9;53100;0
51;9;53101;0
51;9;53102;0
51;9;53103;0
51;9;53104;0
51;9;53105;0
51;9;53106;0
51;9;53107;0
51;9;53108;0
51;9;53109;0
51;9;53110;0
51;9;53111;0
51;9;53112;0
51;9;53113;0
51;9;53114;0
51;9;53115;0
51;9;53116;0
51;9;53117;0
51;9;53118;0
51;9;53119;0
51;9;53120;0
51;9;53121;0
51;9;53122;0
51;9;53123;0
51;9;53124;0
51;9;53125;0
51;9;53126;0
51;9;53127;0
51;9;53128;0
51;9;53129;0
51;9;53130;0
51;9;53131;0
51;9;53132;0
51;9;53133;0
51;9;53134;0
51;9;53135;0
51;9;53136;0
51;9;53137;0
51;9;53138;0
51;9;53139;0
51;9;53140;0
51;9;53141;0
51;9;53142;0
51;9;53143;0
51;9;53144;0
51;9;53145;0
51;9;53146;0
51;9;53147;0
51;9;53148;0
51;9;53149;0
51;9;53150;0
51;9;53151;0
51;9;53152;0
51;9;53153;0
51;9;53154;0
51;9;53155;0
51;9;53156;0
51;9;53157;0
51;9;53158;0
51;9;53159;0
51;9;53160;0
51;9;53161;0
51;9;53162;0
51;9;53163;0
51;9;53164;0
51;9;53165;0
51;9;53166;0
51;9;53167;0
51;9;53168;0
51;9;53169;0
51;9;53170;0
51;9;53171;0
51;9;53172;0
51;9;53173;0
51;9;53174;0
51;9;53175;0
51;9;53176;0
51;9;53177;0
51;9;53178;0
51;9;53179;0
51;9;53180;0
51;9;53181;0
51;9;53182;0
51;9;53183;0
51;9;53184;0
51;9;53185;0
51;9;53186;0
51;9;53187;0
51;9;53188;0
51;9;53189;0
51;9;53190;0
51;9;53191;0
51;9;53192;0
51;9;53193;0
51;9;53194;0
51;9;53195;0
51;9;53196;0
51;9;53197;0
51;9;53198;0
51;9;53199;0
51;9;53200;0
51;9;53201;0
51;9;53202;0
51;9;53203;0
51;9;53204;0
51;9;53205;0
51;9;53206;0
51;9;53207;0
51;9;53208;0
51;9;53209;0
51;9;53210;0
51;9;53211;0
51;9;53212;0
51;9;53213;0
51;9;53214;0
51;9;53215;0
51;9;53216;0
51;9;53217;0
51;9;53218;0
51;9;53219;0
51;9;53220;0
51;9;53221;0
51;9;53222;0
51;9;53223;0
51;9;53224;0
51;9;53225;0
51;9;53226;0
51;9;53227;0
51;9;53228;0
51;9;53229;0
51;9;53230;0
51;9;53231;0
51;9;53232;0
51;9;53233;0
51;9;53234;0
51;9;53235;0
51;9;53236;0
51;9;53237;0
51;9;53238;0
51;9;53239;0
51;9;53240;0
51;9;53241;0
51;9;53242;0
51;9;53243;0
51;9;53244;0
51;9;53245;0
51;9;53246;0
51;9;53247;0
51;9;53248;0
51;9;53249;0
51;9;53250;0
51;9;53251;0
51;9;53252;0
51;9;53253;0
51;9;53254;0
51;9;53255;0
51;9;53256;0
51;9;53257;0
51;9;53258;0
51;9;53259;0
51;9;53260;0
51;9;53261;0
51;9;53262;0
51;9;53263;0
51;9;53264;0
51;9;53265;0
51;9;53266;0
51;9;53267;0
51;9;53268;0
51;9;53269;0
51;9;53270;0
51;9;53271;0
51;9;53272;0
51;9;53273;0
51;9;53274;0
51;9;53275;0
51;9;53276;0
51;9;53277;0
51;9;53278;0
51;9;53279;0
51;9;53280;0
51;9;53281;0
51;9;53282;0
51;9;53283;0
51;9;53284;0
51;9;53285;0
51;9;53286;0
51;9;53287;0
51;9;53288;0
51;9;53289;0
51;9;53290;0
51;9;53291;0
51;9;53292;0
51;9;53293;0
51;9;53294;0
51;9;53295;0
51;9;53296;0
51;9;53297;0
51;9;53298;0
51;9;53299;0
51;9;53300;0
51;9;53301;0
51;9;53302;0
51;9;53303;0
51;9;53304;0
51;9;53305;0
51;9;53306;0
51;9;53307;0
51;9;53308;0
51;9;53309;0
51;9;53310;0
51;9;53311;0
51;9;53312;0
51;9;53313;0
51;9;53314;0
51;9;53315;0
51;9;53316;0
51;9;53317;0
51;9;53318;0
51;9;53319;0
51;9;53320;0
51;9;53321;0
51;9;53322;0
51;9;53323;0
51;9;53324;0
51;9;53325;0
51;9;53326;0
51;9;53327;0
51;9;53328;0
51;9;53329;0
51;9;53330;0
51;9;53331;0
51;9;53332;0
51;9;53333;0
51;9;53334;0
51;9;53335;0
51;9;53336;0
51;9;53337;0
51;9;53338;0
51;9;53339;0
51;9;53340;0
51;9;53341;0
51;9;53342;0
51;9;53343;0
51;9;53344;0
51;9;53345;0
51;9;53346;0
51;9;53347;0
51;9;53348;0
51;9;53349;0
51;9;53350;0
51;9;53351;0
51;9;53352;0
51;9;53353;0
51;9;53354;0
51;9;53355;0
51;9;53356;0
51;9;53357;0
51;9;53358;0
51;9;53359;0
51;9;53360;0
51;9;53361;0
51;9;53362;0
51;9;53363;0
51;9;53364;0
51;9;53365;0
51;9;53366;0
51;9;53367;0
51;9;53368;0
51;9;53369;0
51;9;53370;0
51;9;53371;0
51;9;53372;0
51;9;53373;0
51;9;53374;0
51;9;53375;0
51;9;53376;0
51;9;53377;0
51;9;53378;0
51;9;53379;0
51;9;53380;0
51;9;53381;0
51;9;53382;0
51;9;53383;0
51;9;53384;0
51;9;53385;0
51;9;53386;0
51;9;53387;0
51;9;53388;0
51;9;53389;0
51;9;53390;0
51;9;53391;0
51;9;53392;0
51;9;53393;0
51;9;53394;0
51;9;53395;0
51;9;53396;0
51;9;53397;0
51;9;53398;0
51;9;53399;0
51;9;53400;0
51;9;53401;0
51;9;53402;0
51;9;53403;0
51;9;53404;0
51;9;53405;0
51;9;53406;0
51;9;53407;0
51;9;53408;0
51;9;53409;0
51;9;53410;0
51;9;53411;0
51;9;53412;0
51;9;53413;0
51;9;53414;0
51;9;53415;0
51;9;53416;0
51;9;53417;0
51;9;53418;0
51;9;53419;0
51;9;53420;0
51;9;53421;0
51;9;53422;0
51;9;53423;0
51;9;53424;0
51;9;53425;0
51;9;53426;0
51;9;53427;0
51;9;53428;0
51;9;53429;0
51;9;53430;0
51;9;53431;0
51;9;53432;0
51;9;53433;0
51;9;53434;0
51;9;53435;0
51;9;53436;0
51;9;53437;0
51;9;53438;0
51;9;53439;0
51;9;53440;0
51;9;53441;0
51;9;53442;0
51;9;53443;0
51;9;53444;0
51;9;53445;0
51;9;53446;0
51;9;53447;0
51;9;53448;0
51;9;53449;0
51;9;53450;0
51;9;53451;0
51;9;53452;0
51;9;53453;0
51;9;53454;0
51;9;53455;0
51;9;53456;0
51;9;53457;0
51;9;53458;0
51;9;53459;0
51;9;53460;0
51;9;53461;0
51;9;53462;0
51;9;53463;0
51;9;53464;0
51;9;53465;0
51;9;53466;0
51;9;53467;0
51;9;53468;0
51;9;53469;0
51;9;53470;0
51;9;53471;0
51;9;53472;0
51;9;53473;0
51;9;53474;0
51;9;53475;0
51;9;53476;0
51;9;53477;0
51;9;53478;0
51;9;53479;0
51;9;53480;0
51;9;53481;0
51;9;53482;0
51;9;53483;0
51;9;53484;0
51;9;53485;0
51;9;53486;0
51;9;53487;0
51;9;53488;0
51;9;53489;0
51;9;53490;0
51;9;53491;0
51;9;53492;0
51;9;53493;0
51;9;53494;0
51;9;53495;0
51;9;53496;0
51;9;53497;0
51;9;53498;0
51;9;53499;0
51;9;53500;0
51;9;53501;0
51;9;53502;0
51;9;53503;0
51;9;53504;0
51;9;53505;0
51;9;53506;0
51;9;53507;0
51;9;53508;0
51;9;53509;0
51;9;53510;0
51;9;53511;0
51;9;53512;0
51;9;53513;0
51;9;53514;0
51;9;53515;0
51;9;53516;0
51;9;53517;0
51;9;53518;0
51;9;53519;0
51;9;53520;0
51;9;53521;0
51;9;53522;0
51;9;53523;0
51;9;53524;0
51;9;53525;0
51;9;53526;0
51;9;53527;0
51;9;53528;0
51;9;53529;0
51;9;53530;0
51;9;53531;0
51;9;53532;0
51;9;53533;0
51;9;53534;0
51;9;53535;0
51;9;53536;0
51;9;53537;0
51;9;53538;0
51;9;53539;0
51;9;53540;0
51;9;53541;0
51;9;53542;0
51;9;53543;0
51;9;53544;0
51;9;53545;0
51;9;53546;0
51;9;53547;0
51;9;53548;0
51;9;53549;0
51;9;53550;0
51;9;53551;0
51;9;53552;0
51;9;53553;0
51;9;53554;0
51;9;53555;0
51;9;53556;0
51;9;53557;0
51;9;53558;0
51;9;53559;0
51;9;53560;0
51;9;53561;0
51;9;53562;0
51;9;53563;0
51;9;53564;0
51;9;53565;0
51;9;53566;0
51;9;53567;0
51;9;53568;0
51;9;53569;0
51;9;53570;0
51;9;53571;0
51;9;53572;0
51;9;53573;0
51;9;53574;0
51;9;53575;0
51;9;53576;0
51;9;53577;0
51;9;53578;0
51;9;53579;0
51;9;53580;0
51;9;53581;0
51;9;53582;0
51;9;53583;0
51;9;53584;0
51;9;53585;0
51;9;53586;0
51;9;53587;0
51;9;53588;0
51;9;53589;0
51;9;53590;0
51;9;53591;0
51;9;53592;0
51;9;53593;0
51;9;53594;0
51;9;53595;0
51;9;53596;0
51;9;53597;0
51;9;53598;0
51;9;53599;0
51;9;53600;0
51;9;53601;0
51;9;53602;0
51;9;53603;0
51;9;53604;0
51;9;53605;0
51;9;53606;0
51;9;53607;0
51;9;53608;0
51;9;53609;0
51;9;53610;0
51;9;53611;0
51;9;53612;0
51;9;53613;0
51;9;53614;0
51;9;53615;0
51;9;53616;0
51;9;53617;0
51;9;53618;0
51;9;53619;0
51;9;53620;0
51;9;53621;0
51;9;53622;0
51;9;53623;0
51;9;53624;0
51;9;53625;0
51;9;53626;0
51;9;53627;0
51;9;53628;0
51;9;53629;0
51;9;53630;0
51;9;53631;0
51;9;53632;0
51;9;53633;0
51;9;53634;0
51;9;53635;0
51;9;53636;0
51;9;53637;0
51;9;53638;0
51;9;53639;0
51;9;53640;0
51;9;53641;0
51;9;53642;0
51;9;53643;0
51;9;53644;0
51;9;53645;0
51;9;53646;0
51;9;53647;0
51;9;53648;0
51;9;53649;0
51;9;53650;0
51;9;53651;0
51;9;53652;0
51;9;53653;0
51;9;53654;0
51;9;53655;0
51;9;53656;0
51;9;53657;0
51;9;53658;0
51;9;53659;0
51;9;53660;0
51;9;53661;0
51;9;53662;0
51;9;53663;0
51;9;53664;0
51;9;53665;0
51;9;53666;0
51;9;53667;0
51;9;53668;0
51;9;53669;0
51;9;53670;0
51;9;53671;0
51;9;53672;0
51;9;53673;0
51;9;53674;0
51;9;53675;0
51;9;53676;0
51;9;53677;0
51;9;53678;0
51;9;53679;0
51;9;53680;0
51;9;53681;0
51;9;53682;0
51;9;53683;0
51;9;53684;0
51;9;53685;0
51;9;53686;0
51;9;53687;0
51;9;53688;0
51;9;53689;0
51;9;53690;0
51;9;53691;0
51;9;53692;0
51;9;53693;0
51;9;53694;0
51;9;53695;0
51;9;53696;0
51;9;53697;0
51;9;53698;0
51;9;53699;0
51;9;53700;0
51;9;53701;0
51;9;53702;0
51;9;53703;0
51;9;53704;0
51;9;53705;0
51;9;53706;0
51;9;53707;0
51;9;53708;0
51;9;53709;0
51;9;53710;0
51;9;53711;0
51;9;53712;0
51;9;53713;0
51;9;53714;0
51;9;53715;0
51;9;53716;0
51;9;53717;0
51;9;53718;0
51;9;53719;0
51;9;53720;0
51;9;53721;0
51;9;53722;0
51;9;53723;0
51;9;53724;0
51;9;53725;0
51;9;53726;0
51;9;53727;0
51;9;53728;0
51;9;53729;0
51;9;53730;0
51;9;53731;0
51;9;53732;0
51;9;53733;0
51;9;53734;0
51;9;53735;0
51;9;53736;0
51;9;53737;0
51;9;53738;0
51;9;53739;0
51;9;53740;0
51;9;53741;0
51;9;53742;0
51;9;53743;0
51;9;53744;0
51;9;53745;0
51;9;53746;0
51;9;53747;0
51;9;53748;0
51;9;53749;0
51;9;53750;0
51;9;53751;0
51;9;53752;0
51;9;53753;0
51;9;53754;0
51;9;53755;0
51;9;53756;0
51;9;53757;0
51;9;53758;0
51;9;53759;0
51;9;53760;0
51;9;53761;0
51;9;53762;0
51;9;53763;0
51;9;53764;0
51;9;53765;0
51;9;53766;0
51;9;53767;0
51;9;53768;0
51;9;53769;0
51;9;53770;0
51;9;53771;0
51;9;53772;0
51;9;53773;0
51;9;53774;0
51;9;53775;0
51;9;53776;0
51;9;53777;0
51;9;53778;0
51;9;53779;0
51;9;53780;0
51;9;53781;0
51;9;53782;0
51;9;53783;0
51;9;53784;0
51;9;53785;0
51;9;53786;0
51;9;53787;0
51;9;53788;0
51;9;53789;0
51;9;53790;0
51;9;53791;0
51;9;53792;0
51;9;53793;0
51;9;53794;0
51;9;53795;0
51;9;53796;0
51;9;53797;0
51;9;53798;0
51;9;53799;0
51;9;53800;0
51;9;53801;0
51;9;53802;0
51;9;53803;0
51;9;53804;0
51;9;53805;0
51;9;53806;0
51;9;53807;0
51;9;53808;0
51;9;53809;0
51;9;53810;0
51;9;53811;0
51;9;53812;0
51;9;53813;0
51;9;53814;0
51;9;53815;0
51;9;53816;0
51;9;53817;0
51;9;53818;0
51;9;53819;0
51;9;53820;0
51;9;53821;0
51;9;53822;0
51;9;53823;0
51;9;53824;0
51;9;53825;0
51;9;53826;0
51;9;53827;0
51;9;53828;0
51;9;53829;0
51;9;53830;0
51;9;53831;0
51;9;53832;0
51;9;53833;0
51;9;53834;0
51;9;53835;0
51;9;53836;0
51;9;53837;0
51;9;53838;0
51;9;53839;0
51;9;53840;0
51;9;53841;0
51;9;53842;0
51;9;53843;0
51;9;53844;0
51;9;53845;0
51;9;53846;0
51;9;53847;0
51;9;53848;0
51;9;53849;0
51;9;53850;0
51;9;53851;0
51;9;53852;0
51;9;53853;0
51;9;53854;0
51;9;53855;0
51;9;53856;0
51;9;53857;0
51;9;53858;0
51;9;53859;0
51;9;53860;0
51;9;53861;0
51;9;53862;0
51;9;53863;0
51;9;53864;0
51;9;53865;0
51;9;53866;0
51;9;53867;0
51;9;53868;0
51;9;53869;0
51;9;53870;0
51;9;53871;0
51;9;53872;0
51;9;53873;0
51;9;53874;0
51;9;53875;0
51;9;53876;0
51;9;53877;0
51;9;53878;0
51;9;53879;0
51;9;53880;0
51;9;53881;0
51;9;53882;0
51;9;53883;0
51;9;53884;0
51;9;53885;0
51;9;53886;0
51;9;53887;0
51;9;53888;0
51;9;53889;0
51;9;53890;0
51;9;53891;0
51;9;53892;0
51;9;53893;0
51;9;53894;0
51;9;53895;0
51;9;53896;0
51;9;53897;0
51;9;53898;0
51;9;53899;0
51;9;53900;0
51;9;53901;0
51;9;53902;0
51;9;53903;0
51;9;53904;0
51;9;53905;0
51;9;53906;0
51;9;53907;0
51;9;53908;0
51;9;53909;0
51;9;53910;0
51;9;53911;0
51;9;53912;0
51;9;53913;0
51;9;53914;0
51;9;53915;0
51;9;53916;0
51;9;53917;0
51;9;53918;0
51;9;53919;0
51;9;53920;0
51;9;53921;0
51;9;53922;0
51;9;53923;0
51;9;53924;0
51;9;53925;0
51;9;53926;0
51;9;53927;0
51;9;53928;0
51;9;53929;0
51;9;53930;0
51;9;53931;0
51;9;53932;0
51;9;53933;0
51;9;53934;0
51;9;53935;0
51;9;53936;0
51;9;53937;0
51;9;53938;0
51;9;53939;0
51;9;53940;0
51;9;53941;0
51;9;53942;0
51;9;53943;0
51;9;53944;0
51;9;53945;0
51;9;53946;0
51;9;53947;0
51;9;53948;0
51;9;53949;0
51;9;53950;0
51;9;53951;0
51;9;53952;0
51;9;53953;0
51;9;53954;0
51;9;53955;0
51;9;53956;0
51;9;53957;0
51;9;53958;0
51;9;53959;0
51;9;53960;0
51;9;53961;0
51;9;53962;0
51;9;53963;0
51;9;53964;0
51;9;53965;0
51;9;53966;0
51;9;53967;0
51;9;53968;0
51;9;53969;0
51;9;53970;0
51;9;53971;0
51;9;53972;0
51;9;53973;0
51;9;53974;0
51;9;53975;0
51;9;53976;0
51;9;53977;0
51;9;53978;0
51;9;53979;0
51;9;53980;0
51;9;53981;0
51;9;53982;0
51;9;53983;0
51;9;53984;0
51;9;53985;0
51;9;53986;0
51;9;53987;0
51;9;53988;0
51;9;53989;0
51;9;53990;0
51;9;53991;0
51;9;53992;0
51;9;53993;0
51;9;53994;0
51;9;53995;0
51;9;53996;0
51;9;53997;0
51;9;53998;0
51;9;53999;0
51;9;54000;0
51;9;54001;0
51;9;54002;0
51;9;54003;0
51;9;54004;0
51;9;54005;0
51;9;54006;0
51;9;54007;0
51;9;54008;0
51;9;54009;0
51;9;54010;0
51;9;54011;0
51;9;54012;0
51;9;54013;0
51;9;54014;0
51;9;54015;0
51;9;54016;0
51;9;54017;0
51;9;54018;0
51;9;54019;0
51;9;54020;0
51;9;54021;0
51;9;54022;0
51;9;54023;0
51;9;54024;0
51;9;54025;0
51;9;54026;0
51;9;54027;0
51;9;54028;0
51;9;54029;0
51;9;54030;0
51;9;54031;0
51;9;54032;0
51;9;54033;0
51;9;54034;0
51;9;54035;0
51;9;54036;0
51;9;54037;0
51;9;54038;0
51;9;54039;0
51;9;54040;0
51;9;54041;0
51;9;54042;0
51;9;54043;0
51;9;54044;0
51;9;54045;0
51;9;54046;0
51;9;54047;0
51;9;54048;0
51;9;54049;0
51;9;54050;0
51;9;54051;0
51;9;54052;0
51;9;54053;0
51;9;54054;0
51;9;54055;0
51;9;54056;0
51;9;54057;0
51;9;54058;0
51;9;54059;0
51;9;54060;0
51;9;54061;0
51;9;54062;0
51;9;54063;0
51;9;54064;0
51;9;54065;0
51;9;54066;0
51;9;54067;0
51;9;54068;0
51;9;54069;0
51;9;54070;0
51;9;54071;0
51;9;54072;0
51;9;54073;0
51;9;54074;0
51;9;54075;0
51;9;54076;0
51;9;54077;0
51;9;54078;0
51;9;54079;0
51;9;54080;0
51;9;54081;0
51;9;54082;0
51;9;54083;0
51;9;54084;0
51;9;54085;0
51;9;54086;0
51;9;54087;0
51;9;54088;0
51;9;54089;0
51;9;54090;0
51;9;54091;0
51;9;54092;0
51;9;54093;0
51;9;54094;0
51;9;54095;0
51;9;54096;0
51;9;54097;0
51;9;54098;0
51;9;54099;0
51;9;54100;0
51;9;54101;0
51;9;54102;0
51;9;54103;0
51;9;54104;0
51;9;54105;0
51;9;54106;0
51;9;54107;0
51;9;54108;0
51;9;54109;0
51;9;54110;0
51;9;54111;0
51;9;54112;0
51;9;54113;0
51;9;54114;0
51;9;54115;0
51;9;54116;0
51;9;54117;0
51;9;54118;0
51;9;54119;0
51;9;54120;0
51;9;54121;0
51;9;54122;0
51;9;54123;0
51;9;54124;0
51;9;54125;0
51;9;54126;0
51;9;54127;0
51;9;54128;0
51;9;54129;0
51;9;54130;0
51;9;54131;0
51;9;54132;0
51;9;54133;0
51;9;54134;0
51;9;54135;0
51;9;54136;0
51;9;54137;0
51;9;54138;0
51;9;54139;0
51;9;54140;0
51;9;54141;0
51;9;54142;0
51;9;54143;0
51;9;54144;0
51;9;54145;0
51;9;54146;0
51;9;54147;0
51;9;54148;0
51;9;54149;0
51;9;54150;0
51;9;54151;0
51;9;54152;0
51;9;54153;0
51;9;54154;0
51;9;54155;0
51;9;54156;0
51;9;54157;0
51;9;54158;0
51;9;54159;0
51;9;54160;0
51;9;54161;0
51;9;54162;0
51;9;54163;0
51;9;54164;0
51;9;54165;0
51;9;54166;0
51;9;54167;0
51;9;54168;0
51;9;54169;0
51;9;54170;0
51;9;54171;0
51;9;54172;0
51;9;54173;0
51;9;54174;0
51;9;54175;0
51;9;54176;0
51;9;54177;0
51;9;54178;0
51;9;54179;0
51;9;54180;0
51;9;54181;0
51;9;54182;0
51;9;54183;0
51;9;54184;0
51;9;54185;0
51;9;54186;0
51;9;54187;0
51;9;54188;0
51;9;54189;0
51;9;54190;0
51;9;54191;0
51;9;54192;0
51;9;54193;0
51;9;54194;0
51;9;54195;0
51;9;54196;0
51;9;54197;0
51;9;54198;0
51;9;54199;0
51;9;54200;0
51;9;54201;0
51;9;54202;0
51;9;54203;0
51;9;54204;0
51;9;54205;0
51;9;54206;0
51;9;54207;0
51;9;54208;0
51;9;54209;0
51;9;54210;0
51;9;54211;0
51;9;54212;0
51;9;54213;0
51;9;54214;0
51;9;54215;0
51;9;54216;0
51;9;54217;0
51;9;54218;0
51;9;54219;0
51;9;54220;0
51;9;54221;0
51;9;54222;0
51;9;54223;0
51;9;54224;0
51;9;54225;0
51;9;54226;0
51;9;54227;0
51;9;54228;0
51;9;54229;0
51;9;54230;0
51;9;54231;0
51;9;54232;0
51;9;54233;0
51;9;54234;0
51;9;54235;0
51;9;54236;0
51;9;54237;0
51;9;54238;0
51;9;54239;0
51;9;54240;0
51;9;54241;0
51;9;54242;0
51;9;54243;0
51;9;54244;0
51;9;54245;0
51;9;54246;0
51;9;54247;0
51;9;54248;0
51;9;54249;0
51;9;54250;0
51;9;54251;0
51;9;54252;0
51;9;54253;0
51;9;54254;0
51;9;54255;0
51;9;54256;0
51;9;54257;0
51;9;54258;0
51;9;54259;0
51;9;54260;0
51;9;54261;0
51;9;54262;0
51;9;54263;0
51;9;54264;0
51;9;54265;0
51;9;54266;0
51;9;54267;0
51;9;54268;0
51;9;54269;0
51;9;54270;0
51;9;54271;0
51;9;54272;0
51;9;54273;0
51;9;54274;0
51;9;54275;0
51;9;54276;0
51;9;54277;0
51;9;54278;0
51;9;54279;0
51;9;54280;0
51;9;54281;0
51;9;54282;0
51;9;54283;0
51;9;54284;0
51;9;54285;0
51;9;54286;0
51;9;54287;0
51;9;54288;0
51;9;54289;0
51;9;54290;0
51;9;54291;0
51;9;54292;0
51;9;54293;0
51;9;54294;0
51;9;54295;0
51;9;54296;0
51;9;54297;0
51;9;54298;0
51;9;54299;0
51;9;54300;0
51;9;54301;0
51;9;54302;0
51;9;54303;0
51;9;54304;0
51;9;54305;0
51;9;54306;0
51;9;54307;0
51;9;54308;0
51;9;54309;0
51;9;54310;0
51;9;54311;0
51;9;54312;0
51;9;54313;0
51;9;54314;0
51;9;54315;0
51;9;54316;0
51;9;54317;0
51;9;54318;0
51;9;54319;0
51;9;54320;0
51;9;54321;0
51;9;54322;0
51;9;54323;0
51;9;54324;0
51;9;54325;0
51;9;54326;0
51;9;54327;0
51;9;54328;0
51;9;54329;0
51;9;54330;0
51;9;54331;0
51;9;54332;0
51;9;54333;0
51;9;54334;0
51;9;54335;0
51;9;54336;0
51;9;54337;0
51;9;54338;0
51;9;54339;0
51;9;54340;0
51;9;54341;0
51;9;54342;0
51;9;54343;0
51;9;54344;0
51;9;54345;0
51;9;54346;0
51;9;54347;0
51;9;54348;0
51;9;54349;0
51;9;54350;0
51;9;54351;0
51;9;54352;0
51;9;54353;0
51;9;54354;0
51;9;54355;0
51;9;54356;0
51;9;54357;0
51;9;54358;0
51;9;54359;0
51;9;54360;0
51;9;54361;0
51;9;54362;0
51;9;54363;0
51;9;54364;0
51;9;54365;0
51;9;54366;0
51;9;54367;0
51;9;54368;0
51;9;54369;0
51;9;54370;0
51;9;54371;0
51;9;54372;0
51;9;54373;0
51;9;54374;0
51;9;54375;0
51;9;54376;0
51;9;54377;0
51;9;54378;0
51;9;54379;0
51;9;54380;0
51;9;54381;0
51;9;54382;0
51;9;54383;0
51;9;54384;0
51;9;54385;0
51;9;54386;0
51;9;54387;0
51;9;54388;0
51;9;54389;0
51;9;54390;0
51;9;54391;0
51;9;54392;0
51;9;54393;0
51;9;54394;0
51;9;54395;0
51;9;54396;0
51;9;54397;0
51;9;54398;0
51;9;54399;0
51;9;54400;0
51;9;54401;0
51;9;54402;0
51;9;54403;0
51;9;54404;0
51;9;54405;0
51;9;54406;0
51;9;54407;0
51;9;54408;0
51;9;54409;0
51;9;54410;0
51;9;54411;0
51;9;54412;0
51;9;54413;0
51;9;54414;0
51;9;54415;0
51;9;54416;0
51;9;54417;0
51;9;54418;0
51;9;54419;0
51;9;54420;0
51;9;54421;0
51;9;54422;0
51;9;54423;0
51;9;54424;0
51;9;54425;0
51;9;54426;0
51;9;54427;0
51;9;54428;0
51;9;54429;0
51;9;54430;0
51;9;54431;0
51;9;54432;0
51;9;54433;0
51;9;54434;0
51;9;54435;0
51;9;54436;0
51;9;54437;0
51;9;54438;0
51;9;54439;0
51;9;54440;0
51;9;54441;0
51;9;54442;0
51;9;54443;0
51;9;54444;0
51;9;54445;0
51;9;54446;0
51;9;54447;0
51;9;54448;0
51;9;54449;0
51;9;54450;0
51;9;54451;0
51;9;54452;0
51;9;54453;0
51;9;54454;0
51;9;54455;0
51;9;54456;0
51;9;54457;0
51;9;54458;0
51;9;54459;0
51;9;54460;0
51;9;54461;0
51;9;54462;0
51;9;54463;0
51;9;54464;0
51;9;54465;0
51;9;54466;0
51;9;54467;0
51;9;54468;0
51;9;54469;0
51;9;54470;0
51;9;54471;0
51;9;54472;0
51;9;54473;0
51;9;54474;0
51;9;54475;0
51;9;54476;0
51;9;54477;0
51;9;54478;0
51;9;54479;0
51;9;54480;0
51;9;54481;0
51;9;54482;0
51;9;54483;0
51;9;54484;0
51;9;54485;0
51;9;54486;0
51;9;54487;0
51;9;54488;0
51;9;54489;0
51;9;54490;0
51;9;54491;0
51;9;54492;0
51;9;54493;0
51;9;54494;0
51;9;54495;0
51;9;54496;0
51;9;54497;0
51;9;54498;0
51;9;54499;0
51;9;54500;0
51;9;54501;0
51;9;54502;0
51;9;54503;0
51;9;54504;0
51;9;54505;0
51;9;54506;0
51;9;54507;0
51;9;54508;0
51;9;54509;0
51;9;54510;0
51;9;54511;0
51;9;54512;0
51;9;54513;0
51;9;54514;0
51;9;54515;0
51;9;54516;0
51;9;54517;0
51;9;54518;0
51;9;54519;0
51;9;54520;0
51;9;54521;0
51;9;54522;0
51;9;54523;0
51;9;54524;0
51;9;54525;0
51;9;54526;0
51;9;54527;0
51;9;54528;0
51;9;54529;0
51;9;54530;0
51;9;54531;0
51;9;54532;0
51;9;54533;0
51;9;54534;0
51;9;54535;0
51;9;54536;0
51;9;54537;0
51;9;54538;0
51;9;54539;0
51;9;54540;0
51;9;54541;0
51;9;54542;0
51;9;54543;0
51;9;54544;0
51;9;54545;0
51;9;54546;0
51;9;54547;0
51;9;54548;0
51;9;54549;0
51;9;54550;0
51;9;54551;0
51;9;54552;0
51;9;54553;0
51;9;54554;0
51;9;54555;0
51;9;54556;0
51;9;54557;0
51;9;54558;0
51;9;54559;0
51;9;54560;0
51;9;54561;0
51;9;54562;0
51;9;54563;0
51;9;54564;0
51;9;54565;0
51;9;54566;0
51;9;54567;0
51;9;54568;0
51;9;54569;0
51;9;54570;0
51;9;54571;0
51;9;54572;0
51;9;54573;0
51;9;54574;0
51;9;54575;0
51;9;54576;0
51;9;54577;0
51;9;54578;0
51;9;54579;0
51;9;54580;0
51;9;54581;0
51;9;54582;0
51;9;54583;0
51;9;54584;0
51;9;54585;0
51;9;54586;0
51;9;54587;0
51;9;54588;0
51;9;54589;0
51;9;54590;0
51;9;54591;0
51;9;54592;0
51;9;54593;0
51;9;54594;0
51;9;54595;0
51;9;54596;0
51;9;54597;0
51;9;54598;0
51;9;54599;0
51;9;54600;0
51;9;54601;0
51;9;54602;0
51;9;54603;0
51;9;54604;0
51;9;54605;0
51;9;54606;0
51;9;54607;0
51;9;54608;0
51;9;54609;0
51;9;54610;0
51;9;54611;0
51;9;54612;0
51;9;54613;0
51;9;54614;0
51;9;54615;0
51;9;54616;0
51;9;54617;0
51;9;54618;0
51;9;54619;0
51;9;54620;0
51;9;54621;0
51;9;54622;0
51;9;54623;0
51;9;54624;0
51;9;54625;0
51;9;54626;0
51;9;54627;0
51;9;54628;0
51;9;54629;0
51;9;54630;0
51;9;54631;0
51;9;54632;0
51;9;54633;0
51;9;54634;0
51;9;54635;0
51;9;54636;0
51;9;54637;0
51;9;54638;0
51;9;54639;0
51;9;54640;0
51;9;54641;0
51;9;54642;0
51;9;54643;0
51;9;54644;0
51;9;54645;0
51;9;54646;0
51;9;54647;0
51;9;54648;0
51;9;54649;0
51;9;54650;0
51;9;54651;0
51;9;54652;0
51;9;54653;0
51;9;54654;0
51;9;54655;0
51;9;54656;0
51;9;54657;0
51;9;54658;0
51;9;54659;0
51;9;54660;0
51;9;54661;0
51;9;54662;0
51;9;54663;0
51;9;54664;0
51;9;54665;0
51;9;54666;0
51;9;54667;0
51;9;54668;0
51;9;54669;0
51;9;54670;0
51;9;54671;0
51;9;54672;0
51;9;54673;0
51;9;54674;0
51;9;54675;0
51;9;54676;0
51;9;54677;0
51;9;54678;0
51;9;54679;0
51;9;54680;0
51;9;54681;0
51;9;54682;0
51;9;54683;0
51;9;54684;0
51;9;54685;0
51;9;54686;0
51;9;54687;0
51;9;54688;0
51;9;54689;0
51;9;54690;0
51;9;54691;0
51;9;54692;0
51;9;54693;0
51;9;54694;0
51;9;54695;0
51;9;54696;0
51;9;54697;0
51;9;54698;0
51;9;54699;0
51;9;54700;0
51;9;54701;0
51;9;54702;0
51;9;54703;0
51;9;54704;0
51;9;54705;0
51;9;54706;0
51;9;54707;0
51;9;54708;0
51;9;54709;0
51;9;54710;0
51;9;54711;0
51;9;54712;0
51;9;54713;0
51;9;54714;0
51;9;54715;0
51;9;54716;0
51;9;54717;0
51;9;54718;0
51;9;54719;0
51;9;54720;0
51;9;54721;0
51;9;54722;0
51;9;54723;0
51;9;54724;0
51;9;54725;0
51;9;54726;0
51;9;54727;0
51;9;54728;0
51;9;54729;0
51;9;54730;0
51;9;54731;0
51;9;54732;0
51;9;54733;0
51;9;54734;0
51;9;54735;0
51;9;54736;0
51;9;54737;0
51;9;54738;0
51;9;54739;0
51;9;54740;0
51;9;54741;0
51;9;54742;0
51;9;54743;0
51;9;54744;0
51;9;54745;0
51;9;54746;0
51;9;54747;0
51;9;54748;0
51;9;54749;0
51;9;54750;0
51;9;54751;0
51;9;54752;0
51;9;54753;0
51;9;54754;0
51;9;54755;0
51;9;54756;0
51;9;54757;0
51;9;54758;0
51;9;54759;0
51;9;54760;0
51;9;54761;0
51;9;54762;0
51;9;54763;0
51;9;54764;0
51;9;54765;0
51;9;54766;0
51;9;54767;0
51;9;54768;0
51;9;54769;0
51;9;54770;0
51;9;54771;0
51;9;54772;0
51;9;54773;0
51;9;54774;0
51;9;54775;0
51;9;54776;0
51;9;54777;0
51;9;54778;0
51;9;54779;0
51;9;54780;0
51;9;54781;0
51;9;54782;0
51;9;54783;0
51;9;54784;0
51;9;54785;0
51;9;54786;0
51;9;54787;0
51;9;54788;0
51;9;54789;0
51;9;54790;0
51;9;54791;0
51;9;54792;0
51;9;54793;0
51;9;54794;0
51;9;54795;0
51;9;54796;0
51;9;54797;0
51;9;54798;0
51;9;54799;0
51;9;54800;0
51;9;54801;0
51;9;54802;0
51;9;54803;0
51;9;54804;0
51;9;54805;0
51;9;54806;0
51;9;54807;0
51;9;54808;0
51;9;54809;0
51;9;54810;0
51;9;54811;0
51;9;54812;0
51;9;54813;0
51;9;54814;0
51;9;54815;0
51;9;54816;0
51;9;54817;0
51;9;54818;0
51;9;54819;0
51;9;54820;0
51;9;54821;0
51;9;54822;0
51;9;54823;0
51;9;54824;0
51;9;54825;0
51;9;54826;0
51;9;54827;0
51;9;54828;0
51;9;54829;0
51;9;54830;0
51;9;54831;0
51;9;54832;0
51;9;54833;0
51;9;54834;0
51;9;54835;0
51;9;54836;0
51;9;54837;0
51;9;54838;0
51;9;54839;0
51;9;54840;0
51;9;54841;0
51;9;54842;0
51;9;54843;0
51;9;54844;0
51;9;54845;0
51;9;54846;0
51;9;54847;0
51;9;54848;0
51;9;54849;0
51;9;54850;0
51;9;54851;0
51;9;54852;0
51;9;54853;0
51;9;54854;0
51;9;54855;0
51;9;54856;0
51;9;54857;0
51;9;54858;0
51;9;54859;0
51;9;54860;0
51;9;54861;0
51;9;54862;0
51;9;54863;0
51;9;54864;0
51;9;54865;0
51;9;54866;0
51;9;54867;0
51;9;54868;0
51;9;54869;0
51;9;54870;0
51;9;54871;0
51;9;54872;0
51;9;54873;0
51;9;54874;0
51;9;54875;0
51;9;54876;0
51;9;54877;0
51;9;54878;0
51;9;54879;0
51;9;54880;0
51;9;54881;0
51;9;54882;0
51;9;54883;0
51;9;54884;0
51;9;54885;0
51;9;54886;0
51;9;54887;0
51;9;54888;0
51;9;54889;0
51;9;54890;0
51;9;54891;0
51;9;54892;0
51;9;54893;0
51;9;54894;0
51;9;54895;0
51;9;54896;0
51;9;54897;0
51;9;54898;0
51;9;54899;0
51;9;54900;0
51;9;54901;0
51;9;54902;0
51;9;54903;0
51;9;54904;0
51;9;54905;0
51;9;54906;0
51;9;54907;0
51;9;54908;0
51;9;54909;0
51;9;54910;0
51;9;54911;0
51;9;54912;0
51;9;54913;0
51;9;54914;0
51;9;54915;0
51;9;54916;0
51;9;54917;0
51;9;54918;0
51;9;54919;0
51;9;54920;0
51;9;54921;0
51;9;54922;0
51;9;54923;0
51;9;54924;0
51;9;54925;0
51;9;54926;0
51;9;54927;0
51;9;54928;0
51;9;54929;0
51;9;54930;0
51;9;54931;0
51;9;54932;0
51;9;54933;0
51;9;54934;0
51;9;54935;0
51;9;54936;0
51;9;54937;0
51;9;54938;0
51;9;54939;0
51;9;54940;0
51;9;54941;0
51;9;54942;0
51;9;54943;0
51;9;54944;0
51;9;54945;0
51;9;54946;0
51;9;54947;0
51;9;54948;0
51;9;54949;0
51;9;54950;0
51;9;54951;0
51;9;54952;0
51;9;54953;0
51;9;54954;0
51;9;54955;0
51;9;54956;0
51;9;54957;0
51;9;54958;0
51;9;54959;0
51;9;54960;0
51;9;54961;0
51;9;54962;0
51;9;54963;0
51;9;54964;0
51;9;54965;0
51;9;54966;0
51;9;54967;0
51;9;54968;0
51;9;54969;0
51;9;54970;0
51;9;54971;0
51;9;54972;0
51;9;54973;0
51;9;54974;0
51;9;54975;0
51;9;54976;0
51;9;54977;0
51;9;54978;0
51;9;54979;0
51;9;54980;0
51;9;54981;0
51;9;54982;0
51;9;54983;0
51;9;54984;0
51;9;54985;0
51;9;54986;0
51;9;54987;0
51;9;54988;0
51;9;54989;0
51;9;54990;0
51;9;54991;0
51;9;54992;0
51;9;54993;0
51;9;54994;0
51;9;54995;0
51;9;54996;0
51;9;54997;0
51;9;54998;0
51;9;54999;0
51;9;55000;0
51;9;55001;0
51;9;55002;0
51;9;55003;0
51;9;55004;0
51;9;55005;0
51;9;55006;0
51;9;55007;0
51;9;55008;0
51;9;55009;0
51;9;55010;0
51;9;55011;0
51;9;55012;0
51;9;55013;0
51;9;55014;0
51;9;55015;0
51;9;55016;0
51;9;55017;0
51;9;55018;0
51;9;55019;0
51;9;55020;0
51;9;55021;0
51;9;55022;0
51;9;55023;0
51;9;55024;0
51;9;55025;0
51;9;55026;0
51;9;55027;0
51;9;55028;0
51;9;55029;0
51;9;55030;0
51;9;55031;0
51;9;55032;0
51;9;55033;0
51;9;55034;0
51;9;55035;0
51;9;55036;0
51;9;55037;0
51;9;55038;0
51;9;55039;0
51;9;55040;0
51;9;55041;0
51;9;55042;0
51;9;55043;0
51;9;55044;0
51;9;55045;0
51;9;55046;0
51;9;55047;0
51;9;55048;0
51;9;55049;0
51;9;55050;0
51;9;55051;0
51;9;55052;0
51;9;55053;0
51;9;55054;0
51;9;55055;0
51;9;55056;0
51;9;55057;0
51;9;55058;0
51;9;55059;0
51;9;55060;0
51;9;55061;0
51;9;55062;0
51;9;55063;0
51;9;55064;0
51;9;55065;0
51;9;55066;0
51;9;55067;0
51;9;55068;0
51;9;55069;0
51;9;55070;0
51;9;55071;0
51;9;55072;0
51;9;55073;0
51;9;55074;0
51;9;55075;0
51;9;55076;0
51;9;55077;0
51;9;55078;0
51;9;55079;0
51;9;55080;0
51;9;55081;0
51;9;55082;0
51;9;55083;0
51;9;55084;0
51;9;55085;0
51;9;55086;0
51;9;55087;0
51;9;55088;0
51;9;55089;0
51;9;55090;0
51;9;55091;0
51;9;55092;0
51;9;55093;0
51;9;55094;0
51;9;55095;0
51;9;55096;0
51;9;55097;0
51;9;55098;0
51;9;55099;0
51;9;55100;0
51;9;55101;0
51;9;55102;0
51;9;55103;0
51;9;55104;0
51;9;55105;0
51;9;55106;0
51;9;55107;0
51;9;55108;0
51;9;55109;0
51;9;55110;0
51;9;55111;0
51;9;55112;0
51;9;55113;0
51;9;55114;0
51;9;55115;0
51;9;55116;0
51;9;55117;0
51;9;55118;0
51;9;55119;0
51;9;55120;0
51;9;55121;0
51;9;55122;0
51;9;55123;0
51;9;55124;0
51;9;55125;0
51;9;55126;0
51;9;55127;0
51;9;55128;0
51;9;55129;0
51;9;55130;0
51;9;55131;0
51;9;55132;0
51;9;55133;0
51;9;55134;0
51;9;55135;0
51;9;55136;0
51;9;55137;0
51;9;55138;0
51;9;55139;0
51;9;55140;0
51;9;55141;0
51;9;55142;0
51;9;55143;0
51;9;55144;0
51;9;55145;0
51;9;55146;0
51;9;55147;0
51;9;55148;0
51;9;55149;0
51;9;55150;0
51;9;55151;0
51;9;55152;0
51;9;55153;0
51;9;55154;0
51;9;55155;0
51;9;55156;0
51;9;55157;0
51;9;55158;0
51;9;55159;0
51;9;55160;0
51;9;55161;0
51;9;55162;0
51;9;55163;0
51;9;55164;0
51;9;55165;0
51;9;55166;0
51;9;55167;0
51;9;55168;0
51;9;55169;0
51;9;55170;0
51;9;55171;0
51;9;55172;0
51;9;55173;0
51;9;55174;0
51;9;55175;0
51;9;55176;0
51;9;55177;0
51;9;55178;0
51;9;55179;0
51;9;55180;0
51;9;55181;0
51;9;55182;0
51;9;55183;0
51;9;55184;0
51;9;55185;0
51;9;55186;0
51;9;55187;0
51;9;55188;0
51;9;55189;0
51;9;55190;0
51;9;55191;0
51;9;55192;0
51;9;55193;0
51;9;55194;0
51;9;55195;0
51;9;55196;0
51;9;55197;0
51;9;55198;0
51;9;55199;0
51;9;55200;0
51;9;55201;0
51;9;55202;0
51;9;55203;0
51;9;55204;0
51;9;55205;0
51;9;55206;0
51;9;55207;0
51;9;55208;0
51;9;55209;0
51;9;55210;0
51;9;55211;0
51;9;55212;0
51;9;55213;0
51;9;55214;0
51;9;55215;0
51;9;55216;0
51;9;55217;0
51;9;55218;0
51;9;55219;0
51;9;55220;0
51;9;55221;0
51;9;55222;0
51;9;55223;0
51;9;55224;0
51;9;55225;0
51;9;55226;0
51;9;55227;0
51;9;55228;0
51;9;55229;0
51;9;55230;0
51;9;55231;0
51;9;55232;0
51;9;55233;0
51;9;55234;0
51;9;55235;0
51;9;55236;0
51;9;55237;0
51;9;55238;0
51;9;55239;0
51;9;55240;0
51;9;55241;0
51;9;55242;0
51;9;55243;0
51;9;55244;0
51;9;55245;0
51;9;55246;0
51;9;55247;0
51;9;55248;0
51;9;55249;0
51;9;55250;0
51;9;55251;0
51;9;55252;0
51;9;55253;0
51;9;55254;0
51;9;55255;0
51;9;55256;0
51;9;55257;0
51;9;55258;0
51;9;55259;0
51;9;55260;0
51;9;55261;0
51;9;55262;0
51;9;55263;0
51;9;55264;0
51;9;55265;0
51;9;55266;0
51;9;55267;0
51;9;55268;0
51;9;55269;0
51;9;55270;0
51;9;55271;0
51;9;55272;0
51;9;55273;0
51;9;55274;0
51;9;55275;0
51;9;55276;0
51;9;55277;0
51;9;55278;0
51;9;55279;0
51;9;55280;0
51;9;55281;0
51;9;55282;0
51;9;55283;0
51;9;55284;0
51;9;55285;0
51;9;55286;0
51;9;55287;0
51;9;55288;0
51;9;55289;0
51;9;55290;0
51;9;55291;0
51;9;55292;0
51;9;55293;0
51;9;55294;0
51;9;55295;0
51;9;55296;0
51;9;55297;0
51;9;55298;0
51;9;55299;0
51;9;55300;0
51;9;55301;0
51;9;55302;0
51;9;55303;0
51;9;55304;0
51;9;55305;0
51;9;55306;0
51;9;55307;0
51;9;55308;0
51;9;55309;0
51;9;55310;0
51;9;55311;0
51;9;55312;0
51;9;55313;0
51;9;55314;0
51;9;55315;0
51;9;55316;0
51;9;55317;0
51;9;55318;0
51;9;55319;0
51;9;55320;0
51;9;55321;0
51;9;55322;0
51;9;55323;0
51;9;55324;0
51;9;55325;0
51;9;55326;0
51;9;55327;0
51;9;55328;0
51;9;55329;0
51;9;55330;0
51;9;55331;0
51;9;55332;0
51;9;55333;0
51;9;55334;0
51;9;55335;0
51;9;55336;0
51;9;55337;0
51;9;55338;0
51;9;55339;0
51;9;55340;0
51;9;55341;0
51;9;55342;0
51;9;55343;0
51;9;55344;0
51;9;55345;0
51;9;55346;0
51;9;55347;0
51;9;55348;0
51;9;55349;0
51;9;55350;0
51;9;55351;0
51;9;55352;0
51;9;55353;0
51;9;55354;0
51;9;55355;0
51;9;55356;0
51;9;55357;0
51;9;55358;0
51;9;55359;0
51;9;55360;0
51;9;55361;0
51;9;55362;0
51;9;55363;0
51;9;55364;0
51;9;55365;0
51;9;55366;0
51;9;55367;0
51;9;55368;0
51;9;55369;0
51;9;55370;0
51;9;55371;0
51;9;55372;0
51;9;55373;0
51;9;55374;0
51;9;55375;0
51;9;55376;0
51;9;55377;0
51;9;55378;0
51;9;55379;0
51;9;55380;0
51;9;55381;0
51;9;55382;0
51;9;55383;0
51;9;55384;0
51;9;55385;0
51;9;55386;0
51;9;55387;0
51;9;55388;0
51;9;55389;0
51;9;55390;0
51;9;55391;0
51;9;55392;0
51;9;55393;0
51;9;55394;0
51;9;55395;0
51;9;55396;0
51;9;55397;0
51;9;55398;0
51;9;55399;0
51;9;55400;0
51;9;55401;0
51;9;55402;0
51;9;55403;0
51;9;55404;0
51;9;55405;0
51;9;55406;0
51;9;55407;0
51;9;55408;0
51;9;55409;0
51;9;55410;0
51;9;55411;0
51;9;55412;0
51;9;55413;0
51;9;55414;0
51;9;55415;0
51;9;55416;0
51;9;55417;0
51;9;55418;0
51;9;55419;0
51;9;55420;0
51;9;55421;0
51;9;55422;0
51;9;55423;0
51;9;55424;0
51;9;55425;0
51;9;55426;0
51;9;55427;0
51;9;55428;0
51;9;55429;0
51;9;55430;0
51;9;55431;0
51;9;55432;0
51;9;55433;0
51;9;55434;0
51;9;55435;0
51;9;55436;0
51;9;55437;0
51;9;55438;0
51;9;55439;0
51;9;55440;0
51;9;55441;0
51;9;55442;0
51;9;55443;0
51;9;55444;0
51;9;55445;0
51;9;55446;0
51;9;55447;0
51;9;55448;0
51;9;55449;0
51;9;55450;0
51;9;55451;0
51;9;55452;0
51;9;55453;0
51;9;55454;0
51;9;55455;0
51;9;55456;0
51;9;55457;0
51;9;55458;0
51;9;55459;0
51;9;55460;0
51;9;55461;0
51;9;55462;0
51;9;55463;0
51;9;55464;0
51;9;55465;0
51;9;55466;0
51;9;55467;0
51;9;55468;0
51;9;55469;0
51;9;55470;0
51;9;55471;0
51;9;55472;0
51;9;55473;0
51;9;55474;0
51;9;55475;0
51;9;55476;0
51;9;55477;0
51;9;55478;0
51;9;55479;0
51;9;55480;0
51;9;55481;0
51;9;55482;0
51;9;55483;0
51;9;55484;0
51;9;55485;0
51;9;55486;0
51;9;55487;0
51;9;55488;0
51;9;55489;0
51;9;55490;0
51;9;55491;0
51;9;55492;0
51;9;55493;0
51;9;55494;0
51;9;55495;0
51;9;55496;0
51;9;55497;0
51;9;55498;0
51;9;55499;0
51;9;55500;0
51;9;55501;0
51;9;55502;0
51;9;55503;0
51;9;55504;0
51;9;55505;0
51;9;55506;0
51;9;55507;0
51;9;55508;0
51;9;55509;0
51;9;55510;0
51;9;55511;0
51;9;55512;0
51;9;55513;0
51;9;55514;0
51;9;55515;0
51;9;55516;0
51;9;55517;0
51;9;55518;0
51;9;55519;0
51;9;55520;0
51;9;55521;0
51;9;55522;0
51;9;55523;0
51;9;55524;0
51;9;55525;0
51;9;55526;0
51;9;55527;0
51;9;55528;0
51;9;55529;0
51;9;55530;0
51;9;55531;0
51;9;55532;0
51;9;55533;0
51;9;55534;0
51;9;55535;0
51;9;55536;0
51;9;55537;0
51;9;55538;0
51;9;55539;0
51;9;55540;0
51;9;55541;0
51;9;55542;0
51;9;55543;0
51;9;55544;0
51;9;55545;0
51;9;55546;0
51;9;55547;0
51;9;55548;0
51;9;55549;0
51;9;55550;0
51;9;55551;0
51;9;55552;0
51;9;55553;0
51;9;55554;0
51;9;55555;0
51;9;55556;0
51;9;55557;0
51;9;55558;0
51;9;55559;0
51;9;55560;0
51;9;55561;0
51;9;55562;0
51;9;55563;0
51;9;55564;0
51;9;55565;0
51;9;55566;0
51;9;55567;0
51;9;55568;0
51;9;55569;0
51;9;55570;0
51;9;55571;0
51;9;55572;0
51;9;55573;0
51;9;55574;0
51;9;55575;0
51;9;55576;0
51;9;55577;0
51;9;55578;0
51;9;55579;0
51;9;55580;0
51;9;55581;0
51;9;55582;0
51;9;55583;0
51;9;55584;0
51;9;55585;0
51;9;55586;0
51;9;55587;0
51;9;55588;0
51;9;55589;0
51;9;55590;0
51;9;55591;0
51;9;55592;0
51;9;55593;0
51;9;55594;0
51;9;55595;0
51;9;55596;0
51;9;55597;0
51;9;55598;0
51;9;55599;0
51;9;55600;0
51;9;55601;0
51;9;55602;0
51;9;55603;0
51;9;55604;0
51;9;55605;0
51;9;55606;0
51;9;55607;0
51;9;55608;0
51;9;55609;0
51;9;55610;0
51;9;55611;0
51;9;55612;0
51;9;55613;0
51;9;55614;0
51;9;55615;0
51;9;55616;0
51;9;55617;0
51;9;55618;0
51;9;55619;0
51;9;55620;0
51;9;55621;0
51;9;55622;0
51;9;55623;0
51;9;55624;0
51;9;55625;0
51;9;55626;0
51;9;55627;0
51;9;55628;0
51;9;55629;0
51;9;55630;0
51;9;55631;0
51;9;55632;0
51;9;55633;0
51;9;55634;0
51;9;55635;0
51;9;55636;0
51;9;55637;0
51;9;55638;0
51;9;55639;0
51;9;55640;0
51;9;55641;0
51;9;55642;0
51;9;55643;0
51;9;55644;0
51;9;55645;0
51;9;55646;0
51;9;55647;0
51;9;55648;0
51;9;55649;0
51;9;55650;0
51;9;55651;0
51;9;55652;0
51;9;55653;0
51;9;55654;0
51;9;55655;0
51;9;55656;0
51;9;55657;0
51;9;55658;0
51;9;55659;0
51;9;55660;0
51;9;55661;0
51;9;55662;0
51;9;55663;0
51;9;55664;0
51;9;55665;0
51;9;55666;0
51;9;55667;0
51;9;55668;0
51;9;55669;0
51;9;55670;0
51;9;55671;0
51;9;55672;0
51;9;55673;0
51;9;55674;0
51;9;55675;0
51;9;55676;0
51;9;55677;0
51;9;55678;0
51;9;55679;0
51;9;55680;0
51;9;55681;0
51;9;55682;0
51;9;55683;0
51;9;55684;0
51;9;55685;0
51;9;55686;0
51;9;55687;0
51;9;55688;0
51;9;55689;0
51;9;55690;0
51;9;55691;0
51;9;55692;0
51;9;55693;0
51;9;55694;0
51;9;55695;0
51;9;55696;0
51;9;55697;0
51;9;55698;0
51;9;55699;0
51;9;55700;0
51;9;55701;0
51;9;55702;0
51;9;55703;0
51;9;55704;0
51;9;55705;0
51;9;55706;0
51;9;55707;0
51;9;55708;0
51;9;55709;0
51;9;55710;0
51;9;55711;0
51;9;55712;0
51;9;55713;0
51;9;55714;0
51;9;55715;0
51;9;55716;0
51;9;55717;0
51;9;55718;0
51;9;55719;0
51;9;55720;0
51;9;55721;0
51;9;55722;0
51;9;55723;0
51;9;55724;0
51;9;55725;0
51;9;55726;0
51;9;55727;0
51;9;55728;0
51;9;55729;0
51;9;55730;0
51;9;55731;0
51;9;55732;0
51;9;55733;0
51;9;55734;0
51;9;55735;0
51;9;55736;0
51;9;55737;0
51;9;55738;0
51;9;55739;0
51;9;55740;0
51;9;55741;0
51;9;55742;0
51;9;55743;0
51;9;55744;0
51;9;55745;0
51;9;55746;0
51;9;55747;0
51;9;55748;0
51;9;55749;0
51;9;55750;0
51;9;55751;0
51;9;55752;0
51;9;55753;0
51;9;55754;0
51;9;55755;0
51;9;55756;0
51;9;55757;0
51;9;55758;0
51;9;55759;0
51;9;55760;0
51;9;55761;0
51;9;55762;0
51;9;55763;0
51;9;55764;0
51;9;55765;0
51;9;55766;0
51;9;55767;0
51;9;55768;0
51;9;55769;0
51;9;55770;0
51;9;55771;0
51;9;55772;0
51;9;55773;0
51;9;55774;0
51;9;55775;0
51;9;55776;0
51;9;55777;0
51;9;55778;0
51;9;55779;0
51;9;55780;0
51;9;55781;0
51;9;55782;0
51;9;55783;0
51;9;55784;0
51;9;55785;0
51;9;55786;0
51;9;55787;0
51;9;55788;0
51;9;55789;0
51;9;55790;0
51;9;55791;0
51;9;55792;0
51;9;55793;0
51;9;55794;0
51;9;55795;0
51;9;55796;0
51;9;55797;0
51;9;55798;0
51;9;55799;0
51;9;55800;0
51;9;55801;0
51;9;55802;0
51;9;55803;0
51;9;55804;0
51;9;55805;0
51;9;55806;0
51;9;55807;0
51;9;55808;0
51;9;55809;0
51;9;55810;0
51;9;55811;0
51;9;55812;0
51;9;55813;0
51;9;55814;0
51;9;55815;0
51;9;55816;0
51;9;55817;0
51;9;55818;0
51;9;55819;0
51;9;55820;0
51;9;55821;0
51;9;55822;0
51;9;55823;0
51;9;55824;0
51;9;55825;0
51;9;55826;0
51;9;55827;0
51;9;55828;0
51;9;55829;0
51;9;55830;0
51;9;55831;0
51;9;55832;0
51;9;55833;0
51;9;55834;0
51;9;55835;0
51;9;55836;0
51;9;55837;0
51;9;55838;0
51;9;55839;0
51;9;55840;0
51;9;55841;0
51;9;55842;0
51;9;55843;0
51;9;55844;0
51;9;55845;0
51;9;55846;0
51;9;55847;0
51;9;55848;0
51;9;55849;0
51;9;55850;0
51;9;55851;0
51;9;55852;0
51;9;55853;0
51;9;55854;0
51;9;55855;0
51;9;55856;0
51;9;55857;0
51;9;55858;0
51;9;55859;0
51;9;55860;0
51;9;55861;0
51;9;55862;0
51;9;55863;0
51;9;55864;0
51;9;55865;0
51;9;55866;0
51;9;55867;0
51;9;55868;0
51;9;55869;0
51;9;55870;0
51;9;55871;0
51;9;55872;0
51;9;55873;0
51;9;55874;0
51;9;55875;0
51;9;55876;0
51;9;55877;0
51;9;55878;0
51;9;55879;0
51;9;55880;0
51;9;55881;0
51;9;55882;0
51;9;55883;0
51;9;55884;0
51;9;55885;0
51;9;55886;0
51;9;55887;0
51;9;55888;0
51;9;55889;0
51;9;55890;0
51;9;55891;0
51;9;55892;0
51;9;55893;0
51;9;55894;0
51;9;55895;0
51;9;55896;0
51;9;55897;0
51;9;55898;0
51;9;55899;0
51;9;55900;0
51;9;55901;0
51;9;55902;0
51;9;55903;0
51;9;55904;0
51;9;55905;0
51;9;55906;0
51;9;55907;0
51;9;55908;0
51;9;55909;0
51;9;55910;0
51;9;55911;0
51;9;55912;0
51;9;55913;0
51;9;55914;0
51;9;55915;0
51;9;55916;0
51;9;55917;0
51;9;55918;0
51;9;55919;0
51;9;55920;0
51;9;55921;0
51;9;55922;0
51;9;55923;0
51;9;55924;0
51;9;55925;0
51;9;55926;0
51;9;55927;0
51;9;55928;0
51;9;55929;0
51;9;55930;0
51;9;55931;0
51;9;55932;0
51;9;55933;0
51;9;55934;0
51;9;55935;0
51;9;55936;0
51;9;55937;0
51;9;55938;0
51;9;55939;0
51;9;55940;0
51;9;55941;0
51;9;55942;0
51;9;55943;0
51;9;55944;0
51;9;55945;0
51;9;55946;0
51;9;55947;0
51;9;55948;0
51;9;55949;0
51;9;55950;0
51;9;55951;0
51;9;55952;0
51;9;55953;0
51;9;55954;0
51;9;55955;0
51;9;55956;0
51;9;55957;0
51;9;55958;0
51;9;55959;0
51;9;55960;0
51;9;55961;0
51;9;55962;0
51;9;55963;0
51;9;55964;0
51;9;55965;0
51;9;55966;0
51;9;55967;0
51;9;55968;0
51;9;55969;0
51;9;55970;0
51;9;55971;0
51;9;55972;0
51;9;55973;0
51;9;55974;0
51;9;55975;0
51;9;55976;0
51;9;55977;0
51;9;55978;0
51;9;55979;0
51;9;55980;0
51;9;55981;0
51;9;55982;0
51;9;55983;0
51;9;55984;0
51;9;55985;0
51;9;55986;0
51;9;55987;0
51;9;55988;0
51;9;55989;0
51;9;55990;0
51;9;55991;0
51;9;55992;0
51;9;55993;0
51;9;55994;0
51;9;55995;0
51;9;55996;0
51;9;55997;0
51;9;55998;0
51;9;55999;0
51;9;56000;0
51;9;56001;0
51;9;56002;0
51;9;56003;0
51;9;56004;0
51;9;56005;0
51;9;56006;0
51;9;56007;0
51;9;56008;0
51;9;56009;0
51;9;56010;0
51;9;56011;0
51;9;56012;0
51;9;56013;0
51;9;56014;0
51;9;56015;0
51;9;56016;0
51;9;56017;0
51;9;56018;0
51;9;56019;0
51;9;56020;0
51;9;56021;0
51;9;56022;0
51;9;56023;0
51;9;56024;0
51;9;56025;0
51;9;56026;0
51;9;56027;0
51;9;56028;0
51;9;56029;0
51;9;56030;0
51;9;56031;0
51;9;56032;0
51;9;56033;0
51;9;56034;0
51;9;56035;0
51;9;56036;0
51;9;56037;0
51;9;56038;0
51;9;56039;0
51;9;56040;0
51;9;56041;0
51;9;56042;0
51;9;56043;0
51;9;56044;0
51;9;56045;0
51;9;56046;0
51;9;56047;0
51;9;56048;0
51;9;56049;0
51;9;56050;0
51;9;56051;0
51;9;56052;0
51;9;56053;0
51;9;56054;0
51;9;56055;0
51;9;56056;0
51;9;56057;0
51;9;56058;0
51;9;56059;0
51;9;56060;0
51;9;56061;0
51;9;56062;0
51;9;56063;0
51;9;56064;0
51;9;56065;0
51;9;56066;0
51;9;56067;0
51;9;56068;0
51;9;56069;0
51;9;56070;0
51;9;56071;0
51;9;56072;0
51;9;56073;0
51;9;56074;0
51;9;56075;0
51;9;56076;0
51;9;56077;0
51;9;56078;0
51;9;56079;0
51;9;56080;0
51;9;56081;0
51;9;56082;0
51;9;56083;0
51;9;56084;0
51;9;56085;0
51;9;56086;0
51;9;56087;0
51;9;56088;0
51;9;56089;0
51;9;56090;0
51;9;56091;0
51;9;56092;0
51;9;56093;0
51;9;56094;0
51;9;56095;0
51;9;56096;0
51;9;56097;0
51;9;56098;0
51;9;56099;0
51;9;56100;0
51;9;56101;0
51;9;56102;0
51;9;56103;0
51;9;56104;0
51;9;56105;0
51;9;56106;0
51;9;56107;0
51;9;56108;0
51;9;56109;0
51;9;56110;0
51;9;56111;0
51;9;56112;0
51;9;56113;0
51;9;56114;0
51;9;56115;0
51;9;56116;0
51;9;56117;0
51;9;56118;0
51;9;56119;0
51;9;56120;0
51;9;56121;0
51;9;56122;0
51;9;56123;0
51;9;56124;0
51;9;56125;0
51;9;56126;0
51;9;56127;0
51;9;56128;0
51;9;56129;0
51;9;56130;0
51;9;56131;0
51;9;56132;0
51;9;56133;0
51;9;56134;0
51;9;56135;0
51;9;56136;0
51;9;56137;0
51;9;56138;0
51;9;56139;0
51;9;56140;0
51;9;56141;0
51;9;56142;0
51;9;56143;0
51;9;56144;0
51;9;56145;0
51;9;56146;0
51;9;56147;0
51;9;56148;0
51;9;56149;0
51;9;56150;0
51;9;56151;0
51;9;56152;0
51;9;56153;0
51;9;56154;0
51;9;56155;0
51;9;56156;0
51;9;56157;0
51;9;56158;0
51;9;56159;0
51;9;56160;0
51;9;56161;0
51;9;56162;0
51;9;56163;0
51;9;56164;0
51;9;56165;0
51;9;56166;0
51;9;56167;0
51;9;56168;0
51;9;56169;0
51;9;56170;0
51;9;56171;0
51;9;56172;0
51;9;56173;0
51;9;56174;0
51;9;56175;0
51;9;56176;0
51;9;56177;0
51;9;56178;0
51;9;56179;0
51;9;56180;0
51;9;56181;0
51;9;56182;0
51;9;56183;0
51;9;56184;0
51;9;56185;0
51;9;56186;0
51;9;56187;0
51;9;56188;0
51;9;56189;0
51;9;56190;0
51;9;56191;0
51;9;56192;0
51;9;56193;0
51;9;56194;0
51;9;56195;0
51;9;56196;0
51;9;56197;0
51;9;56198;0
51;9;56199;0
51;9;56200;0
51;9;56201;0
51;9;56202;0
51;9;56203;0
51;9;56204;0
51;9;56205;0
51;9;56206;0
51;9;56207;0
51;9;56208;0
51;9;56209;0
51;9;56210;0
51;9;56211;0
51;9;56212;0
51;9;56213;0
51;9;56214;0
51;9;56215;0
51;9;56216;0
51;9;56217;0
51;9;56218;0
51;9;56219;0
51;9;56220;0
51;9;56221;0
51;9;56222;0
51;9;56223;0
51;9;56224;0
51;9;56225;0
51;9;56226;0
51;9;56227;0
51;9;56228;0
51;9;56229;0
51;9;56230;0
51;9;56231;0
51;9;56232;0
51;9;56233;0
51;9;56234;0
51;9;56235;0
51;9;56236;0
51;9;56237;0
51;9;56238;0
51;9;56239;0
51;9;56240;0
51;9;56241;0
51;9;56242;0
51;9;56243;0
51;9;56244;0
51;9;56245;0
51;9;56246;0
51;9;56247;0
51;9;56248;0
51;9;56249;0
51;9;56250;0
51;9;56251;0
51;9;56252;0
51;9;56253;0
51;9;56254;0
51;9;56255;0
51;9;56256;0
51;9;56257;0
51;9;56258;0
51;9;56259;0
51;9;56260;0
51;9;56261;0
51;9;56262;0
51;9;56263;0
51;9;56264;0
51;9;56265;0
51;9;56266;0
51;9;56267;0
51;9;56268;0
51;9;56269;0
51;9;56270;0
51;9;56271;0
51;9;56272;0
51;9;56273;0
51;9;56274;0
51;9;56275;0
51;9;56276;0
51;9;56277;0
51;9;56278;0
51;9;56279;0
51;9;56280;0
51;9;56281;0
51;9;56282;0
51;9;56283;0
51;9;56284;0
51;9;56285;0
51;9;56286;0
51;9;56287;0
51;9;56288;0
51;9;56289;0
51;9;56290;0
51;9;56291;0
51;9;56292;0
51;9;56293;0
51;9;56294;0
51;9;56295;0
51;9;56296;0
51;9;56297;0
51;9;56298;0
51;9;56299;0
51;9;56300;0
51;9;56301;0
51;9;56302;0
51;9;56303;0
51;9;56304;0
51;9;56305;0
51;9;56306;0
51;9;56307;0
51;9;56308;0
51;9;56309;0
51;9;56310;0
51;9;56311;0
51;9;56312;0
51;9;56313;0
51;9;56314;0
51;9;56315;0
51;9;56316;0
51;9;56317;0
51;9;56318;0
51;9;56319;0
51;9;56320;0
51;9;56321;0
51;9;56322;0
51;9;56323;0
51;9;56324;0
51;9;56325;0
51;9;56326;0
51;9;56327;0
51;9;56328;0
51;9;56329;0
51;9;56330;0
51;9;56331;0
51;9;56332;0
51;9;56333;0
51;9;56334;0
51;9;56335;0
51;9;56336;0
51;9;56337;0
51;9;56338;0
51;9;56339;0
51;9;56340;0
51;9;56341;0
51;9;56342;0
51;9;56343;0
51;9;56344;0
51;9;56345;0
51;9;56346;0
51;9;56347;0
51;9;56348;0
51;9;56349;0
51;9;56350;0
51;9;56351;0
51;9;56352;0
51;9;56353;0
51;9;56354;0
51;9;56355;0
51;9;56356;0
51;9;56357;0
51;9;56358;0
51;9;56359;0
51;9;56360;0
51;9;56361;0
51;9;56362;0
51;9;56363;0
51;9;56364;0
51;9;56365;0
51;9;56366;0
51;9;56367;0
51;9;56368;0
51;9;56369;0
51;9;56370;0
51;9;56371;0
51;9;56372;0
51;9;56373;0
51;9;56374;0
51;9;56375;0
51;9;56376;0
51;9;56377;0
51;9;56378;0
51;9;56379;0
51;9;56380;0
51;9;56381;0
51;9;56382;0
51;9;56383;0
51;9;56384;0
51;9;56385;0
51;9;56386;0
51;9;56387;0
51;9;56388;0
51;9;56389;0
51;9;56390;0
51;9;56391;0
51;9;56392;0
51;9;56393;0
51;9;56394;0
51;9;56395;0
51;9;56396;0
51;9;56397;0
51;9;56398;0
51;9;56399;0
51;9;56400;0
51;9;56401;0
51;9;56402;0
51;9;56403;0
51;9;56404;0
51;9;56405;0
51;9;56406;0
51;9;56407;0
51;9;56408;0
51;9;56409;0
51;9;56410;0
51;9;56411;0
51;9;56412;0
51;9;56413;0
51;9;56414;0
51;9;56415;0
51;9;56416;0
51;9;56417;0
51;9;56418;0
51;9;56419;0
51;9;56420;0
51;9;56421;0
51;9;56422;0
51;9;56423;0
51;9;56424;0
51;9;56425;0
51;9;56426;0
51;9;56427;0
51;9;56428;0
51;9;56429;0
51;9;56430;0
51;9;56431;0
51;9;56432;0
51;9;56433;0
51;9;56434;0
51;9;56435;0
51;9;56436;0
51;9;56437;0
51;9;56438;0
51;9;56439;0
51;9;56440;0
51;9;56441;0
51;9;56442;0
51;9;56443;0
51;9;56444;0
51;9;56445;0
51;9;56446;0
51;9;56447;0
51;9;56448;0
51;9;56449;0
51;9;56450;0
51;9;56451;0
51;9;56452;0
51;9;56453;0
51;9;56454;0
51;9;56455;0
51;9;56456;0
51;9;56457;0
51;9;56458;0
51;9;56459;0
51;9;56460;0
51;9;56461;0
51;9;56462;0
51;9;56463;0
51;9;56464;0
51;9;56465;0
51;9;56466;0
51;9;56467;0
51;9;56468;0
51;9;56469;0
51;9;56470;0
51;9;56471;0
51;9;56472;0
51;9;56473;0
51;9;56474;0
51;9;56475;0
51;9;56476;0
51;9;56477;0
51;9;56478;0
51;9;56479;0
51;9;56480;0
51;9;56481;0
51;9;56482;0
51;9;56483;0
51;9;56484;0
51;9;56485;0
51;9;56486;0
51;9;56487;0
51;9;56488;0
51;9;56489;0
51;9;56490;0
51;9;56491;0
51;9;56492;0
51;9;56493;0
51;9;56494;0
51;9;56495;0
51;9;56496;0
51;9;56497;0
51;9;56498;0
51;9;56499;0
51;9;56500;0
51;9;56501;0
51;9;56502;0
51;9;56503;0
51;9;56504;0
51;9;56505;0
51;9;56506;0
51;9;56507;0
51;9;56508;0
51;9;56509;0
51;9;56510;0
51;9;56511;0
51;9;56512;0
51;9;56513;0
51;9;56514;0
51;9;56515;0
51;9;56516;0
51;9;56517;0
51;9;56518;0
51;9;56519;0
51;9;56520;0
51;9;56521;0
51;9;56522;0
51;9;56523;0
51;9;56524;0
51;9;56525;0
51;9;56526;0
51;9;56527;0
51;9;56528;0
51;9;56529;0
51;9;56530;0
51;9;56531;0
51;9;56532;0
51;9;56533;0
51;9;56534;0
51;9;56535;0
51;9;56536;0
51;9;56537;0
51;9;56538;0
51;9;56539;0
51;9;56540;0
51;9;56541;0
51;9;56542;0
51;9;56543;0
51;9;56544;0
51;9;56545;0
51;9;56546;0
51;9;56547;0
51;9;56548;0
51;9;56549;0
51;9;56550;0
51;9;56551;0
51;9;56552;0
51;9;56553;0
51;9;56554;0
51;9;56555;0
51;9;56556;0
51;9;56557;0
51;9;56558;0
51;9;56559;0
51;9;56560;0
51;9;56561;0
51;9;56562;0
51;9;56563;0
51;9;56564;0
51;9;56565;0
51;9;56566;0
51;9;56567;0
51;9;56568;0
51;9;56569;0
51;9;56570;0
51;9;56571;0
51;9;56572;0
51;9;56573;0
51;9;56574;0
51;9;56575;0
51;9;56576;0
51;9;56577;0
51;9;56578;0
51;9;56579;0
51;9;56580;0
51;9;56581;0
51;9;56582;0
51;9;56583;0
51;9;56584;0
51;9;56585;0
51;9;56586;0
51;9;56587;0
51;9;56588;0
51;9;56589;0
51;9;56590;0
51;9;56591;0
51;9;56592;0
51;9;56593;0
51;9;56594;0
51;9;56595;0
51;9;56596;0
51;9;56597;0
51;9;56598;0
51;9;56599;0
51;9;56600;0
51;9;56601;0
51;9;56602;0
51;9;56603;0
51;9;56604;0
51;9;56605;0
51;9;56606;0
51;9;56607;0
51;9;56608;0
51;9;56609;0
51;9;56610;0
51;9;56611;0
51;9;56612;0
51;9;56613;0
51;9;56614;0
51;9;56615;0
51;9;56616;0
51;9;56617;0
51;9;56618;0
51;9;56619;0
51;9;56620;0
51;9;56621;0
51;9;56622;0
51;9;56623;0
51;9;56624;0
51;9;56625;0
51;9;56626;0
51;9;56627;0
51;9;56628;0
51;9;56629;0
51;9;56630;0
51;9;56631;0
51;9;56632;0
51;9;56633;0
51;9;56634;0
51;9;56635;0
51;9;56636;0
51;9;56637;0
51;9;56638;0
51;9;56639;0
51;9;56640;0
51;9;56641;0
51;9;56642;0
51;9;56643;0
51;9;56644;0
51;9;56645;0
51;9;56646;0
51;9;56647;0
51;9;56648;0
51;9;56649;0
51;9;56650;0
51;9;56651;0
51;9;56652;0
51;9;56653;0
51;9;56654;0
51;9;56655;0
51;9;56656;0
51;9;56657;0
51;9;56658;0
51;9;56659;0
51;9;56660;0
51;9;56661;0
51;9;56662;0
51;9;56663;0
51;9;56664;0
51;9;56665;0
51;9;56666;0
51;9;56667;0
51;9;56668;0
51;9;56669;0
51;9;56670;0
51;9;56671;0
51;9;56672;0
51;9;56673;0
51;9;56674;0
51;9;56675;0
51;9;56676;0
51;9;56677;0
51;9;56678;0
51;9;56679;0
51;9;56680;0
51;9;56681;0
51;9;56682;0
51;9;56683;0
51;9;56684;0
51;9;56685;0
51;9;56686;0
51;9;56687;0
51;9;56688;0
51;9;56689;0
51;9;56690;0
51;9;56691;0
51;9;56692;0
51;9;56693;0
51;9;56694;0
51;9;56695;0
51;9;56696;0
51;9;56697;0
51;9;56698;0
51;9;56699;0
51;9;56700;0
51;9;56701;0
51;9;56702;0
51;9;56703;0
51;9;56704;0
51;9;56705;0
51;9;56706;0
51;9;56707;0
51;9;56708;0
51;9;56709;0
51;9;56710;0
51;9;56711;0
51;9;56712;0
51;9;56713;0
51;9;56714;0
51;9;56715;0
51;9;56716;0
51;9;56717;0
51;9;56718;0
51;9;56719;0
51;9;56720;0
51;9;56721;0
51;9;56722;0
51;9;56723;0
51;9;56724;0
51;9;56725;0
51;9;56726;0
51;9;56727;0
51;9;56728;0
51;9;56729;0
51;9;56730;0
51;9;56731;0
51;9;56732;0
51;9;56733;0
51;9;56734;0
51;9;56735;0
51;9;56736;0
51;9;56737;0
51;9;56738;0
51;9;56739;0
51;9;56740;0
51;9;56741;0
51;9;56742;0
51;9;56743;0
51;9;56744;0
51;9;56745;0
51;9;56746;0
51;9;56747;0
51;9;56748;0
51;9;56749;0
51;9;56750;0
51;9;56751;0
51;9;56752;0
51;9;56753;0
51;9;56754;0
51;9;56755;0
51;9;56756;0
51;9;56757;0
51;9;56758;0
51;9;56759;0
51;9;56760;0
51;9;56761;0
51;9;56762;0
51;9;56763;0
51;9;56764;0
51;9;56765;0
51;9;56766;0
51;9;56767;0
51;9;56768;0
51;9;56769;0
51;9;56770;0
51;9;56771;0
51;9;56772;0
51;9;56773;0
51;9;56774;0
51;9;56775;0
51;9;56776;0
51;9;56777;0
51;9;56778;0
51;9;56779;0
51;9;56780;0
51;9;56781;0
51;9;56782;0
51;9;56783;0
51;9;56784;0
51;9;56785;0
51;9;56786;0
51;9;56787;0
51;9;56788;0
51;9;56789;0
51;9;56790;0
51;9;56791;0
51;9;56792;0
51;9;56793;0
51;9;56794;0
51;9;56795;0
51;9;56796;0
51;9;56797;0
51;9;56798;0
51;9;56799;0
51;9;56800;0
51;9;56801;0
51;9;56802;0
51;9;56803;0
51;9;56804;0
51;9;56805;0
51;9;56806;0
51;9;56807;0
51;9;56808;0
51;9;56809;0
51;9;56810;0
51;9;56811;0
51;9;56812;0
51;9;56813;0
51;9;56814;0
51;9;56815;0
51;9;56816;0
51;9;56817;0
51;9;56818;0
51;9;56819;0
51;9;56820;0
51;9;56821;0
51;9;56822;0
51;9;56823;0
51;9;56824;0
51;9;56825;0
51;9;56826;0
51;9;56827;0
51;9;56828;0
51;9;56829;0
51;9;56830;0
51;9;56831;0
51;9;56832;0
51;9;56833;0
51;9;56834;0
51;9;56835;0
51;9;56836;0
51;9;56837;0
51;9;56838;0
51;9;56839;0
51;9;56840;0
51;9;56841;0
51;9;56842;0
51;9;56843;0
51;9;56844;0
51;9;56845;0
51;9;56846;0
51;9;56847;0
51;9;56848;0
51;9;56849;0
51;9;56850;0
51;9;56851;0
51;9;56852;0
51;9;56853;0
51;9;56854;0
51;9;56855;0
51;9;56856;0
51;9;56857;0
51;9;56858;0
51;9;56859;0
51;9;56860;0
51;9;56861;0
51;9;56862;0
51;9;56863;0
51;9;56864;0
51;9;56865;0
51;9;56866;0
51;9;56867;0
51;9;56868;0
51;9;56869;0
51;9;56870;0
51;9;56871;0
51;9;56872;0
51;9;56873;0
51;9;56874;0
51;9;56875;0
51;9;56876;0
51;9;56877;0
51;9;56878;0
51;9;56879;0
51;9;56880;0
51;9;56881;0
51;9;56882;0
51;9;56883;0
51;9;56884;0
51;9;56885;0
51;9;56886;0
51;9;56887;0
51;9;56888;0
51;9;56889;0
51;9;56890;0
51;9;56891;0
51;9;56892;0
51;9;56893;0
51;9;56894;0
51;9;56895;0
51;9;56896;0
51;9;56897;0
51;9;56898;0
51;9;56899;0
51;9;56900;0
51;9;56901;0
51;9;56902;0
51;9;56903;0
51;9;56904;0
51;9;56905;0
51;9;56906;0
51;9;56907;0
51;9;56908;0
51;9;56909;0
51;9;56910;0
51;9;56911;0
51;9;56912;0
51;9;56913;0
51;9;56914;0
51;9;56915;0
51;9;56916;0
51;9;56917;0
51;9;56918;0
51;9;56919;0
51;9;56920;0
51;9;56921;0
51;9;56922;0
51;9;56923;0
51;9;56924;0
51;9;56925;0
51;9;56926;0
51;9;56927;0
51;9;56928;0
51;9;56929;0
51;9;56930;0
51;9;56931;0
51;9;56932;0
51;9;56933;0
51;9;56934;0
51;9;56935;0
51;9;56936;0
51;9;56937;0
51;9;56938;0
51;9;56939;0
51;9;56940;0
51;9;56941;0
51;9;56942;0
51;9;56943;0
51;9;56944;0
51;9;56945;0
51;9;56946;0
51;9;56947;0
51;9;56948;0
51;9;56949;0
51;9;56950;0
51;9;56951;0
51;9;56952;0
51;9;56953;0
51;9;56954;0
51;9;56955;0
51;9;56956;0
51;9;56957;0
51;9;56958;0
51;9;56959;0
51;9;56960;0
51;9;56961;0
51;9;56962;0
51;9;56963;0
51;9;56964;0
51;9;56965;0
51;9;56966;0
51;9;56967;0
51;9;56968;0
51;9;56969;0
51;9;56970;0
51;9;56971;0
51;9;56972;0
51;9;56973;0
51;9;56974;0
51;9;56975;0
51;9;56976;0
51;9;56977;0
51;9;56978;0
51;9;56979;0
51;9;56980;0
51;9;56981;0
51;9;56982;0
51;9;56983;0
51;9;56984;0
51;9;56985;0
51;9;56986;0
51;9;56987;0
51;9;56988;0
51;9;56989;0
51;9;56990;0
51;9;56991;0
51;9;56992;0
51;9;56993;0
51;9;56994;0
51;9;56995;0
51;9;56996;0
51;9;56997;0
51;9;56998;0
51;9;56999;0
51;9;57000;0
51;9;57001;0
51;9;57002;0
51;9;57003;0
51;9;57004;0
51;9;57005;0
51;9;57006;0
51;9;57007;0
51;9;57008;0
51;9;57009;0
51;9;57010;0
51;9;57011;0
51;9;57012;0
51;9;57013;0
51;9;57014;0
51;9;57015;0
51;9;57016;0
51;9;57017;0
51;9;57018;0
51;9;57019;0
51;9;57020;0
51;9;57021;0
51;9;57022;0
51;9;57023;0
51;9;57024;0
51;9;57025;0
51;9;57026;0
51;9;57027;0
51;9;57028;0
51;9;57029;0
51;9;57030;0
51;9;57031;0
51;9;57032;0
51;9;57033;0
51;9;57034;0
51;9;57035;0
51;9;57036;0
51;9;57037;0
51;9;57038;0
51;9;57039;0
51;9;57040;0
51;9;57041;0
51;9;57042;0
51;9;57043;0
51;9;57044;0
51;9;57045;0
51;9;57046;0
51;9;57047;0
51;9;57048;0
51;9;57049;0
51;9;57050;0
51;9;57051;0
51;9;57052;0
51;9;57053;0
51;9;57054;0
51;9;57055;0
51;9;57056;0
51;9;57057;0
51;9;57058;0
51;9;57059;0
51;9;57060;0
51;9;57061;0
51;9;57062;0
51;9;57063;0
51;9;57064;0
51;9;57065;0
51;9;57066;0
51;9;57067;0
51;9;57068;0
51;9;57069;0
51;9;57070;0
51;9;57071;0
51;9;57072;0
51;9;57073;0
51;9;57074;0
51;9;57075;0
51;9;57076;0
51;9;57077;0
51;9;57078;0
51;9;57079;0
51;9;57080;0
51;9;57081;0
51;9;57082;0
51;9;57083;0
51;9;57084;0
51;9;57085;0
51;9;57086;0
51;9;57087;0
51;9;57088;0
51;9;57089;0
51;9;57090;0
51;9;57091;0
51;9;57092;0
51;9;57093;0
51;9;57094;0
51;9;57095;0
51;9;57096;0
51;9;57097;0
51;9;57098;0
51;9;57099;0
51;9;57100;0
51;9;57101;0
51;9;57102;0
51;9;57103;0
51;9;57104;0
51;9;57105;0
51;9;57106;0
51;9;57107;0
51;9;57108;0
51;9;57109;0
51;9;57110;0
51;9;57111;0
51;9;57112;0
51;9;57113;0
51;9;57114;0
51;9;57115;0
51;9;57116;0
51;9;57117;0
51;9;57118;0
51;9;57119;0
51;9;57120;0
51;9;57121;0
51;9;57122;0
51;9;57123;0
51;9;57124;0
51;9;57125;0
51;9;57126;0
51;9;57127;0
51;9;57128;0
51;9;57129;0
51;9;57130;0
51;9;57131;0
51;9;57132;0
51;9;57133;0
51;9;57134;0
51;9;57135;0
51;9;57136;0
51;9;57137;0
51;9;57138;0
51;9;57139;0
51;9;57140;0
51;9;57141;0
51;9;57142;0
51;9;57143;0
51;9;57144;0
51;9;57145;0
51;9;57146;0
51;9;57147;0
51;9;57148;0
51;9;57149;0
51;9;57150;0
51;9;57151;0
51;9;57152;0
51;9;57153;0
51;9;57154;0
51;9;57155;0
51;9;57156;0
51;9;57157;0
51;9;57158;0
51;9;57159;0
51;9;57160;0
51;9;57161;0
51;9;57162;0
51;9;57163;0
51;9;57164;0
51;9;57165;0
51;9;57166;0
51;9;57167;0
51;9;57168;0
51;9;57169;0
51;9;57170;0
51;9;57171;0
51;9;57172;0
51;9;57173;0
51;9;57174;0
51;9;57175;0
51;9;57176;0
51;9;57177;0
51;9;57178;0
51;9;57179;0
51;9;57180;0
51;9;57181;0
51;9;57182;0
51;9;57183;0
51;9;57184;0
51;9;57185;0
51;9;57186;0
51;9;57187;0
51;9;57188;0
51;9;57189;0
51;9;57190;0
51;9;57191;0
51;9;57192;0
51;9;57193;0
51;9;57194;0
51;9;57195;0
51;9;57196;0
51;9;57197;0
51;9;57198;0
51;9;57199;0
51;9;57200;0
51;9;57201;0
51;9;57202;0
51;9;57203;0
51;9;57204;0
51;9;57205;0
51;9;57206;0
51;9;57207;0
51;9;57208;0
51;9;57209;0
51;9;57210;0
51;9;57211;0
51;9;57212;0
51;9;57213;0
51;9;57214;0
51;9;57215;0
51;9;57216;0
51;9;57217;0
51;9;57218;0
51;9;57219;0
51;9;57220;0
51;9;57221;0
51;9;57222;0
51;9;57223;0
51;9;57224;0
51;9;57225;0
51;9;57226;0
51;9;57227;0
51;9;57228;0
51;9;57229;0
51;9;57230;0
51;9;57231;0
51;9;57232;0
51;9;57233;0
51;9;57234;0
51;9;57235;0
51;9;57236;0
51;9;57237;0
51;9;57238;0
51;9;57239;0
51;9;57240;0
51;9;57241;0
51;9;57242;0
51;9;57243;0
51;9;57244;0
51;9;57245;0
51;9;57246;0
51;9;57247;0
51;9;57248;0
51;9;57249;0
51;9;57250;0
51;9;57251;0
51;9;57252;0
51;9;57253;0
51;9;57254;0
51;9;57255;0
51;9;57256;0
51;9;57257;0
51;9;57258;0
51;9;57259;0
51;9;57260;0
51;9;57261;0
51;9;57262;0
51;9;57263;0
51;9;57264;0
51;9;57265;0
51;9;57266;0
51;9;57267;0
51;9;57268;0
51;9;57269;0
51;9;57270;0
51;9;57271;0
51;9;57272;0
51;9;57273;0
51;9;57274;0
51;9;57275;0
51;9;57276;0
51;9;57277;0
51;9;57278;0
51;9;57279;0
51;9;57280;0
51;9;57281;0
51;9;57282;0
51;9;57283;0
51;9;57284;0
51;9;57285;0
51;9;57286;0
51;9;57287;0
51;9;57288;0
51;9;57289;0
51;9;57290;0
51;9;57291;0
51;9;57292;0
51;9;57293;0
51;9;57294;0
51;9;57295;0
51;9;57296;0
51;9;57297;0
51;9;57298;0
51;9;57299;0
51;9;57300;0
51;9;57301;0
51;9;57302;0
51;9;57303;0
51;9;57304;0
51;9;57305;0
51;9;57306;0
51;9;57307;0
51;9;57308;0
51;9;57309;0
51;9;57310;0
51;9;57311;0
51;9;57312;0
51;9;57313;0
51;9;57314;0
51;9;57315;0
51;9;57316;0
51;9;57317;0
51;9;57318;0
51;9;57319;0
51;9;57320;0
51;9;57321;0
51;9;57322;0
51;9;57323;0
51;9;57324;0
51;9;57325;0
51;9;57326;0
51;9;57327;0
51;9;57328;0
51;9;57329;0
51;9;57330;0
51;9;57331;0
51;9;57332;0
51;9;57333;0
51;9;57334;0
51;9;57335;0
51;9;57336;0
51;9;57337;0
51;9;57338;0
51;9;57339;0
51;9;57340;0
51;9;57341;0
51;9;57342;0
51;9;57343;0
51;9;57344;0
51;9;57345;0
51;9;57346;0
51;9;57347;0
51;9;57348;0
51;9;57349;0
51;9;57350;0
51;9;57351;0
51;9;57352;0
51;9;57353;0
51;9;57354;0
51;9;57355;0
51;9;57356;0
51;9;57357;0
51;9;57358;0
51;9;57359;0
51;9;57360;0
51;9;57361;0
51;9;57362;0
51;9;57363;0
51;9;57364;0
51;9;57365;0
51;9;57366;0
51;9;57367;0
51;9;57368;0
51;9;57369;0
51;9;57370;0
51;9;57371;0
51;9;57372;0
51;9;57373;0
51;9;57374;0
51;9;57375;0
51;9;57376;0
51;9;57377;0
51;9;57378;0
51;9;57379;0
51;9;57380;0
51;9;57381;0
51;9;57382;0
51;9;57383;0
51;9;57384;0
51;9;57385;0
51;9;57386;0
51;9;57387;0
51;9;57388;0
51;9;57389;0
51;9;57390;0
51;9;57391;0
51;9;57392;0
51;9;57393;0
51;9;57394;0
51;9;57395;0
51;9;57396;0
51;9;57397;0
51;9;57398;0
51;9;57399;0
51;9;57400;0
51;9;57401;0
51;9;57402;0
51;9;57403;0
51;9;57404;0
51;9;57405;0
51;9;57406;0
51;9;57407;0
51;9;57408;0
51;9;57409;0
51;9;57410;0
51;9;57411;0
51;9;57412;0
51;9;57413;0
51;9;57414;0
51;9;57415;0
51;9;57416;0
51;9;57417;0
51;9;57418;0
51;9;57419;0
51;9;57420;0
51;9;57421;0
51;9;57422;0
51;9;57423;0
51;9;57424;0
51;9;57425;0
51;9;57426;0
51;9;57427;0
51;9;57428;0
51;9;57429;0
51;9;57430;0
51;9;57431;0
51;9;57432;0
51;9;57433;0
51;9;57434;0
51;9;57435;0
51;9;57436;0
51;9;57437;0
51;9;57438;0
51;9;57439;0
51;9;57440;0
51;9;57441;0
51;9;57442;0
51;9;57443;0
51;9;57444;0
51;9;57445;0
51;9;57446;0
51;9;57447;0
51;9;57448;0
51;9;57449;0
51;9;57450;0
51;9;57451;0
51;9;57452;0
51;9;57453;0
51;9;57454;0
51;9;57455;0
51;9;57456;0
51;9;57457;0
51;9;57458;0
51;9;57459;0
51;9;57460;0
51;9;57461;0
51;9;57462;0
51;9;57463;0
51;9;57464;0
51;9;57465;0
51;9;57466;0
51;9;57467;0
51;9;57468;0
51;9;57469;0
51;9;57470;0
51;9;57471;0
51;9;57472;0
51;9;57473;0
51;9;57474;0
51;9;57475;0
51;9;57476;0
51;9;57477;0
51;9;57478;0
51;9;57479;0
51;9;57480;0
51;9;57481;0
51;9;57482;0
51;9;57483;0
51;9;57484;0
51;9;57485;0
51;9;57486;0
51;9;57487;0
51;9;57488;0
51;9;57489;0
51;9;57490;0
51;9;57491;0
51;9;57492;0
51;9;57493;0
51;9;57494;0
51;9;57495;0
51;9;57496;0
51;9;57497;0
51;9;57498;0
51;9;57499;0
51;9;57500;0
51;9;57501;0
51;9;57502;0
51;9;57503;0
51;9;57504;0
51;9;57505;0
51;9;57506;0
51;9;57507;0
51;9;57508;0
51;9;57509;0
51;9;57510;0
51;9;57511;0
51;9;57512;0
51;9;57513;0
51;9;57514;0
51;9;57515;0
51;9;57516;0
51;9;57517;0
51;9;57518;0
51;9;57519;0
51;9;57520;0
51;9;57521;0
51;9;57522;0
51;9;57523;0
51;9;57524;0
51;9;57525;0
51;9;57526;0
51;9;57527;0
51;9;57528;0
51;9;57529;0
51;9;57530;0
51;9;57531;0
51;9;57532;0
51;9;57533;0
51;9;57534;0
51;9;57535;0
51;9;57536;0
51;9;57537;0
51;9;57538;0
51;9;57539;0
51;9;57540;0
51;9;57541;0
51;9;57542;0
51;9;57543;0
51;9;57544;0
51;9;57545;0
51;9;57546;0
51;9;57547;0
51;9;57548;0
51;9;57549;0
51;9;57550;0
51;9;57551;0
51;9;57552;0
51;9;57553;0
51;9;57554;0
51;9;57555;0
51;9;57556;0
51;9;57557;0
51;9;57558;0
51;9;57559;0
51;9;57560;0
51;9;57561;0
51;9;57562;0
51;9;57563;0
51;9;57564;0
51;9;57565;0
51;9;57566;0
51;9;57567;0
51;9;57568;0
51;9;57569;0
51;9;57570;0
51;9;57571;0
51;9;57572;0
51;9;57573;0
51;9;57574;0
51;9;57575;0
51;9;57576;0
51;9;57577;0
51;9;57578;0
51;9;57579;0
51;9;57580;0
51;9;57581;0
51;9;57582;0
51;9;57583;0
51;9;57584;0
51;9;57585;0
51;9;57586;0
51;9;57587;0
51;9;57588;0
51;9;57589;0
51;9;57590;0
51;9;57591;0
51;9;57592;0
51;9;57593;0
51;9;57594;0
51;9;57595;0
51;9;57596;0
51;9;57597;0
51;9;57598;0
51;9;57599;0
51;9;57600;0
51;9;57601;0
51;9;57602;0
51;9;57603;0
51;9;57604;0
51;9;57605;0
51;9;57606;0
51;9;57607;0
51;9;57608;0
51;9;57609;0
51;9;57610;0
51;9;57611;0
51;9;57612;0
51;9;57613;0
51;9;57614;0
51;9;57615;0
51;9;57616;0
51;9;57617;0
51;9;57618;0
51;9;57619;0
51;9;57620;0
51;9;57621;0
51;9;57622;0
51;9;57623;0
51;9;57624;0
51;9;57625;0
51;9;57626;0
51;9;57627;0
51;9;57628;0
51;9;57629;0
51;9;57630;0
51;9;57631;0
51;9;57632;0
51;9;57633;0
51;9;57634;0
51;9;57635;0
51;9;57636;0
51;9;57637;0
51;9;57638;0
51;9;57639;0
51;9;57640;0
51;9;57641;0
51;9;57642;0
51;9;57643;0
51;9;57644;0
51;9;57645;0
51;9;57646;0
51;9;57647;0
51;9;57648;0
51;9;57649;0
51;9;57650;0
51;9;57651;0
51;9;57652;0
51;9;57653;0
51;9;57654;0
51;9;57655;0
51;9;57656;0
51;9;57657;0
51;9;57658;0
51;9;57659;0
51;9;57660;0
51;9;57661;0
51;9;57662;0
51;9;57663;0
51;9;57664;0
51;9;57665;0
51;9;57666;0
51;9;57667;0
51;9;57668;0
51;9;57669;0
51;9;57670;0
51;9;57671;0
51;9;57672;0
51;9;57673;0
51;9;57674;0
51;9;57675;0
51;9;57676;0
51;9;57677;0
51;9;57678;0
51;9;57679;0
51;9;57680;0
51;9;57681;0
51;9;57682;0
51;9;57683;0
51;9;57684;0
51;9;57685;0
51;9;57686;0
51;9;57687;0
51;9;57688;0
51;9;57689;0
51;9;57690;0
51;9;57691;0
51;9;57692;0
51;9;57693;0
51;9;57694;0
51;9;57695;0
51;9;57696;0
51;9;57697;0
51;9;57698;0
51;9;57699;0
51;9;57700;0
51;9;57701;0
51;9;57702;0
51;9;57703;0
51;9;57704;0
51;9;57705;0
51;9;57706;0
51;9;57707;0
51;9;57708;0
51;9;57709;0
51;9;57710;0
51;9;57711;0
51;9;57712;0
51;9;57713;0
51;9;57714;0
51;9;57715;0
51;9;57716;0
51;9;57717;0
51;9;57718;0
51;9;57719;0
51;9;57720;0
51;9;57721;0
51;9;57722;0
51;9;57723;0
51;9;57724;0
51;9;57725;0
51;9;57726;0
51;9;57727;0
51;9;57728;0
51;9;57729;0
51;9;57730;0
51;9;57731;0
51;9;57732;0
51;9;57733;0
51;9;57734;0
51;9;57735;0
51;9;57736;0
51;9;57737;0
51;9;57738;0
51;9;57739;0
51;9;57740;0
51;9;57741;0
51;9;57742;0
51;9;57743;0
51;9;57744;0
51;9;57745;0
51;9;57746;0
51;9;57747;0
51;9;57748;0
51;9;57749;0
51;9;57750;0
51;9;57751;0
51;9;57752;0
51;9;57753;0
51;9;57754;0
51;9;57755;0
51;9;57756;0
51;9;57757;0
51;9;57758;0
51;9;57759;0
51;9;57760;0
51;9;57761;0
51;9;57762;0
51;9;57763;0
51;9;57764;0
51;9;57765;0
51;9;57766;0
51;9;57767;0
51;9;57768;0
51;9;57769;0
51;9;57770;0
51;9;57771;0
51;9;57772;0
51;9;57773;0
51;9;57774;0
51;9;57775;0
51;9;57776;0
51;9;57777;0
51;9;57778;0
51;9;57779;0
51;9;57780;0
51;9;57781;0
51;9;57782;0
51;9;57783;0
51;9;57784;0
51;9;57785;0
51;9;57786;0
51;9;57787;0
51;9;57788;0
51;9;57789;0
51;9;57790;0
51;9;57791;0
51;9;57792;0
51;9;57793;0
51;9;57794;0
51;9;57795;0
51;9;57796;0
51;9;57797;0
51;9;57798;0
51;9;57799;0
51;9;57800;0
51;9;57801;0
51;9;57802;0
51;9;57803;0
51;9;57804;0
51;9;57805;0
51;9;57806;0
51;9;57807;0
51;9;57808;0
51;9;57809;0
51;9;57810;0
51;9;57811;0
51;9;57812;0
51;9;57813;0
51;9;57814;0
51;9;57815;0
51;9;57816;0
51;9;57817;0
51;9;57818;0
51;9;57819;0
51;9;57820;0
51;9;57821;0
51;9;57822;0
51;9;57823;0
51;9;57824;0
51;9;57825;0
51;9;57826;0
51;9;57827;0
51;9;57828;0
51;9;57829;0
51;9;57830;0
51;9;57831;0
51;9;57832;0
51;9;57833;0
51;9;57834;0
51;9;57835;0
51;9;57836;0
51;9;57837;0
51;9;57838;0
51;9;57839;0
51;9;57840;0
51;9;57841;0
51;9;57842;0
51;9;57843;0
51;9;57844;0
51;9;57845;0
51;9;57846;0
51;9;57847;0
51;9;57848;0
51;9;57849;0
51;9;57850;0
51;9;57851;0
51;9;57852;0
51;9;57853;0
51;9;57854;0
51;9;57855;0
51;9;57856;0
51;9;57857;0
51;9;57858;0
51;9;57859;0
51;9;57860;0
51;9;57861;0
51;9;57862;0
51;9;57863;0
51;9;57864;0
51;9;57865;0
51;9;57866;0
51;9;57867;0
51;9;57868;0
51;9;57869;0
51;9;57870;0
51;9;57871;0
51;9;57872;0
51;9;57873;0
51;9;57874;0
51;9;57875;0
51;9;57876;0
51;9;57877;0
51;9;57878;0
51;9;57879;0
51;9;57880;0
51;9;57881;0
51;9;57882;0
51;9;57883;0
51;9;57884;0
51;9;57885;0
51;9;57886;0
51;9;57887;0
51;9;57888;0
51;9;57889;0
51;9;57890;0
51;9;57891;0
51;9;57892;0
51;9;57893;0
51;9;57894;0
51;9;57895;0
51;9;57896;0
51;9;57897;0
51;9;57898;0
51;9;57899;0
51;9;57900;0
51;9;57901;0
51;9;57902;0
51;9;57903;0
51;9;57904;0
51;9;57905;0
51;9;57906;0
51;9;57907;0
51;9;57908;0
51;9;57909;0
51;9;57910;0
51;9;57911;0
51;9;57912;0
51;9;57913;0
51;9;57914;0
51;9;57915;0
51;9;57916;0
51;9;57917;0
51;9;57918;0
51;9;57919;0
51;9;57920;0
51;9;57921;0
51;9;57922;0
51;9;57923;0
51;9;57924;0
51;9;57925;0
51;9;57926;0
51;9;57927;0
51;9;57928;0
51;9;57929;0
51;9;57930;0
51;9;57931;0
51;9;57932;0
51;9;57933;0
51;9;57934;0
51;9;57935;0
51;9;57936;0
51;9;57937;0
51;9;57938;0
51;9;57939;0
51;9;57940;0
51;9;57941;0
51;9;57942;0
51;9;57943;0
51;9;57944;0
51;9;57945;0
51;9;57946;0
51;9;57947;0
51;9;57948;0
51;9;57949;0
51;9;57950;0
51;9;57951;0
51;9;57952;0
51;9;57953;0
51;9;57954;0
51;9;57955;0
51;9;57956;0
51;9;57957;0
51;9;57958;0
51;9;57959;0
51;9;57960;0
51;9;57961;0
51;9;57962;0
51;9;57963;0
51;9;57964;0
51;9;57965;0
51;9;57966;0
51;9;57967;0
51;9;57968;0
51;9;57969;0
51;9;57970;0
51;9;57971;0
51;9;57972;0
51;9;57973;0
51;9;57974;0
51;9;57975;0
51;9;57976;0
51;9;57977;0
51;9;57978;0
51;9;57979;0
51;9;57980;0
51;9;57981;0
51;9;57982;0
51;9;57983;0
51;9;57984;0
51;9;57985;0
51;9;57986;0
51;9;57987;0
51;9;57988;0
51;9;57989;0
51;9;57990;0
51;9;57991;0
51;9;57992;0
51;9;57993;0
51;9;57994;0
51;9;57995;0
51;9;57996;0
51;9;57997;0
51;9;57998;0
51;9;57999;0
51;9;58000;0
51;9;58001;0
51;9;58002;0
51;9;58003;0
51;9;58004;0
51;9;58005;0
51;9;58006;0
51;9;58007;0
51;9;58008;0
51;9;58009;0
51;9;58010;0
51;9;58011;0
51;9;58012;0
51;9;58013;0
51;9;58014;0
51;9;58015;0
51;9;58016;0
51;9;58017;0
51;9;58018;0
51;9;58019;0
51;9;58020;0
51;9;58021;0
51;9;58022;0
51;9;58023;0
51;9;58024;0
51;9;58025;0
51;9;58026;0
51;9;58027;0
51;9;58028;0
51;9;58029;0
51;9;58030;0
51;9;58031;0
51;9;58032;0
51;9;58033;0
51;9;58034;0
51;9;58035;0
51;9;58036;0
51;9;58037;0
51;9;58038;0
51;9;58039;0
51;9;58040;0
51;9;58041;0
51;9;58042;0
51;9;58043;0
51;9;58044;0
51;9;58045;0
51;9;58046;0
51;9;58047;0
51;9;58048;0
51;9;58049;0
51;9;58050;0
51;9;58051;0
51;9;58052;0
51;9;58053;0
51;9;58054;0
51;9;58055;0
51;9;58056;0
51;9;58057;0
51;9;58058;0
51;9;58059;0
51;9;58060;0
51;9;58061;0
51;9;58062;0
51;9;58063;0
51;9;58064;0
51;9;58065;0
51;9;58066;0
51;9;58067;0
51;9;58068;0
51;9;58069;0
51;9;58070;0
51;9;58071;0
51;9;58072;0
51;9;58073;0
51;9;58074;0
51;9;58075;0
51;9;58076;0
51;9;58077;0
51;9;58078;0
51;9;58079;0
51;9;58080;0
51;9;58081;0
51;9;58082;0
51;9;58083;0
51;9;58084;0
51;9;58085;0
51;9;58086;0
51;9;58087;0
51;9;58088;0
51;9;58089;0
51;9;58090;0
51;9;58091;0
51;9;58092;0
51;9;58093;0
51;9;58094;0
51;9;58095;0
51;9;58096;0
51;9;58097;0
51;9;58098;0
51;9;58099;0
51;9;58100;0
51;9;58101;0
51;9;58102;0
51;9;58103;0
51;9;58104;0
51;9;58105;0
51;9;58106;0
51;9;58107;0
51;9;58108;0
51;9;58109;0
51;9;58110;0
51;9;58111;0
51;9;58112;0
51;9;58113;0
51;9;58114;0
51;9;58115;0
51;9;58116;0
51;9;58117;0
51;9;58118;0
51;9;58119;0
51;9;58120;0
51;9;58121;0
51;9;58122;0
51;9;58123;0
51;9;58124;0
51;9;58125;0
51;9;58126;0
51;9;58127;0
51;9;58128;0
51;9;58129;0
51;9;58130;0
51;9;58131;0
51;9;58132;0
51;9;58133;0
51;9;58134;0
51;9;58135;0
51;9;58136;0
51;9;58137;0
51;9;58138;0
51;9;58139;0
51;9;58140;0
51;9;58141;0
51;9;58142;0
51;9;58143;0
51;9;58144;0
51;9;58145;0
51;9;58146;0
51;9;58147;0
51;9;58148;0
51;9;58149;0
51;9;58150;0
51;9;58151;0
51;9;58152;0
51;9;58153;0
51;9;58154;0
51;9;58155;0
51;9;58156;0
51;9;58157;0
51;9;58158;0
51;9;58159;0
51;9;58160;0
51;9;58161;0
51;9;58162;0
51;9;58163;0
51;9;58164;0
51;9;58165;0
51;9;58166;0
51;9;58167;0
51;9;58168;0
51;9;58169;0
51;9;58170;0
51;9;58171;0
51;9;58172;0
51;9;58173;0
51;9;58174;0
51;9;58175;0
51;9;58176;0
51;9;58177;0
51;9;58178;0
51;9;58179;0
51;9;58180;0
51;9;58181;0
51;9;58182;0
51;9;58183;0
51;9;58184;0
51;9;58185;0
51;9;58186;0
51;9;58187;0
51;9;58188;0
51;9;58189;0
51;9;58190;0
51;9;58191;0
51;9;58192;0
51;9;58193;0
51;9;58194;0
51;9;58195;0
51;9;58196;0
51;9;58197;0
51;9;58198;0
51;9;58199;0
51;9;58200;0
51;9;58201;0
51;9;58202;0
51;9;58203;0
51;9;58204;0
51;9;58205;0
51;9;58206;0
51;9;58207;0
51;9;58208;0
51;9;58209;0
51;9;58210;0
51;9;58211;0
51;9;58212;0
51;9;58213;0
51;9;58214;0
51;9;58215;0
51;9;58216;0
51;9;58217;0
51;9;58218;0
51;9;58219;0
51;9;58220;0
51;9;58221;0
51;9;58222;0
51;9;58223;0
51;9;58224;0
51;9;58225;0
51;9;58226;0
51;9;58227;0
51;9;58228;0
51;9;58229;0
51;9;58230;0
51;9;58231;0
51;9;58232;0
51;9;58233;0
51;9;58234;0
51;9;58235;0
51;9;58236;0
51;9;58237;0
51;9;58238;0
51;9;58239;0
51;9;58240;0
51;9;58241;0
51;9;58242;0
51;9;58243;0
51;9;58244;0
51;9;58245;0
51;9;58246;0
51;9;58247;0
51;9;58248;0
51;9;58249;0
51;9;58250;0
51;9;58251;0
51;9;58252;0
51;9;58253;0
51;9;58254;0
51;9;58255;0
51;9;58256;0
51;9;58257;0
51;9;58258;0
51;9;58259;0
51;9;58260;0
51;9;58261;0
51;9;58262;0
51;9;58263;0
51;9;58264;0
51;9;58265;0
51;9;58266;0
51;9;58267;0
51;9;58268;0
51;9;58269;0
51;9;58270;0
51;9;58271;0
51;9;58272;0
51;9;58273;0
51;9;58274;0
51;9;58275;0
51;9;58276;0
51;9;58277;0
51;9;58278;0
51;9;58279;0
51;9;58280;0
51;9;58281;0
51;9;58282;0
51;9;58283;0
51;9;58284;0
51;9;58285;0
51;9;58286;0
51;9;58287;0
51;9;58288;0
51;9;58289;0
51;9;58290;0
51;9;58291;0
51;9;58292;0
51;9;58293;0
51;9;58294;0
51;9;58295;0
51;9;58296;0
51;9;58297;0
51;9;58298;0
51;9;58299;0
51;9;58300;0
51;9;58301;0
51;9;58302;0
51;9;58303;0
51;9;58304;0
51;9;58305;0
51;9;58306;0
51;9;58307;0
51;9;58308;0
51;9;58309;0
51;9;58310;0
51;9;58311;0
51;9;58312;0
51;9;58313;0
51;9;58314;0
51;9;58315;0
51;9;58316;0
51;9;58317;0
51;9;58318;0
51;9;58319;0
51;9;58320;0
51;9;58321;0
51;9;58322;0
51;9;58323;0
51;9;58324;0
51;9;58325;0
51;9;58326;0
51;9;58327;0
51;9;58328;0
51;9;58329;0
51;9;58330;0
51;9;58331;0
51;9;58332;0
51;9;58333;0
51;9;58334;0
51;9;58335;0
51;9;58336;0
51;9;58337;0
51;9;58338;0
51;9;58339;0
51;9;58340;0
51;9;58341;0
51;9;58342;0
51;9;58343;0
51;9;58344;0
51;9;58345;0
51;9;58346;0
51;9;58347;0
51;9;58348;0
51;9;58349;0
51;9;58350;0
51;9;58351;0
51;9;58352;0
51;9;58353;0
51;9;58354;0
51;9;58355;0
51;9;58356;0
51;9;58357;0
51;9;58358;0
51;9;58359;0
51;9;58360;0
51;9;58361;0
51;9;58362;0
51;9;58363;0
51;9;58364;0
51;9;58365;0
51;9;58366;0
51;9;58367;0
51;9;58368;0
51;9;58369;0
51;9;58370;0
51;9;58371;0
51;9;58372;0
51;9;58373;0
51;9;58374;0
51;9;58375;0
51;9;58376;0
51;9;58377;0
51;9;58378;0
51;9;58379;0
51;9;58380;0
51;9;58381;0
51;9;58382;0
51;9;58383;0
51;9;58384;0
51;9;58385;0
51;9;58386;0
51;9;58387;0
51;9;58388;0
51;9;58389;0
51;9;58390;0
51;9;58391;0
51;9;58392;0
51;9;58393;0
51;9;58394;0
51;9;58395;0
51;9;58396;0
51;9;58397;0
51;9;58398;0
51;9;58399;0
51;9;58400;0
51;9;58401;0
51;9;58402;0
51;9;58403;0
51;9;58404;0
51;9;58405;0
51;9;58406;0
51;9;58407;0
51;9;58408;0
51;9;58409;0
51;9;58410;0
51;9;58411;0
51;9;58412;0
51;9;58413;0
51;9;58414;0
51;9;58415;0
51;9;58416;0
51;9;58417;0
51;9;58418;0
51;9;58419;0
51;9;58420;0
51;9;58421;0
51;9;58422;0
51;9;58423;0
51;9;58424;0
51;9;58425;0
51;9;58426;0
51;9;58427;0
51;9;58428;0
51;9;58429;0
51;9;58430;0
51;9;58431;0
51;9;58432;0
51;9;58433;0
51;9;58434;0
51;9;58435;0
51;9;58436;0
51;9;58437;0
51;9;58438;0
51;9;58439;0
51;9;58440;0
51;9;58441;0
51;9;58442;0
51;9;58443;0
51;9;58444;0
51;9;58445;0
51;9;58446;0
51;9;58447;0
51;9;58448;0
51;9;58449;0
51;9;58450;0
51;9;58451;0
51;9;58452;0
51;9;58453;0
51;9;58454;0
51;9;58455;0
51;9;58456;0
51;9;58457;0
51;9;58458;0
51;9;58459;0
51;9;58460;0
51;9;58461;0
51;9;58462;0
51;9;58463;0
51;9;58464;0
51;9;58465;0
51;9;58466;0
51;9;58467;0
51;9;58468;0
51;9;58469;0
51;9;58470;0
51;9;58471;0
51;9;58472;0
51;9;58473;0
51;9;58474;0
51;9;58475;0
51;9;58476;0
51;9;58477;0
51;9;58478;0
51;9;58479;0
51;9;58480;0
51;9;58481;0
51;9;58482;0
51;9;58483;0
51;9;58484;0
51;9;58485;0
51;9;58486;0
51;9;58487;0
51;9;58488;0
51;9;58489;0
51;9;58490;0
51;9;58491;0
51;9;58492;0
51;9;58493;0
51;9;58494;0
51;9;58495;0
51;9;58496;0
51;9;58497;0
51;9;58498;0
51;9;58499;0
51;9;58500;0
51;9;58501;0
51;9;58502;0
51;9;58503;0
51;9;58504;0
51;9;58505;0
51;9;58506;0
51;9;58507;0
51;9;58508;0
51;9;58509;0
51;9;58510;0
51;9;58511;0
51;9;58512;0
51;9;58513;0
51;9;58514;0
51;9;58515;0
51;9;58516;0
51;9;58517;0
51;9;58518;0
51;9;58519;0
51;9;58520;0
51;9;58521;0
51;9;58522;0
51;9;58523;0
51;9;58524;0
51;9;58525;0
51;9;58526;0
51;9;58527;0
51;9;58528;0
51;9;58529;0
51;9;58530;0
51;9;58531;0
51;9;58532;0
51;9;58533;0
51;9;58534;0
51;9;58535;0
51;9;58536;0
51;9;58537;0
51;9;58538;0
51;9;58539;0
51;9;58540;0
51;9;58541;0
51;9;58542;0
51;9;58543;0
51;9;58544;0
51;9;58545;0
51;9;58546;0
51;9;58547;0
51;9;58548;0
51;9;58549;0
51;9;58550;0
51;9;58551;0
51;9;58552;0
51;9;58553;0
51;9;58554;0
51;9;58555;0
51;9;58556;0
51;9;58557;0
51;9;58558;0
51;9;58559;0
51;9;58560;0
51;9;58561;0
51;9;58562;0
51;9;58563;0
51;9;58564;0
51;9;58565;0
51;9;58566;0
51;9;58567;0
51;9;58568;0
51;9;58569;0
51;9;58570;0
51;9;58571;0
51;9;58572;0
51;9;58573;0
51;9;58574;0
51;9;58575;0
51;9;58576;0
51;9;58577;0
51;9;58578;0
51;9;58579;0
51;9;58580;0
51;9;58581;0
51;9;58582;0
51;9;58583;0
51;9;58584;0
51;9;58585;0
51;9;58586;0
51;9;58587;0
51;9;58588;0
51;9;58589;0
51;9;58590;0
51;9;58591;0
51;9;58592;0
51;9;58593;0
51;9;58594;0
51;9;58595;0
51;9;58596;0
51;9;58597;0
51;9;58598;0
51;9;58599;0
51;9;58600;0
51;9;58601;0
51;9;58602;0
51;9;58603;0
51;9;58604;0
51;9;58605;0
51;9;58606;0
51;9;58607;0
51;9;58608;0
51;9;58609;0
51;9;58610;0
51;9;58611;0
51;9;58612;0
51;9;58613;0
51;9;58614;0
51;9;58615;0
51;9;58616;0
51;9;58617;0
51;9;58618;0
51;9;58619;0
51;9;58620;0
51;9;58621;0
51;9;58622;0
51;9;58623;0
51;9;58624;0
51;9;58625;0
51;9;58626;0
51;9;58627;0
51;9;58628;0
51;9;58629;0
51;9;58630;0
51;9;58631;0
51;9;58632;0
51;9;58633;0
51;9;58634;0
51;9;58635;0
51;9;58636;0
51;9;58637;0
51;9;58638;0
51;9;58639;0
51;9;58640;0
51;9;58641;0
51;9;58642;0
51;9;58643;0
51;9;58644;0
51;9;58645;0
51;9;58646;0
51;9;58647;0
51;9;58648;0
51;9;58649;0
51;9;58650;0
51;9;58651;0
51;9;58652;0
51;9;58653;0
51;9;58654;0
51;9;58655;0
51;9;58656;0
51;9;58657;0
51;9;58658;0
51;9;58659;0
51;9;58660;0
51;9;58661;0
51;9;58662;0
51;9;58663;0
51;9;58664;0
51;9;58665;0
51;9;58666;0
51;9;58667;0
51;9;58668;0
51;9;58669;0
51;9;58670;0
51;9;58671;0
51;9;58672;0
51;9;58673;0
51;9;58674;0
51;9;58675;0
51;9;58676;0
51;9;58677;0
51;9;58678;0
51;9;58679;0
51;9;58680;0
51;9;58681;0
51;9;58682;0
51;9;58683;0
51;9;58684;0
51;9;58685;0
51;9;58686;0
51;9;58687;0
51;9;58688;0
51;9;58689;0
51;9;58690;0
51;9;58691;0
51;9;58692;0
51;9;58693;0
51;9;58694;0
51;9;58695;0
51;9;58696;0
51;9;58697;0
51;9;58698;0
51;9;58699;0
51;9;58700;0
51;9;58701;0
51;9;58702;0
51;9;58703;0
51;9;58704;0
51;9;58705;0
51;9;58706;0
51;9;58707;0
51;9;58708;0
51;9;58709;0
51;9;58710;0
51;9;58711;0
51;9;58712;0
51;9;58713;0
51;9;58714;0
51;9;58715;0
51;9;58716;0
51;9;58717;0
51;9;58718;0
51;9;58719;0
51;9;58720;0
51;9;58721;0
51;9;58722;0
51;9;58723;0
51;9;58724;0
51;9;58725;0
51;9;58726;0
51;9;58727;0
51;9;58728;0
51;9;58729;0
51;9;58730;0
51;9;58731;0
51;9;58732;0
51;9;58733;0
51;9;58734;0
51;9;58735;0
51;9;58736;0
51;9;58737;0
51;9;58738;0
51;9;58739;0
51;9;58740;0
51;9;58741;0
51;9;58742;0
51;9;58743;0
51;9;58744;0
51;9;58745;0
51;9;58746;0
51;9;58747;0
51;9;58748;0
51;9;58749;0
51;9;58750;0
51;9;58751;0
51;9;58752;0
51;9;58753;0
51;9;58754;0
51;9;58755;0
51;9;58756;0
51;9;58757;0
51;9;58758;0
51;9;58759;0
51;9;58760;0
51;9;58761;0
51;9;58762;0
51;9;58763;0
51;9;58764;0
51;9;58765;0
51;9;58766;0
51;9;58767;0
51;9;58768;0
51;9;58769;0
51;9;58770;0
51;9;58771;0
51;9;58772;0
51;9;58773;0
51;9;58774;0
51;9;58775;0
51;9;58776;0
51;9;58777;0
51;9;58778;0
51;9;58779;0
51;9;58780;0
51;9;58781;0
51;9;58782;0
51;9;58783;0
51;9;58784;0
51;9;58785;0
51;9;58786;0
51;9;58787;0
51;9;58788;0
51;9;58789;0
51;9;58790;0
51;9;58791;0
51;9;58792;0
51;9;58793;0
51;9;58794;0
51;9;58795;0
51;9;58796;0
51;9;58797;0
51;9;58798;0
51;9;58799;0
51;9;58800;0
51;9;58801;0
51;9;58802;0
51;9;58803;0
51;9;58804;0
51;9;58805;0
51;9;58806;0
51;9;58807;0
51;9;58808;0
51;9;58809;0
51;9;58810;0
51;9;58811;0
51;9;58812;0
51;9;58813;0
51;9;58814;0
51;9;58815;0
51;9;58816;0
51;9;58817;0
51;9;58818;0
51;9;58819;0
51;9;58820;0
51;9;58821;0
51;9;58822;0
51;9;58823;0
51;9;58824;0
51;9;58825;0
51;9;58826;0
51;9;58827;0
51;9;58828;0
51;9;58829;0
51;9;58830;0
51;9;58831;0
51;9;58832;0
51;9;58833;0
51;9;58834;0
51;9;58835;0
51;9;58836;0
51;9;58837;0
51;9;58838;0
51;9;58839;0
51;9;58840;0
51;9;58841;0
51;9;58842;0
51;9;58843;0
51;9;58844;0
51;9;58845;0
51;9;58846;0
51;9;58847;0
51;9;58848;0
51;9;58849;0
51;9;58850;0
51;9;58851;0
51;9;58852;0
51;9;58853;0
51;9;58854;0
51;9;58855;0
51;9;58856;0
51;9;58857;0
51;9;58858;0
51;9;58859;0
51;9;58860;0
51;9;58861;0
51;9;58862;0
51;9;58863;0
51;9;58864;0
51;9;58865;0
51;9;58866;0
51;9;58867;0
51;9;58868;0
51;9;58869;0
51;9;58870;0
51;9;58871;0
51;9;58872;0
51;9;58873;0
51;9;58874;0
51;9;58875;0
51;9;58876;0
51;9;58877;0
51;9;58878;0
51;9;58879;0
51;9;58880;0
51;9;58881;0
51;9;58882;0
51;9;58883;0
51;9;58884;0
51;9;58885;0
51;9;58886;0
51;9;58887;0
51;9;58888;0
51;9;58889;0
51;9;58890;0
51;9;58891;0
51;9;58892;0
51;9;58893;0
51;9;58894;0
51;9;58895;0
51;9;58896;0
51;9;58897;0
51;9;58898;0
51;9;58899;0
51;9;58900;0
51;9;58901;0
51;9;58902;0
51;9;58903;0
51;9;58904;0
51;9;58905;0
51;9;58906;0
51;9;58907;0
51;9;58908;0
51;9;58909;0
51;9;58910;0
51;9;58911;0
51;9;58912;0
51;9;58913;0
51;9;58914;0
51;9;58915;0
51;9;58916;0
51;9;58917;0
51;9;58918;0
51;9;58919;0
51;9;58920;0
51;9;58921;0
51;9;58922;0
51;9;58923;0
51;9;58924;0
51;9;58925;0
51;9;58926;0
51;9;58927;0
51;9;58928;0
51;9;58929;0
51;9;58930;0
51;9;58931;0
51;9;58932;0
51;9;58933;0
51;9;58934;0
51;9;58935;0
51;9;58936;0
51;9;58937;0
51;9;58938;0
51;9;58939;0
51;9;58940;0
51;9;58941;0
51;9;58942;0
51;9;58943;0
51;9;58944;0
51;9;58945;0
51;9;58946;0
51;9;58947;0
51;9;58948;0
51;9;58949;0
51;9;58950;0
51;9;58951;0
51;9;58952;0
51;9;58953;0
51;9;58954;0
51;9;58955;0
51;9;58956;0
51;9;58957;0
51;9;58958;0
51;9;58959;0
51;9;58960;0
51;9;58961;0
51;9;58962;0
51;9;58963;0
51;9;58964;0
51;9;58965;0
51;9;58966;0
51;9;58967;0
51;9;58968;0
51;9;58969;0
51;9;58970;0
51;9;58971;0
51;9;58972;0
51;9;58973;0
51;9;58974;0
51;9;58975;0
51;9;58976;0
51;9;58977;0
51;9;58978;0
51;9;58979;0
51;9;58980;0
51;9;58981;0
51;9;58982;0
51;9;58983;0
51;9;58984;0
51;9;58985;0
51;9;58986;0
51;9;58987;0
51;9;58988;0
51;9;58989;0
51;9;58990;0
51;9;58991;0
51;9;58992;0
51;9;58993;0
51;9;58994;0
51;9;58995;0
51;9;58996;0
51;9;58997;0
51;9;58998;0
51;9;58999;0
51;9;59000;0
51;9;59001;0
51;9;59002;0
51;9;59003;0
51;9;59004;0
51;9;59005;0
51;9;59006;0
51;9;59007;0
51;9;59008;0
51;9;59009;0
51;9;59010;0
51;9;59011;0
51;9;59012;0
51;9;59013;0
51;9;59014;0
51;9;59015;0
51;9;59016;0
51;9;59017;0
51;9;59018;0
51;9;59019;0
51;9;59020;0
51;9;59021;0
51;9;59022;0
51;9;59023;0
51;9;59024;0
51;9;59025;0
51;9;59026;0
51;9;59027;0
51;9;59028;0
51;9;59029;0
51;9;59030;0
51;9;59031;0
51;9;59032;0
51;9;59033;0
51;9;59034;0
51;9;59035;0
51;9;59036;0
51;9;59037;0
51;9;59038;0
51;9;59039;0
51;9;59040;0
51;9;59041;0
51;9;59042;0
51;9;59043;0
51;9;59044;0
51;9;59045;0
51;9;59046;0
51;9;59047;0
51;9;59048;0
51;9;59049;0
51;9;59050;0
51;9;59051;0
51;9;59052;0
51;9;59053;0
51;9;59054;0
51;9;59055;0
51;9;59056;0
51;9;59057;0
51;9;59058;0
51;9;59059;0
51;9;59060;0
51;9;59061;0
51;9;59062;0
51;9;59063;0
51;9;59064;0
51;9;59065;0
51;9;59066;0
51;9;59067;0
51;9;59068;0
51;9;59069;0
51;9;59070;0
51;9;59071;0
51;9;59072;0
51;9;59073;0
51;9;59074;0
51;9;59075;0
51;9;59076;0
51;9;59077;0
51;9;59078;0
51;9;59079;0
51;9;59080;0
51;9;59081;0
51;9;59082;0
51;9;59083;0
51;9;59084;0
51;9;59085;0
51;9;59086;0
51;9;59087;0
51;9;59088;0
51;9;59089;0
51;9;59090;0
51;9;59091;0
51;9;59092;0
51;9;59093;0
51;9;59094;0
51;9;59095;0
51;9;59096;0
51;9;59097;0
51;9;59098;0
51;9;59099;0
51;9;59100;0
51;9;59101;0
51;9;59102;0
51;9;59103;0
51;9;59104;0
51;9;59105;0
51;9;59106;0
51;9;59107;0
51;9;59108;0
51;9;59109;0
51;9;59110;0
51;9;59111;0
51;9;59112;0
51;9;59113;0
51;9;59114;0
51;9;59115;0
51;9;59116;0
51;9;59117;0
51;9;59118;0
51;9;59119;0
51;9;59120;0
51;9;59121;0
51;9;59122;0
51;9;59123;0
51;9;59124;0
51;9;59125;0
51;9;59126;0
51;9;59127;0
51;9;59128;0
51;9;59129;0
51;9;59130;0
51;9;59131;0
51;9;59132;0
51;9;59133;0
51;9;59134;0
51;9;59135;0
51;9;59136;0
51;9;59137;0
51;9;59138;0
51;9;59139;0
51;9;59140;0
51;9;59141;0
51;9;59142;0
51;9;59143;0
51;9;59144;0
51;9;59145;0
51;9;59146;0
51;9;59147;0
51;9;59148;0
51;9;59149;0
51;9;59150;0
51;9;59151;0
51;9;59152;0
51;9;59153;0
51;9;59154;0
51;9;59155;0
51;9;59156;0
51;9;59157;0
51;9;59158;0
51;9;59159;0
51;9;59160;0
51;9;59161;0
51;9;59162;0
51;9;59163;0
51;9;59164;0
51;9;59165;0
51;9;59166;0
51;9;59167;0
51;9;59168;0
51;9;59169;0
51;9;59170;0
51;9;59171;0
51;9;59172;0
51;9;59173;0
51;9;59174;0
51;9;59175;0
51;9;59176;0
51;9;59177;0
51;9;59178;0
51;9;59179;0
51;9;59180;0
51;9;59181;0
51;9;59182;0
51;9;59183;0
51;9;59184;0
51;9;59185;0
51;9;59186;0
51;9;59187;0
51;9;59188;0
51;9;59189;0
51;9;59190;0
51;9;59191;0
51;9;59192;0
51;9;59193;0
51;9;59194;0
51;9;59195;0
51;9;59196;0
51;9;59197;0
51;9;59198;0
51;9;59199;0
51;9;59200;0
51;9;59201;0
51;9;59202;0
51;9;59203;0
51;9;59204;0
51;9;59205;0
51;9;59206;0
51;9;59207;0
51;9;59208;0
51;9;59209;0
51;9;59210;0
51;9;59211;0
51;9;59212;0
51;9;59213;0
51;9;59214;0
51;9;59215;0
51;9;59216;0
51;9;59217;0
51;9;59218;0
51;9;59219;0
51;9;59220;0
51;9;59221;0
51;9;59222;0
51;9;59223;0
51;9;59224;0
51;9;59225;0
51;9;59226;0
51;9;59227;0
51;9;59228;0
51;9;59229;0
51;9;59230;0
51;9;59231;0
51;9;59232;0
51;9;59233;0
51;9;59234;0
51;9;59235;0
51;9;59236;0
51;9;59237;0
51;9;59238;0
51;9;59239;0
51;9;59240;0
51;9;59241;0
51;9;59242;0
51;9;59243;0
51;9;59244;0
51;9;59245;0
51;9;59246;0
51;9;59247;0
51;9;59248;0
51;9;59249;0
51;9;59250;0
51;9;59251;0
51;9;59252;0
51;9;59253;0
51;9;59254;0
51;9;59255;0
51;9;59256;0
51;9;59257;0
51;9;59258;0
51;9;59259;0
51;9;59260;0
51;9;59261;0
51;9;59262;0
51;9;59263;0
51;9;59264;0
51;9;59265;0
51;9;59266;0
51;9;59267;0
51;9;59268;0
51;9;59269;0
51;9;59270;0
51;9;59271;0
51;9;59272;0
51;9;59273;0
51;9;59274;0
51;9;59275;0
51;9;59276;0
51;9;59277;0
51;9;59278;0
51;9;59279;0
51;9;59280;0
51;9;59281;0
51;9;59282;0
51;9;59283;0
51;9;59284;0
51;9;59285;0
51;9;59286;0
51;9;59287;0
51;9;59288;0
51;9;59289;0
51;9;59290;0
51;9;59291;0
51;9;59292;0
51;9;59293;0
51;9;59294;0
51;9;59295;0
51;9;59296;0
51;9;59297;0
51;9;59298;0
51;9;59299;0
51;9;59300;0
51;9;59301;0
51;9;59302;0
51;9;59303;0
51;9;59304;0
51;9;59305;0
51;9;59306;0
51;9;59307;0
51;9;59308;0
51;9;59309;0
51;9;59310;0
51;9;59311;0
51;9;59312;0
51;9;59313;0
51;9;59314;0
51;9;59315;0
51;9;59316;0
51;9;59317;0
51;9;59318;0
51;9;59319;0
51;9;59320;0
51;9;59321;0
51;9;59322;0
51;9;59323;0
51;9;59324;0
51;9;59325;0
51;9;59326;0
51;9;59327;0
51;9;59328;0
51;9;59329;0
51;9;59330;0
51;9;59331;0
51;9;59332;0
51;9;59333;0
51;9;59334;0
51;9;59335;0
51;9;59336;0
51;9;59337;0
51;9;59338;0
51;9;59339;0
51;9;59340;0
51;9;59341;0
51;9;59342;0
51;9;59343;0
51;9;59344;0
51;9;59345;0
51;9;59346;0
51;9;59347;0
51;9;59348;0
51;9;59349;0
51;9;59350;0
51;9;59351;0
51;9;59352;0
51;9;59353;0
51;9;59354;0
51;9;59355;0
51;9;59356;0
51;9;59357;0
51;9;59358;0
51;9;59359;0
51;9;59360;0
51;9;59361;0
51;9;59362;0
51;9;59363;0
51;9;59364;0
51;9;59365;0
51;9;59366;0
51;9;59367;0
51;9;59368;0
51;9;59369;0
51;9;59370;0
51;9;59371;0
51;9;59372;0
51;9;59373;0
51;9;59374;0
51;9;59375;0
51;9;59376;0
51;9;59377;0
51;9;59378;0
51;9;59379;0
51;9;59380;0
51;9;59381;0
51;9;59382;0
51;9;59383;0
51;9;59384;0
51;9;59385;0
51;9;59386;0
51;9;59387;0
51;9;59388;0
51;9;59389;0
51;9;59390;0
51;9;59391;0
51;9;59392;0
51;9;59393;0
51;9;59394;0
51;9;59395;0
51;9;59396;0
51;9;59397;0
51;9;59398;0
51;9;59399;0
51;9;59400;0
51;9;59401;0
51;9;59402;0
51;9;59403;0
51;9;59404;0
51;9;59405;0
51;9;59406;0
51;9;59407;0
51;9;59408;0
51;9;59409;0
51;9;59410;0
51;9;59411;0
51;9;59412;0
51;9;59413;0
51;9;59414;0
51;9;59415;0
51;9;59416;0
51;9;59417;0
51;9;59418;0
51;9;59419;0
51;9;59420;0
51;9;59421;0
51;9;59422;0
51;9;59423;0
51;9;59424;0
51;9;59425;0
51;9;59426;0
51;9;59427;0
51;9;59428;0
51;9;59429;0
51;9;59430;0
51;9;59431;0
51;9;59432;0
51;9;59433;0
51;9;59434;0
51;9;59435;0
51;9;59436;0
51;9;59437;0
51;9;59438;0
51;9;59439;0
51;9;59440;0
51;9;59441;0
51;9;59442;0
51;9;59443;0
51;9;59444;0
51;9;59445;0
51;9;59446;0
51;9;59447;0
51;9;59448;0
51;9;59449;0
51;9;59450;0
51;9;59451;0
51;9;59452;0
51;9;59453;0
51;9;59454;0
51;9;59455;0
51;9;59456;0
51;9;59457;0
51;9;59458;0
51;9;59459;0
51;9;59460;0
51;9;59461;0
51;9;59462;0
51;9;59463;0
51;9;59464;0
51;9;59465;0
51;9;59466;0
51;9;59467;0
51;9;59468;0
51;9;59469;0
51;9;59470;0
51;9;59471;0
51;9;59472;0
51;9;59473;0
51;9;59474;0
51;9;59475;0
51;9;59476;0
51;9;59477;0
51;9;59478;0
51;9;59479;0
51;9;59480;0
51;9;59481;0
51;9;59482;0
51;9;59483;0
51;9;59484;0
51;9;59485;0
51;9;59486;0
51;9;59487;0
51;9;59488;0
51;9;59489;0
51;9;59490;0
51;9;59491;0
51;9;59492;0
51;9;59493;0
51;9;59494;0
51;9;59495;0
51;9;59496;0
51;9;59497;0
51;9;59498;0
51;9;59499;0
51;9;59500;0
51;9;59501;0
51;9;59502;0
51;9;59503;0
51;9;59504;0
51;9;59505;0
51;9;59506;0
51;9;59507;0
51;9;59508;0
51;9;59509;0
51;9;59510;0
51;9;59511;0
51;9;59512;0
51;9;59513;0
51;9;59514;0
51;9;59515;0
51;9;59516;0
51;9;59517;0
51;9;59518;0
51;9;59519;0
51;9;59520;0
51;9;59521;0
51;9;59522;0
51;9;59523;0
51;9;59524;0
51;9;59525;0
51;9;59526;0
51;9;59527;0
51;9;59528;0
51;9;59529;0
51;9;59530;0
51;9;59531;0
51;9;59532;0
51;9;59533;0
51;9;59534;0
51;9;59535;0
51;9;59536;0
51;9;59537;0
51;9;59538;0
51;9;59539;0
51;9;59540;0
51;9;59541;0
51;9;59542;0
51;9;59543;0
51;9;59544;0
51;9;59545;0
51;9;59546;0
51;9;59547;0
51;9;59548;0
51;9;59549;0
51;9;59550;0
51;9;59551;0
51;9;59552;0
51;9;59553;0
51;9;59554;0
51;9;59555;0
51;9;59556;0
51;9;59557;0
51;9;59558;0
51;9;59559;0
51;9;59560;0
51;9;59561;0
51;9;59562;0
51;9;59563;0
51;9;59564;0
51;9;59565;0
51;9;59566;0
51;9;59567;0
51;9;59568;0
51;9;59569;0
51;9;59570;0
51;9;59571;0
51;9;59572;0
51;9;59573;0
51;9;59574;0
51;9;59575;0
51;9;59576;0
51;9;59577;0
51;9;59578;0
51;9;59579;0
51;9;59580;0
51;9;59581;0
51;9;59582;0
51;9;59583;0
51;9;59584;0
51;9;59585;0
51;9;59586;0
51;9;59587;0
51;9;59588;0
51;9;59589;0
51;9;59590;0
51;9;59591;0
51;9;59592;0
51;9;59593;0
51;9;59594;0
51;9;59595;0
51;9;59596;0
51;9;59597;0
51;9;59598;0
51;9;59599;0
51;9;59600;0
51;9;59601;0
51;9;59602;0
51;9;59603;0
51;9;59604;0
51;9;59605;0
51;9;59606;0
51;9;59607;0
51;9;59608;0
51;9;59609;0
51;9;59610;0
51;9;59611;0
51;9;59612;0
51;9;59613;0
51;9;59614;0
51;9;59615;0
51;9;59616;0
51;9;59617;0
51;9;59618;0
51;9;59619;0
51;9;59620;0
51;9;59621;0
51;9;59622;0
51;9;59623;0
51;9;59624;0
51;9;59625;0
51;9;59626;0
51;9;59627;0
51;9;59628;0
51;9;59629;0
51;9;59630;0
51;9;59631;0
51;9;59632;0
51;9;59633;0
51;9;59634;0
51;9;59635;0
51;9;59636;0
51;9;59637;0
51;9;59638;0
51;9;59639;0
51;9;59640;0
51;9;59641;0
51;9;59642;0
51;9;59643;0
51;9;59644;0
51;9;59645;0
51;9;59646;0
51;9;59647;0
51;9;59648;0
51;9;59649;0
51;9;59650;0
51;9;59651;0
51;9;59652;0
51;9;59653;0
51;9;59654;0
51;9;59655;0
51;9;59656;0
51;9;59657;0
51;9;59658;0
51;9;59659;0
51;9;59660;0
51;9;59661;0
51;9;59662;0
51;9;59663;0
51;9;59664;0
51;9;59665;0
51;9;59666;0
51;9;59667;0
51;9;59668;0
51;9;59669;0
51;9;59670;0
51;9;59671;0
51;9;59672;0
51;9;59673;0
51;9;59674;0
51;9;59675;0
51;9;59676;0
51;9;59677;0
51;9;59678;0
51;9;59679;0
51;9;59680;0
51;9;59681;0
51;9;59682;0
51;9;59683;0
51;9;59684;0
51;9;59685;0
51;9;59686;0
51;9;59687;0
51;9;59688;0
51;9;59689;0
51;9;59690;0
51;9;59691;0
51;9;59692;0
51;9;59693;0
51;9;59694;0
51;9;59695;0
51;9;59696;0
51;9;59697;0
51;9;59698;0
51;9;59699;0
51;9;59700;0
51;9;59701;0
51;9;59702;0
51;9;59703;0
51;9;59704;0
51;9;59705;0
51;9;59706;0
51;9;59707;0
51;9;59708;0
51;9;59709;0
51;9;59710;0
51;9;59711;0
51;9;59712;0
51;9;59713;0
51;9;59714;0
51;9;59715;0
51;9;59716;0
51;9;59717;0
51;9;59718;0
51;9;59719;0
51;9;59720;0
51;9;59721;0
51;9;59722;0
51;9;59723;0
51;9;59724;0
51;9;59725;0
51;9;59726;0
51;9;59727;0
51;9;59728;0
51;9;59729;0
51;9;59730;0
51;9;59731;0
51;9;59732;0
51;9;59733;0
51;9;59734;0
51;9;59735;0
51;9;59736;0
51;9;59737;0
51;9;59738;0
51;9;59739;0
51;9;59740;0
51;9;59741;0
51;9;59742;0
51;9;59743;0
51;9;59744;0
51;9;59745;0
51;9;59746;0
51;9;59747;0
51;9;59748;0
51;9;59749;0
51;9;59750;0
51;9;59751;0
51;9;59752;0
51;9;59753;0
51;9;59754;0
51;9;59755;0
51;9;59756;0
51;9;59757;0
51;9;59758;0
51;9;59759;0
51;9;59760;0
51;9;59761;0
51;9;59762;0
51;9;59763;0
51;9;59764;0
51;9;59765;0
51;9;59766;0
51;9;59767;0
51;9;59768;0
51;9;59769;0
51;9;59770;0
51;9;59771;0
51;9;59772;0
51;9;59773;0
51;9;59774;0
51;9;59775;0
51;9;59776;0
51;9;59777;0
51;9;59778;0
51;9;59779;0
51;9;59780;0
51;9;59781;0
51;9;59782;0
51;9;59783;0
51;9;59784;0
51;9;59785;0
51;9;59786;0
51;9;59787;0
51;9;59788;0
51;9;59789;0
51;9;59790;0
51;9;59791;0
51;9;59792;0
51;9;59793;0
51;9;59794;0
51;9;59795;0
51;9;59796;0
51;9;59797;0
51;9;59798;0
51;9;59799;0
51;9;59800;0
51;9;59801;0
51;9;59802;0
51;9;59803;0
51;9;59804;0
51;9;59805;0
51;9;59806;0
51;9;59807;0
51;9;59808;0
51;9;59809;0
51;9;59810;0
51;9;59811;0
51;9;59812;0
51;9;59813;0
51;9;59814;0
51;9;59815;0
51;9;59816;0
51;9;59817;0
51;9;59818;0
51;9;59819;0
51;9;59820;0
51;9;59821;0
51;9;59822;0
51;9;59823;0
51;9;59824;0
51;9;59825;0
51;9;59826;0
51;9;59827;0
51;9;59828;0
51;9;59829;0
51;9;59830;0
51;9;59831;0
51;9;59832;0
51;9;59833;0
51;9;59834;0
51;9;59835;0
51;9;59836;0
51;9;59837;0
51;9;59838;0
51;9;59839;0
51;9;59840;0
51;9;59841;0
51;9;59842;0
51;9;59843;0
51;9;59844;0
51;9;59845;0
51;9;59846;0
51;9;59847;0
51;9;59848;0
51;9;59849;0
51;9;59850;0
51;9;59851;0
51;9;59852;0
51;9;59853;0
51;9;59854;0
51;9;59855;0
51;9;59856;0
51;9;59857;0
51;9;59858;0
51;9;59859;0
51;9;59860;0
51;9;59861;0
51;9;59862;0
51;9;59863;0
51;9;59864;0
51;9;59865;0
51;9;59866;0
51;9;59867;0
51;9;59868;0
51;9;59869;0
51;9;59870;0
51;9;59871;0
51;9;59872;0
51;9;59873;0
51;9;59874;0
51;9;59875;0
51;9;59876;0
51;9;59877;0
51;9;59878;0
51;9;59879;0
51;9;59880;0
51;9;59881;0
51;9;59882;0
51;9;59883;0
51;9;59884;0
51;9;59885;0
51;9;59886;0
51;9;59887;0
51;9;59888;0
51;9;59889;0
51;9;59890;0
51;9;59891;0
51;9;59892;0
51;9;59893;0
51;9;59894;0
51;9;59895;0
51;9;59896;0
51;9;59897;0
51;9;59898;0
51;9;59899;0
51;9;59900;0
51;9;59901;0
51;9;59902;0
51;9;59903;0
51;9;59904;0
51;9;59905;0
51;9;59906;0
51;9;59907;0
51;9;59908;0
51;9;59909;0
51;9;59910;0
51;9;59911;0
51;9;59912;0
51;9;59913;0
51;9;59914;0
51;9;59915;0
51;9;59916;0
51;9;59917;0
51;9;59918;0
51;9;59919;0
51;9;59920;0
51;9;59921;0
51;9;59922;0
51;9;59923;0
51;9;59924;0
51;9;59925;0
51;9;59926;0
51;9;59927;0
51;9;59928;0
51;9;59929;0
51;9;59930;0
51;9;59931;0
51;9;59932;0
51;9;59933;0
51;9;59934;0
51;9;59935;0
51;9;59936;0
51;9;59937;0
51;9;59938;0
51;9;59939;0
51;9;59940;0
51;9;59941;0
51;9;59942;0
51;9;59943;0
51;9;59944;0
51;9;59945;0
51;9;59946;0
51;9;59947;0
51;9;59948;0
51;9;59949;0
51;9;59950;0
51;9;59951;0
51;9;59952;0
51;9;59953;0
51;9;59954;0
51;9;59955;0
51;9;59956;0
51;9;59957;0
51;9;59958;0
51;9;59959;0
51;9;59960;0
51;9;59961;0
51;9;59962;0
51;9;59963;0
51;9;59964;0
51;9;59965;0
51;9;59966;0
51;9;59967;0
51;9;59968;0
51;9;59969;0
51;9;59970;0
51;9;59971;0
51;9;59972;0
51;9;59973;0
51;9;59974;0
51;9;59975;0
51;9;59976;0
51;9;59977;0
51;9;59978;0
51;9;59979;0
51;9;59980;0
51;9;59981;0
51;9;59982;0
51;9;59983;0
51;9;59984;0
51;9;59985;0
51;9;59986;0
51;9;59987;0
51;9;59988;0
51;9;59989;0
51;9;59990;0
51;9;59991;0
51;9;59992;0
51;9;59993;0
51;9;59994;0
51;9;59995;0
51;9;59996;0
51;9;59997;0
51;9;59998;0
51;9;59999;0
51;9;60000;0
51;9;60001;0
51;9;60002;0
51;9;60003;0
51;9;60004;0
51;9;60005;0
51;9;60006;0
51;9;60007;0
51;9;60008;0
51;9;60009;0
51;9;60010;0
51;9;60011;0
51;9;60012;0
51;9;60013;0
51;9;60014;0
51;9;60015;0
51;9;60016;0
51;9;60017;0
51;9;60018;0
51;9;60019;0
51;9;60020;0
51;9;60021;0
51;9;60022;0
51;9;60023;0
51;9;60024;0
51;9;60025;0
51;9;60026;0
51;9;60027;0
51;9;60028;0
51;9;60029;0
51;9;60030;0
51;9;60031;0
51;9;60032;0
51;9;60033;0
51;9;60034;0
51;9;60035;0
51;9;60036;0
51;9;60037;0
51;9;60038;0
51;9;60039;0
51;9;60040;0
51;9;60041;0
51;9;60042;0
51;9;60043;0
51;9;60044;0
51;9;60045;0
51;9;60046;0
51;9;60047;0
51;9;60048;0
51;9;60049;0
51;9;60050;0
51;9;60051;0
51;9;60052;0
51;9;60053;0
51;9;60054;0
51;9;60055;0
51;9;60056;0
51;9;60057;0
51;9;60058;0
51;9;60059;0
51;9;60060;0
51;9;60061;0
51;9;60062;0
51;9;60063;0
51;9;60064;0
51;9;60065;0
51;9;60066;0
51;9;60067;0
51;9;60068;0
51;9;60069;0
51;9;60070;0
51;9;60071;0
51;9;60072;0
51;9;60073;0
51;9;60074;0
51;9;60075;0
51;9;60076;0
51;9;60077;0
51;9;60078;0
51;9;60079;0
51;9;60080;0
51;9;60081;0
51;9;60082;0
51;9;60083;0
51;9;60084;0
51;9;60085;0
51;9;60086;0
51;9;60087;0
51;9;60088;0
51;9;60089;0
51;9;60090;0
51;9;60091;0
51;9;60092;0
51;9;60093;0
51;9;60094;0
51;9;60095;0
51;9;60096;0
51;9;60097;0
51;9;60098;0
51;9;60099;0
51;9;60100;0
51;9;60101;0
51;9;60102;0
51;9;60103;0
51;9;60104;0
51;9;60105;0
51;9;60106;0
51;9;60107;0
51;9;60108;0
51;9;60109;0
51;9;60110;0
51;9;60111;0
51;9;60112;0
51;9;60113;0
51;9;60114;0
51;9;60115;0
51;9;60116;0
51;9;60117;0
51;9;60118;0
51;9;60119;0
51;9;60120;0
51;9;60121;0
51;9;60122;0
51;9;60123;0
51;9;60124;0
51;9;60125;0
51;9;60126;0
51;9;60127;0
51;9;60128;0
51;9;60129;0
51;9;60130;0
51;9;60131;0
51;9;60132;0
51;9;60133;0
51;9;60134;0
51;9;60135;0
51;9;60136;0
51;9;60137;0
51;9;60138;0
51;9;60139;0
51;9;60140;0
51;9;60141;0
51;9;60142;0
51;9;60143;0
51;9;60144;0
51;9;60145;0
51;9;60146;0
51;9;60147;0
51;9;60148;0
51;9;60149;0
51;9;60150;0
51;9;60151;0
51;9;60152;0
51;9;60153;0
51;9;60154;0
51;9;60155;0
51;9;60156;0
51;9;60157;0
51;9;60158;0
51;9;60159;0
51;9;60160;0
51;9;60161;0
51;9;60162;0
51;9;60163;0
51;9;60164;0
51;9;60165;0
51;9;60166;0
51;9;60167;0
51;9;60168;0
51;9;60169;0
51;9;60170;0
51;9;60171;0
51;9;60172;0
51;9;60173;0
51;9;60174;0
51;9;60175;0
51;9;60176;0
51;9;60177;0
51;9;60178;0
51;9;60179;0
51;9;60180;0
51;9;60181;0
51;9;60182;0
51;9;60183;0
51;9;60184;0
51;9;60185;0
51;9;60186;0
51;9;60187;0
51;9;60188;0
51;9;60189;0
51;9;60190;0
51;9;60191;0
51;9;60192;0
51;9;60193;0
51;9;60194;0
51;9;60195;0
51;9;60196;0
51;9;60197;0
51;9;60198;0
51;9;60199;0
51;9;60200;0
51;9;60201;0
51;9;60202;0
51;9;60203;0
51;9;60204;0
51;9;60205;0
51;9;60206;0
51;9;60207;0
51;9;60208;0
51;9;60209;0
51;9;60210;0
51;9;60211;0
51;9;60212;0
51;9;60213;0
51;9;60214;0
51;9;60215;0
51;9;60216;0
51;9;60217;0
51;9;60218;0
51;9;60219;0
51;9;60220;0
51;9;60221;0
51;9;60222;0
51;9;60223;0
51;9;60224;0
51;9;60225;0
51;9;60226;0
51;9;60227;0
51;9;60228;0
51;9;60229;0
51;9;60230;0
51;9;60231;0
51;9;60232;0
51;9;60233;0
51;9;60234;0
51;9;60235;0
51;9;60236;0
51;9;60237;0
51;9;60238;0
51;9;60239;0
51;9;60240;0
51;9;60241;0
51;9;60242;0
51;9;60243;0
51;9;60244;0
51;9;60245;0
51;9;60246;0
51;9;60247;0
51;9;60248;0
51;9;60249;0
51;9;60250;0
51;9;60251;0
51;9;60252;0
51;9;60253;0
51;9;60254;0
51;9;60255;0
51;9;60256;0
51;9;60257;0
51;9;60258;0
51;9;60259;0
51;9;60260;0
51;9;60261;0
51;9;60262;0
51;9;60263;0
51;9;60264;0
51;9;60265;0
51;9;60266;0
51;9;60267;0
51;9;60268;0
51;9;60269;0
51;9;60270;0
51;9;60271;0
51;9;60272;0
51;9;60273;0
51;9;60274;0
51;9;60275;0
51;9;60276;0
51;9;60277;0
51;9;60278;0
51;9;60279;0
51;9;60280;0
51;9;60281;0
51;9;60282;0
51;9;60283;0
51;9;60284;0
51;9;60285;0
51;9;60286;0
51;9;60287;0
51;9;60288;0
51;9;60289;0
51;9;60290;0
51;9;60291;0
51;9;60292;0
51;9;60293;0
51;9;60294;0
51;9;60295;0
51;9;60296;0
51;9;60297;0
51;9;60298;0
51;9;60299;0
51;9;60300;0
51;9;60301;0
51;9;60302;0
51;9;60303;0
51;9;60304;0
51;9;60305;0
51;9;60306;0
51;9;60307;0
51;9;60308;0
51;9;60309;0
51;9;60310;0
51;9;60311;0
51;9;60312;0
51;9;60313;0
51;9;60314;0
51;9;60315;0
51;9;60316;0
51;9;60317;0
51;9;60318;0
51;9;60319;0
51;9;60320;0
51;9;60321;0
51;9;60322;0
51;9;60323;0
51;9;60324;0
51;9;60325;0
51;9;60326;0
51;9;60327;0
51;9;60328;0
51;9;60329;0
51;9;60330;0
51;9;60331;0
51;9;60332;0
51;9;60333;0
51;9;60334;0
51;9;60335;0
51;9;60336;0
51;9;60337;0
51;9;60338;0
51;9;60339;0
51;9;60340;0
51;9;60341;0
51;9;60342;0
51;9;60343;0
51;9;60344;0
51;9;60345;0
51;9;60346;0
51;9;60347;0
51;9;60348;0
51;9;60349;0
51;9;60350;0
51;9;60351;0
51;9;60352;0
51;9;60353;0
51;9;60354;0
51;9;60355;0
51;9;60356;0
51;9;60357;0
51;9;60358;0
51;9;60359;0
51;9;60360;0
51;9;60361;0
51;9;60362;0
51;9;60363;0
51;9;60364;0
51;9;60365;0
51;9;60366;0
51;9;60367;0
51;9;60368;0
51;9;60369;0
51;9;60370;0
51;9;60371;0
51;9;60372;0
51;9;60373;0
51;9;60374;0
51;9;60375;0
51;9;60376;0
51;9;60377;0
51;9;60378;0
51;9;60379;0
51;9;60380;0
51;9;60381;0
51;9;60382;0
51;9;60383;0
51;9;60384;0
51;9;60385;0
51;9;60386;0
51;9;60387;0
51;9;60388;0
51;9;60389;0
51;9;60390;0
51;9;60391;0
51;9;60392;0
51;9;60393;0
51;9;60394;0
51;9;60395;0
51;9;60396;0
51;9;60397;0
51;9;60398;0
51;9;60399;0
51;9;60400;0
51;9;60401;0
51;9;60402;0
51;9;60403;0
51;9;60404;0
51;9;60405;0
51;9;60406;0
51;9;60407;0
51;9;60408;0
51;9;60409;0
51;9;60410;0
51;9;60411;0
51;9;60412;0
51;9;60413;0
51;9;60414;0
51;9;60415;0
51;9;60416;0
51;9;60417;0
51;9;60418;0
51;9;60419;0
51;9;60420;0
51;9;60421;0
51;9;60422;0
51;9;60423;0
51;9;60424;0
51;9;60425;0
51;9;60426;0
51;9;60427;0
51;9;60428;0
51;9;60429;0
51;9;60430;0
51;9;60431;0
51;9;60432;0
51;9;60433;0
51;9;60434;0
51;9;60435;0
51;9;60436;0
51;9;60437;0
51;9;60438;0
51;9;60439;0
51;9;60440;0
51;9;60441;0
51;9;60442;0
51;9;60443;0
51;9;60444;0
51;9;60445;0
51;9;60446;0
51;9;60447;0
51;9;60448;0
51;9;60449;0
51;9;60450;0
51;9;60451;0
51;9;60452;0
51;9;60453;0
51;9;60454;0
51;9;60455;0
51;9;60456;0
51;9;60457;0
51;9;60458;0
51;9;60459;0
51;9;60460;0
51;9;60461;0
51;9;60462;0
51;9;60463;0
51;9;60464;0
51;9;60465;0
51;9;60466;0
51;9;60467;0
51;9;60468;0
51;9;60469;0
51;9;60470;0
51;9;60471;0
51;9;60472;0
51;9;60473;0
51;9;60474;0
51;9;60475;0
51;9;60476;0
51;9;60477;0
51;9;60478;0
51;9;60479;0
51;9;60480;0
51;9;60481;0
51;9;60482;0
51;9;60483;0
51;9;60484;0
51;9;60485;0
51;9;60486;0
51;9;60487;0
51;9;60488;0
51;9;60489;0
51;9;60490;0
51;9;60491;0
51;9;60492;0
51;9;60493;0
51;9;60494;0
51;9;60495;0
51;9;60496;0
51;9;60497;0
51;9;60498;0
51;9;60499;0
51;9;60500;0
51;9;60501;0
51;9;60502;0
51;9;60503;0
51;9;60504;0
51;9;60505;0
51;9;60506;0
51;9;60507;0
51;9;60508;0
51;9;60509;0
51;9;60510;0
51;9;60511;0
51;9;60512;0
51;9;60513;0
51;9;60514;0
51;9;60515;0
51;9;60516;0
51;9;60517;0
51;9;60518;0
51;9;60519;0
51;9;60520;0
51;9;60521;0
51;9;60522;0
51;9;60523;0
51;9;60524;0
51;9;60525;0
51;9;60526;0
51;9;60527;0
51;9;60528;0
51;9;60529;0
51;9;60530;0
51;9;60531;0
51;9;60532;0
51;9;60533;0
51;9;60534;0
51;9;60535;0
51;9;60536;0
51;9;60537;0
51;9;60538;0
51;9;60539;0
51;9;60540;0
51;9;60541;0
51;9;60542;0
51;9;60543;0
51;9;60544;0
51;9;60545;0
51;9;60546;0
51;9;60547;0
51;9;60548;0
51;9;60549;0
51;9;60550;0
51;9;60551;0
51;9;60552;0
51;9;60553;0
51;9;60554;0
51;9;60555;0
51;9;60556;0
51;9;60557;0
51;9;60558;0
51;9;60559;0
51;9;60560;0
51;9;60561;0
51;9;60562;0
51;9;60563;0
51;9;60564;0
51;9;60565;0
51;9;60566;0
51;9;60567;0
51;9;60568;0
51;9;60569;0
51;9;60570;0
51;9;60571;0
51;9;60572;0
51;9;60573;0
51;9;60574;0
51;9;60575;0
51;9;60576;0
51;9;60577;0
51;9;60578;0
51;9;60579;0
51;9;60580;0
51;9;60581;0
51;9;60582;0
51;9;60583;0
51;9;60584;0
51;9;60585;0
51;9;60586;0
51;9;60587;0
51;9;60588;0
51;9;60589;0
51;9;60590;0
51;9;60591;0
51;9;60592;0
51;9;60593;0
51;9;60594;0
51;9;60595;0
51;9;60596;0
51;9;60597;0
51;9;60598;0
51;9;60599;0
51;9;60600;0
51;9;60601;0
51;9;60602;0
51;9;60603;0
51;9;60604;0
51;9;60605;0
51;9;60606;0
51;9;60607;0
51;9;60608;0
51;9;60609;0
51;9;60610;0
51;9;60611;0
51;9;60612;0
51;9;60613;0
51;9;60614;0
51;9;60615;0
51;9;60616;0
51;9;60617;0
51;9;60618;0
51;9;60619;0
51;9;60620;0
51;9;60621;0
51;9;60622;0
51;9;60623;0
51;9;60624;0
51;9;60625;0
51;9;60626;0
51;9;60627;0
51;9;60628;0
51;9;60629;0
51;9;60630;0
51;9;60631;0
51;9;60632;0
51;9;60633;0
51;9;60634;0
51;9;60635;0
51;9;60636;0
51;9;60637;0
51;9;60638;0
51;9;60639;0
51;9;60640;0
51;9;60641;0
51;9;60642;0
51;9;60643;0
51;9;60644;0
51;9;60645;0
51;9;60646;0
51;9;60647;0
51;9;60648;0
51;9;60649;0
51;9;60650;0
51;9;60651;0
51;9;60652;0
51;9;60653;0
51;9;60654;0
51;9;60655;0
51;9;60656;0
51;9;60657;0
51;9;60658;0
51;9;60659;0
51;9;60660;0
51;9;60661;0
51;9;60662;0
51;9;60663;0
51;9;60664;0
51;9;60665;0
51;9;60666;0
51;9;60667;0
51;9;60668;0
51;9;60669;0
51;9;60670;0
51;9;60671;0
51;9;60672;0
51;9;60673;0
51;9;60674;0
51;9;60675;0
51;9;60676;0
51;9;60677;0
51;9;60678;0
51;9;60679;0
51;9;60680;0
51;9;60681;0
51;9;60682;0
51;9;60683;0
51;9;60684;0
51;9;60685;0
51;9;60686;0
51;9;60687;0
51;9;60688;0
51;9;60689;0
51;9;60690;0
51;9;60691;0
51;9;60692;0
51;9;60693;0
51;9;60694;0
51;9;60695;0
51;9;60696;0
51;9;60697;0
51;9;60698;0
51;9;60699;0
51;9;60700;0
51;9;60701;0
51;9;60702;0
51;9;60703;0
51;9;60704;0
51;9;60705;0
51;9;60706;0
51;9;60707;0
51;9;60708;0
51;9;60709;0
51;9;60710;0
51;9;60711;0
51;9;60712;0
51;9;60713;0
51;9;60714;0
51;9;60715;0
51;9;60716;0
51;9;60717;0
51;9;60718;0
51;9;60719;0
51;9;60720;0
51;9;60721;0
51;9;60722;0
51;9;60723;0
51;9;60724;0
51;9;60725;0
51;9;60726;0
51;9;60727;0
51;9;60728;0
51;9;60729;0
51;9;60730;0
51;9;60731;0
51;9;60732;0
51;9;60733;0
51;9;60734;0
51;9;60735;0
51;9;60736;0
51;9;60737;0
51;9;60738;0
51;9;60739;0
51;9;60740;0
51;9;60741;0
51;9;60742;0
51;9;60743;0
51;9;60744;0
51;9;60745;0
51;9;60746;0
51;9;60747;0
51;9;60748;0
51;9;60749;0
51;9;60750;0
51;9;60751;0
51;9;60752;0
51;9;60753;0
51;9;60754;0
51;9;60755;0
51;9;60756;0
51;9;60757;0
51;9;60758;0
51;9;60759;0
51;9;60760;0
51;9;60761;0
51;9;60762;0
51;9;60763;0
51;9;60764;0
51;9;60765;0
51;9;60766;0
51;9;60767;0
51;9;60768;0
51;9;60769;0
51;9;60770;0
51;9;60771;0
51;9;60772;0
51;9;60773;0
51;9;60774;0
51;9;60775;0
51;9;60776;0
51;9;60777;0
51;9;60778;0
51;9;60779;0
51;9;60780;0
51;9;60781;0
51;9;60782;0
51;9;60783;0
51;9;60784;0
51;9;60785;0
51;9;60786;0
51;9;60787;0
51;9;60788;0
51;9;60789;0
51;9;60790;0
51;9;60791;0
51;9;60792;0
51;9;60793;0
51;9;60794;0
51;9;60795;0
51;9;60796;0
51;9;60797;0
51;9;60798;0
51;9;60799;0
51;9;60800;0
51;9;60801;0
51;9;60802;0
51;9;60803;0
51;9;60804;0
51;9;60805;0
51;9;60806;0
51;9;60807;0
51;9;60808;0
51;9;60809;0
51;9;60810;0
51;9;60811;0
51;9;60812;0
51;9;60813;0
51;9;60814;0
51;9;60815;0
51;9;60816;0
51;9;60817;0
51;9;60818;0
51;9;60819;0
51;9;60820;0
51;9;60821;0
51;9;60822;0
51;9;60823;0
51;9;60824;0
51;9;60825;0
51;9;60826;0
51;9;60827;0
51;9;60828;0
51;9;60829;0
51;9;60830;0
51;9;60831;0
51;9;60832;0
51;9;60833;0
51;9;60834;0
51;9;60835;0
51;9;60836;0
51;9;60837;0
51;9;60838;0
51;9;60839;0
51;9;60840;0
51;9;60841;0
51;9;60842;0
51;9;60843;0
51;9;60844;0
51;9;60845;0
51;9;60846;0
51;9;60847;0
51;9;60848;0
51;9;60849;0
51;9;60850;0
51;9;60851;0
51;9;60852;0
51;9;60853;0
51;9;60854;0
51;9;60855;0
51;9;60856;0
51;9;60857;0
51;9;60858;0
51;9;60859;0
51;9;60860;0
51;9;60861;0
51;9;60862;0
51;9;60863;0
51;9;60864;0
51;9;60865;0
51;9;60866;0
51;9;60867;0
51;9;60868;0
51;9;60869;0
51;9;60870;0
51;9;60871;0
51;9;60872;0
51;9;60873;0
51;9;60874;0
51;9;60875;0
51;9;60876;0
51;9;60877;0
51;9;60878;0
51;9;60879;0
51;9;60880;0
51;9;60881;0
51;9;60882;0
51;9;60883;0
51;9;60884;0
51;9;60885;0
51;9;60886;0
51;9;60887;0
51;9;60888;0
51;9;60889;0
51;9;60890;0
51;9;60891;0
51;9;60892;0
51;9;60893;0
51;9;60894;0
51;9;60895;0
51;9;60896;0
51;9;60897;0
51;9;60898;0
51;9;60899;0
51;9;60900;0
51;9;60901;0
51;9;60902;0
51;9;60903;0
51;9;60904;0
51;9;60905;0
51;9;60906;0
51;9;60907;0
51;9;60908;0
51;9;60909;0
51;9;60910;0
51;9;60911;0
51;9;60912;0
51;9;60913;0
51;9;60914;0
51;9;60915;0
51;9;60916;0
51;9;60917;0
51;9;60918;0
51;9;60919;0
51;9;60920;0
51;9;60921;0
51;9;60922;0
51;9;60923;0
51;9;60924;0
51;9;60925;0
51;9;60926;0
51;9;60927;0
51;9;60928;0
51;9;60929;0
51;9;60930;0
51;9;60931;0
51;9;60932;0
51;9;60933;0
51;9;60934;0
51;9;60935;0
51;9;60936;0
51;9;60937;0
51;9;60938;0
51;9;60939;0
51;9;60940;0
51;9;60941;0
51;9;60942;0
51;9;60943;0
51;9;60944;0
51;9;60945;0
51;9;60946;0
51;9;60947;0
51;9;60948;0
51;9;60949;0
51;9;60950;0
51;9;60951;0
51;9;60952;0
51;9;60953;0
51;9;60954;0
51;9;60955;0
51;9;60956;0
51;9;60957;0
51;9;60958;0
51;9;60959;0
51;9;60960;0
51;9;60961;0
51;9;60962;0
51;9;60963;0
51;9;60964;0
51;9;60965;0
51;9;60966;0
51;9;60967;0
51;9;60968;0
51;9;60969;0
51;9;60970;0
51;9;60971;0
51;9;60972;0
51;9;60973;0
51;9;60974;0
51;9;60975;0
51;9;60976;0
51;9;60977;0
51;9;60978;0
51;9;60979;0
51;9;60980;0
51;9;60981;0
51;9;60982;0
51;9;60983;0
51;9;60984;0
51;9;60985;0
51;9;60986;0
51;9;60987;0
51;9;60988;0
51;9;60989;0
51;9;60990;0
51;9;60991;0
51;9;60992;0
51;9;60993;0
51;9;60994;0
51;9;60995;0
51;9;60996;0
51;9;60997;0
51;9;60998;0
51;9;60999;0
51;9;61000;0
51;9;61001;0
51;9;61002;0
51;9;61003;0
51;9;61004;0
51;9;61005;0
51;9;61006;0
51;9;61007;0
51;9;61008;0
51;9;61009;0
51;9;61010;0
51;9;61011;0
51;9;61012;0
51;9;61013;0
51;9;61014;0
51;9;61015;0
51;9;61016;0
51;9;61017;0
51;9;61018;0
51;9;61019;0
51;9;61020;0
51;9;61021;0
51;9;61022;0
51;9;61023;0
51;9;61024;0
51;9;61025;0
51;9;61026;0
51;9;61027;0
51;9;61028;0
51;9;61029;0
51;9;61030;0
51;9;61031;0
51;9;61032;0
51;9;61033;0
51;9;61034;0
51;9;61035;0
51;9;61036;0
51;9;61037;0
51;9;61038;0
51;9;61039;0
51;9;61040;0
51;9;61041;0
51;9;61042;0
51;9;61043;0
51;9;61044;0
51;9;61045;0
51;9;61046;0
51;9;61047;0
51;9;61048;0
51;9;61049;0
51;9;61050;0
51;9;61051;0
51;9;61052;0
51;9;61053;0
51;9;61054;0
51;9;61055;0
51;9;61056;0
51;9;61057;0
51;9;61058;0
51;9;61059;0
51;9;61060;0
51;9;61061;0
51;9;61062;0
51;9;61063;0
51;9;61064;0
51;9;61065;0
51;9;61066;0
51;9;61067;0
51;9;61068;0
51;9;61069;0
51;9;61070;0
51;9;61071;0
51;9;61072;0
51;9;61073;0
51;9;61074;0
51;9;61075;0
51;9;61076;0
51;9;61077;0
51;9;61078;0
51;9;61079;0
51;9;61080;0
51;9;61081;0
51;9;61082;0
51;9;61083;0
51;9;61084;0
51;9;61085;0
51;9;61086;0
51;9;61087;0
51;9;61088;0
51;9;61089;0
51;9;61090;0
51;9;61091;0
51;9;61092;0
51;9;61093;0
51;9;61094;0
51;9;61095;0
51;9;61096;0
51;9;61097;0
51;9;61098;0
51;9;61099;0
51;9;61100;0
51;9;61101;0
51;9;61102;0
51;9;61103;0
51;9;61104;0
51;9;61105;0
51;9;61106;0
51;9;61107;0
51;9;61108;0
51;9;61109;0
51;9;61110;0
51;9;61111;0
51;9;61112;0
51;9;61113;0
51;9;61114;0
51;9;61115;0
51;9;61116;0
51;9;61117;0
51;9;61118;0
51;9;61119;0
51;9;61120;0
51;9;61121;0
51;9;61122;0
51;9;61123;0
51;9;61124;0
51;9;61125;0
51;9;61126;0
51;9;61127;0
51;9;61128;0
51;9;61129;0
51;9;61130;0
51;9;61131;0
51;9;61132;0
51;9;61133;0
51;9;61134;0
51;9;61135;0
51;9;61136;0
51;9;61137;0
51;9;61138;0
51;9;61139;0
51;9;61140;0
51;9;61141;0
51;9;61142;0
51;9;61143;0
51;9;61144;0
51;9;61145;0
51;9;61146;0
51;9;61147;0
51;9;61148;0
51;9;61149;0
51;9;61150;0
51;9;61151;0
51;9;61152;0
51;9;61153;0
51;9;61154;0
51;9;61155;0
51;9;61156;0
51;9;61157;0
51;9;61158;0
51;9;61159;0
51;9;61160;0
51;9;61161;0
51;9;61162;0
51;9;61163;0
51;9;61164;0
51;9;61165;0
51;9;61166;0
51;9;61167;0
51;9;61168;0
51;9;61169;0
51;9;61170;0
51;9;61171;0
51;9;61172;0
51;9;61173;0
51;9;61174;0
51;9;61175;0
51;9;61176;0
51;9;61177;0
51;9;61178;0
51;9;61179;0
51;9;61180;0
51;9;61181;0
51;9;61182;0
51;9;61183;0
51;9;61184;0
51;9;61185;0
51;9;61186;0
51;9;61187;0
51;9;61188;0
51;9;61189;0
51;9;61190;0
51;9;61191;0
51;9;61192;0
51;9;61193;0
51;9;61194;0
51;9;61195;0
51;9;61196;0
51;9;61197;0
51;9;61198;0
51;9;61199;0
51;9;61200;0
51;9;61201;0
51;9;61202;0
51;9;61203;0
51;9;61204;0
51;9;61205;0
51;9;61206;0
51;9;61207;0
51;9;61208;0
51;9;61209;0
51;9;61210;0
51;9;61211;0
51;9;61212;0
51;9;61213;0
51;9;61214;0
51;9;61215;0
51;9;61216;0
51;9;61217;0
51;9;61218;0
51;9;61219;0
51;9;61220;0
51;9;61221;0
51;9;61222;0
51;9;61223;0
51;9;61224;0
51;9;61225;0
51;9;61226;0
51;9;61227;0
51;9;61228;0
51;9;61229;0
51;9;61230;0
51;9;61231;0
51;9;61232;0
51;9;61233;0
51;9;61234;0
51;9;61235;0
51;9;61236;0
51;9;61237;0
51;9;61238;0
51;9;61239;0
51;9;61240;0
51;9;61241;0
51;9;61242;0
51;9;61243;0
51;9;61244;0
51;9;61245;0
51;9;61246;0
51;9;61247;0
51;9;61248;0
51;9;61249;0
51;9;61250;0
51;9;61251;0
51;9;61252;0
51;9;61253;0
51;9;61254;0
51;9;61255;0
51;9;61256;0
51;9;61257;0
51;9;61258;0
51;9;61259;0
51;9;61260;0
51;9;61261;0
51;9;61262;0
51;9;61263;0
51;9;61264;0
51;9;61265;0
51;9;61266;0
51;9;61267;0
51;9;61268;0
51;9;61269;0
51;9;61270;0
51;9;61271;0
51;9;61272;0
51;9;61273;0
51;9;61274;0
51;9;61275;0
51;9;61276;0
51;9;61277;0
51;9;61278;0
51;9;61279;0
51;9;61280;0
51;9;61281;0
51;9;61282;0
51;9;61283;0
51;9;61284;0
51;9;61285;0
51;9;61286;0
51;9;61287;0
51;9;61288;0
51;9;61289;0
51;9;61290;0
51;9;61291;0
51;9;61292;0
51;9;61293;0
51;9;61294;0
51;9;61295;0
51;9;61296;0
51;9;61297;0
51;9;61298;0
51;9;61299;0
51;9;61300;0
51;9;61301;0
51;9;61302;0
51;9;61303;0
51;9;61304;0
51;9;61305;0
51;9;61306;0
51;9;61307;0
51;9;61308;0
51;9;61309;0
51;9;61310;0
51;9;61311;0
51;9;61312;0
51;9;61313;0
51;9;61314;0
51;9;61315;0
51;9;61316;0
51;9;61317;0
51;9;61318;0
51;9;61319;0
51;9;61320;0
51;9;61321;0
51;9;61322;0
51;9;61323;0
51;9;61324;0
51;9;61325;0
51;9;61326;0
51;9;61327;0
51;9;61328;0
51;9;61329;0
51;9;61330;0
51;9;61331;0
51;9;61332;0
51;9;61333;0
51;9;61334;0
51;9;61335;0
51;9;61336;0
51;9;61337;0
51;9;61338;0
51;9;61339;0
51;9;61340;0
51;9;61341;0
51;9;61342;0
51;9;61343;0
51;9;61344;0
51;9;61345;0
51;9;61346;0
51;9;61347;0
51;9;61348;0
51;9;61349;0
51;9;61350;0
51;9;61351;0
51;9;61352;0
51;9;61353;0
51;9;61354;0
51;9;61355;0
51;9;61356;0
51;9;61357;0
51;9;61358;0
51;9;61359;0
51;9;61360;0
51;9;61361;0
51;9;61362;0
51;9;61363;0
51;9;61364;0
51;9;61365;0
51;9;61366;0
51;9;61367;0
51;9;61368;0
51;9;61369;0
51;9;61370;0
51;9;61371;0
51;9;61372;0
51;9;61373;0
51;9;61374;0
51;9;61375;0
51;9;61376;0
51;9;61377;0
51;9;61378;0
51;9;61379;0
51;9;61380;0
51;9;61381;0
51;9;61382;0
51;9;61383;0
51;9;61384;0
51;9;61385;0
51;9;61386;0
51;9;61387;0
51;9;61388;0
51;9;61389;0
51;9;61390;0
51;9;61391;0
51;9;61392;0
51;9;61393;0
51;9;61394;0
51;9;61395;0
51;9;61396;0
51;9;61397;0
51;9;61398;0
51;9;61399;0
51;9;61400;0
51;9;61401;0
51;9;61402;0
51;9;61403;0
51;9;61404;0
51;9;61405;0
51;9;61406;0
51;9;61407;0
51;9;61408;0
51;9;61409;0
51;9;61410;0
51;9;61411;0
51;9;61412;0
51;9;61413;0
51;9;61414;0
51;9;61415;0
51;9;61416;0
51;9;61417;0
51;9;61418;0
51;9;61419;0
51;9;61420;0
51;9;61421;0
51;9;61422;0
51;9;61423;0
51;9;61424;0
51;9;61425;0
51;9;61426;0
51;9;61427;0
51;9;61428;0
51;9;61429;0
51;9;61430;0
51;9;61431;0
51;9;61432;0
51;9;61433;0
51;9;61434;0
51;9;61435;0
51;9;61436;0
51;9;61437;0
51;9;61438;0
51;9;61439;0
51;9;61440;0
51;9;61441;0
51;9;61442;0
51;9;61443;0
51;9;61444;0
51;9;61445;0
51;9;61446;0
51;9;61447;0
51;9;61448;0
51;9;61449;0
51;9;61450;0
51;9;61451;0
51;9;61452;0
51;9;61453;0
51;9;61454;0
51;9;61455;0
51;9;61456;0
51;9;61457;0
51;9;61458;0
51;9;61459;0
51;9;61460;0
51;9;61461;0
51;9;61462;0
51;9;61463;0
51;9;61464;0
51;9;61465;0
51;9;61466;0
51;9;61467;0
51;9;61468;0
51;9;61469;0
51;9;61470;0
51;9;61471;0
51;9;61472;0
51;9;61473;0
51;9;61474;0
51;9;61475;0
51;9;61476;0
51;9;61477;0
51;9;61478;0
51;9;61479;0
51;9;61480;0
51;9;61481;0
51;9;61482;0
51;9;61483;0
51;9;61484;0
51;9;61485;0
51;9;61486;0
51;9;61487;0
51;9;61488;0
51;9;61489;0
51;9;61490;0
51;9;61491;0
51;9;61492;0
51;9;61493;0
51;9;61494;0
51;9;61495;0
51;9;61496;0
51;9;61497;0
51;9;61498;0
51;9;61499;0
51;9;61500;0
51;9;61501;0
51;9;61502;0
51;9;61503;0
51;9;61504;0
51;9;61505;0
51;9;61506;0
51;9;61507;0
51;9;61508;0
51;9;61509;0
51;9;61510;0
51;9;61511;0
51;9;61512;0
51;9;61513;0
51;9;61514;0
51;9;61515;0
51;9;61516;0
51;9;61517;0
51;9;61518;0
51;9;61519;0
51;9;61520;0
51;9;61521;0
51;9;61522;0
51;9;61523;0
51;9;61524;0
51;9;61525;0
51;9;61526;0
51;9;61527;0
51;9;61528;0
51;9;61529;0
51;9;61530;0
51;9;61531;0
51;9;61532;0
51;9;61533;0
51;9;61534;0
51;9;61535;0
51;9;61536;0
51;9;61537;0
51;9;61538;0
51;9;61539;0
51;9;61540;0
51;9;61541;0
51;9;61542;0
51;9;61543;0
51;9;61544;0
51;9;61545;0
51;9;61546;0
51;9;61547;0
51;9;61548;0
51;9;61549;0
51;9;61550;0
51;9;61551;0
51;9;61552;0
51;9;61553;0
51;9;61554;0
51;9;61555;0
51;9;61556;0
51;9;61557;0
51;9;61558;0
51;9;61559;0
51;9;61560;0
51;9;61561;0
51;9;61562;0
51;9;61563;0
51;9;61564;0
51;9;61565;0
51;9;61566;0
51;9;61567;0
51;9;61568;0
51;9;61569;0
51;9;61570;0
51;9;61571;0
51;9;61572;0
51;9;61573;0
51;9;61574;0
51;9;61575;0
51;9;61576;0
51;9;61577;0
51;9;61578;0
51;9;61579;0
51;9;61580;0
51;9;61581;0
51;9;61582;0
51;9;61583;0
51;9;61584;0
51;9;61585;0
51;9;61586;0
51;9;61587;0
51;9;61588;0
51;9;61589;0
51;9;61590;0
51;9;61591;0
51;9;61592;0
51;9;61593;0
51;9;61594;0
51;9;61595;0
51;9;61596;0
51;9;61597;0
51;9;61598;0
51;9;61599;0
51;9;61600;0
51;9;61601;0
51;9;61602;0
51;9;61603;0
51;9;61604;0
51;9;61605;0
51;9;61606;0
51;9;61607;0
51;9;61608;0
51;9;61609;0
51;9;61610;0
51;9;61611;0
51;9;61612;0
51;9;61613;0
51;9;61614;0
51;9;61615;0
51;9;61616;0
51;9;61617;0
51;9;61618;0
51;9;61619;0
51;9;61620;0
51;9;61621;0
51;9;61622;0
51;9;61623;0
51;9;61624;0
51;9;61625;0
51;9;61626;0
51;9;61627;0
51;9;61628;0
51;9;61629;0
51;9;61630;0
51;9;61631;0
51;9;61632;0
51;9;61633;0
51;9;61634;0
51;9;61635;0
51;9;61636;0
51;9;61637;0
51;9;61638;0
51;9;61639;0
51;9;61640;0
51;9;61641;0
51;9;61642;0
51;9;61643;0
51;9;61644;0
51;9;61645;0
51;9;61646;0
51;9;61647;0
51;9;61648;0
51;9;61649;0
51;9;61650;0
51;9;61651;0
51;9;61652;0
51;9;61653;0
51;9;61654;0
51;9;61655;0
51;9;61656;0
51;9;61657;0
51;9;61658;0
51;9;61659;0
51;9;61660;0
51;9;61661;0
51;9;61662;0
51;9;61663;0
51;9;61664;0
51;9;61665;0
51;9;61666;0
51;9;61667;0
51;9;61668;0
51;9;61669;0
51;9;61670;0
51;9;61671;0
51;9;61672;0
51;9;61673;0
51;9;61674;0
51;9;61675;0
51;9;61676;0
51;9;61677;0
51;9;61678;0
51;9;61679;0
51;9;61680;0
51;9;61681;0
51;9;61682;0
51;9;61683;0
51;9;61684;0
51;9;61685;0
51;9;61686;0
51;9;61687;0
51;9;61688;0
51;9;61689;0
51;9;61690;0
51;9;61691;0
51;9;61692;0
51;9;61693;0
51;9;61694;0
51;9;61695;0
51;9;61696;0
51;9;61697;0
51;9;61698;0
51;9;61699;0
51;9;61700;0
51;9;61701;0
51;9;61702;0
51;9;61703;0
51;9;61704;0
51;9;61705;0
51;9;61706;0
51;9;61707;0
51;9;61708;0
51;9;61709;0
51;9;61710;0
51;9;61711;0
51;9;61712;0
51;9;61713;0
51;9;61714;0
51;9;61715;0
51;9;61716;0
51;9;61717;0
51;9;61718;0
51;9;61719;0
51;9;61720;0
51;9;61721;0
51;9;61722;0
51;9;61723;0
51;9;61724;0
51;9;61725;0
51;9;61726;0
51;9;61727;0
51;9;61728;0
51;9;61729;0
51;9;61730;0
51;9;61731;0
51;9;61732;0
51;9;61733;0
51;9;61734;0
51;9;61735;0
51;9;61736;0
51;9;61737;0
51;9;61738;0
51;9;61739;0
51;9;61740;0
51;9;61741;0
51;9;61742;0
51;9;61743;0
51;9;61744;0
51;9;61745;0
51;9;61746;0
51;9;61747;0
51;9;61748;0
51;9;61749;0
51;9;61750;0
51;9;61751;0
51;9;61752;0
51;9;61753;0
51;9;61754;0
51;9;61755;0
51;9;61756;0
51;9;61757;0
51;9;61758;0
51;9;61759;0
51;9;61760;0
51;9;61761;0
51;9;61762;0
51;9;61763;0
51;9;61764;0
51;9;61765;0
51;9;61766;0
51;9;61767;0
51;9;61768;0
51;9;61769;0
51;9;61770;0
51;9;61771;0
51;9;61772;0
51;9;61773;0
51;9;61774;0
51;9;61775;0
51;9;61776;0
51;9;61777;0
51;9;61778;0
51;9;61779;0
51;9;61780;0
51;9;61781;0
51;9;61782;0
51;9;61783;0
51;9;61784;0
51;9;61785;0
51;9;61786;0
51;9;61787;0
51;9;61788;0
51;9;61789;0
51;9;61790;0
51;9;61791;0
51;9;61792;0
51;9;61793;0
51;9;61794;0
51;9;61795;0
51;9;61796;0
51;9;61797;0
51;9;61798;0
51;9;61799;0
51;9;61800;0
51;9;61801;0
51;9;61802;0
51;9;61803;0
51;9;61804;0
51;9;61805;0
51;9;61806;0
51;9;61807;0
51;9;61808;0
51;9;61809;0
51;9;61810;0
51;9;61811;0
51;9;61812;0
51;9;61813;0
51;9;61814;0
51;9;61815;0
51;9;61816;0
51;9;61817;0
51;9;61818;0
51;9;61819;0
51;9;61820;0
51;9;61821;0
51;9;61822;0
51;9;61823;0
51;9;61824;0
51;9;61825;0
51;9;61826;0
51;9;61827;0
51;9;61828;0
51;9;61829;0
51;9;61830;0
51;9;61831;0
51;9;61832;0
51;9;61833;0
51;9;61834;0
51;9;61835;0
51;9;61836;0
51;9;61837;0
51;9;61838;0
51;9;61839;0
51;9;61840;0
51;9;61841;0
51;9;61842;0
51;9;61843;0
51;9;61844;0
51;9;61845;0
51;9;61846;0
51;9;61847;0
51;9;61848;0
51;9;61849;0
51;9;61850;0
51;9;61851;0
51;9;61852;0
51;9;61853;0
51;9;61854;0
51;9;61855;0
51;9;61856;0
51;9;61857;0
51;9;61858;0
51;9;61859;0
51;9;61860;0
51;9;61861;0
51;9;61862;0
51;9;61863;0
51;9;61864;0
51;9;61865;0
51;9;61866;0
51;9;61867;0
51;9;61868;0
51;9;61869;0
51;9;61870;0
51;9;61871;0
51;9;61872;0
51;9;61873;0
51;9;61874;0
51;9;61875;0
51;9;61876;0
51;9;61877;0
51;9;61878;0
51;9;61879;0
51;9;61880;0
51;9;61881;0
51;9;61882;0
51;9;61883;0
51;9;61884;0
51;9;61885;0
51;9;61886;0
51;9;61887;0
51;9;61888;0
51;9;61889;0
51;9;61890;0
51;9;61891;0
51;9;61892;0
51;9;61893;0
51;9;61894;0
51;9;61895;0
51;9;61896;0
51;9;61897;0
51;9;61898;0
51;9;61899;0
51;9;61900;0
51;9;61901;0
51;9;61902;0
51;9;61903;0
51;9;61904;0
51;9;61905;0
51;9;61906;0
51;9;61907;0
51;9;61908;0
51;9;61909;0
51;9;61910;0
51;9;61911;0
51;9;61912;0
51;9;61913;0
51;9;61914;0
51;9;61915;0
51;9;61916;0
51;9;61917;0
51;9;61918;0
51;9;61919;0
51;9;61920;0
51;9;61921;0
51;9;61922;0
51;9;61923;0
51;9;61924;0
51;9;61925;0
51;9;61926;0
51;9;61927;0
51;9;61928;0
51;9;61929;0
51;9;61930;0
51;9;61931;0
51;9;61932;0
51;9;61933;0
51;9;61934;0
51;9;61935;0
51;9;61936;0
51;9;61937;0
51;9;61938;0
51;9;61939;0
51;9;61940;0
51;9;61941;0
51;9;61942;0
51;9;61943;0
51;9;61944;0
51;9;61945;0
51;9;61946;0
51;9;61947;0
51;9;61948;0
51;9;61949;0
51;9;61950;0
51;9;61951;0
51;9;61952;0
51;9;61953;0
51;9;61954;0
51;9;61955;0
51;9;61956;0
51;9;61957;0
51;9;61958;0
51;9;61959;0
51;9;61960;0
51;9;61961;0
51;9;61962;0
51;9;61963;0
51;9;61964;0
51;9;61965;0
51;9;61966;0
51;9;61967;0
51;9;61968;0
51;9;61969;0
51;9;61970;0
51;9;61971;0
51;9;61972;0
51;9;61973;0
51;9;61974;0
51;9;61975;0
51;9;61976;0
51;9;61977;0
51;9;61978;0
51;9;61979;0
51;9;61980;0
51;9;61981;0
51;9;61982;0
51;9;61983;0
51;9;61984;0
51;9;61985;0
51;9;61986;0
51;9;61987;0
51;9;61988;0
51;9;61989;0
51;9;61990;0
51;9;61991;0
51;9;61992;0
51;9;61993;0
51;9;61994;0
51;9;61995;0
51;9;61996;0
51;9;61997;0
51;9;61998;0
51;9;61999;0
51;9;62000;0
51;9;62001;0
51;9;62002;0
51;9;62003;0
51;9;62004;0
51;9;62005;0
51;9;62006;0
51;9;62007;0
51;9;62008;0
51;9;62009;0
51;9;62010;0
51;9;62011;0
51;9;62012;0
51;9;62013;0
51;9;62014;0
51;9;62015;0
51;9;62016;0
51;9;62017;0
51;9;62018;0
51;9;62019;0
51;9;62020;0
51;9;62021;0
51;9;62022;0
51;9;62023;0
51;9;62024;0
51;9;62025;0
51;9;62026;0
51;9;62027;0
51;9;62028;0
51;9;62029;0
51;9;62030;0
51;9;62031;0
51;9;62032;0
51;9;62033;0
51;9;62034;0
51;9;62035;0
51;9;62036;0
51;9;62037;0
51;9;62038;0
51;9;62039;0
51;9;62040;0
51;9;62041;0
51;9;62042;0
51;9;62043;0
51;9;62044;0
51;9;62045;0
51;9;62046;0
51;9;62047;0
51;9;62048;0
51;9;62049;0
51;9;62050;0
51;9;62051;0
51;9;62052;0
51;9;62053;0
51;9;62054;0
51;9;62055;0
51;9;62056;0
51;9;62057;0
51;9;62058;0
51;9;62059;0
51;9;62060;0
51;9;62061;0
51;9;62062;0
51;9;62063;0
51;9;62064;0
51;9;62065;0
51;9;62066;0
51;9;62067;0
51;9;62068;0
51;9;62069;0
51;9;62070;0
51;9;62071;0
51;9;62072;0
51;9;62073;0
51;9;62074;0
51;9;62075;0
51;9;62076;0
51;9;62077;0
51;9;62078;0
51;9;62079;0
51;9;62080;0
51;9;62081;0
51;9;62082;0
51;9;62083;0
51;9;62084;0
51;9;62085;0
51;9;62086;0
51;9;62087;0
51;9;62088;0
51;9;62089;0
51;9;62090;0
51;9;62091;0
51;9;62092;0
51;9;62093;0
51;9;62094;0
51;9;62095;0
51;9;62096;0
51;9;62097;0
51;9;62098;0
51;9;62099;0
51;9;62100;0
51;9;62101;0
51;9;62102;0
51;9;62103;0
51;9;62104;0
51;9;62105;0
51;9;62106;0
51;9;62107;0
51;9;62108;0
51;9;62109;0
51;9;62110;0
51;9;62111;0
51;9;62112;0
51;9;62113;0
51;9;62114;0
51;9;62115;0
51;9;62116;0
51;9;62117;0
51;9;62118;0
51;9;62119;0
51;9;62120;0
51;9;62121;0
51;9;62122;0
51;9;62123;0
51;9;62124;0
51;9;62125;0
51;9;62126;0
51;9;62127;0
51;9;62128;0
51;9;62129;0
51;9;62130;0
51;9;62131;0
51;9;62132;0
51;9;62133;0
51;9;62134;0
51;9;62135;0
51;9;62136;0
51;9;62137;0
51;9;62138;0
51;9;62139;0
51;9;62140;0
51;9;62141;0
51;9;62142;0
51;9;62143;0
51;9;62144;0
51;9;62145;0
51;9;62146;0
51;9;62147;0
51;9;62148;0
51;9;62149;0
51;9;62150;0
51;9;62151;0
51;9;62152;0
51;9;62153;0
51;9;62154;0
51;9;62155;0
51;9;62156;0
51;9;62157;0
51;9;62158;0
51;9;62159;0
51;9;62160;0
51;9;62161;0
51;9;62162;0
51;9;62163;0
51;9;62164;0
51;9;62165;0
51;9;62166;0
51;9;62167;0
51;9;62168;0
51;9;62169;0
51;9;62170;0
51;9;62171;0
51;9;62172;0
51;9;62173;0
51;9;62174;0
51;9;62175;0
51;9;62176;0
51;9;62177;0
51;9;62178;0
51;9;62179;0
51;9;62180;0
51;9;62181;0
51;9;62182;0
51;9;62183;0
51;9;62184;0
51;9;62185;0
51;9;62186;0
51;9;62187;0
51;9;62188;0
51;9;62189;0
51;9;62190;0
51;9;62191;0
51;9;62192;0
51;9;62193;0
51;9;62194;0
51;9;62195;0
51;9;62196;0
51;9;62197;0
51;9;62198;0
51;9;62199;0
51;9;62200;0
51;9;62201;0
51;9;62202;0
51;9;62203;0
51;9;62204;0
51;9;62205;0
51;9;62206;0
51;9;62207;0
51;9;62208;0
51;9;62209;0
51;9;62210;0
51;9;62211;0
51;9;62212;0
51;9;62213;0
51;9;62214;0
51;9;62215;0
51;9;62216;0
51;9;62217;0
51;9;62218;0
51;9;62219;0
51;9;62220;0
51;9;62221;0
51;9;62222;0
51;9;62223;0
51;9;62224;0
51;9;62225;0
51;9;62226;0
51;9;62227;0
51;9;62228;0
51;9;62229;0
51;9;62230;0
51;9;62231;0
51;9;62232;0
51;9;62233;0
51;9;62234;0
51;9;62235;0
51;9;62236;0
51;9;62237;0
51;9;62238;0
51;9;62239;0
51;9;62240;0
51;9;62241;0
51;9;62242;0
51;9;62243;0
51;9;62244;0
51;9;62245;0
51;9;62246;0
51;9;62247;0
51;9;62248;0
51;9;62249;0
51;9;62250;0
51;9;62251;0
51;9;62252;0
51;9;62253;0
51;9;62254;0
51;9;62255;0
51;9;62256;0
51;9;62257;0
51;9;62258;0
51;9;62259;0
51;9;62260;0
51;9;62261;0
51;9;62262;0
51;9;62263;0
51;9;62264;0
51;9;62265;0
51;9;62266;0
51;9;62267;0
51;9;62268;0
51;9;62269;0
51;9;62270;0
51;9;62271;0
51;9;62272;0
51;9;62273;0
51;9;62274;0
51;9;62275;0
51;9;62276;0
51;9;62277;0
51;9;62278;0
51;9;62279;0
51;9;62280;0
51;9;62281;0
51;9;62282;0
51;9;62283;0
51;9;62284;0
51;9;62285;0
51;9;62286;0
51;9;62287;0
51;9;62288;0
51;9;62289;0
51;9;62290;0
51;9;62291;0
51;9;62292;0
51;9;62293;0
51;9;62294;0
51;9;62295;0
51;9;62296;0
51;9;62297;0
51;9;62298;0
51;9;62299;0
51;9;62300;0
51;9;62301;0
51;9;62302;0
51;9;62303;0
51;9;62304;0
51;9;62305;0
51;9;62306;0
51;9;62307;0
51;9;62308;0
51;9;62309;0
51;9;62310;0
51;9;62311;0
51;9;62312;0
51;9;62313;0
51;9;62314;0
51;9;62315;0
51;9;62316;0
51;9;62317;0
51;9;62318;0
51;9;62319;0
51;9;62320;0
51;9;62321;0
51;9;62322;0
51;9;62323;0
51;9;62324;0
51;9;62325;0
51;9;62326;0
51;9;62327;0
51;9;62328;0
51;9;62329;0
51;9;62330;0
51;9;62331;0
51;9;62332;0
51;9;62333;0
51;9;62334;0
51;9;62335;0
51;9;62336;0
51;9;62337;0
51;9;62338;0
51;9;62339;0
51;9;62340;0
51;9;62341;0
51;9;62342;0
51;9;62343;0
51;9;62344;0
51;9;62345;0
51;9;62346;0
51;9;62347;0
51;9;62348;0
51;9;62349;0
51;9;62350;0
51;9;62351;0
51;9;62352;0
51;9;62353;0
51;9;62354;0
51;9;62355;0
51;9;62356;0
51;9;62357;0
51;9;62358;0
51;9;62359;0
51;9;62360;0
51;9;62361;0
51;9;62362;0
51;9;62363;0
51;9;62364;0
51;9;62365;0
51;9;62366;0
51;9;62367;0
51;9;62368;0
51;9;62369;0
51;9;62370;0
51;9;62371;0
51;9;62372;0
51;9;62373;0
51;9;62374;0
51;9;62375;0
51;9;62376;0
51;9;62377;0
51;9;62378;0
51;9;62379;0
51;9;62380;0
51;9;62381;0
51;9;62382;0
51;9;62383;0
51;9;62384;0
51;9;62385;0
51;9;62386;0
51;9;62387;0
51;9;62388;0
51;9;62389;0
51;9;62390;0
51;9;62391;0
51;9;62392;0
51;9;62393;0
51;9;62394;0
51;9;62395;0
51;9;62396;0
51;9;62397;0
51;9;62398;0
51;9;62399;0
51;9;62400;0
51;9;62401;0
51;9;62402;0
51;9;62403;0
51;9;62404;0
51;9;62405;0
51;9;62406;0
51;9;62407;0
51;9;62408;0
51;9;62409;0
51;9;62410;0
51;9;62411;0
51;9;62412;0
51;9;62413;0
51;9;62414;0
51;9;62415;0
51;9;62416;0
51;9;62417;0
51;9;62418;0
51;9;62419;0
51;9;62420;0
51;9;62421;0
51;9;62422;0
51;9;62423;0
51;9;62424;0
51;9;62425;0
51;9;62426;0
51;9;62427;0
51;9;62428;0
51;9;62429;0
51;9;62430;0
51;9;62431;0
51;9;62432;0
51;9;62433;0
51;9;62434;0
51;9;62435;0
51;9;62436;0
51;9;62437;0
51;9;62438;0
51;9;62439;0
51;9;62440;0
51;9;62441;0
51;9;62442;0
51;9;62443;0
51;9;62444;0
51;9;62445;0
51;9;62446;0
51;9;62447;0
51;9;62448;0
51;9;62449;0
51;9;62450;0
51;9;62451;0
51;9;62452;0
51;9;62453;0
51;9;62454;0
51;9;62455;0
51;9;62456;0
51;9;62457;0
51;9;62458;0
51;9;62459;0
51;9;62460;0
51;9;62461;0
51;9;62462;0
51;9;62463;0
51;9;62464;0
51;9;62465;0
51;9;62466;0
51;9;62467;0
51;9;62468;0
51;9;62469;0
51;9;62470;0
51;9;62471;0
51;9;62472;0
51;9;62473;0
51;9;62474;0
51;9;62475;0
51;9;62476;0
51;9;62477;0
51;9;62478;0
51;9;62479;0
51;9;62480;0
51;9;62481;0
51;9;62482;0
51;9;62483;0
51;9;62484;0
51;9;62485;0
51;9;62486;0
51;9;62487;0
51;9;62488;0
51;9;62489;0
51;9;62490;0
51;9;62491;0
51;9;62492;0
51;9;62493;0
51;9;62494;0
51;9;62495;0
51;9;62496;0
51;9;62497;0
51;9;62498;0
51;9;62499;0
51;9;62500;0
51;9;62501;0
51;9;62502;0
51;9;62503;0
51;9;62504;0
51;9;62505;0
51;9;62506;0
51;9;62507;0
51;9;62508;0
51;9;62509;0
51;9;62510;0
51;9;62511;0
51;9;62512;0
51;9;62513;0
51;9;62514;0
51;9;62515;0
51;9;62516;0
51;9;62517;0
51;9;62518;0
51;9;62519;0
51;9;62520;0
51;9;62521;0
51;9;62522;0
51;9;62523;0
51;9;62524;0
51;9;62525;0
51;9;62526;0
51;9;62527;0
51;9;62528;0
51;9;62529;0
51;9;62530;0
51;9;62531;0
51;9;62532;0
51;9;62533;0
51;9;62534;0
51;9;62535;0
51;9;62536;0
51;9;62537;0
51;9;62538;0
51;9;62539;0
51;9;62540;0
51;9;62541;0
51;9;62542;0
51;9;62543;0
51;9;62544;0
51;9;62545;0
51;9;62546;0
51;9;62547;0
51;9;62548;0
51;9;62549;0
51;9;62550;0
51;9;62551;0
51;9;62552;0
51;9;62553;0
51;9;62554;0
51;9;62555;0
51;9;62556;0
51;9;62557;0
51;9;62558;0
51;9;62559;0
51;9;62560;0
51;9;62561;0
51;9;62562;0
51;9;62563;0
51;9;62564;0
51;9;62565;0
51;9;62566;0
51;9;62567;0
51;9;62568;0
51;9;62569;0
51;9;62570;0
51;9;62571;0
51;9;62572;0
51;9;62573;0
51;9;62574;0
51;9;62575;0
51;9;62576;0
51;9;62577;0
51;9;62578;0
51;9;62579;0
51;9;62580;0
51;9;62581;0
51;9;62582;0
51;9;62583;0
51;9;62584;0
51;9;62585;0
51;9;62586;0
51;9;62587;0
51;9;62588;0
51;9;62589;0
51;9;62590;0
51;9;62591;0
51;9;62592;0
51;9;62593;0
51;9;62594;0
51;9;62595;0
51;9;62596;0
51;9;62597;0
51;9;62598;0
51;9;62599;0
51;9;62600;0
51;9;62601;0
51;9;62602;0
51;9;62603;0
51;9;62604;0
51;9;62605;0
51;9;62606;0
51;9;62607;0
51;9;62608;0
51;9;62609;0
51;9;62610;0
51;9;62611;0
51;9;62612;0
51;9;62613;0
51;9;62614;0
51;9;62615;0
51;9;62616;0
51;9;62617;0
51;9;62618;0
51;9;62619;0
51;9;62620;0
51;9;62621;0
51;9;62622;0
51;9;62623;0
51;9;62624;0
51;9;62625;0
51;9;62626;0
51;9;62627;0
51;9;62628;0
51;9;62629;0
51;9;62630;0
51;9;62631;0
51;9;62632;0
51;9;62633;0
51;9;62634;0
51;9;62635;0
51;9;62636;0
51;9;62637;0
51;9;62638;0
51;9;62639;0
51;9;62640;0
51;9;62641;0
51;9;62642;0
51;9;62643;0
51;9;62644;0
51;9;62645;0
51;9;62646;0
51;9;62647;0
51;9;62648;0
51;9;62649;0
51;9;62650;0
51;9;62651;0
51;9;62652;0
51;9;62653;0
51;9;62654;0
51;9;62655;0
51;9;62656;0
51;9;62657;0
51;9;62658;0
51;9;62659;0
51;9;62660;0
51;9;62661;0
51;9;62662;0
51;9;62663;0
51;9;62664;0
51;9;62665;0
51;9;62666;0
51;9;62667;0
51;9;62668;0
51;9;62669;0
51;9;62670;0
51;9;62671;0
51;9;62672;0
51;9;62673;0
51;9;62674;0
51;9;62675;0
51;9;62676;0
51;9;62677;0
51;9;62678;0
51;9;62679;0
51;9;62680;0
51;9;62681;0
51;9;62682;0
51;9;62683;0
51;9;62684;0
51;9;62685;0
51;9;62686;0
51;9;62687;0
51;9;62688;0
51;9;62689;0
51;9;62690;0
51;9;62691;0
51;9;62692;0
51;9;62693;0
51;9;62694;0
51;9;62695;0
51;9;62696;0
51;9;62697;0
51;9;62698;0
51;9;62699;0
51;9;62700;0
51;9;62701;0
51;9;62702;0
51;9;62703;0
51;9;62704;0
51;9;62705;0
51;9;62706;0
51;9;62707;0
51;9;62708;0
51;9;62709;0
51;9;62710;0
51;9;62711;0
51;9;62712;0
51;9;62713;0
51;9;62714;0
51;9;62715;0
51;9;62716;0
51;9;62717;0
51;9;62718;0
51;9;62719;0
51;9;62720;0
51;9;62721;0
51;9;62722;0
51;9;62723;0
51;9;62724;0
51;9;62725;0
51;9;62726;0
51;9;62727;0
51;9;62728;0
51;9;62729;0
51;9;62730;0
51;9;62731;0
51;9;62732;0
51;9;62733;0
51;9;62734;0
51;9;62735;0
51;9;62736;0
51;9;62737;0
51;9;62738;0
51;9;62739;0
51;9;62740;0
51;9;62741;0
51;9;62742;0
51;9;62743;0
51;9;62744;0
51;9;62745;0
51;9;62746;0
51;9;62747;0
51;9;62748;0
51;9;62749;0
51;9;62750;0
51;9;62751;0
51;9;62752;0
51;9;62753;0
51;9;62754;0
51;9;62755;0
51;9;62756;0
51;9;62757;0
51;9;62758;0
51;9;62759;0
51;9;62760;0
51;9;62761;0
51;9;62762;0
51;9;62763;0
51;9;62764;0
51;9;62765;0
51;9;62766;0
51;9;62767;0
51;9;62768;0
51;9;62769;0
51;9;62770;0
51;9;62771;0
51;9;62772;0
51;9;62773;0
51;9;62774;0
51;9;62775;0
51;9;62776;0
51;9;62777;0
51;9;62778;0
51;9;62779;0
51;9;62780;0
51;9;62781;0
51;9;62782;0
51;9;62783;0
51;9;62784;0
51;9;62785;0
51;9;62786;0
51;9;62787;0
51;9;62788;0
51;9;62789;0
51;9;62790;0
51;9;62791;0
51;9;62792;0
51;9;62793;0
51;9;62794;0
51;9;62795;0
51;9;62796;0
51;9;62797;0
51;9;62798;0
51;9;62799;0
51;9;62800;0
51;9;62801;0
51;9;62802;0
51;9;62803;0
51;9;62804;0
51;9;62805;0
51;9;62806;0
51;9;62807;0
51;9;62808;0
51;9;62809;0
51;9;62810;0
51;9;62811;0
51;9;62812;0
51;9;62813;0
51;9;62814;0
51;9;62815;0
51;9;62816;0
51;9;62817;0
51;9;62818;0
51;9;62819;0
51;9;62820;0
51;9;62821;0
51;9;62822;0
51;9;62823;0
51;9;62824;0
51;9;62825;0
51;9;62826;0
51;9;62827;0
51;9;62828;0
51;9;62829;0
51;9;62830;0
51;9;62831;0
51;9;62832;0
51;9;62833;0
51;9;62834;0
51;9;62835;0
51;9;62836;0
51;9;62837;0
51;9;62838;0
51;9;62839;0
51;9;62840;0
51;9;62841;0
51;9;62842;0
51;9;62843;0
51;9;62844;0
51;9;62845;0
51;9;62846;0
51;9;62847;0
51;9;62848;0
51;9;62849;0
51;9;62850;0
51;9;62851;0
51;9;62852;0
51;9;62853;0
51;9;62854;0
51;9;62855;0
51;9;62856;0
51;9;62857;0
51;9;62858;0
51;9;62859;0
51;9;62860;0
51;9;62861;0
51;9;62862;0
51;9;62863;0
51;9;62864;0
51;9;62865;0
51;9;62866;0
51;9;62867;0
51;9;62868;0
51;9;62869;0
51;9;62870;0
51;9;62871;0
51;9;62872;0
51;9;62873;0
51;9;62874;0
51;9;62875;0
51;9;62876;0
51;9;62877;0
51;9;62878;0
51;9;62879;0
51;9;62880;0
51;9;62881;0
51;9;62882;0
51;9;62883;0
51;9;62884;0
51;9;62885;0
51;9;62886;0
51;9;62887;0
51;9;62888;0
51;9;62889;0
51;9;62890;0
51;9;62891;0
51;9;62892;0
51;9;62893;0
51;9;62894;0
51;9;62895;0
51;9;62896;0
51;9;62897;0
51;9;62898;0
51;9;62899;0
51;9;62900;0
51;9;62901;0
51;9;62902;0
51;9;62903;0
51;9;62904;0
51;9;62905;0
51;9;62906;0
51;9;62907;0
51;9;62908;0
51;9;62909;0
51;9;62910;0
51;9;62911;0
51;9;62912;0
51;9;62913;0
51;9;62914;0
51;9;62915;0
51;9;62916;0
51;9;62917;0
51;9;62918;0
51;9;62919;0
51;9;62920;0
51;9;62921;0
51;9;62922;0
51;9;62923;0
51;9;62924;0
51;9;62925;0
51;9;62926;0
51;9;62927;0
51;9;62928;0
51;9;62929;0
51;9;62930;0
51;9;62931;0
51;9;62932;0
51;9;62933;0
51;9;62934;0
51;9;62935;0
51;9;62936;0
51;9;62937;0
51;9;62938;0
51;9;62939;0
51;9;62940;0
51;9;62941;0
51;9;62942;0
51;9;62943;0
51;9;62944;0
51;9;62945;0
51;9;62946;0
51;9;62947;0
51;9;62948;0
51;9;62949;0
51;9;62950;0
51;9;62951;0
51;9;62952;0
51;9;62953;0
51;9;62954;0
51;9;62955;0
51;9;62956;0
51;9;62957;0
51;9;62958;0
51;9;62959;0
51;9;62960;0
51;9;62961;0
51;9;62962;0
51;9;62963;0
51;9;62964;0
51;9;62965;0
51;9;62966;0
51;9;62967;0
51;9;62968;0
51;9;62969;0
51;9;62970;0
51;9;62971;0
51;9;62972;0
51;9;62973;0
51;9;62974;0
51;9;62975;0
51;9;62976;0
51;9;62977;0
51;9;62978;0
51;9;62979;0
51;9;62980;0
51;9;62981;0
51;9;62982;0
51;9;62983;0
51;9;62984;0
51;9;62985;0
51;9;62986;0
51;9;62987;0
51;9;62988;0
51;9;62989;0
51;9;62990;0
51;9;62991;0
51;9;62992;0
51;9;62993;0
51;9;62994;0
51;9;62995;0
51;9;62996;0
51;9;62997;0
51;9;62998;0
51;9;62999;0
51;9;63000;0
51;9;63001;0
51;9;63002;0
51;9;63003;0
51;9;63004;0
51;9;63005;0
51;9;63006;0
51;9;63007;0
51;9;63008;0
51;9;63009;0
51;9;63010;0
51;9;63011;0
51;9;63012;0
51;9;63013;0
51;9;63014;0
51;9;63015;0
51;9;63016;0
51;9;63017;0
51;9;63018;0
51;9;63019;0
51;9;63020;0
51;9;63021;0
51;9;63022;0
51;9;63023;0
51;9;63024;0
51;9;63025;0
51;9;63026;0
51;9;63027;0
51;9;63028;0
51;9;63029;0
51;9;63030;0
51;9;63031;0
51;9;63032;0
51;9;63033;0
51;9;63034;0
51;9;63035;0
51;9;63036;0
51;9;63037;0
51;9;63038;0
51;9;63039;0
51;9;63040;0
51;9;63041;0
51;9;63042;0
51;9;63043;0
51;9;63044;0
51;9;63045;0
51;9;63046;0
51;9;63047;0
51;9;63048;0
51;9;63049;0
51;9;63050;0
51;9;63051;0
51;9;63052;0
51;9;63053;0
51;9;63054;0
51;9;63055;0
51;9;63056;0
51;9;63057;0
51;9;63058;0
51;9;63059;0
51;9;63060;0
51;9;63061;0
51;9;63062;0
51;9;63063;0
51;9;63064;0
51;9;63065;0
51;9;63066;0
51;9;63067;0
51;9;63068;0
51;9;63069;0
51;9;63070;0
51;9;63071;0
51;9;63072;0
51;9;63073;0
51;9;63074;0
51;9;63075;0
51;9;63076;0
51;9;63077;0
51;9;63078;0
51;9;63079;0
51;9;63080;0
51;9;63081;0
51;9;63082;0
51;9;63083;0
51;9;63084;0
51;9;63085;0
51;9;63086;0
51;9;63087;0
51;9;63088;0
51;9;63089;0
51;9;63090;0
51;9;63091;0
51;9;63092;0
51;9;63093;0
51;9;63094;0
51;9;63095;0
51;9;63096;0
51;9;63097;0
51;9;63098;0
51;9;63099;0
51;9;63100;0
51;9;63101;0
51;9;63102;0
51;9;63103;0
51;9;63104;0
51;9;63105;0
51;9;63106;0
51;9;63107;0
51;9;63108;0
51;9;63109;0
51;9;63110;0
51;9;63111;0
51;9;63112;0
51;9;63113;0
51;9;63114;0
51;9;63115;0
51;9;63116;0
51;9;63117;0
51;9;63118;0
51;9;63119;0
51;9;63120;0
51;9;63121;0
51;9;63122;0
51;9;63123;0
51;9;63124;0
51;9;63125;0
51;9;63126;0
51;9;63127;0
51;9;63128;0
51;9;63129;0
51;9;63130;0
51;9;63131;0
51;9;63132;0
51;9;63133;0
51;9;63134;0
51;9;63135;0
51;9;63136;0
51;9;63137;0
51;9;63138;0
51;9;63139;0
51;9;63140;0
51;9;63141;0
51;9;63142;0
51;9;63143;0
51;9;63144;0
51;9;63145;0
51;9;63146;0
51;9;63147;0
51;9;63148;0
51;9;63149;0
51;9;63150;0
51;9;63151;0
51;9;63152;0
51;9;63153;0
51;9;63154;0
51;9;63155;0
51;9;63156;0
51;9;63157;0
51;9;63158;0
51;9;63159;0
51;9;63160;0
51;9;63161;0
51;9;63162;0
51;9;63163;0
51;9;63164;0
51;9;63165;0
51;9;63166;0
51;9;63167;0
51;9;63168;0
51;9;63169;0
51;9;63170;0
51;9;63171;0
51;9;63172;0
51;9;63173;0
51;9;63174;0
51;9;63175;0
51;9;63176;0
51;9;63177;0
51;9;63178;0
51;9;63179;0
51;9;63180;0
51;9;63181;0
51;9;63182;0
51;9;63183;0
51;9;63184;0
51;9;63185;0
51;9;63186;0
51;9;63187;0
51;9;63188;0
51;9;63189;0
51;9;63190;0
51;9;63191;0
51;9;63192;0
51;9;63193;0
51;9;63194;0
51;9;63195;0
51;9;63196;0
51;9;63197;0
51;9;63198;0
51;9;63199;0
51;9;63200;0
51;9;63201;0
51;9;63202;0
51;9;63203;0
51;9;63204;0
51;9;63205;0
51;9;63206;0
51;9;63207;0
51;9;63208;0
51;9;63209;0
51;9;63210;0
51;9;63211;0
51;9;63212;0
51;9;63213;0
51;9;63214;0
51;9;63215;0
51;9;63216;0
51;9;63217;0
51;9;63218;0
51;9;63219;0
51;9;63220;0
51;9;63221;0
51;9;63222;0
51;9;63223;0
51;9;63224;0
51;9;63225;0
51;9;63226;0
51;9;63227;0
51;9;63228;0
51;9;63229;0
51;9;63230;0
51;9;63231;0
51;9;63232;0
51;9;63233;0
51;9;63234;0
51;9;63235;0
51;9;63236;0
51;9;63237;0
51;9;63238;0
51;9;63239;0
51;9;63240;0
51;9;63241;0
51;9;63242;0
51;9;63243;0
51;9;63244;0
51;9;63245;0
51;9;63246;0
51;9;63247;0
51;9;63248;0
51;9;63249;0
51;9;63250;0
51;9;63251;0
51;9;63252;0
51;9;63253;0
51;9;63254;0
51;9;63255;0
51;9;63256;0
51;9;63257;0
51;9;63258;0
51;9;63259;0
51;9;63260;0
51;9;63261;0
51;9;63262;0
51;9;63263;0
51;9;63264;0
51;9;63265;0
51;9;63266;0
51;9;63267;0
51;9;63268;0
51;9;63269;0
51;9;63270;0
51;9;63271;0
51;9;63272;0
51;9;63273;0
51;9;63274;0
51;9;63275;0
51;9;63276;0
51;9;63277;0
51;9;63278;0
51;9;63279;0
51;9;63280;0
51;9;63281;0
51;9;63282;0
51;9;63283;0
51;9;63284;0
51;9;63285;0
51;9;63286;0
51;9;63287;0
51;9;63288;0
51;9;63289;0
51;9;63290;0
51;9;63291;0
51;9;63292;0
51;9;63293;0
51;9;63294;0
51;9;63295;0
51;9;63296;0
51;9;63297;0
51;9;63298;0
51;9;63299;0
51;9;63300;0
51;9;63301;0
51;9;63302;0
51;9;63303;0
51;9;63304;0
51;9;63305;0
51;9;63306;0
51;9;63307;0
51;9;63308;0
51;9;63309;0
51;9;63310;0
51;9;63311;0
51;9;63312;0
51;9;63313;0
51;9;63314;0
51;9;63315;0
51;9;63316;0
51;9;63317;0
51;9;63318;0
51;9;63319;0
51;9;63320;0
51;9;63321;0
51;9;63322;0
51;9;63323;0
51;9;63324;0
51;9;63325;0
51;9;63326;0
51;9;63327;0
51;9;63328;0
51;9;63329;0
51;9;63330;0
51;9;63331;0
51;9;63332;0
51;9;63333;0
51;9;63334;0
51;9;63335;0
51;9;63336;0
51;9;63337;0
51;9;63338;0
51;9;63339;0
51;9;63340;0
51;9;63341;0
51;9;63342;0
51;9;63343;0
51;9;63344;0
51;9;63345;0
51;9;63346;0
51;9;63347;0
51;9;63348;0
51;9;63349;0
51;9;63350;0
51;9;63351;0
51;9;63352;0
51;9;63353;0
51;9;63354;0
51;9;63355;0
51;9;63356;0
51;9;63357;0
51;9;63358;0
51;9;63359;0
51;9;63360;0
51;9;63361;0
51;9;63362;0
51;9;63363;0
51;9;63364;0
51;9;63365;0
51;9;63366;0
51;9;63367;0
51;9;63368;0
51;9;63369;0
51;9;63370;0
51;9;63371;0
51;9;63372;0
51;9;63373;0
51;9;63374;0
51;9;63375;0
51;9;63376;0
51;9;63377;0
51;9;63378;0
51;9;63379;0
51;9;63380;0
51;9;63381;0
51;9;63382;0
51;9;63383;0
51;9;63384;0
51;9;63385;0
51;9;63386;0
51;9;63387;0
51;9;63388;0
51;9;63389;0
51;9;63390;0
51;9;63391;0
51;9;63392;0
51;9;63393;0
51;9;63394;0
51;9;63395;0
51;9;63396;0
51;9;63397;0
51;9;63398;0
51;9;63399;0
51;9;63400;0
51;9;63401;0
51;9;63402;0
51;9;63403;0
51;9;63404;0
51;9;63405;0
51;9;63406;0
51;9;63407;0
51;9;63408;0
51;9;63409;0
51;9;63410;0
51;9;63411;0
51;9;63412;0
51;9;63413;0
51;9;63414;0
51;9;63415;0
51;9;63416;0
51;9;63417;0
51;9;63418;0
51;9;63419;0
51;9;63420;0
51;9;63421;0
51;9;63422;0
51;9;63423;0
51;9;63424;0
51;9;63425;0
51;9;63426;0
51;9;63427;0
51;9;63428;0
51;9;63429;0
51;9;63430;0
51;9;63431;0
51;9;63432;0
51;9;63433;0
51;9;63434;0
51;9;63435;0
51;9;63436;0
51;9;63437;0
51;9;63438;0
51;9;63439;0
51;9;63440;0
51;9;63441;0
51;9;63442;0
51;9;63443;0
51;9;63444;0
51;9;63445;0
51;9;63446;0
51;9;63447;0
51;9;63448;0
51;9;63449;0
51;9;63450;0
51;9;63451;0
51;9;63452;0
51;9;63453;0
51;9;63454;0
51;9;63455;0
51;9;63456;0
51;9;63457;0
51;9;63458;0
51;9;63459;0
51;9;63460;0
51;9;63461;0
51;9;63462;0
51;9;63463;0
51;9;63464;0
51;9;63465;0
51;9;63466;0
51;9;63467;0
51;9;63468;0
51;9;63469;0
51;9;63470;0
51;9;63471;0
51;9;63472;0
51;9;63473;0
51;9;63474;0
51;9;63475;0
51;9;63476;0
51;9;63477;0
51;9;63478;0
51;9;63479;0
51;9;63480;0
51;9;63481;0
51;9;63482;0
51;9;63483;0
51;9;63484;0
51;9;63485;0
51;9;63486;0
51;9;63487;0
