CID;TABCD;LCD;NEG_OFF_LCD;POS_OFF_LCD
51;9;30866;;30867
51;9;30952;;30953
51;9;27306;22169;22170
51;9;12276;;21632
51;9;35505;;35506
51;9;30845;30844;30846
51;9;10576;10572;26706
51;9;23900;23899;23901
51;9;16735;;16736
51;9;27855;27851;
51;9;20572;;20573
51;9;32562;32561;32563
51;9;16846;;16847
51;9;24991;24989;24992
51;9;28540;28544;28539
51;9;32423;;32424
51;9;25053;;25054
51;9;24967;24966;
51;9;27197;27196;
51;9;12865;12864;12866
51;9;30122;30120;
51;9;30220;30219;
51;9;16768;16767;
51;9;22487;;22488
51;9;24481;24480;24482
51;9;23948;;23949
51;9;23910;10637;12308
51;9;32603;32602;32604
51;9;19268;19267;19269
51;9;28119;28118;28120
51;9;16659;16658;16660
51;9;23881;23880;
51;9;22846;22845;22847
51;9;16606;;16607
51;9;22798;;22799
51;9;31033;31032;31034
51;9;28999;;29000
51;9;10605;11934;11729
51;9;29123;;29124
51;9;16856;16855;16857
51;9;27853;27852;27854
51;9;22893;12536;12530
51;9;20921;11674;11399
51;9;35731;35730;
51;9;11434;10563;25294
51;9;21105;;21106
51;9;30702;30701;30703
51;9;31481;31480;31482
51;9;32724;32723;32725
51;9;11700;26912;11698
51;9;27636;21734;36452
51;9;23701;23700;23702
51;9;31416;;31417
51;9;10565;10106;10564
51;9;16672;;16673
51;9;20627;20626;
51;9;20625;20624;20626
51;9;16895;16894;
51;9;20449;20448;20450
51;9;29981;29980;
51;9;35956;;35957
51;9;29244;;29245
51;9;21324;21323;21325
51;9;12317;25667;12318
51;9;17542;17445;
51;9;28290;28289;
51;9;36257;;36258
51;9;21173;21172;
51;9;16490;16489;
51;9;36150;;36151
51;9;12120;12633;11301
51;9;24569;;24570
51;9;17138;17137;17139
51;9;25030;;25031
51;9;26405;21338;
51;9;26350;10427;25999
51;9;11338;11682;20852
51;9;16665;;16666
51;9;20154;;20155
51;9;16419;12147;16420
51;9;17053;17051;17054
51;9;17159;;17160
51;9;16510;;16511
51;9;32748;32747;
51;9;10521;10098;27452
51;9;32415;32414;
51;9;12627;27653;20958
51;9;24308;24307;24309
51;9;25578;25577;
51;9;36202;36201;
51;9;20981;11685;11681
51;9;22172;22171;25467
51;9;27707;22176;11635
51;9;10680;12329;11533
51;9;32170;32169;32171
51;9;17571;17546;11919
51;9;11453;;11450
51;9;11309;27615;27465
51;9;30970;30969;
51;9;21032;21031;10347
51;9;36425;;36426
51;9;25148;25147;25149
51;9;12860;12859;26641
51;9;24833;;24834
51;9;31427;;31428
51;9;35354;35353;
51;9;19811;;19812
51;9;16764;;16765
51;9;19150;19149;19151
51;9;16784;16783;16785
51;9;25328;;25327
51;9;26752;;26753
51;9;29589;;29590
51;9;36488;36483;21734
51;9;25112;;25113
51;9;25097;25096;25098
51;9;30091;30090;
51;9;16753;;16754
51;9;26715;;26716
51;9;22835;;22836
51;9;25579;;25591
51;9;16772;;16773
51;9;12042;11325;26659
51;9;22509;;22510
51;9;25161;;25163
51;9;12954;26645;11870
51;9;16635;16634;16640
51;9;19992;19991;19993
51;9;16433;;16434
51;9;26462;21232;
51;9;19503;19502;19504
51;9;25256;22887;12085
51;9;36225;29826;36226
51;9;11697;11569;23125
51;9;21009;21008;21010
51;9;22542;22541;22543
51;9;20697;20696;11393
51;9;35410;35409;
51;9;35266;35265;
51;9;28633;;36260
51;9;25395;;25397
51;9;32644;32643;32645
51;9;25854;;25853
51;9;28031;28030;
51;9;27409;27482;27410
51;9;16345;16344;16346
51;9;23221;23220;23222
51;9;31782;;31783
51;9;28382;;28383
51;9;20000;19999;20001
51;9;21129;;21130
51;9;21543;21542;
51;9;17106;;17107
51;9;24372;24371;24373
51;9;27487;10065;27488
51;9;35183;35182;35184
51;9;30355;;30356
51;9;22177;;22384
51;9;12124;16398;17561
51;9;26833;26832;
51;9;19907;19906;
51;9;35945;35944;35946
51;9;31382;31381;31383
51;9;35140;35139;
51;9;23749;23748;
51;9;17308;17307;17309
51;9;35957;35956;
51;9;29505;29504;
51;9;29232;29231;
51;9;21667;26011;21668
51;9;11685;20980;20981
51;9;16386;17470;12150
51;9;19583;19582;
51;9;22607;22606;
51;9;20643;20642;20644
51;9;19602;;19603
51;9;31468;31467;31477
51;9;20628;;20629
51;9;10652;10653;10598
51;9;22394;22393;22395
51;9;27396;27397;
51;9;11654;26042;23479
51;9;31008;31007;
51;9;12700;12699;21263
51;9;21923;21922;
51;9;32742;32741;
51;9;31304;31303;31305
51;9;22260;22259;22261
51;9;28734;28733;28735
51;9;25529;25477;25611
51;9;26337;36464;11193
51;9;29903;;29904
51;9;24097;24098;
51;9;31983;;31984
51;9;36023;;36024
51;9;28730;;28731
51;9;30189;30188;30190
51;9;29574;29573;
51;9;16745;16744;16746
51;9;36172;36171;
51;9;20675;25445;
51;9;26668;;26667
51;9;36132;;36133
51;9;17298;;17299
51;9;23557;23556;23558
51;9;19524;;19525
51;9;20191;;20192
51;9;12211;12208;12212
51;9;20847;;20848
51;9;20439;20440;
51;9;28309;28308;
51;9;26495;21462;21463
51;9;17071;;17072
51;9;20710;20708;20711
51;9;10741;10419;11170
51;9;36180;;36181
51;9;21989;;21990
51;9;12875;12874;
51;9;12947;26513;10470
51;9;20383;20382;
51;9;27232;27231;
51;9;11553;22663;10260
51;9;30821;;30822
51;9;11564;25175;12427
51;9;19168;19167;19169
51;9;22820;22819;
51;9;26926;;26928
51;9;31720;31719;
51;9;22096;;22097
51;9;17208;26962;17209
51;9;25029;25028;
51;9;16340;16339;11899
51;9;17184;;17185
51;9;19800;19799;19801
51;9;26032;26031;
51;9;35835;;35836
51;9;30910;;30911
51;9;27221;19525;27222
51;9;23921;23920;23922
51;9;28114;;28115
51;9;22706;;22707
51;9;28662;28661;
51;9;26616;26615;
51;9;28016;28015;
51;9;25334;25333;
51;9;24964;24963;24965
51;9;21688;;21689
51;9;35827;35826;
51;9;27216;27215;27217
51;9;30389;30388;
51;9;29895;29894;29896
51;9;10412;11133;11197
51;9;19439;;19440
51;9;23619;23618;
51;9;23675;23674;23676
51;9;31389;;31391
51;9;21185;26464;12160
51;9;32720;36323;32721
51;9;31506;31505;31507
51;9;16951;16950;16952
51;9;25608;23167;
51;9;30815;;30816
51;9;19271;19270;19272
51;9;32204;;32205
51;9;11411;27663;
51;9;10817;10757;36378
51;9;27277;;27276
51;9;20057;20056;
51;9;21316;21315;21317
51;9;26760;;26761
51;9;26901;26900;
51;9;31710;;31711
51;9;10499;22359;11451
51;9;32291;;32292
51;9;11748;11798;23585
51;9;21609;36492;26560
51;9;20459;20458;
51;9;14925;;14926
51;9;31159;31158;
51;9;17568;11499;17555
51;9;28611;28610;
51;9;22956;22955;
51;9;24045;;24046
51;9;21768;21767;21769
51;9;20652;20651;20653
51;9;30990;;30991
51;9;36330;35814;
51;9;28239;;28240
51;9;20701;;20702
51;9;19173;12773;19174
51;9;10507;11052;11456
51;9;27731;27730;
51;9;19242;19241;
51;9;23008;;23009
51;9;35223;35222;35224
51;9;30399;30398;
51;9;22501;22500;
51;9;27558;25571;26703
51;9;27564;27563;27565
51;9;29152;29151;
51;9;19805;19804;
51;9;24660;;24665
51;9;27663;27662;11411
51;9;29336;29335;
51;9;23597;23596;23598
51;9;23083;23082;23084
51;9;21007;21006;21008
51;9;35793;35792;35794
51;9;10550;10551;10549
51;9;16381;16380;11777
51;9;29323;29322;
51;9;30498;;30499
51;9;25293;22557;12653
51;9;12803;12802;25433
51;9;19286;19285;19287
51;9;20860;;20861
51;9;24015;24014;24016
51;9;21237;26456;21238
51;9;12707;21298;
51;9;22958;22957;
51;9;27846;27845;
51;9;35491;35490;
51;9;28572;28571;28573
51;9;11784;16374;16375
51;9;29053;29052;
51;9;31877;31876;
51;9;17601;;16935
51;9;10435;;22841
51;9;23346;;23347
51;9;10266;26327;26354
51;9;17061;17060;17062
51;9;23360;23359;
51;9;16453;11331;11330
51;9;23987;;23988
51;9;17162;17161;17485
51;9;16705;16704;
51;9;28353;;28354
51;9;27879;27878;27880
51;9;25784;;25785
51;9;26815;26814;26816
51;9;17026;17025;17027
51;9;27160;;27161
51;9;19730;19729;
51;9;24835;24834;24836
51;9;31151;;31152
51;9;24559;24558;
51;9;25886;25885;11524
51;9;23087;23086;
51;9;14877;;12654
51;9;32614;32613;
51;9;10462;26339;11138
51;9;23545;23544;23546
51;9;12905;12904;
51;9;35531;35530;
51;9;10480;25996;10479
51;9;28920;;28921
51;9;24122;24121;24123
51;9;24048;24047;
51;9;22744;;22745
51;9;35986;35985;35987
51;9;25016;;25018
51;9;19910;19909;19911
51;9;29037;;29038
51;9;28188;;28189
51;9;14886;14885;11760
51;9;26321;26322;10252
51;9;12771;19188;19189
51;9;23698;23697;
51;9;25555;25554;25556
51;9;11525;12244;
51;9;17334;17333;
51;9;17435;;17436
51;9;36365;36364;36366
51;9;20564;20563;
51;9;27813;36351;36352
51;9;17409;;17410
51;9;31697;31696;31698
51;9;26506;26505;
51;9;19779;19778;19780
51;9;28175;28174;
51;9;35628;35627;35629
51;9;32573;32572;
51;9;19590;19589;19591
51;9;23616;25871;23617
51;9;21611;11353;21612
51;9;25381;19363;25382
51;9;20565;;20566
51;9;20658;20657;20659
51;9;30493;30492;
51;9;25057;25056;
51;9;25152;25151;25153
51;9;35211;;35213
51;9;28901;28900;28902
51;9;27172;10888;27173
51;9;25476;23018;25477
51;9;12233;26729;26518
51;9;28636;;28637
51;9;23307;23306;11999
51;9;20095;;20094
51;9;30481;30480;
51;9;30730;;30731
51;9;32379;32378;32380
51;9;25286;10556;10552
51;9;17595;17594;17596
51;9;24299;24298;
51;9;12952;27094;11965
51;9;22077;22076;
51;9;28618;;28619
51;9;31276;;31277
51;9;30654;;30655
51;9;26664;;21836
51;9;17210;17527;17211
51;9;25634;25615;23518
51;9;24772;24769;
51;9;23269;23268;23270
51;9;12678;12677;
51;9;27706;11320;10277
51;9;27842;;27844
51;9;31272;;31273
51;9;12760;;12761
51;9;19873;;25365
51;9;25762;25761;
51;9;26823;21526;21527
51;9;23753;23752;23754
51;9;20107;20106;
51;9;28760;;28761
51;9;35149;35148;
51;9;27211;27210;
51;9;27388;;27389
51;9;35446;35445;
51;9;31152;31151;
51;9;24689;24688;
51;9;16468;16467;
51;9;23235;;23236
51;9;32031;;32032
51;9;25962;10236;10237
51;9;36004;36003;36005
51;9;10284;11114;36437
51;9;16469;;16470
51;9;17416;17415;17417
51;9;21222;21221;
51;9;31536;31535;31537
51;9;19633;19632;
51;9;25541;22564;25542
51;9;30188;;30189
51;9;11211;10271;27307
51;9;21854;21853;21871
51;9;27272;27273;23467
51;9;30490;30489;
51;9;14933;10744;10742
51;9;30917;30916;30918
51;9;22223;22222;12019
51;9;11147;10536;10535
51;9;10625;10624;10626
51;9;24566;24565;
51;9;28251;;28252
51;9;36265;32730;32731
51;9;21407;26746;26747
51;9;25128;25127;
51;9;16555;16554;16556
51;9;19300;19299;19301
51;9;23250;;23251
51;9;19384;19383;25380
51;9;16524;16523;16525
51;9;16776;;16777
51;9;25434;20229;20230
51;9;36045;36044;
51;9;31292;31291;31293
51;9;20124;;20125
51;9;23875;;23876
51;9;22214;22213;22215
51;9;23712;;23713
51;9;27501;;27502
51;9;32080;32079;
51;9;35435;35434;
51;9;27183;27140;
51;9;19484;;19485
51;9;31001;;31002
51;9;10252;26321;25453
51;9;28430;;28431
51;9;20123;20122;
51;9;23426;23425;25623
51;9;23683;23682;23684
51;9;12213;;10752
51;9;32097;;32099
51;9;10354;11967;27652
51;9;24873;10418;
51;9;10487;10488;10065
51;9;17423;17422;
51;9;32503;32502;
51;9;17028;26969;
51;9;11302;11419;24359
51;9;31768;;31769
51;9;21514;11615;21515
51;9;36405;11779;16379
51;9;21033;11973;21024
51;9;10753;36349;10751
51;9;10439;11181;10070
51;9;17528;17224;17225
51;9;26590;21711;26589
51;9;35850;;35851
51;9;31554;31553;
51;9;21060;12506;12508
51;9;29501;29500;
51;9;28674;28673;
51;9;22456;25952;22457
51;9;31561;31560;31562
51;9;24997;24996;24998
51;9;12633;10793;12120
51;9;21784;;21785
51;9;22069;;22070
51;9;17066;17065;27007
51;9;25678;25166;
51;9;30751;30750;30752
51;9;26822;26821;
51;9;24184;24183;24185
51;9;21603;21602;21606
51;9;22733;22732;22734
51;9;27587;27586;
51;9;35321;35320;35322
51;9;36171;;36172
51;9;29970;;29971
51;9;32677;32676;
51;9;27702;27701;
51;9;31514;31513;
51;9;26571;21599;26572
51;9;24116;;24117
51;9;20289;20288;20290
51;9;24821;24820;
51;9;30453;;30454
51;9;28769;;28770
51;9;21951;21950;
51;9;22954;;22955
51;9;24380;;24381
51;9;24021;24020;24022
51;9;22899;;22900
51;9;36472;36471;27741
51;9;31252;;31253
51;9;36239;36238;
51;9;30541;30540;36268
51;9;17058;17521;17059
51;9;11054;19161;12664
51;9;10756;16335;27599
51;9;20156;20155;
51;9;22206;;22207
51;9;20527;12445;27365
51;9;28767;28766;
51;9;12079;11575;23422
51;9;28157;28156;
51;9;22477;22476;22478
51;9;22882;22881;
51;9;29017;29016;29018
51;9;29667;29666;29668
51;9;12386;10684;
51;9;10457;11591;23281
51;9;12072;22842;22843
51;9;32161;32160;
51;9;17160;17159;17161
51;9;25101;25099;25100
51;9;28614;28613;28615
51;9;26318;10143;10720
51;9;29538;29537;29539
51;9;32536;;32537
51;9;21464;25719;11598
51;9;31543;31542;
51;9;23234;23233;
51;9;23736;;23737
51;9;27654;;21099
51;9;30016;;30017
51;9;10709;10708;26316
51;9;28739;28738;28740
51;9;21866;21865;
51;9;29214;;29215
51;9;20585;27190;20586
51;9;23179;23178;23180
51;9;21906;;21907
51;9;24286;;24287
51;9;31868;31867;
51;9;36226;36225;
51;9;12158;16418;27474
51;9;20645;;20647
51;9;24721;;24722
51;9;24112;24111;24113
51;9;31615;31616;
51;9;10401;11169;27393
51;9;35589;;35590
51;9;31789;31788;31790
51;9;20889;20888;
51;9;22183;22182;
51;9;19935;19934;
51;9;16796;16795;16797
51;9;35502;;35503
51;9;31136;;31137
51;9;11122;10377;10828
51;9;19601;19600;
51;9;16455;12829;16456
51;9;21345;21344;
51;9;12873;21628;
51;9;25640;25638;25917
51;9;10291;11804;
51;9;17405;;17406
51;9;20460;;20461
51;9;12008;23294;25690
51;9;35953;;35954
51;9;30308;30307;
51;9;32671;;32672
51;9;10505;25924;26356
51;9;21589;26570;21592
51;9;22085;;22086
51;9;30165;;30166
51;9;10002;;10498
51;9;32387;32386;
51;9;25617;25618;
51;9;22408;22407;22409
51;9;29410;29409;29411
51;9;31743;;31744
51;9;26636;26637;26638
51;9;26984;26983;
51;9;22543;22542;22544
51;9;26982;26981;26983
51;9;28419;;28420
51;9;36053;;36054
51;9;23447;23446;
51;9;29329;;29330
51;9;36261;31738;
51;9;27404;23129;23130
51;9;30960;;30961
51;9;22751;;22752
51;9;22304;22303;
51;9;24176;24175;
51;9;11175;10350;10345
51;9;35518;;35519
51;9;36289;31501;36290
51;9;16521;16520;
51;9;19255;19254;19256
51;9;24791;24790;24792
51;9;20600;20599;20601
51;9;28950;28949;28951
51;9;11898;16336;16337
51;9;25561;25560;23077
51;9;11177;10363;26374
51;9;26810;26809;26811
51;9;21940;21939;
51;9;35808;35807;35809
51;9;23944;;23945
51;9;20355;20486;
51;9;11555;11556;22662
51;9;23968;23967;23969
51;9;17127;;17128
51;9;11832;24396;24398
51;9;25565;;25575
51;9;19497;;19498
51;9;31524;;36237
51;9;25870;11440;25258
51;9;25848;11578;11577
51;9;17126;17125;
51;9;21178;21177;
51;9;28391;28390;28392
51;9;24106;24105;11445
51;9;17153;;17152
51;9;16908;16907;16909
51;9;28475;28474;
51;9;30418;30417;
51;9;21814;21813;
51;9;19143;19903;19144
51;9;29552;29551;
51;9;19906;19905;19907
51;9;28859;28858;
51;9;29612;;29613
51;9;22632;22631;
51;9;24336;24335;24337
51;9;25945;25321;23913
51;9;29495;29494;
51;9;28399;28398;28400
51;9;20097;20096;20098
51;9;26848;26847;
51;9;30528;30527;30529
51;9;32689;32688;
51;9;27179;27178;10738
51;9;21389;;21390
51;9;17078;17077;
51;9;22729;22728;22730
51;9;32770;32769;
51;9;17551;17550;11497
51;9;28671;28670;
51;9;21475;;21476
51;9;23339;23338;23341
51;9;11261;11262;
51;9;23157;23142;27169
51;9;25525;23095;
51;9;28034;28033;
51;9;11485;17461;10245
51;9;21141;21140;21142
51;9;21636;;21651
51;9;19699;;19700
51;9;22502;;22295
51;9;22147;22146;
51;9;35985;;35986
51;9;31072;;31073
51;9;29081;29079;
51;9;10629;10627;10120
51;9;12711;21305;26481
51;9;35709;35708;
51;9;21190;21189;21191
51;9;22112;22111;22113
51;9;23246;23245;23247
51;9;30985;30984;
51;9;21601;21600;
51;9;20931;20930;20932
51;9;28093;;28094
51;9;23053;23052;23054
51;9;35797;35796;35798
51;9;27980;;27981
51;9;32230;32229;
51;9;19506;19505;19507
51;9;24583;24582;
51;9;19987;19986;
51;9;29121;29120;
51;9;29933;;29934
51;9;31696;;31697
51;9;29907;29906;
51;9;23922;23921;23923
51;9;17223;17222;17224
51;9;26371;27628;27629
51;9;28630;;28631
51;9;35554;35553;35555
51;9;29635;29634;29636
51;9;27149;;27150
51;9;29878;;29879
51;9;31205;31204;
51;9;26367;10310;26368
51;9;32533;;32534
51;9;27437;10355;27438
51;9;32052;32051;
51;9;12906;;12907
51;9;27217;27216;
51;9;22844;22843;12073
51;9;23398;23397;
51;9;16935;17601;
51;9;21501;26543;21502
51;9;21782;21781;21783
51;9;23707;;23708
51;9;11789;16370;10692
51;9;22196;22195;22197
51;9;23957;25673;23958
51;9;19930;;25789
51;9;21415;27507;21416
51;9;12063;22894;12067
51;9;27849;27848;
51;9;26000;10424;10423
51;9;25367;19890;
51;9;21944;26627;21945
51;9;11212;10286;10288
51;9;24390;11996;10648
51;9;36481;36486;36487
51;9;12097;27733;
51;9;24019;24018;24020
51;9;28341;28340;28342
51;9;32606;32605;
51;9;27929;36321;
51;9;21895;21910;21894
51;9;21803;21801;21805
51;9;30651;30650;30652
51;9;23931;23930;
51;9;22485;22484;
51;9;12729;26850;12730
51;9;20172;25755;
51;9;19958;19957;19959
51;9;26876;26875;26877
51;9;28084;;28085
51;9;36177;;36178
51;9;29378;;29379
51;9;30214;30213;
51;9;30942;;30943
51;9;16689;;16690
51;9;23167;23166;25608
51;9;20548;25751;
51;9;11746;11743;11747
51;9;32214;32213;32215
51;9;24504;24503;24505
51;9;29526;29525;29527
51;9;16707;16706;
51;9;10644;27462;27463
51;9;27224;12770;25502
51;9;28647;28646;
51;9;11735;25826;25827
51;9;21979;;21980
51;9;20266;;20502
51;9;27107;12373;
51;9;25763;25364;14906
51;9;22591;25723;22592
51;9;19939;;25506
51;9;21323;;21324
51;9;10711;11159;11228
51;9;29814;29813;
51;9;31654;31653;
51;9;27567;10079;27628
51;9;23275;23274;23276
51;9;25065;25064;
51;9;28797;28796;28798
51;9;27885;27884;27886
51;9;30881;;30882
51;9;24266;24265;24267
51;9;17383;;17384
51;9;30388;;30389
51;9;35386;36252;35388
51;9;21394;;21395
51;9;17494;16763;17498
51;9;29761;29760;
51;9;32283;;32284
51;9;21200;;21201
51;9;22576;25552;22577
51;9;21842;21841;21843
51;9;23412;23411;23413
51;9;35327;35326;
51;9;28240;28239;
51;9;28549;;28550
51;9;29421;29420;29423
51;9;25081;;25082
51;9;23764;;23765
51;9;24549;;24550
51;9;32599;32598;
51;9;27727;27726;27728
51;9;29286;29285;29287
51;9;10285;27661;23891
51;9;25898;25647;23604
51;9;19646;25427;12908
51;9;27897;27896;
51;9;36491;10776;36492
51;9;30394;;30395
51;9;31432;31431;
51;9;14847;19635;14848
51;9;22326;25545;
51;9;25150;25149;25151
51;9;12057;16355;16356
51;9;31430;;31431
51;9;21313;21312;21314
51;9;35903;35902;
51;9;20587;11856;20588
51;9;20133;20132;20134
51;9;19580;19579;19581
51;9;24154;24153;24155
51;9;27508;10009;27509
51;9;24678;12840;24679
51;9;14835;14834;12514
51;9;28107;28106;28108
51;9;29280;29279;29281
51;9;31347;31346;
51;9;26757;26756;26758
51;9;21786;;25505
51;9;22302;22301;22303
51;9;24188;24187;24189
51;9;23818;23817;23819
51;9;23899;;23900
51;9;36085;36084;
51;9;23034;23033;23035
51;9;19700;19699;19701
51;9;35896;35895;35897
51;9;23830;23829;23831
51;9;27563;27562;27564
51;9;16608;16607;
51;9;24221;;24222
51;9;28627;;28628
51;9;28334;27891;
51;9;28550;28549;
51;9;31756;;31757
51;9;24775;24774;24776
51;9;30558;30557;30559
51;9;17041;17543;
51;9;19674;19673;19675
51;9;36059;;36060
51;9;28512;;28513
51;9;30864;30863;
51;9;22813;;22814
51;9;19887;19886;
51;9;20325;20324;20326
51;9;24473;;24474
51;9;14859;14858;10606
51;9;24869;24868;11949
51;9;17155;17154;17156
51;9;30658;30657;
51;9;35336;;35337
51;9;10586;10585;10588
51;9;22483;11736;12520
51;9;24303;24302;24305
51;9;24209;24208;
51;9;32417;;32418
51;9;28702;28701;
51;9;23778;23779;11945
51;9;28528;28527;
51;9;32304;32303;
51;9;14892;14891;11767
51;9;29354;;29355
51;9;21820;;21821
51;9;20772;20771;12098
51;9;27872;27871;27873
51;9;29604;29603;
51;9;31636;;31637
51;9;24698;24697;11951
51;9;26885;12673;12674
51;9;20271;20270;20272
51;9;30234;;30235
51;9;21144;26883;21145
51;9;19410;19409;
51;9;23859;23858;
51;9;35212;35213;
51;9;24201;24200;
51;9;23175;;23176
51;9;26873;;26874
51;9;23392;;23393
51;9;29787;29786;
51;9;36434;36433;
51;9;31296;;31297
51;9;23724;23723;
51;9;23270;23269;
51;9;25951;16579;16580
51;9;22105;;22106
51;9;19625;;19626
51;9;25140;;25141
51;9;29098;29096;29099
51;9;19582;;19583
51;9;29287;29286;29288
51;9;35987;35986;35988
51;9;31712;31711;31732
51;9;19390;19389;19391
51;9;27389;27388;
51;9;27730;27729;27731
51;9;24520;;24521
51;9;27857;;27858
51;9;27941;27940;27942
51;9;30100;30099;
51;9;25894;27697;25939
51;9;20805;11370;20806
51;9;31169;;31170
51;9;23383;11658;10517
51;9;32489;32488;32490
51;9;20735;11708;20736
51;9;23401;;23402
51;9;12267;12041;12268
51;9;21020;21019;
51;9;35917;35916;35918
51;9;12351;27646;27647
51;9;23375;23374;12333
51;9;24101;24100;
51;9;31231;;31232
51;9;21983;21982;
51;9;20338;20337;
51;9;16656;16655;16657
51;9;28698;28697;
51;9;19720;;19721
51;9;12241;25038;11953
51;9;20816;20815;
51;9;26975;;16494
51;9;17352;17351;
51;9;22083;22082;22084
51;9;11327;25705;
51;9;23050;23049;23051
51;9;24576;24575;
51;9;29438;29437;29439
51;9;12140;12143;16410
51;9;31630;;31631
51;9;28820;;28821
51;9;24054;;24055
51;9;23240;23239;
51;9;32093;;32094
51;9;17484;16839;16840
51;9;20052;20051;20053
51;9;29104;29103;29106
51;9;12111;;24545
51;9;28037;28036;
51;9;35617;35616;
51;9;22679;22678;
51;9;35202;35201;
51;9;30440;;30441
51;9;24628;;24629
51;9;27688;27687;27689
51;9;27081;27566;25954
51;9;29219;29218;
51;9;25470;11636;22176
51;9;22974;22973;
51;9;19747;;19748
51;9;20779;20778;
51;9;29590;29589;29591
51;9;12728;26849;26850
51;9;25410;25409;
51;9;30085;30084;
51;9;26500;26499;
51;9;20302;20301;20303
51;9;22506;22505;22507
51;9;26803;21503;
51;9;17163;17485;17164
51;9;21157;;21158
51;9;30908;30907;
51;9;28779;28778;28780
51;9;21520;26867;21521
51;9;25420;;25421
51;9;30681;30680;30682
51;9;30958;30957;
51;9;12856;12855;12857
51;9;16483;16482;
51;9;21658;21657;
51;9;20081;20080;
51;9;32400;32399;
51;9;26708;26707;10380
51;9;20261;;20262
51;9;16779;;16778
51;9;25326;25327;25325
51;9;12318;12317;12320
51;9;16872;16871;
51;9;20064;;20065
51;9;27317;11142;11143
51;9;28509;28508;28510
51;9;32382;;32383
51;9;27135;21705;21706
51;9;20290;20289;
51;9;32753;;32754
51;9;21734;36488;27636
51;9;30708;30707;30709
51;9;32242;32241;
51;9;12269;12628;21797
51;9;28986;28985;28987
51;9;26656;12391;11869
51;9;11674;26035;20921
51;9;12664;11054;
51;9;29102;29101;29103
51;9;28796;28795;28797
51;9;31981;31980;
51;9;23108;23107;23109
51;9;20561;;20562
51;9;11169;10400;10401
51;9;32472;;32473
51;9;22789;22788;22790
51;9;21953;21952;21954
51;9;23243;;23244
51;9;21319;;21320
51;9;25353;12796;25358
51;9;20988;;20989
51;9;27532;;27533
51;9;29648;;29649
51;9;25897;25896;25647
51;9;25680;;25681
51;9;29086;29085;29087
51;9;19541;19540;19542
51;9;23853;23852;
51;9;29793;29792;
51;9;12948;;11305
51;9;22691;22690;22692
51;9;17108;17107;
51;9;22010;22009;22011
51;9;19898;14820;14821
51;9;29091;36293;29092
51;9;24717;;24718
51;9;30298;;30299
51;9;27364;27363;27371
51;9;12901;12900;
51;9;24982;24981;
51;9;20811;20810;
51;9;27184;21687;27185
51;9;27309;26342;10434
51;9;10190;11837;11834
51;9;35522;35521;
51;9;20454;20453;
51;9;36389;;36390
51;9;12272;21777;12273
51;9;24855;24854;
51;9;19178;12776;19179
51;9;12329;11530;10680
51;9;30673;30672;30674
51;9;26705;26704;27640
51;9;19618;19617;19619
51;9;10359;10360;10357
51;9;35329;;35330
51;9;30208;30207;
51;9;31363;;31364
51;9;17413;;17414
51;9;26689;26688;
51;9;12781;12780;19165
51;9;21678;21677;
51;9;16913;16912;
51;9;27490;26907;27491
51;9;27252;27251;27253
51;9;32672;32671;32673
51;9;12155;16389;16390
51;9;22227;22226;22228
51;9;25853;25854;26044
51;9;20043;20042;20044
51;9;36242;36241;
51;9;22163;22162;
51;9;27195;27194;27196
51;9;29208;36300;29209
51;9;22443;22442;22444
51;9;25909;;25908
51;9;29820;29819;
51;9;28727;;28728
51;9;27079;11587;
51;9;20478;20477;20479
51;9;20269;25965;20270
51;9;12887;;12888
51;9;12187;10437;22901
51;9;11754;12945;19741
51;9;20766;11688;12087
51;9;17076;17075;17077
51;9;10277;27706;11271
51;9;19496;25629;
51;9;27099;27098;10798
51;9;21088;;21089
51;9;32122;;32123
51;9;10710;27589;27583
51;9;29971;29970;29972
51;9;10243;11484;19163
51;9;23843;23842;
51;9;21183;21182;21184
51;9;29638;29637;29639
51;9;23612;;23613
51;9;10304;27638;10057
51;9;26520;26522;12232
51;9;28492;;28494
51;9;19386;;19387
51;9;20699;20698;20700
51;9;32299;32298;
51;9;21942;21941;
51;9;36498;26561;21702
51;9;31288;;31289
51;9;28585;28584;
51;9;21964;12862;12863
51;9;35954;35953;
51;9;16968;16967;16969
51;9;27271;23097;25667
51;9;23959;23958;
51;9;28061;;28062
51;9;16486;;16487
51;9;20473;20471;20474
51;9;26582;26581;
51;9;24350;24349;24351
51;9;32483;32482;
51;9;29333;29332;
51;9;19509;25500;
51;9;20082;;20083
51;9;31977;;31978
51;9;10512;25922;11224
51;9;17132;17131;17133
51;9;21608;26030;
51;9;25670;25331;
51;9;11817;24217;25279
51;9;25874;25734;24731
51;9;31044;31043;31045
51;9;24034;24033;
51;9;27165;27318;27323
51;9;25118;25117;25119
51;9;26722;19967;
51;9;35558;;35559
51;9;11438;23591;23592
51;9;25707;24574;24575
51;9;31616;31614;31615
51;9;30395;30394;
51;9;30219;;30220
51;9;10364;10365;26373
51;9;16500;17512;
51;9;28041;28040;
51;9;30032;30031;
51;9;35288;35287;35289
51;9;20875;;20876
51;9;22735;;22736
51;9;30344;30343;
51;9;20311;20310;
51;9;36208;36207;
51;9;16746;16745;
51;9;20142;20141;
51;9;17114;17113;
51;9;27659;11414;27660
51;9;28431;28430;
51;9;27307;11211;10272
51;9;20932;20931;
51;9;24563;;24564
51;9;16536;16535;
51;9;29875;29874;29876
51;9;32353;32352;
51;9;31452;31451;
51;9;32075;32074;
51;9;23990;23989;23991
51;9;23861;23860;23862
51;9;12825;12824;12826
51;9;10700;27233;10701
51;9;20666;20665;
51;9;27911;27910;28699
51;9;11799;25292;
51;9;22511;22510;
51;9;17204;17203;17205
51;9;32349;32348;32350
51;9;35151;;35152
51;9;14899;16383;14900
51;9;32071;;32072
51;9;12533;23103;23104
51;9;12913;;21279
51;9;11443;10274;25257
51;9;19440;19439;19441
51;9;19669;19667;19668
51;9;26870;26869;
51;9;27919;27918;
51;9;11476;20537;11477
51;9;10815;11782;11779
51;9;12527;22555;22556
51;9;35227;35226;
51;9;17319;;17320
51;9;26717;20167;
51;9;31588;31587;31589
51;9;36362;36360;
51;9;11466;25354;19200
51;9;27721;10283;27722
51;9;30168;;30169
51;9;10001;10272;10273
51;9;31289;31288;
51;9;26490;;26487
51;9;25667;27271;12317
51;9;36096;;36097
51;9;32493;32492;32494
51;9;26952;26951;
51;9;26950;;26951
51;9;35798;35797;
51;9;30247;;30249
51;9;21094;;21097
51;9;21358;;21359
51;9;20083;20082;20084
51;9;30506;30505;30507
51;9;19308;19307;
51;9;21077;21076;21078
51;9;19996;;19997
51;9;31545;;31546
51;9;30795;;30796
51;9;17292;;17293
51;9;19921;19920;
51;9;12902;12790;19629
51;9;25739;;27115
51;9;32178;32177;
51;9;22414;22413;22415
51;9;22823;22822;
51;9;22492;22491;22493
51;9;11316;12369;25691
51;9;16810;16808;16812
51;9;24223;24222;24224
51;9;24420;24419;24421
51;9;27729;27728;27730
51;9;29041;29040;36292
51;9;31063;31062;31064
51;9;17453;10658;10653
51;9;12756;;12757
51;9;22605;22604;22606
51;9;11627;;12173
51;9;24313;25652;11420
51;9;21138;;21139
51;9;23143;;23144
51;9;21315;21314;21316
51;9;28462;28461;
51;9;36079;36078;
51;9;11208;10039;10254
51;9;10674;26361;11199
51;9;17502;16445;16446
51;9;26379;12698;12699
51;9;22666;;22667
51;9;28357;28356;
51;9;12545;12544;
51;9;32100;32099;32101
51;9;25011;;25012
51;9;19230;19229;
51;9;29347;;29348
51;9;28215;28214;28216
51;9;32369;32368;32370
51;9;22279;22278;
51;9;24803;24802;
51;9;28902;28901;
51;9;24161;24160;24162
51;9;10069;;10369
51;9;36471;36470;36472
51;9;35301;35300;
51;9;26579;21738;21740
51;9;21920;;21921
51;9;29754;29753;29755
51;9;29716;;29717
51;9;25085;;25086
51;9;24853;24852;24854
51;9;28980;28978;28981
51;9;11954;24695;24696
51;9;22719;12173;11625
51;9;25383;25382;
51;9;20721;20720;
51;9;21465;26502;25720
51;9;24518;24517;24640
51;9;17370;17369;17371
51;9;26826;26825;
51;9;17303;17302;
51;9;10421;10146;10419
51;9;24029;24028;24030
51;9;11605;11606;21247
51;9;28199;28198;28200
51;9;11545;22114;14911
51;9;27010;27009;
51;9;24857;24856;
51;9;21124;;21125
51;9;24727;;24728
51;9;23761;23760;
51;9;25997;25995;
51;9;32605;32604;32606
51;9;29934;29933;29935
51;9;32698;32697;32699
51;9;12179;11565;11563
51;9;17084;;17085
51;9;10269;11113;10271
51;9;27193;;27194
51;9;22772;22771;
51;9;35775;;35776
51;9;35470;;35471
51;9;31867;;31868
51;9;27831;;27833
51;9;16903;16902;
51;9;16587;;16588
51;9;21542;21541;21543
51;9;28198;;28199
51;9;28224;28223;
51;9;25037;25036;11983
51;9;23477;23476;23478
51;9;20441;;20442
51;9;22327;;22328
51;9;31892;31891;31893
51;9;17357;;17358
51;9;21523;21522;21524
51;9;24601;24600;
51;9;29294;29293;
51;9;26691;26687;26688
51;9;23841;;23842
51;9;11936;25710;22033
51;9;30632;30631;
51;9;20767;11386;11385
51;9;16477;16476;19785
51;9;22606;22605;22607
51;9;25336;;25337
51;9;28885;28884;
51;9;30141;30140;36305
51;9;30029;30028;
51;9;25284;;23750
51;9;32018;;32019
51;9;35598;;35599
51;9;21106;21105;21107
51;9;24195;24194;
51;9;17111;;17112
51;9;24651;11991;24652
51;9;28911;28910;
51;9;10276;;10280
51;9;29135;29134;29136
51;9;31257;31256;31258
51;9;21880;21879;
51;9;23470;23468;12835
51;9;25619;22734;25620
51;9;12332;;23097
51;9;25019;;25020
51;9;27689;27688;25289
51;9;21704;26033;36497
51;9;28164;;28165
51;9;31551;31550;
51;9;12658;21350;
51;9;29974;;29975
51;9;16673;16672;
51;9;35744;35743;
51;9;19181;12765;19182
51;9;26948;26947;
51;9;23317;23316;
51;9;31376;31375;
51;9;11980;;24872
51;9;16744;16743;16745
51;9;23210;;23211
51;9;25873;25562;25566
51;9;28170;28169;
51;9;31374;;31375
51;9;28179;28178;
51;9;29843;;29845
51;9;24484;24483;24485
51;9;17266;17265;17267
51;9;24664;24662;24663
51;9;16978;16977;
51;9;32699;32698;
51;9;29840;;29841
51;9;21648;21647;21650
51;9;25365;19873;19874
51;9;25695;23286;23287
51;9;21214;;21215
51;9;20644;20643;
51;9;35595;;35596
51;9;25903;;25902
51;9;32548;;32549
51;9;10254;11208;26324
51;9;23660;;23661
51;9;36297;;36298
51;9;12723;21441;12724
51;9;24108;24107;24109
51;9;31245;31243;31246
51;9;27322;27077;27078
51;9;32380;32379;
51;9;24666;;24667
51;9;21158;21157;21159
51;9;23874;23873;27111
51;9;10477;11617;26812
51;9;30026;30025;
51;9;25134;25133;
51;9;19523;19522;
51;9;16980;16979;16981
51;9;17569;11911;17570
51;9;16588;16587;
51;9;19688;19687;19689
51;9;28433;;28434
51;9;12143;16409;12140
51;9;29958;29957;
51;9;29666;29665;29667
51;9;17120;17119;
51;9;16730;16729;16731
51;9;24572;24571;24573
51;9;24834;24833;24835
51;9;22064;22063;
51;9;29837;;29838
51;9;23193;23192;
51;9;26615;;26616
51;9;24999;24998;25000
51;9;28272;28271;
51;9;16930;16929;
51;9;22071;22070;
51;9;19401;;19402
51;9;27845;27844;27846
51;9;21113;;21114
51;9;19252;;19253
51;9;19666;19665;19667
51;9;21716;;27382
51;9;22378;22377;
51;9;32668;32667;32669
51;9;10236;25961;25962
51;9;19818;19817;
51;9;35762;35761;35764
51;9;27994;;27993
51;9;12081;22891;22892
51;9;31738;31737;36261
51;9;29149;29148;
51;9;36220;36219;
51;9;25400;;19798
51;9;25310;12321;25938
51;9;11193;26337;26339
51;9;29420;;29421
51;9;31539;;31540
51;9;35593;35592;
51;9;10485;10484;25996
51;9;28982;28981;28983
51;9;25459;12078;11516
51;9;24618;24617;24619
51;9;31311;31310;
51;9;20989;20988;
51;9;12926;20900;12925
51;9;10379;11124;36414
51;9;32164;32163;
51;9;11594;11597;11592
51;9;25145;25144;25146
51;9;23790;23789;23791
51;9;16346;16345;17464
51;9;27447;27313;10458
51;9;20935;;20936
51;9;26014;26013;
51;9;36345;36344;
51;9;28882;28881;
51;9;16927;16928;26941
51;9;24785;;24786
51;9;27623;36453;27624
51;9;24701;24700;24702
51;9;11997;;12215
51;9;25564;25520;
51;9;30996;30995;
51;9;23738;23737;
51;9;19241;19240;19242
51;9;19894;19893;19913
51;9;21481;21482;21480
51;9;20481;20480;
51;9;27191;20586;27255
51;9;35422;35421;
51;9;22379;25575;22380
51;9;22603;22602;22604
51;9;19486;;19487
51;9;29986;;29987
51;9;22448;;22449
51;9;20497;;20498
51;9;11241;;27538
51;9;20656;;20657
51;9;25289;27689;25941
51;9;24605;24604;
51;9;31609;31607;
51;9;36367;36363;10124
51;9;10418;12262;24873
51;9;23114;;23115
51;9;22256;22255;22257
51;9;27013;27012;
51;9;24392;24391;11842
51;9;24018;24017;24019
51;9;30804;30803;
51;9;36462;;36463
51;9;29727;29726;29728
51;9;10598;10652;
51;9;25441;20349;
51;9;29343;36489;29344
51;9;12004;23301;23302
51;9;26373;10364;27537
51;9;16926;16925;
51;9;17019;17029;17020
51;9;32004;32003;
51;9;23674;23673;23675
51;9;32539;;32540
51;9;20518;20517;
51;9;35277;35276;35278
51;9;26349;11195;10471
51;9;26524;;26525
51;9;27196;27195;27197
51;9;24961;24960;
51;9;17415;;17416
51;9;23531;;23532
51;9;16841;;16842
51;9;35737;35736;
51;9;29182;;29183
51;9;25644;;25645
51;9;31537;31536;
51;9;20519;;20520
51;9;19253;19252;
51;9;20589;20763;20590
51;9;31947;31946;
51;9;36223;36222;
51;9;16624;16625;
51;9;23090;23089;23091
51;9;12799;12912;19637
51;9;27507;26763;21415
51;9;31069;;31070
51;9;25800;;25801
51;9;12878;12877;12879
51;9;22568;22567;22569
51;9;27235;;27236
51;9;32326;32325;
51;9;31228;;31229
51;9;21109;21110;
51;9;22080;22079;
51;9;10403;19196;19197
51;9;22694;22693;
51;9;22770;22769;
51;9;32104;32103;
51;9;36307;31855;31856
51;9;22116;22115;22117
51;9;11860;11859;20713
51;9;16590;16589;
51;9;21549;21548;26835
51;9;23564;23563;
51;9;32514;;32515
51;9;12497;10382;22222
51;9;35273;35272;35274
51;9;11559;12175;22784
51;9;25135;;25136
51;9;10649;10094;27460
51;9;20952;;20953
51;9;31567;;31568
51;9;17465;12359;17466
51;9;26539;21492;21493
51;9;25043;25042;
51;9;36343;36342;36344
51;9;10618;10619;10834
51;9;35314;35313;
51;9;31483;31482;31484
51;9;20994;20993;
51;9;29189;29188;
51;9;23088;;23089
51;9;25743;20148;20149
51;9;25871;23615;23616
51;9;20724;20723;20725
51;9;24381;24380;24382
51;9;35743;35742;35744
51;9;29186;29185;
51;9;30404;;30405
51;9;31591;;31592
51;9;27402;10369;27403
51;9;19899;25499;19900
51;9;23432;;23433
51;9;12782;25498;25499
51;9;10148;10417;
51;9;19927;19926;
51;9;24406;24405;24407
51;9;12249;;12248
51;9;24153;;24154
51;9;10323;11214;
51;9;20210;20214;20211
51;9;20797;20796;
51;9;17234;17233;
51;9;23588;23587;11802
51;9;23935;23934;
51;9;22792;22791;
51;9;17309;17308;
51;9;27372;11880;27373
51;9;10447;10449;27014
51;9;31370;;31371
51;9;23078;;23079
51;9;16628;16627;17566
51;9;29722;29721;29723
51;9;27540;10218;10221
51;9;26346;10458;26347
51;9;20637;20636;20638
51;9;23906;;25904
51;9;17543;17040;17041
51;9;32271;;32272
51;9;17039;17038;
51;9;28204;28203;28205
51;9;30782;;30783
51;9;35388;35386;
51;9;21905;21904;
51;9;32731;36265;
51;9;19176;19175;12774
51;9;26477;;26478
51;9;19751;19750;
51;9;24403;24402;
51;9;20532;20531;
51;9;22099;22098;
51;9;25955;19786;19787
51;9;16894;;16895
51;9;27877;27876;27878
51;9;32317;32316;
51;9;29593;;29594
51;9;23620;;23621
51;9;31213;31212;
51;9;26383;;26384
51;9;21847;;12851
51;9;27369;;20278
51;9;11465;19198;19199
51;9;27865;;28345
51;9;10151;10770;26330
51;9;11727;14862;22016
51;9;21714;12287;21712
51;9;20607;20608;
51;9;21008;21007;21009
51;9;21041;21040;21042
51;9;29594;29593;29595
51;9;12734;17458;12735
51;9;10801;11332;27569
51;9;10889;;12957
51;9;26604;;26605
51;9;36211;36210;
51;9;20670;20669;20671
51;9;22841;10435;22842
51;9;31815;31814;31816
51;9;36494;11311;36495
51;9;23542;23541;23543
51;9;25098;25097;
51;9;20685;20684;
51;9;25274;;24705
51;9;24992;24991;24993
51;9;24181;24180;24182
51;9;27521;27520;27522
51;9;35976;;35975
51;9;29813;;29814
51;9;30655;30654;
51;9;28214;28213;28215
51;9;19517;19516;
51;9;25832;;25833
51;9;19399;19398;19400
51;9;16761;;16762
51;9;28369;28368;28370
51;9;22852;22851;
51;9;31316;31315;31317
51;9;19275;19274;19276
51;9;32745;32744;
51;9;30591;30590;30592
51;9;11524;25886;23998
51;9;23961;23960;
51;9;26437;26435;
51;9;12546;12547;
51;9;12683;26460;12684
51;9;25527;23161;
51;9;10298;10297;26334
51;9;35642;35641;35643
51;9;10611;11429;27524
51;9;29368;29367;29369
51;9;10719;11229;10143
51;9;12699;26379;12700
51;9;24699;;24700
51;9;12051;10603;
51;9;24840;24839;24841
51;9;29617;29616;29618
51;9;11262;;11261
51;9;26990;;26991
51;9;11952;24005;
51;9;35939;35938;
51;9;36364;;36365
51;9;10563;11695;11434
51;9;20815;20814;20816
51;9;25884;25883;25885
51;9;19860;19859;
51;9;10497;11143;10049
51;9;35897;35896;
51;9;20118;20117;25435
51;9;10727;12892;
51;9;19802;;19803
51;9;24441;;24442
51;9;29883;29882;29884
51;9;29273;;29274
51;9;36075;;36076
51;9;19302;;19303
51;9;19780;19779;
51;9;22152;22151;
51;9;19864;19863;
51;9;25600;25547;25601
51;9;31331;31330;
51;9;35700;;35701
51;9;30271;;30272
51;9;24340;24310;24341
51;9;35534;35533;
51;9;24016;24015;24017
51;9;35614;35613;
51;9;27618;27621;10115
51;9;22452;22451;25533
51;9;35281;35280;
51;9;16519;16518;16520
51;9;19239;19238;19240
51;9;29363;29362;29364
51;9;30507;30506;
51;9;22175;11639;11638
51;9;24191;24190;24192
51;9;26962;;17208
51;9;23291;25694;25622
51;9;22785;22784;11556
51;9;11821;;12243
51;9;12197;;12193
51;9;22091;22090;
51;9;27425;;27426
51;9;24648;24647;11955
51;9;32439;;32440
51;9;25431;11714;25432
51;9;32437;32436;
51;9;17482;17481;16702
51;9;30195;;30196
51;9;19995;19994;
51;9;26816;26815;
51;9;10552;25286;11578
51;9;21498;26541;26540
51;9;36334;28153;28154
51;9;24513;24512;11964
51;9;30117;;30118
51;9;20475;;20476
51;9;27956;27955;
51;9;28752;28751;28753
51;9;29796;29797;
51;9;17229;17228;
51;9;35204;;36324
51;9;16785;16784;
51;9;27908;27907;28651
51;9;23799;23798;23800
51;9;24496;24495;
51;9;20573;20572;20574
51;9;24796;24795;24797
51;9;22290;22289;22291
51;9;28513;28512;28514
51;9;31638;31637;
51;9;23036;23035;23037
51;9;17338;17499;
51;9;20909;;20910
51;9;27171;23568;23569
51;9;31910;31909;
51;9;29130;29129;29131
51;9;29251;;29252
51;9;24957;12259;24958
51;9;29103;29102;29104
51;9;19843;;19844
51;9;32588;32587;
51;9;31649;;31650
51;9;35583;35582;35584
51;9;11569;11698;11697
51;9;11743;25300;11746
51;9;20329;20328;20330
51;9;35936;;35935
51;9;24691;;24690
51;9;31701;31702;
51;9;21933;21932;21934
51;9;23400;23399;
51;9;27265;;27264
51;9;19588;19587;
51;9;25826;22486;11735
51;9;23614;23613;23615
51;9;25896;25895;25897
51;9;10613;10830;10612
51;9;36069;36068;
51;9;10369;10069;27402
51;9;19301;19300;
51;9;22990;;22991
51;9;28337;28336;
51;9;21424;21425;26764
51;9;29776;29775;
51;9;32397;32396;
51;9;17107;17106;17108
51;9;36190;36189;
51;9;32158;32157;
51;9;20209;20208;20214
51;9;16949;16948;
51;9;24057;24056;24058
51;9;17396;17397;17398
51;9;16520;16519;16521
51;9;24119;24118;
51;9;23394;23393;23396
51;9;17307;;17308
51;9;28517;28516;28518
51;9;22847;22846;22848
51;9;16622;16621;22153
51;9;28056;28055;
51;9;31997;31996;31998
51;9;11283;27645;27646
51;9;25401;20635;20636
51;9;20642;27598;20643
51;9;20821;11250;20822
51;9;31223;;36279
51;9;23482;11257;11455
51;9;35351;35350;
51;9;19635;10569;14847
51;9;22516;22515;22517
51;9;17069;;17070
51;9;11659;23380;23381
51;9;35175;35174;
51;9;12121;24542;24543
51;9;35864;;35865
51;9;11856;11471;20587
51;9;12251;;12657
51;9;35619;;35620
51;9;26452;26451;
51;9;36402;;36401
51;9;30099;;30100
51;9;30994;30993;30995
51;9;24556;24555;24557
51;9;36419;;36420
51;9;24658;;24659
51;9;20135;;20136
51;9;16775;16774;
51;9;23756;23755;23757
51;9;24052;;24053
51;9;35883;;35884
51;9;17047;17048;
51;9;16564;16563;16565
51;9;12246;;24006
51;9;28145;28144;
51;9;31901;;31902
51;9;30438;30437;
51;9;22049;22048;
51;9;36356;11689;25631
51;9;32295;32294;
51;9;23314;23313;
51;9;17351;;17352
51;9;24408;;24409
51;9;23134;23133;23135
51;9;28963;28962;28964
51;9;19897;19896;12809
51;9;11052;;10507
51;9;28680;28679;
51;9;32427;32426;
51;9;27365;20527;11390
51;9;20676;;25495
51;9;21862;;21863
51;9;21651;21636;21637
51;9;36266;30669;
51;9;29915;29914;
51;9;27261;27262;27259
51;9;31413;;31414
51;9;12871;;12872
51;9;22715;11903;11904
51;9;22664;;22665
51;9;19158;20196;19142
51;9;26316;10709;11159
51;9;12694;;26429
51;9;25722;25721;25723
51;9;10617;25375;12445
51;9;28807;;28808
51;9;19251;19250;
51;9;12016;;19746
51;9;10702;10701;10023
51;9;25158;;25159
51;9;22423;22422;22424
51;9;22757;22756;25302
51;9;29914;;29915
51;9;31435;;31436
51;9;32651;32650;
51;9;24570;24569;
51;9;25500;19508;19509
51;9;21230;21229;26460
51;9;21115;;21116
51;9;31216;31215;
51;9;23710;;23711
51;9;21696;27185;
51;9;22616;22615;22617
51;9;26637;26635;26636
51;9;26711;26710;27510
51;9;24033;24032;24034
51;9;20879;;20880
51;9;20813;20812;20814
51;9;30838;30837;
51;9;32630;32629;32631
51;9;21483;26503;21482
51;9;27124;27410;27126
51;9;25100;25101;
51;9;26501;21478;
51;9;26758;26757;
51;9;16831;16830;16832
51;9;28088;28087;
51;9;29088;29087;29089
51;9;19155;21778;12892
51;9;25330;23909;12307
51;9;21851;21999;
51;9;12045;14829;10659
51;9;29077;29076;
51;9;22389;;22390
51;9;11658;23382;23383
51;9;26733;21410;21411
51;9;36148;36147;
51;9;25504;;21829
51;9;22359;11519;10499
51;9;29646;29645;
51;9;24400;;24401
51;9;22955;22954;22956
51;9;24022;24021;24023
51;9;29555;29554;29556
51;9;32402;;32403
51;9;27896;;27897
51;9;32066;32189;
51;9;22300;22299;22301
51;9;16974;16973;16975
51;9;36021;36020;
51;9;16517;;16518
51;9;20170;;20171
51;9;20997;20996;20998
51;9;19455;;19456
51;9;30334;;30335
51;9;28795;;28796
51;9;32692;32691;
51;9;17201;17200;17202
51;9;22965;22964;22966
51;9;19766;25376;19767
51;9;20222;;20223
51;9;27888;27887;27889
51;9;12186;;10437
51;9;27570;;27017
51;9;32261;32260;
51;9;28019;28018;
51;9;10360;11118;10359
51;9;24830;;24831
51;9;21284;21283;12915
51;9;31940;;31941
51;9;10279;21364;11319
51;9;12285;12286;21710
51;9;10551;10553;10550
51;9;11232;10465;36485
51;9;19778;19777;19779
51;9;12674;26885;21143
51;9;29975;29974;
51;9;30563;30562;
51;9;11850;19169;11852
51;9;27324;27315;27316
51;9;19755;19754;
51;9;20143;;20144
51;9;26706;10576;27560
51;9;14820;14819;19898
51;9;35582;;35583
51;9;28130;28129;
51;9;24395;24394;12217
51;9;30825;30824;30826
51;9;14865;14864;14902
51;9;22233;;22234
51;9;32474;32473;32475
51;9;35564;;35565
51;9;25449;20022;20023
51;9;24197;24196;24198
51;9;21898;;21899
51;9;24228;;24229
51;9;16797;16796;
51;9;20390;20389;
51;9;25768;25767;25769
51;9;29831;;29832
51;9;22149;22150;22148
51;9;20009;20008;
51;9;27628;27567;26371
51;9;28834;28833;
51;9;21195;21194;
51;9;23632;23631;
51;9;24478;;24479
51;9;16970;16952;16953
51;9;20178;;20179
51;9;21607;;26030
51;9;29963;;29964
51;9;21962;;21963
51;9;19586;;19587
51;9;19655;19654;
51;9;20613;;20614
51;9;26567;10725;10726
51;9;25072;;25073
51;9;22247;22246;22248
51;9;11187;14913;10460
51;9;26576;26578;12025
51;9;10114;;10806
51;9;24526;;24527
51;9;24534;;24535
51;9;22295;22502;11794
51;9;14932;12626;12667
51;9;27681;27680;27682
51;9;12092;20734;20764
51;9;30763;30762;
51;9;31843;31842;
51;9;23284;11589;11588
51;9;12277;21632;21633
51;9;24047;24046;24048
51;9;28664;;28665
51;9;11501;17555;11502
51;9;31083;31082;
51;9;14888;14887;11756
51;9;31562;31561;
51;9;12056;12530;25461
51;9;22400;;25612
51;9;17174;;17175
51;9;27109;24659;
51;9;12127;27339;12326
51;9;20227;20226;
51;9;19502;19501;19503
51;9;19256;19255;
51;9;10417;27639;10148
51;9;20601;20600;
51;9;25442;20363;
51;9;27974;;27975
51;9;31197;31196;31198
51;9;21191;21190;21192
51;9;31556;;31557
51;9;31592;31591;31593
51;9;26956;;16954
51;9;16629;22361;
51;9;26862;26861;26863
51;9;36459;36458;36460
51;9;29885;29884;
51;9;27983;;27984
51;9;27716;36372;27717
51;9;22367;11621;11619
51;9;20262;20261;
51;9;23754;23753;
51;9;32515;32514;
51;9;11210;26325;27400
51;9;36198;;36199
51;9;29179;;29180
51;9;29628;29627;29629
51;9;22927;22926;22928
51;9;19551;19550;19552
51;9;30752;30751;
51;9;16729;;16730
51;9;29881;29880;29882
51;9;26473;21299;26474
51;9;20619;20618;20620
51;9;23955;;25672
51;9;17152;17153;17151
51;9;19932;;19933
51;9;19983;19982;19984
51;9;21343;21342;
51;9;35667;35666;
51;9;29806;29805;
51;9;32091;32090;
51;9;28039;;28040
51;9;21518;26804;11610
51;9;21018;;21019
51;9;10749;16375;12388
51;9;28406;28405;28407
51;9;27416;;27418
51;9;21853;21852;21854
51;9;12941;;12897
51;9;11847;12348;12192
51;9;10121;;10755
51;9;23992;;23993
51;9;27723;27722;27767
51;9;28365;28364;28366
51;9;12776;;19178
51;9;20433;20432;
51;9;20384;;20385
51;9;21390;21389;
51;9;22730;22729;
51;9;36300;29206;29208
51;9;31825;31824;
51;9;25074;;25075
51;9;17402;17401;
51;9;28351;28350;
51;9;17224;17223;17528
51;9;24113;24112;24114
51;9;22868;22867;22869
51;9;36270;32341;32343
51;9;31957;;31958
51;9;20547;20546;12960
51;9;16523;16522;16524
51;9;22228;22227;
51;9;27462;25574;10644
51;9;27652;10354;21045
51;9;35746;;35747
51;9;28705;28704;
51;9;25046;;25047
51;9;25836;25835;
51;9;22821;;22822
51;9;25880;25879;25881
51;9;10271;10269;11211
51;9;35579;;35580
51;9;29145;;36301
51;9;20256;;20257
51;9;23123;23122;23124
51;9;31584;;31585
51;9;27146;27145;
51;9;23468;12834;23470
51;9;35805;35804;
51;9;28593;28592;
51;9;27675;27674;27676
51;9;11537;12024;
51;9;16800;;17547
51;9;21409;;21410
51;9;22421;;22422
51;9;22790;22789;
51;9;24445;24444;24446
51;9;21800;26659;10215
51;9;31908;;31909
51;9;19736;19735;19737
51;9;25384;;25385
51;9;24043;24042;24044
51;9;11765;;11764
51;9;30772;;30773
51;9;22888;12085;12083
51;9;24369;24368;12237
51;9;21886;;21887
51;9;30055;30054;
51;9;27955;;27956
51;9;27231;27230;27232
51;9;27150;27149;27151
51;9;32272;32271;32273
51;9;25342;25341;27108
51;9;24789;24788;
51;9;16642;16641;
51;9;22752;22751;
51;9;25099;;25101
51;9;19529;19528;19530
51;9;28314;;28315
51;9;30648;30647;
51;9;26954;;26955
51;9;20844;20843;
51;9;21819;21818;
51;9;22650;;22651
51;9;24065;;24066
51;9;24147;24146;
51;9;25942;10544;10540
51;9;10032;10250;11207
51;9;17422;;17423
51;9;20087;20086;
51;9;12720;;21436
51;9;29048;29047;29049
51;9;24020;24019;24021
51;9;11989;12203;
51;9;17166;17165;
51;9;11418;24314;25654
51;9;11181;10441;10439
51;9;32040;32039;
51;9;12899;12950;12900
51;9;24603;24602;
51;9;21057;21056;21058
51;9;22298;;22299
51;9;22759;22758;22760
51;9;26825;;26826
51;9;22796;22795;22797
51;9;11137;10076;10454
51;9;20594;20593;
51;9;22476;;22477
51;9;23973;;23974
51;9;35767;35766;
51;9;32205;32204;
51;9;27400;11210;10263
51;9;25977;23333;12191
51;9;25035;25058;25036
51;9;12235;12234;11251
51;9;19318;;19319
51;9;35749;;35750
51;9;28718;28717;28719
51;9;29303;29302;29304
51;9;17372;17511;17373
51;9;26855;21556;21557
51;9;20160;20159;
51;9;26958;;26959
51;9;19725;25407;25408
51;9;19753;19752;19754
51;9;23178;23177;23179
51;9;28571;28570;28572
51;9;30162;;30163
51;9;25974;;25973
51;9;23251;23250;
51;9;16938;16937;
51;9;28185;28184;28186
51;9;23867;25570;
51;9;14855;27340;27617
51;9;21544;;21545
51;9;11591;10459;10457
51;9;22182;22181;22183
51;9;25144;;25145
51;9;28762;28761;
51;9;32329;32328;
51;9;26550;26549;
51;9;22303;22302;22304
51;9;19272;19271;
51;9;20019;20018;
51;9;19970;;19971
51;9;23727;;23728
51;9;19387;19386;
51;9;25719;21463;21464
51;9;30638;30637;30639
51;9;11984;11535;23871
51;9;25638;25637;25640
51;9;25607;25606;
51;9;19920;;19921
51;9;19977;19976;
51;9;30635;30634;
51;9;25474;10240;10241
51;9;11505;10260;11552
51;9;31264;;31265
51;9;23266;23265;23267
51;9;20245;20244;
51;9;14894;14893;12148
51;9;29838;29837;
51;9;11111;10235;11112
51;9;23414;;23415
51;9;27132;;27133
51;9;35193;35192;
51;9;30484;30483;
51;9;30769;30768;30770
51;9;27638;10303;10304
51;9;25497;21690;21697
51;9;29834;29833;29835
51;9;28024;;28025
51;9;28621;;28622
51;9;30329;30328;
51;9;21620;21619;
51;9;12160;21185;21187
51;9;23651;23650;23652
51;9;23904;;23905
51;9;31253;31252;31262
51;9;20574;20573;
51;9;12146;17490;
51;9;12100;25399;12927
51;9;19729;;19730
51;9;12792;;19630
51;9;26469;26468;26470
51;9;10511;26357;25922
51;9;28704;;28705
51;9;35728;35727;
51;9;20798;20765;12094
51;9;21121;21120;
51;9;24616;11532;11985
51;9;20372;;20373
51;9;16609;;16610
51;9;24557;24556;
51;9;27164;27319;27318
51;9;36034;;36035
51;9;24050;24049;24051
51;9;28691;28690;
51;9;25595;25594;23028
51;9;20257;20256;
51;9;17110;;17109
51;9;22661;22660;
51;9;20568;20567;
51;9;27451;27479;14935
51;9;36050;;36051
51;9;11110;11166;10220
51;9;10039;10253;11208
51;9;24344;24343;24345
51;9;23793;;23794
51;9;24562;24561;
51;9;16657;16656;16658
51;9;36319;;36320
51;9;28687;28686;28688
51;9;35963;35962;
51;9;11340;21278;12930
51;9;29407;29406;
51;9;25021;25020;25022
51;9;17156;17155;
51;9;22226;22225;22227
51;9;20042;;20043
51;9;29966;;29967
51;9;23051;23050;23052
51;9;26600;;21664
51;9;23691;;23692
51;9;27598;27597;20642
51;9;23648;23647;
51;9;35232;;35233
51;9;16544;16543;
51;9;36168;;36169
51;9;30816;30815;
51;9;28004;;28005
51;9;30595;30594;30596
51;9;14842;11890;10203
51;9;25725;25724;
51;9;12268;12267;
51;9;20525;11864;20526
51;9;35278;35277;
51;9;26922;;27233
51;9;30609;30608;30610
51;9;20437;20436;
51;9;17403;;17404
51;9;19640;19639;12013
51;9;30727;;30728
51;9;17574;17573;11920
51;9;21280;21279;21281
51;9;25954;27081;27080
51;9;23928;23927;23929
51;9;17222;17221;17223
51;9;16533;;16534
51;9;20367;20366;20368
51;9;31395;31394;31396
51;9;11440;23598;25870
51;9;31858;;31859
51;9;27674;27673;27675
51;9;12953;11304;26512
51;9;36411;36410;24323
51;9;28771;28770;
51;9;19964;19963;19965
51;9;24589;24588;
51;9;35160;;35161
51;9;31505;;31506
51;9;26036;10231;10232
51;9;19714;27555;
51;9;27186;20583;27187
51;9;26039;;21164
51;9;20189;20188;20190
51;9;24242;24241;24243
51;9;27914;27913;27915
51;9;29140;29139;
51;9;30758;30757;30759
51;9;28169;28168;28170
51;9;20506;;20507
51;9;24086;24085;24087
51;9;19820;19819;19821
51;9;23097;12332;27271
51;9;28565;28564;
51;9;31098;;31099
51;9;19890;16461;25367
51;9;22371;22370;22372
51;9;24713;;24714
51;9;31359;;31360
51;9;20992;20991;
51;9;12654;14877;21457
51;9;20092;20091;20093
51;9;17461;17460;11485
51;9;20803;12164;19160
51;9;11867;;26657
51;9;32393;;32394
51;9;27177;21735;21736
51;9;23943;23942;
51;9;28418;28417;
51;9;31460;;31461
51;9;11492;;16347
51;9;12028;21574;12369
51;9;28495;28494;
51;9;12177;22889;22989
51;9;16632;16631;
51;9;23716;23715;23717
51;9;32139;32138;
51;9;10747;27118;17575
51;9;17345;17344;17346
51;9;21695;;21685
51;9;10478;14863;10476
51;9;27155;26575;26573
51;9;23252;;23253
51;9;30812;;30813
51;9;30685;30684;
51;9;25673;23956;23957
51;9;16668;;16669
51;9;10122;10667;10822
51;9;32013;32012;
51;9;27408;27407;27644
51;9;19280;;19281
51;9;25914;22159;
51;9;36255;36254;
51;9;22420;22419;
51;9;25918;25917;
51;9;24629;24628;24630
51;9;20141;;20142
51;9;21472;21471;21474
51;9;29325;;29326
51;9;31024;31023;
51;9;20016;20015;
51;9;25915;;23857
51;9;12132;12131;16405
51;9;21677;;21678
51;9;19542;19541;19543
51;9;24497;;24498
51;9;31528;31527;
51;9;24525;24524;
51;9;21650;21648;21649
51;9;20301;20300;20302
51;9;31499;31498;
51;9;35755;35754;35756
51;9;20810;;20811
51;9;32238;;32239
51;9;10220;11110;10218
51;9;23332;11655;11844
51;9;19488;19487;
51;9;32285;32284;
51;9;10426;11134;10062
51;9;21630;21629;
51;9;22321;22320;22322
51;9;11996;11999;24390
51;9;10339;10340;10337
51;9;11146;11145;27457
51;9;26472;12703;21288
51;9;21994;21993;
51;9;23643;23642;
51;9;20147;20146;20148
51;9;19798;25400;19799
51;9;22432;;22433
51;9;10357;10359;10355
51;9;32306;;32307
51;9;26712;20180;
51;9;23203;23202;
51;9;21537;26800;26882
51;9;21362;21361;
51;9;31783;31782;
51;9;17141;17140;
51;9;22301;22300;22302
51;9;25417;25416;
51;9;26577;21728;21729
51;9;19270;;19271
51;9;25978;23337;23338
51;9;35496;;35497
51;9;24166;24165;24167
51;9;26718;19961;
51;9;35736;;35737
51;9;26974;26972;26973
51;9;21521;21520;21522
51;9;31607;;31609
51;9;30443;;30444
51;9;35818;;35819
51;9;22323;22322;
51;9;31874;31873;
51;9;10651;12152;17486
51;9;10712;26896;11926
51;9;12645;;12646
51;9;29132;29131;29133
51;9;26658;11865;11868
51;9;27546;11561;22894
51;9;21741;;21742
51;9;11993;24650;11991
51;9;32695;32694;
51;9;11538;11540;11536
51;9;19215;12748;19216
51;9;28374;28373;28375
51;9;12017;12362;19739
51;9;16538;16537;
51;9;16994;16993;16995
51;9;12681;26459;
51;9;22007;17488;22008
51;9;20345;;20346
51;9;28816;;28817
51;9;31905;31904;
51;9;10196;11132;36373
51;9;28673;;28674
51;9;21730;21729;
51;9;27370;20530;20531
51;9;24827;;24828
51;9;28135;;28136
51;9;25659;;25660
51;9;28373;;28374
51;9;28452;28449;
51;9;24301;24300;
51;9;21738;21737;26579
51;9;29603;29602;29604
51;9;16619;;16620
51;9;20789;20788;
51;9;27717;27716;27718
51;9;35306;;35307
51;9;10065;10487;27487
51;9;31061;31060;31062
51;9;30281;30280;
51;9;16756;16755;16757
51;9;21583;26568;
51;9;24774;24773;24775
51;9;20504;20503;20505
51;9;20760;20759;20761
51;9;20590;20589;20591
51;9;32202;32201;
51;9;10751;10753;10097
51;9;12909;;12910
51;9;26030;21607;21608
51;9;20315;;20316
51;9;12323;27685;27686
51;9;31064;31063;
51;9;24676;11823;10305
51;9;27762;;27763
51;9;22009;22008;22010
51;9;22569;22568;
51;9;31294;31293;
51;9;31694;31693;
51;9;26043;25855;25856
51;9;28235;28234;28236
51;9;24358;24280;
51;9;19686;;19687
51;9;32627;32626;
51;9;10314;10312;10315
51;9;29750;29749;
51;9;20420;20419;20421
51;9;23080;23079;25558
51;9;22352;22351;
51;9;22700;;22701
51;9;25129;;25130
51;9;27499;22398;22399
51;9;32213;36304;32214
51;9;20438;;20440
51;9;21248;21488;
51;9;21493;26539;
51;9;21522;21521;21523
51;9;28455;28454;28456
51;9;29768;29767;29769
51;9;24130;24129;
51;9;26528;26527;26529
51;9;35561;;35562
51;9;29591;29590;
51;9;30661;30660;
51;9;20149;25743;20150
51;9;19813;19812;
51;9;19943;;19944
51;9;22546;22545;11647
51;9;17504;27114;17505
51;9;27435;36437;10289
51;9;22857;22856;22858
51;9;17599;17316;17315
51;9;21051;21050;
51;9;30402;36310;
51;9;22029;10429;22155
51;9;10654;12338;11769
51;9;20402;20401;20403
51;9;19338;25796;
51;9;23104;12533;12078
51;9;20771;20770;20772
51;9;17320;17319;17321
51;9;24861;24860;24862
51;9;24859;25305;24860
51;9;31183;;31184
51;9;26796;26797;
51;9;19923;19922;19924
51;9;30392;30391;
51;9;23350;23349;23351
51;9;26530;26529;
51;9;19453;;19454
51;9;22318;22317;25520
51;9;32734;32733;
51;9;28710;;28711
51;9;27869;27868;
51;9;23963;23962;
51;9;12242;;25038
51;9;21647;26019;21648
51;9;16593;16592;
51;9;35900;35899;
51;9;21503;12727;26803
51;9;23639;23638;
51;9;24781;24780;
51;9;35623;;36238
51;9;16576;16575;16577
51;9;22702;;22703
51;9;27759;;21162
51;9;16427;16428;16429
51;9;20036;20035;20037
51;9;24522;;24523
51;9;11708;20588;20735
51;9;31711;31710;31712
51;9;19622;19621;
51;9;26693;;26694
51;9;36118;36117;
51;9;32585;32584;
51;9;25263;10831;23735
51;9;23822;;25888
51;9;20278;27369;25747
51;9;10665;10666;10156
51;9;28573;28572;
51;9;21593;21592;
51;9;16594;;16595
51;9;24777;;24778
51;9;30857;30856;
51;9;26494;26493;
51;9;22937;22936;
51;9;28539;28540;
51;9;28332;;28333
51;9;17097;17096;17098
51;9;16430;16429;
51;9;19988;;19989
51;9;17340;17339;17341
51;9;21952;;21953
51;9;22945;22944;
51;9;19413;19412;
51;9;16497;16498;16496
51;9;27878;27877;27879
51;9;36423;36422;
51;9;24673;;24674
51;9;30931;30930;
51;9;24647;24646;24648
51;9;24100;24099;24101
51;9;27648;27647;21028
51;9;12102;14845;14846
51;9;30367;30366;
51;9;14862;14861;11727
51;9;35630;35629;35631
51;9;20886;20885;
51;9;24512;27088;24513
51;9;25034;25033;
51;9;22781;22780;
51;9;20978;20977;20979
51;9;35906;35905;
51;9;36238;35623;36239
51;9;30257;30256;
51;9;30859;;30860
51;9;25468;11643;22173
51;9;31344;31343;
51;9;32759;;32760
51;9;28945;28944;
51;9;11332;12923;10801
51;9;28052;;28053
51;9;22657;22656;
51;9;11563;12179;12175
51;9;29237;;29238
51;9;29600;;29601
51;9;24334;24333;
51;9;12258;12243;25058
51;9;16553;;16554
51;9;31367;31366;31368
51;9;27639;10416;10417
51;9;24736;24735;24737
51;9;21491;21490;21492
51;9;25572;25568;
51;9;26867;21519;21520
51;9;24993;24992;24994
51;9;32520;;32521
51;9;19409;19408;19410
51;9;25752;20285;20286
51;9;28342;28341;28343
51;9;14897;14896;12152
51;9;36232;;30421
51;9;12227;;26424
51;9;30969;;30970
51;9;32207;;32208
51;9;36183;;36184
51;9;30566;30565;30567
51;9;22602;22601;22603
51;9;30102;;30103
51;9;30844;30843;30845
51;9;29872;29871;
51;9;32443;32442;
51;9;30363;;30364
51;9;26688;26691;26689
51;9;17105;;17104
51;9;19704;19703;19234
51;9;10083;27384;
51;9;32292;32291;
51;9;32201;;32202
51;9;22033;11936;12946
51;9;21627;21626;
51;9;30991;30990;30992
51;9;32160;;32161
51;9;23916;25892;36410
51;9;20818;20817;
51;9;10523;12333;23376
51;9;31795;;31796
51;9;10120;10629;
51;9;11429;23594;10611
51;9;24208;;24209
51;9;24554;24553;24555
51;9;23750;25284;11940
51;9;22978;22977;
51;9;27615;27545;11309
51;9;27958;;27959
51;9;19836;;19837
51;9;26399;26397;10771
51;9;29335;;29336
51;9;26035;26034;11674
51;9;26562;36497;11880
51;9;11695;12295;10563
51;9;29345;29344;
51;9;20754;20753;20755
51;9;32063;32062;
51;9;27782;27783;11274
51;9;26906;11733;25710
51;9;29844;29845;
51;9;26559;10726;10728
51;9;25318;;23475
51;9;16944;16943;16945
51;9;27313;10460;27447
51;9;23837;23836;25648
51;9;21680;21679;
51;9;25282;;24412
51;9;17341;17340;17342
51;9;36048;36047;
51;9;35873;35872;
51;9;28590;;28591
51;9;35368;35367;
51;9;23721;;23722
51;9;21903;21902;21904
51;9;28095;28094;
51;9;23505;23504;23506
51;9;21040;21039;21041
51;9;31401;31400;
51;9;27918;;27919
51;9;14815;;14816
51;9;30145;30143;30144
51;9;22567;22566;22568
51;9;30346;;30347
51;9;21975;21974;21976
51;9;31631;31630;
51;9;25501;19611;19612
51;9;35403;35402;35404
51;9;11186;10763;10766
51;9;12067;12063;12065
51;9;19629;12902;12791
51;9;27699;23833;
51;9;20453;;20454
51;9;29083;;29084
51;9;32531;32530;
51;9;11639;22174;22175
51;9;23670;23669;23671
51;9;23787;23786;23788
51;9;17311;17310;
51;9;28025;28024;28026
51;9;21272;12686;12687
51;9;25639;23550;
51;9;23982;23981;23983
51;9;17577;17576;11922
51;9;11649;10270;25466
51;9;28822;28821;
51;9;11714;10574;25431
51;9;26880;;26881
51;9;28646;;28647
51;9;28324;28323;
51;9;11917;17472;17546
51;9;12287;21715;21714
51;9;24887;;24888
51;9;12861;26641;
51;9;35350;;35351
51;9;28386;28385;28387
51;9;32406;32405;
51;9;19146;14822;19147
51;9;16780;;16781
51;9;35972;;35973
51;9;31177;31176;
51;9;16790;;16791
51;9;26625;26624;
51;9;20161;;20162
51;9;19918;19917;
51;9;27466;27465;27467
51;9;30087;;30088
51;9;32079;32078;32080
51;9;32717;;32718
51;9;27667;27666;27668
51;9;12245;24006;11946
51;9;12298;24325;
51;9;27995;27967;
51;9;31409;;31410
51;9;30425;30424;30426
51;9;16454;12828;12829
51;9;27629;26371;10368
51;9;10721;11869;26645
51;9;35157;;35158
51;9;11228;10711;10713
51;9;21661;;21662
51;9;27700;;24025
51;9;11698;11700;11569
51;9;25349;25348;
51;9;35912;35911;35913
51;9;19838;;25411
51;9;25650;12343;12117
51;9;26041;22012;22013
51;9;35406;;35407
51;9;23939;23938;23940
51;9;21666;;26011
51;9;28737;28736;28738
51;9;36463;36462;
51;9;31926;31925;
51;9;11935;22186;
51;9;29570;;29571
51;9;10828;11122;10375
51;9;19237;;19238
51;9;16494;26975;17501
51;9;12874;;12875
51;9;28317;;28318
51;9;24726;24725;
51;9;19765;;25376
51;9;35399;;35400
51;9;17496;17145;17146
51;9;21126;;21127
51;9;30079;30078;
51;9;28787;28786;28788
51;9;28508;28507;28509
51;9;20165;;20166
51;9;19883;;19884
51;9;22156;;22157
51;9;21224;21223;
51;9;32412;32411;
51;9;30520;;30521
51;9;22768;22767;
51;9;19430;19429;19431
51;9;10766;11186;
51;9;11144;27453;27454
51;9;35269;35268;35270
51;9;22618;22617;
51;9;23115;23114;
51;9;30540;30539;30541
51;9;10509;10508;11223
51;9;12514;14835;
51;9;16888;16887;16889
51;9;11533;10680;
51;9;35548;35547;
51;9;16828;;17469
51;9;11257;23481;23482
51;9;24812;24811;
51;9;23798;23797;23799
51;9;26744;26743;26745
51;9;19914;19919;
51;9;21813;21812;21814
51;9;28050;28049;
51;9;29483;29482;
51;9;32517;;32518
51;9;29231;;29232
51;9;11263;21832;26665
51;9;23380;12214;11659
51;9;20684;20683;20685
51;9;17168;17167;
51;9;12804;25452;
51;9;17512;;16500
51;9;27484;27483;27485
51;9;20514;20513;20515
51;9;22313;22312;25519
51;9;22243;22242;22244
51;9;22073;22072;
51;9;17476;17227;17228
51;9;19793;;19794
51;9;35666;;35667
51;9;25905;;25906
51;9;21455;21454;26531
51;9;22779;22778;22780
51;9;32169;;32170
51;9;10331;10332;11216
51;9;29474;;29475
51;9;23989;;23990
51;9;26838;26837;26839
51;9;35845;35844;
51;9;31967;;31968
51;9;10345;11175;10343
51;9;20347;;20348
51;9;31517;31516;31518
51;9;20715;20714;11925
51;9;30567;30566;
51;9;31719;;31720
51;9;14876;14875;
51;9;21719;21718;
51;9;25714;11926;25869
51;9;20707;20706;20708
51;9;35932;35931;35933
51;9;20794;;20795
51;9;11470;11469;19204
51;9;23316;;23317
51;9;25663;;25674
51;9;10192;27517;27518
51;9;31848;;31849
51;9;11903;16342;22715
51;9;32145;32144;
51;9;10834;10618;10830
51;9;19351;19350;25921
51;9;20145;20144;20146
51;9;12892;19155;10727
51;9;21986;;21987
51;9;21869;;21870
51;9;14856;10602;10604
51;9;19421;19420;19422
51;9;24142;24141;24143
51;9;19576;19575;
51;9;22674;22673;
51;9;29305;29304;29306
51;9;36453;36427;27623
51;9;24401;24400;24402
51;9;12300;25893;12299
51;9;22011;22010;16597
51;9;27696;;27697
51;9;20207;25742;20208
51;9;31753;;31754
51;9;10414;;11133
51;9;31482;31481;31483
51;9;17293;17292;25700
51;9;17291;17532;
51;9;20752;;20753
51;9;30360;30359;
51;9;31114;31113;
51;9;21196;11286;21197
51;9;25109;;25110
51;9;11809;11807;11812
51;9;28058;;28059
51;9;31971;;31972
51;9;20976;20975;11276
51;9;31582;31581;
51;9;29626;;29627
51;9;21570;21569;21571
51;9;25404;19266;19267
51;9;26622;26621;
51;9;29879;29878;29880
51;9;11802;23588;23589
51;9;20807;20806;11371
51;9;21901;;21902
51;9;21314;21313;21315
51;9;22063;;22064
51;9;21038;21037;21039
51;9;28836;;28837
51;9;25521;22343;
51;9;12122;;16413
51;9;17228;17476;17229
51;9;19790;;19791
51;9;23805;23804;23806
51;9;30269;30268;
51;9;31744;31743;
51;9;17172;;17173
51;9;22180;22179;
51;9;12412;;23324
51;9;24182;24181;
51;9;23769;23768;
51;9;32307;32306;32308
51;9;29458;29457;29459
51;9;19772;19771;19773
51;9;19953;19952;
51;9;20171;20170;25755
51;9;21921;21920;
51;9;17295;;17296
51;9;28367;28366;28368
51;9;21004;20973;21005
51;9;25581;23042;
51;9;12685;;12686
51;9;23549;23548;23550
51;9;11236;10858;10859
51;9;28400;28399;
51;9;22348;22347;
51;9;21712;21714;12290
51;9;23979;23978;23980
51;9;28914;28913;
51;9;35766;;35767
51;9;10146;14937;10421
51;9;10470;12947;11272
51;9;23150;;23151
51;9;16379;36405;16380
51;9;30801;30800;
51;9;31811;31810;
51;9;28958;28957;28959
51;9;25998;10428;10427
51;9;27978;27977;
51;9;27009;;27010
51;9;20153;20152;
51;9;16373;16372;16374
51;9;30256;;30257
51;9;25520;22318;25564
51;9;20648;20647;
51;9;35809;35808;
51;9;29865;29864;29866
51;9;28997;28996;
51;9;24985;24983;24984
51;9;21001;21000;
51;9;12299;12300;24325
51;9;27977;;27978
51;9;30043;30042;
51;9;31542;;31543
51;9;22100;;22101
51;9;19693;19692;
51;9;22860;22859;22861
51;9;16762;16761;16763
51;9;32490;32489;
51;9;28323;;28324
51;9;27848;;27849
51;9;21382;21380;25340
51;9;23047;25597;23048
51;9;16651;;16652
51;9;25596;25513;25597
51;9;26969;17027;17028
51;9;35205;36324;35206
51;9;31572;31571;31573
51;9;24604;;24605
51;9;25610;25316;
51;9;25530;22385;22387
51;9;16813;16812;16814
51;9;25545;22325;22326
51;9;30664;30663;
51;9;25123;25122;
51;9;10119;10638;36403
51;9;28708;28707;
51;9;17240;17239;
51;9;28029;28028;28030
51;9;25276;24656;11990
51;9;30650;;30651
51;9;26335;10300;10301
51;9;16858;;16859
51;9;31165;;31166
51;9;32488;;32489
51;9;32051;;32052
51;9;21971;25991;21973
51;9;30560;30559;
51;9;11978;36399;11979
51;9;19331;25797;
51;9;16425;16424;16426
51;9;14926;14925;
51;9;29817;29816;
51;9;28456;28455;
51;9;21798;21797;11325
51;9;31564;;31565
51;9;16472;16471;16473
51;9;19776;;19777
51;9;20516;20515;25969
51;9;16891;16890;
51;9;12847;;24881
51;9;25265;;25266
51;9;30585;30583;
51;9;24598;;24599
51;9;21335;26381;
51;9;17022;;17023
51;9;20579;;20580
51;9;35690;35688;
51;9;30903;30902;
51;9;25435;20118;20120
51;9;20892;;20893
51;9;22151;;22152
51;9;25588;25587;
51;9;25522;;25540
51;9;22561;;22562
51;9;19705;;19706
51;9;36166;36165;
51;9;26325;27434;11210
51;9;24187;;24188
51;9;22693;;22694
51;9;27432;27431;
51;9;23569;27171;
51;9;22134;22133;
51;9;17507;16933;17508
51;9;21937;21936;
51;9;10257;10256;10041
51;9;27965;27964;
51;9;29537;;29538
51;9;30939;;30940
51;9;31535;;31536
51;9;16699;;16700
51;9;21002;11344;21003
51;9;36390;36389;
51;9;22746;27556;22747
51;9;32033;32032;
51;9;21363;26511;21364
51;9;35613;;35614
51;9;28040;28039;28041
51;9;32069;36308;
51;9;35307;35306;35308
51;9;11447;24104;24105
51;9;29026;;29027
51;9;24145;27703;
51;9;10572;27640;10576
51;9;11964;24513;24515
51;9;25133;;25134
51;9;28917;28916;28918
51;9;32026;32025;
51;9;28900;;28901
51;9;27174;11203;27175
51;9;35632;35631;35633
51;9;21452;21451;21454
51;9;23138;23139;
51;9;27357;27356;36436
51;9;19874;25365;
51;9;21359;21358;
51;9;20091;;20092
51;9;26009;26008;26010
51;9;30463;;30464
51;9;27624;27623;27178
51;9;32356;32355;32358
51;9;29702;29701;29703
51;9;19153;19154;12632
51;9;17491;16556;16557
51;9;29558;36325;
51;9;21913;;21914
51;9;24626;;24627
51;9;29734;;29735
51;9;20872;20871;
51;9;20796;;20797
51;9;19677;19676;
51;9;27634;27422;27423
51;9;11934;25687;10605
51;9;31792;;31793
51;9;24193;;24194
51;9;10232;26036;10024
51;9;26366;10723;10725
51;9;31671;;31672
51;9;22793;;22794
51;9;24070;24069;
51;9;24415;24414;
51;9;21778;12273;19155
51;9;16979;;16980
51;9;20865;;20866
51;9;22286;22285;22288
51;9;23775;23776;23774
51;9;31339;;31340
51;9;32467;32466;
51;9;27385;11246;12626
51;9;29311;;29312
51;9;16602;16601;21931
51;9;21982;;21983
51;9;10554;11581;12415
51;9;35801;35800;35802
51;9;36283;28755;28756
51;9;31431;31430;31432
51;9;24324;24323;25893
51;9;12232;26520;
51;9;30639;30638;
51;9;27100;10798;19642
51;9;20206;20205;25742
51;9;29826;29825;36225
51;9;21114;21113;
51;9;24207;24205;
51;9;27151;27150;
51;9;19240;19239;19241
51;9;23847;;23848
51;9;30537;30536;
51;9;23478;23477;25269
51;9;16948;16947;16949
51;9;19649;;27128
51;9;23662;;23663
51;9;21435;21434;
51;9;24186;24185;
51;9;10217;11109;11166
51;9;35165;;35166
51;9;22803;22802;22804
51;9;23181;;23182
51;9;11967;10358;10354
51;9;21277;12220;21278
51;9;12944;12943;11686
51;9;30446;;30447
51;9;24751;;24752
51;9;22342;;22343
51;9;25943;23539;
51;9;25983;25982;
51;9;24749;;24750
51;9;21948;21947;21949
51;9;21290;21289;21291
51;9;21023;21022;11973
51;9;27452;10521;27453
51;9;10475;21517;11612
51;9;27694;11410;27695
51;9;32319;;32320
51;9;20809;20808;12942
51;9;24521;24520;
51;9;26020;21638;
51;9;23298;23297;23299
51;9;35415;;35416
51;9;23725;;23726
51;9;21208;21207;21209
51;9;22946;;22947
51;9;29138;29137;29139
51;9;30331;;30332
51;9;16509;;16508
51;9;24335;;24336
51;9;32554;;32555
51;9;10225;11206;10226
51;9;21035;21034;21036
51;9;29835;29834;
51;9;30216;;30217
51;9;31357;31356;
51;9;23029;23028;
51;9;36205;36204;
51;9;35759;35758;
51;9;22728;27263;22729
51;9;24485;24484;
51;9;28302;28301;
51;9;16936;;17493
51;9;16481;16451;
51;9;21274;21273;12688
51;9;28154;36334;
51;9;21550;;21551
51;9;19785;16477;
51;9;12695;25339;
51;9;23803;;23804
51;9;35970;35969;
51;9;36372;27715;27716
51;9;25609;25605;25613
51;9;31246;31245;
51;9;26919;;26920
51;9;25628;12826;
51;9;10382;19740;12497
51;9;17230;;17526
51;9;21548;21547;21549
51;9;35268;;35269
51;9;10535;11147;10104
51;9;30610;30609;
51;9;20640;;20641
51;9;24631;;24632
51;9;20558;20557;25447
51;9;12830;16456;16457
51;9;22840;22839;
51;9;12725;;12726
51;9;12359;12010;17465
51;9;31239;;31240
51;9;10162;;25928
51;9;29532;29531;
51;9;12484;25708;27354
51;9;16702;17482;
51;9;21283;12914;21284
51;9;25042;25041;25043
51;9;30014;30013;
51;9;32012;;32013
51;9;32257;32256;32258
51;9;28479;28478;28480
51;9;10240;10239;25474
51;9;17142;;17143
51;9;21591;21590;
51;9;28258;28257;28259
51;9;35670;35669;
51;9;12805;;25756
51;9;20323;20322;
51;9;28263;28262;
51;9;19841;19840;19842
51;9;19402;19401;19403
51;9;19558;19557;
51;9;28965;28964;28966
51;9;27115;25739;20115
51;9;17150;17148;
51;9;23437;23436;23438
51;9;22258;22257;22259
51;9;27593;27592;27754
51;9;27406;27512;27407
51;9;31838;31837;31839
51;9;20168;;25448
51;9;24059;;24060
51;9;26396;26395;
51;9;14833;12052;14834
51;9;32584;32583;32585
51;9;22393;22392;22394
51;9;19519;19518;19520
51;9;26386;26385;
51;9;11136;10445;10441
51;9;25852;25713;
51;9;12032;12030;21056
51;9;11483;;14827
51;9;20248;20247;20249
51;9;17373;17372;17374
51;9;11220;27353;10076
51;9;12027;21572;21573
51;9;23085;;23086
51;9;17129;17128;17130
51;9;17430;17429;
51;9;19654;19653;19655
51;9;20528;;25446
51;9;35921;;35922
51;9;11166;10217;11110
51;9;24580;24579;24581
51;9;17347;17346;
51;9;20971;20970;
51;9;30295;;30296
51;9;24374;24373;24375
51;9;36386;;36387
51;9;25751;12817;20548
51;9;29911;29910;36295
51;9;25816;25815;19321
51;9;28780;28779;28781
51;9;32328;;32329
51;9;12796;;25353
51;9;29400;29399;29401
51;9;20049;;25791
51;9;28407;28406;28409
51;9;32339;;32340
51;9;25566;25873;
51;9;25364;27823;25763
51;9;26554;26372;10363
51;9;28005;28004;
51;9;35680;35679;
51;9;12935;;12936
51;9;22465;22464;22466
51;9;21143;12674;26883
51;9;27439;10348;27440
51;9;11890;11889;14842
51;9;36133;36132;
51;9;10115;27618;27340
51;9;25479;19171;19172
51;9;20029;;20030
51;9;25146;25145;
51;9;26797;26795;26796
51;9;20549;;20550
51;9;26460;21230;12683
51;9;19499;19498;
51;9;25842;25841;25843
51;9;35661;35660;
51;9;31522;31521;
51;9;31990;31989;31991
51;9;10577;27560;10112
51;9;35673;35672;35674
51;9;23342;;23343
51;9;11834;10190;24396
51;9;12950;;12899
51;9;12749;19217;
51;9;35143;35142;
51;9;35830;35829;
51;9;31595;;31596
51;9;20618;20617;20619
51;9;20726;;20727
51;9;35790;35789;
51;9;31471;31470;31473
51;9;29786;29785;29787
51;9;22148;22149;
51;9;22962;22961;
51;9;20223;20222;20224
51;9;19145;19144;19904
51;9;27987;27986;27988
51;9;27924;27922;27925
51;9;35724;;35725
51;9;32492;;32493
51;9;30290;;30291
51;9;29894;;29895
51;9;23120;;23121
51;9;24432;24431;
51;9;12307;25330;10637
51;9;35577;35576;
51;9;21822;21821;
51;9;31968;31967;31969
51;9;12165;11274;20977
51;9;29005;29004;29194
51;9;17591;16914;16916
51;9;24719;;24720
51;9;30551;;30552
51;9;28363;28362;28364
51;9;25337;25336;25338
51;9;23161;23160;25527
51;9;10806;10114;11132
51;9;10814;10670;
51;9;20076;20075;20077
51;9;36251;36250;
51;9;35287;;35288
51;9;11798;22296;11748
51;9;20361;;20362
51;9;19722;19721;25335
51;9;24306;;24307
51;9;20764;12092;20765
51;9;21642;21641;21643
51;9;30693;30692;
51;9;12354;36400;11532
51;9;28473;;28474
51;9;10764;11288;36350
51;9;27166;27323;27167
51;9;29478;29476;
51;9;20786;20785;
51;9;21252;;21253
51;9;26931;26930;26932
51;9;27266;23191;27267
51;9;23457;;23458
51;9;25067;25066;
51;9;25964;11215;10310
51;9;31172;;31173
51;9;24657;25277;11838
51;9;11143;27317;10497
51;9;20507;20506;
51;9;23367;23366;
51;9;32718;32717;
51;9;29385;29384;29386
51;9;32679;;32680
51;9;11197;10412;10411
51;9;25139;25138;
51;9;23574;;23575
51;9;25407;;19725
51;9;11914;16416;
51;9;17565;17531;
51;9;23640;;23641
51;9;36400;24615;12354
51;9;22684;22683;22685
51;9;35892;35891;
51;9;21941;;21942
51;9;25671;25662;
51;9;21425;;21424
51;9;22871;22870;22872
51;9;36351;36350;27813
51;9;35629;35628;35630
51;9;27105;27104;
51;9;32546;32545;
51;9;11790;17584;16370
51;9;21139;21138;
51;9;24831;24830;24832
51;9;11157;10689;26363
51;9;28368;28367;28369
51;9;28800;;28801
51;9;22832;;22837
51;9;25698;25697;23215
51;9;16621;;16622
51;9;16865;16864;16866
51;9;10052;10288;10290
51;9;32232;;32233
51;9;10432;26344;10431
51;9;24718;24717;
51;9;19148;19147;19149
51;9;16742;16741;
51;9;16997;16996;17552
51;9;21474;21472;21473
51;9;16591;;16592
51;9;29811;29809;
51;9;10859;11236;10861
51;9;35343;;35344
51;9;16410;12140;
51;9;22926;22925;22927
51;9;21806;21805;26005
51;9;35641;35640;35642
51;9;35357;35356;35358
51;9;27544;27543;12380
51;9;21508;21507;21509
51;9;21633;12277;12278
51;9;31130;31129;
51;9;28847;;28848
51;9;24788;24787;24789
51;9;20912;20911;20913
51;9;19823;19822;
51;9;25087;;25088
51;9;23755;;23756
51;9;16641;;16642
51;9;35657;35656;
51;9;16838;16837;16839
51;9;30634;;30635
51;9;10548;12296;23127
51;9;30369;;30370
51;9;36141;;36142
51;9;27733;11055;12097
51;9;11479;11478;14823
51;9;11417;;24366
51;9;31814;31813;31815
51;9;14885;14866;14886
51;9;24011;24010;25901
51;9;12083;22888;22889
51;9;30125;30124;30126
51;9;28805;28804;
51;9;23711;23710;
51;9;19556;19555;19557
51;9;21104;21103;
51;9;29978;29977;
51;9;30786;30784;
51;9;19998;;19999
51;9;19947;;25437
51;9;16679;16678;16680
51;9;23568;;27171
51;9;23239;;23240
51;9;22181;;22182
51;9;27967;;27995
51;9;28117;;28118
51;9;35895;;35896
51;9;10301;26335;11116
51;9;29584;29583;
51;9;20167;20166;26717
51;9;27003;27002;
51;9;22454;25533;
51;9;24470;;24471
51;9;17479;12965;
51;9;29972;29971;
51;9;21194;;21195
51;9;16501;16502;
51;9;29639;29638;29640
51;9;25132;25131;
51;9;11783;17475;17562
51;9;22756;;22757
51;9;17369;;17370
51;9;36416;12520;
51;9;10888;36370;27172
51;9;28595;;28596
51;9;35475;35474;
51;9;10540;25942;25658
51;9;20432;;20433
51;9;23680;23679;
51;9;26482;12713;12714
51;9;25298;25432;25299
51;9;28839;;28840
51;9;30875;;30876
51;9;25654;11418;24316
51;9;32074;32073;32075
51;9;12237;24369;12250
51;9;12709;21318;
51;9;21656;26606;12274
51;9;27094;11966;12952
51;9;29571;29570;
51;9;30398;30397;30399
51;9;10569;11712;19635
51;9;35500;35499;
51;9;12960;20547;12817
51;9;25657;25656;10544
51;9;36466;36465;27736
51;9;21883;;21884
51;9;30115;30114;
51;9;10524;27456;11145
51;9;27336;;27337
51;9;23658;23657;23659
51;9;22580;22579;22581
51;9;19810;19809;12171
51;9;17048;;17047
51;9;24258;;24259
51;9;30861;30860;
51;9;31414;31413;
51;9;36000;35999;
51;9;27606;27605;27607
51;9;36413;29927;36335
51;9;24062;;24063
51;9;25547;25546;25600
51;9;19680;19681;19682
51;9;22282;22281;
51;9;29279;;29280
51;9;31313;;31314
51;9;16824;;16825
51;9;25602;25548;
51;9;26794;26793;26795
51;9;17046;17045;
51;9;17385;;17386
51;9;30856;;30857
51;9;29598;29597;
51;9;31913;31912;
51;9;22299;22298;22300
51;9;26599;26598;
51;9;19216;19215;19217
51;9;28983;28982;
51;9;30700;;30701
51;9;35702;35701;
51;9;28972;28971;
51;9;19491;;19492
51;9;27525;25877;23591
51;9;26451;;26452
51;9;11702;22722;22723
51;9;22545;11739;22546
51;9;35152;35151;
51;9;29426;29425;29427
51;9;29382;29381;
51;9;22309;;22310
51;9;16788;17424;16789
51;9;30714;30713;
51;9;11976;;23839
51;9;12105;16363;12106
51;9;29778;;29779
51;9;10429;11734;22029
51;9;12311;23913;23914
51;9;36065;;36066
51;9;11947;23868;23779
51;9;32460;;32461
51;9;31191;31190;31193
51;9;23919;23918;23920
51;9;24039;;24040
51;9;28525;28524;
51;9;35982;;35983
51;9;24863;;24864
51;9;19616;19615;19617
51;9;22551;22550;22552
51;9;24832;24831;
51;9;31683;31681;31682
51;9;21176;;21177
51;9;20074;20073;20075
51;9;20332;20331;20333
51;9;16421;16420;16422
51;9;17301;;17302
51;9;21193;21192;12034
51;9;36259;;29206
51;9;20882;20881;
51;9;24180;24179;24181
51;9;23410;23408;
51;9;24995;24994;
51;9;35192;;35193
51;9;35888;35887;35889
51;9;29847;;29848
51;9;29045;36292;
51;9;21181;26454;21182
51;9;31190;;31191
51;9;35682;;35683
51;9;30893;30892;
51;9;20442;20441;20443
51;9;22150;;22149
51;9;19971;19970;19972
51;9;23386;23385;23387
51;9;22328;22327;22329
51;9;35876;35875;35877
51;9;25721;22588;25722
51;9;27373;27372;
51;9;20255;20254;
51;9;23382;23381;11658
51;9;30642;30641;
51;9;35216;35215;35217
51;9;20588;20587;11708
51;9;29218;;29219
51;9;23399;;23400
51;9;17119;;17120
51;9;11668;23373;23374
51;9;30602;30601;
51;9;10831;10835;25263
51;9;19754;19753;19755
51;9;24506;;24507
51;9;19760;14908;19761
51;9;20232;20231;
51;9;11057;16504;10601
51;9;28311;;28312
51;9;20406;20405;20407
51;9;17005;;17006
51;9;36127;36126;
51;9;21082;;21083
51;9;17444;;17445
51;9;20947;20946;
51;9;20174;20173;20175
51;9;32399;;32400
51;9;27331;27330;27332
51;9;35313;;35314
51;9;16990;16989;16991
51;9;20373;20372;
51;9;24128;24127;
51;9;22361;22360;16629
51;9;30835;30834;
51;9;25061;25060;
51;9;11150;10561;10555
51;9;35607;;35608
51;9;17576;23213;17577
51;9;12842;24680;
51;9;26939;26938;26940
51;9;26430;26429;25339
51;9;22842;22841;12072
51;9;20428;20427;20429
51;9;21471;21470;21472
51;9;32003;;32004
51;9;14845;14844;12102
51;9;17472;17471;11917
51;9;24240;24239;
51;9;19679;25405;
51;9;32694;;32695
51;9;29409;;29410
51;9;11643;25467;25468
51;9;35599;35598;
51;9;28082;28081;
51;9;16967;16966;16968
51;9;27993;27994;
51;9;30423;;30424
51;9;17326;17325;17327
51;9;16703;;16704
51;9;29332;;29333
51;9;28682;;28683
51;9;21414;;26763
51;9;16851;16850;
51;9;23744;23743;23745
51;9;36264;32505;
51;9;28068;28067;
51;9;29087;29086;29088
51;9;25829;22218;22219
51;9;29935;29934;
51;9;25154;;25155
51;9;25805;27108;25343
51;9;30303;30302;30304
51;9;30829;30828;
51;9;16787;16786;
51;9;25549;22592;25550
51;9;17419;17418;
51;9;35983;35982;
51;9;23511;23510;
51;9;29551;;29552
51;9;21996;26672;
51;9;25536;23071;23073
51;9;12903;;12904
51;9;11192;11138;11191
51;9;16534;16533;
51;9;25950;22390;22391
51;9;36404;36403;
51;9;36455;;36456
51;9;32173;;32174
51;9;27645;11969;11283
51;9;31167;31166;
51;9;19956;19955;19957
51;9;19912;19911;19919
51;9;32297;;32298
51;9;23570;;23571
51;9;22262;22261;
51;9;26800;21536;21537
51;9;36381;17225;
51;9;11874;21732;27637
51;9;12333;23375;10523
51;9;19187;12766;19188
51;9;16347;11492;11932
51;9;17548;17463;17549
51;9;20190;20189;
51;9;10822;10122;10666
51;9;35174;;35175
51;9;30417;;30418
51;9;26034;20920;26035
51;9;31856;36307;
51;9;11168;11167;10400
51;9;16503;;16502
51;9;36348;11665;23304
51;9;27642;10134;10688
51;9;28064;;28065
51;9;22372;22371;22373
51;9;16401;16400;16402
51;9;28567;;28568
51;9;20344;20343;
51;9;29752;;29753
51;9;32001;32000;
51;9;27206;27205;
51;9;22754;22753;22755
51;9;21646;;26019
51;9;20440;20438;20439
51;9;29513;;29514
51;9;27704;;23918
51;9;21584;;21585
51;9;23152;23151;23155
51;9;29977;;29978
51;9;24866;24865;24867
51;9;17177;17176;
51;9;26517;26518;26516
51;9;32116;32115;32117
51;9;23717;23716;23718
51;9;20825;;20826
51;9;19528;;19529
51;9;35823;35822;35824
51;9;11831;12107;36397
51;9;35649;35648;
51;9;17544;17368;
51;9;23403;;23404
51;9;21988;21987;
51;9;11578;10552;25848
51;9;26602;11362;21652
51;9;20742;;20743
51;9;24300;;24301
51;9;22251;22250;
51;9;11844;23332;11840
51;9;27646;11283;12351
51;9;35998;35997;35999
51;9;31208;31207;31209
51;9;30813;30812;
51;9;23766;;23767
51;9;12735;12734;
51;9;19526;;19527
51;9;29314;;29315
51;9;36370;;10888
51;9;28793;28792;
51;9;10270;11651;11649
51;9;10352;11176;10348
51;9;31915;;31916
51;9;20553;20552;20554
51;9;12180;22783;
51;9;23734;23732;23733
51;9;20061;20060;
51;9;24765;25732;
51;9;25418;;25419
51;9;27248;;27249
51;9;36360;36361;36362
51;9;30144;30145;
51;9;35325;35324;35326
51;9;22161;22160;
51;9;26395;;26396
51;9;10370;26364;10109
51;9;24204;24203;
51;9;12833;;27273
51;9;29511;29510;
51;9;21556;26854;26855
51;9;12375;27547;12945
51;9;10538;10539;10534
51;9;19672;19671;19673
51;9;20376;20375;20377
51;9;10612;10613;10610
51;9;19614;19613;19615
51;9;16640;16635;
51;9;27293;27291;
51;9;21090;21089;
51;9;25484;25483;11862
51;9;27880;27879;
51;9;29008;29007;
51;9;12718;21406;26746
51;9;11315;23324;12365
51;9;16727;16726;16728
51;9;24508;24507;24509
51;9;35280;;35281
51;9;10003;;26329
51;9;21724;;21725
51;9;27383;12876;12877
51;9;29753;29752;29754
51;9;29525;;29526
51;9;19861;;19862
51;9;20953;20952;
51;9;24365;24364;
51;9;12234;26769;12235
51;9;35252;35251;
51;9;26479;26478;
51;9;26612;;26613
51;9;29498;29497;
51;9;19415;19414;19416
51;9;20837;20836;
51;9;20419;20418;20420
51;9;27200;;27201
51;9;16596;;17488
51;9;24014;;24015
51;9;10434;27309;26343
51;9;27298;12508;27301
51;9;32212;32211;36304
51;9;17011;17010;17012
51;9;20604;20603;20605
51;9;10305;24676;24677
51;9;30053;30052;30054
51;9;10444;27311;27310
51;9;36387;36386;
51;9;12368;12500;
51;9;19603;19602;19604
51;9;17197;;17198
51;9;19179;19178;12777
51;9;16769;;16770
51;9;24213;24212;24214
51;9;10264;26326;26327
51;9;20823;20822;20824
51;9;30889;;30890
51;9;22931;22930;
51;9;27887;27886;27888
51;9;19471;;19472
51;9;17068;;17067
51;9;26878;14881;
51;9;23827;11522;12297
51;9;21137;21136;
51;9;19694;;19695
51;9;20575;;20576
51;9;31570;;31571
51;9;21519;;26867
51;9;36011;36010;
51;9;31568;31567;
51;9;21171;21170;
51;9;23389;23388;
51;9;35725;35724;
51;9;28667;;28668
51;9;28108;28107;28109
51;9;22192;12655;12198
51;9;25496;12811;20538
51;9;21981;21980;26895
51;9;22021;22020;22022
51;9;23579;;23580
51;9;23441;23440;23442
51;9;16869;16868;16870
51;9;20833;20832;20834
51;9;30254;30253;
51;9;26333;10292;10294
51;9;25979;;25980
51;9;20399;;20400
51;9;22880;;22881
51;9;25892;11425;23916
51;9;35652;35651;35653
51;9;36271;29174;29175
51;9;10286;10163;11212
51;9;11271;10277;11597
51;9;17315;17599;
51;9;11762;36384;11761
51;9;11159;26316;10711
51;9;29713;;29714
51;9;31679;31678;
51;9;32120;32119;
51;9;25436;20047;20048
51;9;19784;19783;
51;9;14824;14823;14825
51;9;19976;;19977
51;9;14898;17468;16383
51;9;10051;25927;10082
51;9;29939;29938;29940
51;9;10023;10702;
51;9;28478;28477;28479
51;9;23879;23878;
51;9;11469;19202;11470
51;9;27403;27402;26364
51;9;26685;26684;
51;9;21012;;21013
51;9;26698;26895;26699
51;9;20862;20861;
51;9;16647;16646;16648
51;9;32274;32273;
51;9;23857;25915;
51;9;16866;16865;
51;9;11810;12250;24370
51;9;29545;;29546
51;9;22748;22747;
51;9;20102;20101;20103
51;9;35213;35211;35212
51;9;30704;30703;30705
51;9;19559;;19560
51;9;28994;28993;28995
51;9;26005;21806;21807
51;9;31818;31817;
51;9;23636;;23638
51;9;31123;31121;31124
51;9;30657;;30658
51;9;28933;28932;28934
51;9;25700;17293;17294
51;9;17362;17361;17363
51;9;12794;12793;19631
51;9;11421;11424;25653
51;9;11285;25690;23295
51;9;10506;26356;10508
51;9;22370;;22371
51;9;17564;12130;16400
51;9;22620;22619;22621
51;9;30890;30889;
51;9;11496;16599;
51;9;12490;10295;24611
51;9;25051;25050;25052
51;9;26008;26007;26009
51;9;35462;35461;
51;9;31730;31729;31731
51;9;27461;10646;25574
51;9;11773;10659;17579
51;9;27709;;27710
51;9;17354;;17353
51;9;25105;25104;
51;9;11987;24370;
51;9;22469;22468;
51;9;28178;28177;28179
51;9;36377;10799;11183
51;9;24046;24045;24047
51;9;22587;22586;
51;9;19948;25437;19949
51;9;26428;26427;
51;9;25408;19725;
51;9;28428;28427;
51;9;28451;28450;
51;9;21091;;21093
51;9;25422;;25424
51;9;12963;12962;12965
51;9;24800;24799;
51;9;29711;29710;
51;9;28177;;28178
51;9;22573;22572;
51;9;20751;20750;
51;9;31723;31722;31724
51;9;21855;21871;21856
51;9;23866;23865;25570
51;9;28427;28426;28428
51;9;21932;21931;21933
51;9;16496;16497;
51;9;17199;;17200
51;9;28918;28917;
51;9;22330;;22331
51;9;27456;10522;10524
51;9;22240;22239;22241
51;9;16634;16633;16635
51;9;24516;11961;24517
51;9;25257;11443;11442
51;9;12131;16404;12132
51;9;12716;26771;26770
51;9;19756;;19757
51;9;31256;;31257
51;9;24637;;24638
51;9;23576;;23577
51;9;21441;12722;12723
51;9;35750;35749;
51;9;25454;11112;11230
51;9;31383;31382;31384
51;9;19411;;19412
51;9;17214;17213;
51;9;12243;11821;12258
51;9;10216;10781;
51;9;29701;29700;29702
51;9;10231;10230;26036
51;9;28975;28974;28976
51;9;29546;29545;
51;9;21857;21856;21858
51;9;22475;22474;
51;9;35780;35779;
51;9;31576;31575;
51;9;28327;28326;
51;9;21561;21560;26856
51;9;32597;32596;32598
51;9;20476;20475;20477
51;9;22005;22003;22006
51;9;25270;;25271
51;9;28964;28963;28965
51;9;31884;;31885
51;9;28910;;28911
51;9;20423;20422;20424
51;9;25340;21382;21384
51;9;23293;23292;
51;9;17023;17022;17024
51;9;31156;31155;
51;9;19936;;19937
51;9;32714;;32715
51;9;36234;29235;
51;9;16658;16657;16659
51;9;19682;19680;19683
51;9;10082;10051;10770
51;9;30024;30023;30025
51;9;28008;28007;28009
51;9;22338;22337;
51;9;30511;30510;
51;9;28448;28447;28449
51;9;25416;;25417
51;9;31045;31044;31046
51;9;26575;12025;27155
51;9;36032;36031;
51;9;30616;30615;
51;9;11938;22036;22037
51;9;16886;17537;16885
51;9;26865;;26866
51;9;21003;21002;11298
51;9;21192;21191;21193
51;9;35412;;35413
51;9;29769;29768;
51;9;23681;;23682
51;9;24437;;24438
51;9;25165;25164;
51;9;26846;;26847
51;9;23042;23041;25581
51;9;22939;22938;
51;9;28174;28173;28175
51;9;30173;30172;
51;9;26857;21562;26858
51;9;22089;22088;
51;9;23789;;23790
51;9;23506;23505;23507
51;9;23722;23721;23723
51;9;32691;;32692
51;9;28321;28320;
51;9;32498;;32499
51;9;29686;29685;
51;9;35786;35785;
51;9;24597;24596;
51;9;35715;35714;35716
51;9;20291;;20292
51;9;26380;;21268
51;9;21872;;21873
51;9;31785;;31786
51;9;23368;;23369
51;9;16942;16941;16943
51;9;20088;;20089
51;9;16507;27622;
51;9;20938;20937;
51;9;12651;11510;
51;9;19978;;19979
51;9;30570;30569;
51;9;26619;26618;
51;9;36409;36408;10668
51;9;26513;26515;12947
51;9;20983;20982;11680
51;9;29010;;29011
51;9;30798;30797;
51;9;21160;21159;
51;9;11135;25948;10428
51;9;21515;21514;21516
51;9;31417;31416;31419
51;9;17546;11917;17571
51;9;25828;22191;12655
51;9;28887;;28888
51;9;20111;;20112
51;9;27445;10476;11222
51;9;28870;28869;
51;9;29684;;29685
51;9;28881;;28882
51;9;24888;24887;
51;9;12859;21792;12860
51;9;22558;;22559
51;9;20793;20792;
51;9;28274;;28275
51;9;36063;36062;
51;9;23730;23729;
51;9;31140;31139;
51;9;24352;;24353
51;9;16505;;16504
51;9;25893;24324;12300
51;9;17029;;17019
51;9;28761;28760;28762
51;9;30454;30453;30458
51;9;20136;20135;
51;9;22668;;22669
51;9;28380;28378;
51;9;31705;31704;
51;9;35425;35424;
51;9;21418;21416;21417
51;9;19961;19960;26718
51;9;35908;;35909
51;9;11313;20695;20696
51;9;23788;23787;
51;9;25557;;25704
51;9;16695;16694;16696
51;9;25612;22400;22403
51;9;17510;17509;
51;9;19188;19187;12771
51;9;36373;10196;11131
51;9;10639;10641;10638
51;9;27947;;27948
51;9;36433;;36434
51;9;21762;26639;11872
51;9;12184;;22717
51;9;20139;;20140
51;9;11624;11905;10210
51;9;36269;;31921
51;9;16343;27832;16344
51;9;12835;23470;
51;9;10713;11228;10714
51;9;29209;29208;29210
51;9;28001;;28002
51;9;29129;;29130
51;9;10484;10481;10485
51;9;22537;;22538
51;9;10375;10828;26709
51;9;28650;28649;
51;9;25297;;25946
51;9;27649;26889;11971
51;9;27108;25342;25805
51;9;10389;11128;27442
51;9;24385;;24386
51;9;26725;26724;26726
51;9;27431;;27432
51;9;35289;35288;35290
51;9;25606;25593;25607
51;9;16999;;17000
51;9;25493;19426;19427
51;9;19952;;19953
51;9;22157;22156;22158
51;9;20584;27189;27190
51;9;22242;;22243
51;9;27256;27255;
51;9;21613;21612;11354
51;9;21911;21909;21912
51;9;29671;;29672
51;9;30678;30677;
51;9;10410;10408;27685
51;9;21683;21682;25867
51;9;23273;;23274
51;9;17081;;17082
51;9;12523;12521;16352
51;9;31187;31186;31188
51;9;12220;;21277
51;9;32563;32562;
51;9;21777;21776;12272
51;9;25765;25764;25766
51;9;23439;23438;
51;9;11502;11501;11504
51;9;30672;;30673
51;9;24757;;24758
51;9;12802;;12803
51;9;30800;;30801
51;9;24103;11449;24104
51;9;17452;17451;12049
51;9;27162;12666;
51;9;35274;35273;
51;9;28576;28575;
51;9;16832;16831;
51;9;28424;28423;
51;9;31320;;31321
51;9;19304;;19306
51;9;36278;28953;28954
51;9;31121;31120;31123
51;9;27300;27299;21061
51;9;36056;;36057
51;9;31998;31997;
51;9;10134;10687;27642
51;9;20414;20413;20415
51;9;28731;28730;
51;9;20871;20870;20872
51;9;36392;36391;36394
51;9;22660;22659;22661
51;9;27937;;27938
51;9;21380;21381;21382
51;9;25781;25446;
51;9;16676;16675;
51;9;27766;27765;
51;9;29203;29202;
51;9;35742;;35743
51;9;31493;;31494
51;9;31776;31775;31777
51;9;30035;30034;30036
51;9;16402;16401;16404
51;9;17285;17284;17286
51;9;23158;27169;
51;9;19446;19445;19448
51;9;20650;20649;
51;9;12880;12879;
51;9;26376;10337;10335
51;9;12815;20544;20545
51;9;32239;32238;
51;9;22966;22965;22967
51;9;19291;19290;
51;9;26746;12718;21407
51;9;25480;20712;11859
51;9;27693;27692;11410
51;9;23453;;23454
51;9;20403;20402;20404
51;9;25797;;19331
51;9;31751;31750;
51;9;24121;;24122
51;9;12925;12926;
51;9;27489;27488;
51;9;32267;32266;32268
51;9;21146;21145;21147
51;9;11852;11850;25478
51;9;16950;;16951
51;9;30153;;30154
51;9;22905;22904;22906
51;9;19427;25493;19428
51;9;27683;27682;27684
51;9;31731;31730;
51;9;32773;32772;
51;9;30343;;30344
51;9;28242;;28243
51;9;21172;;21173
51;9;24351;24350;
51;9;35935;35936;
51;9;30895;;30896
51;9;35404;35403;
51;9;25587;25586;25588
51;9;24236;24235;
51;9;21912;21911;
51;9;31589;31588;
51;9;16844;;16845
51;9;24965;24964;24966
51;9;25760;19904;19905
51;9;20702;20701;20703
51;9;20854;20887;12161
51;9;30381;30380;
51;9;28942;;28943
51;9;27816;;26917
51;9;19950;;19951
51;9;26537;26538;
51;9;12740;25379;19213
51;9;11133;10414;10412
51;9;26465;21187;11296
51;9;24784;24783;
51;9;26861;26860;26862
51;9;23550;23549;25639
51;9;11507;22411;11509
51;9;26389;26388;26390
51;9;22865;22864;
51;9;28939;;28940
51;9;29177;29176;
51;9;31573;31572;
51;9;23591;27525;11438
51;9;21771;21769;21772
51;9;20397;20396;20398
51;9;11371;20807;20808
51;9;17594;17593;17595
51;9;17092;17091;
51;9;23296;12006;23297
51;9;36444;36443;36445
51;9;29597;;29598
51;9;11794;22295;25301
51;9;23084;23083;
51;9;24079;24078;
51;9;11986;24612;24613
51;9;31442;31441;
51;9;25899;23605;
51;9;23907;25904;
51;9;32494;32493;36263
51;9;12773;;19173
51;9;24564;24563;
51;9;30424;30423;30425
51;9;21429;;21428
51;9;31994;31993;
51;9;20545;12815;25750
51;9;21220;21219;
51;9;17205;17204;17206
51;9;27233;26922;10700
51;9;29587;29586;
51;9;36445;36444;36446
51;9;32608;;32609
51;9;31181;31180;
51;9;29882;29881;29883
51;9;22103;22102;22104
51;9;24376;;24377
51;9;23121;23120;23122
51;9;22030;22155;11548
51;9;35229;;35230
51;9;30412;30411;
51;9;27080;25954;25953
51;9;21198;;21199
51;9;22875;22874;
51;9;12670;12669;
51;9;14861;25711;14862
51;9;16382;11776;10821
51;9;26444;26443;
51;9;20817;;20818
51;9;20494;20493;20495
51;9;24323;36411;24324
51;9;30879;30878;
51;9;32077;;32078
51;9;29052;29051;29053
51;9;31202;31201;
51;9;12388;10749;27116
51;9;21391;;21392
51;9;27333;27332;27334
51;9;22750;22749;
51;9;28085;28084;
51;9;23229;23230;23228
51;9;17532;17533;17291
51;9;17481;16701;17482
51;9;17522;;17533
51;9;36303;29897;
51;9;23872;;23873
51;9;16693;16691;16694
51;9;25556;25555;
51;9;17331;17330;17332
51;9;30196;30195;
51;9;31665;31664;31666
51;9;23552;23551;
51;9;21434;;21435
51;9;29397;29396;36272
51;9;21135;21134;
51;9;30916;30915;30917
51;9;29040;29039;29041
51;9;25866;25865;
51;9;16812;16810;16813
51;9;27477;27476;
51;9;31935;31934;
51;9;16530;16529;16531
51;9;20398;20397;
51;9;11689;36355;36356
51;9;30179;30178;
51;9;21393;21392;
51;9;26720;;26721
51;9;26743;;26744
51;9;36235;28482;28484
51;9;11415;24318;25655
51;9;25295;27170;27666
51;9;19465;19464;19466
51;9;32722;32721;32723
51;9;22774;22773;22775
51;9;21973;21971;12037
51;9;11981;24004;24005
51;9;10450;10452;10449
51;9;16473;16472;19817
51;9;24446;24445;
51;9;28280;28279;
51;9;32495;36263;32496
51;9;17380;17379;
51;9;16709;16708;
51;9;29443;29442;
51;9;10460;11187;27313
51;9;22332;22331;
51;9;25921;19351;25920
51;9;21502;21501;
51;9;36323;;32720
51;9;21836;26664;
51;9;24808;24807;
51;9;23460;23459;
51;9;30111;;30112
51;9;17002;17001;17003
51;9;19149;19148;19150
51;9;24256;;24257
51;9;21950;;21951
51;9;21470;21469;21471
51;9;27535;;27536
51;9;29254;;29255
51;9;22277;22276;22278
51;9;24137;;24138
51;9;30142;36305;30143
51;9;31657;31656;
51;9;29268;29267;
51;9;23106;;23107
51;9;22174;22173;11639
51;9;29318;;29319
51;9;29263;;29265
51;9;27104;27569;27105
51;9;17089;17088;17090
51;9;10188;;27517
51;9;10574;14853;11714
51;9;31340;31339;
51;9;30210;;30211
51;9;20485;20484;
51;9;23630;23629;23631
51;9;26700;10567;26701
51;9;23635;23634;
51;9;11871;;26626
51;9;23264;;23265
51;9;12677;12676;12678
51;9;27616;10682;27751
51;9;25523;;22340
51;9;25142;25141;25143
51;9;20543;20542;20544
51;9;24963;24962;24964
51;9;19289;19288;19290
51;9;21699;21698;
51;9;30356;30355;30357
51;9;28320;;28321
51;9;32463;;32464
51;9;19999;19998;20000
51;9;23277;;23278
51;9;17148;17147;17150
51;9;19955;19954;19956
51;9;22017;;22018
51;9;10344;;27752
51;9;29434;;29435
51;9;32445;;32446
51;9;22002;22001;22003
51;9;12207;;23463
51;9;21211;21210;
51;9;25402;25508;19663
51;9;32294;;32295
51;9;11939;11940;
51;9;36097;36096;
51;9;32109;;32110
51;9;22903;22902;22904
51;9;20985;20984;20986
51;9;12296;23126;10548
51;9;36111;36110;36112
51;9;23868;23869;11947
51;9;20274;20273;20275
51;9;20933;;20934
51;9;27611;27612;27481
51;9;35872;35871;35873
51;9;32765;;32766
51;9;27258;27259;27257
51;9;35365;35364;
51;9;28951;28950;
51;9;21532;26790;21533
51;9;19642;27100;11288
51;9;30513;;30514
51;9;35515;;35516
51;9;29246;29245;
51;9;30383;;30384
51;9;24297;24296;
51;9;23728;23727;
51;9;23726;23725;
51;9;16554;16553;16555
51;9;17267;17266;17268
51;9;24476;24475;24477
51;9;26025;26024;27144
51;9;26536;26535;26538
51;9;24269;24268;24270
51;9;20392;20391;20393
51;9;27938;27937;
51;9;36044;;36045
51;9;20795;20794;
51;9;23548;23547;23549
51;9;24348;24347;24349
51;9;21673;;21674
51;9;22767;;22768
51;9;22581;22580;25551
51;9;23406;23405;
51;9;29319;29318;
51;9;25147;;25148
51;9;25599;;22535
51;9;10514;11224;10515
51;9;22430;22429;22431
51;9;16989;;16990
51;9;28078;28077;28079
51;9;32432;;32434
51;9;28596;28595;28597
51;9;32209;32208;
51;9;32273;32272;32274
51;9;25937;23535;23534
51;9;22574;25466;11648
51;9;20552;20551;20553
51;9;25432;25431;25298
51;9;36124;36123;
51;9;11973;21023;21033
51;9;30432;30431;
51;9;24710;24709;
51;9;11911;11393;17569
51;9;35948;35947;
51;9;23481;11459;11257
51;9;10688;27642;27643
51;9;11712;19634;10569
51;9;32715;32714;
51;9;25387;25386;25388
51;9;36332;;36333
51;9;28827;;28828
51;9;10136;10823;
51;9;16724;16723;16725
51;9;22669;22668;
51;9;14919;26343;26344
51;9;21785;21784;
51;9;22447;22446;
51;9;22215;22214;
51;9;31484;31483;31485
51;9;20334;;20335
51;9;25747;20278;20279
51;9;23278;23277;23279
51;9;26416;;26417
51;9;29290;;29291
51;9;28141;;28142
51;9;24561;24560;24562
51;9;24740;24739;24741
51;9;27752;10344;11682
51;9;24820;;24821
51;9;27697;27696;25894
51;9;29953;29952;
51;9;26965;26964;26966
51;9;27422;27421;27634
51;9;11725;10601;
51;9;26837;;26838
51;9;31904;;31905
51;9;24389;24388;
51;9;20408;20407;20409
51;9;11763;27474;
51;9;20155;20154;20156
51;9;24755;;24756
51;9;16631;16630;16632
51;9;36486;27627;36481
51;9;28087;;28088
51;9;12078;23104;25459
51;9;16700;16699;16701
51;9;21718;;21719
51;9;22722;11704;11702
51;9;31464;31463;31465
51;9;11926;10712;25714
51;9;24606;;24607
51;9;25554;25553;25555
51;9;16349;16348;16350
51;9;21348;;21349
51;9;29841;29840;
51;9;32130;32129;
51;9;16363;16362;12105
51;9;23456;23455;
51;9;21234;26461;
51;9;28315;28314;
51;9;20195;25960;20196
51;9;20368;20367;25794
51;9;36028;36027;
51;9;21006;21005;21007
51;9;20668;20667;20669
51;9;25373;;16529
51;9;24864;24863;24865
51;9;21016;;21017
51;9;26795;26794;26797
51;9;27506;27505;
51;9;26422;21271;
51;9;20657;20656;20658
51;9;22560;25537;
51;9;27360;;27361
51;9;10011;;11167
51;9;35692;;35693
51;9;19481;19480;19482
51;9;16568;;16569
51;9;17489;16963;16965
51;9;27519;27518;10194
51;9;12754;12755;
51;9;31235;31234;31236
51;9;11124;10380;10379
51;9;12829;16454;16455
51;9;24622;;24623
51;9;26588;26587;
51;9;10156;10665;
51;9;22488;22487;22489
51;9;21660;25486;
51;9;36162;;36231
51;9;11804;;10291
51;9;36383;27471;27472
51;9;23381;11659;23382
51;9;31931;;31932
51;9;30680;;30681
51;9;26378;12697;12698
51;9;21047;21046;
51;9;22245;22244;
51;9;29406;29405;29407
51;9;23373;23372;11668
51;9;21068;27760;21069
51;9;19147;19146;19148
51;9;12811;12810;25496
51;9;31934;;31935
51;9;23804;23803;23805
51;9;31598;;31599
51;9;32740;32739;32741
51;9;36417;;20104
51;9;29291;29290;
51;9;21685;21695;21687
51;9;16986;;16987
51;9;24824;24823;24825
51;9;28770;28769;28771
51;9;29771;;29772
51;9;31324;31323;
51;9;30186;30185;
51;9;30819;30818;
51;9;21840;;21841
51;9;27536;27535;
51;9;23112;23111;
51;9;23444;23443;
51;9;27765;27764;27766
51;9;22159;;25914
51;9;23553;;23554
51;9;20260;20259;
51;9;21838;;21839
51;9;29312;29311;
51;9;31454;;31455
51;9;10342;10343;11117
51;9;20591;20590;
51;9;17196;17195;
51;9;25317;;25347
51;9;32542;;32543
51;9;21965;;21966
51;9;10361;10362;11118
51;9;24498;24497;
51;9;24264;24263;
51;9;22943;22942;22944
51;9;10424;11218;26000
51;9;26728;11607;26729
51;9;14816;14815;14817
51;9;12175;11563;11559
51;9;22343;22342;25521
51;9;32090;32089;32091
51;9;19287;19286;
51;9;27523;27522;10295
51;9;24396;11834;11832
51;9;32394;32393;
51;9;17125;17124;17126
51;9;20220;20219;25771
51;9;17441;;17442
51;9;16335;17556;10756
51;9;35686;35685;
51;9;32224;;32225
51;9;32682;;32683
51;9;10325;26370;10324
51;9;20744;20743;
51;9;16678;16677;16679
51;9;16798;;16799
51;9;31110;;31111
51;9;31937;;31938
51;9;25770;25769;
51;9;16488;16487;
51;9;25630;;25268
51;9;20830;20829;20831
51;9;35829;;35830
51;9;35980;35979;
51;9;22909;22908;22910
51;9;20072;20071;20073
51;9;17590;;16915
51;9;22060;22059;
51;9;19878;19877;25412
51;9;25507;22031;22032
51;9;20615;20614;20616
51;9;29063;29062;29064
51;9;20215;;20216
51;9;30789;30788;
51;9;23338;25978;23339
51;9;19584;;19585
51;9;25264;23589;11436
51;9;25275;23188;23189
51;9;11880;26562;27372
51;9;28487;28486;28488
51;9;12834;23467;23468
51;9;21071;21070;21072
51;9;25437;19947;19948
51;9;14814;11750;
51;9;10728;26559;26566
51;9;36114;;36115
51;9;12540;;12541
51;9;12769;12764;12765
51;9;29620;;29621
51;9;20790;;20791
51;9;17463;11494;17548
51;9;36252;;35386
51;9;28366;28365;28367
51;9;28830;;28831
51;9;10415;10056;10416
51;9;11901;;16412
51;9;22579;;22580
51;9;19752;;19753
51;9;27692;23828;27693
51;9;31816;31815;31817
51;9;31550;31549;31551
51;9;31824;;31825
51;9;20728;;20729
51;9;23575;23574;
51;9;24148;;24149
51;9;22611;22610;22612
51;9;24117;24116;24118
51;9;30138;30137;
51;9;19599;19598;
51;9;21269;21268;
51;9;31865;31864;
51;9;25808;19347;
51;9;35571;35570;
51;9;31612;31611;
51;9;22985;;22986
51;9;29198;29197;29199
51;9;20012;20011;
51;9;24371;;24372
51;9;11444;24109;24110
51;9;29161;29160;29162
51;9;27345;27078;10561
51;9;20783;;20784
51;9;21067;21066;27755
51;9;16376;12387;16377
51;9;27267;27266;
51;9;22213;;22214
51;9;17327;17326;
51;9;36026;;36027
51;9;11508;10262;12518
51;9;21513;26812;11615
51;9;19690;19689;19691
51;9;17190;17513;
51;9;35819;35818;
51;9;26488;26487;26489
51;9;16370;11790;11789
51;9;23289;23288;
51;9;35966;35965;
51;9;22895;12065;22896
51;9;22837;22832;22833
51;9;29059;29058;
51;9;29892;29891;
51;9;20483;25793;
51;9;27356;;27357
51;9;28916;;28917
51;9;32705;;32706
51;9;21910;21893;21895
51;9;19276;19275;19277
51;9;16687;16686;16688
51;9;31163;31162;
51;9;23073;25536;
51;9;30340;;30341
51;9;20776;;20777
51;9;22041;22040;
51;9;21151;26884;21152
51;9;21916;;21917
51;9;16525;16524;16526
51;9;16697;16696;16698
51;9;30272;30271;
51;9;20201;;20202
51;9;35510;35509;
51;9;20858;20857;20859
51;9;11246;;27385
51;9;11588;23284;23285
51;9;16801;17547;17588
51;9;27568;21247;21458
51;9;21273;12687;21274
51;9;31040;;31041
51;9;21100;;21101
51;9;21592;21589;21593
51;9;30746;30745;30747
51;9;20904;27288;11269
51;9;22121;22120;
51;9;20131;;20132
51;9;16747;;16748
51;9;21467;21466;21468
51;9;16413;12122;16415
51;9;22088;;22089
51;9;12373;27419;27107
51;9;26793;;26794
51;9;21947;;21948
51;9;36473;12133;36474
51;9;35550;;35551
51;9;19557;19556;19558
51;9;25544;25532;22451
51;9;25064;;25065
51;9;27666;25295;27667
51;9;20357;27366;
51;9;29469;29468;
51;9;29709;29708;29710
51;9;30692;30690;30693
51;9;21400;21399;
51;9;17561;12124;16399
51;9;32048;;32049
51;9;35468;35467;
51;9;28436;28435;28437
51;9;30007;;30008
51;9;31038;31037;
51;9;17305;17304;17306
51;9;25573;;25621
51;9;25911;;21796
51;9;21233;;26461
51;9;19316;;19317
51;9;31578;;31579
51;9;25160;25159;
51;9;24366;11417;24367
51;9;24360;;24361
51;9;10253;26323;10039
51;9;35248;35247;
51;9;10678;10677;10128
51;9;25015;25014;
51;9;31032;;31033
51;9;25982;;25983
51;9;30034;;30035
51;9;12002;23302;23303
51;9;22090;;22091
51;9;30628;30627;
51;9;28773;;28774
51;9;12058;16357;22363
51;9;12009;11586;23294
51;9;27090;;27091
51;9;17367;17534;17368
51;9;27242;19628;
51;9;19868;19867;19869
51;9;23186;23185;
51;9;22478;22477;
51;9;10227;26315;10228
51;9;10255;12053;27386
51;9;28924;36322;
51;9;24744;;24745
51;9;24320;24319;24321
51;9;25054;25053;25055
51;9;21167;;21168
51;9;12896;12895;
51;9;24164;24163;
51;9;22704;;22705
51;9;29697;29696;
51;9;10258;11209;10044
51;9;27263;;22728
51;9;26785;26784;26786
51;9;27161;27160;
51;9;32035;;32036
51;9;27494;27493;27495
51;9;27157;;27158
51;9;35209;35208;
51;9;26829;26828;26830
51;9;16474;;16475
51;9;20027;;20028
51;9;21328;21326;21327
51;9;30479;;30480
51;9;22811;22810;
51;9;35928;35927;35929
51;9;20841;;20842
51;9;22131;22130;22132
51;9;24490;;24491
51;9;31285;31284;31286
51;9;31690;31689;31691
51;9;32199;32198;
51;9;19870;19869;26038
51;9;21867;;21868
51;9;14870;14869;
51;9;31802;31801;
51;9;32325;32324;32326
51;9;19737;19736;12362
51;9;29034;;29035
51;9;24674;24673;
51;9;12864;;12865
51;9;10542;25933;10539
51;9;30983;;30984
51;9;10830;10834;10613
51;9;32195;32194;32196
51;9;23779;11947;23778
51;9;27303;;27304
51;9;25917;25640;25918
51;9;20946;;20947
51;9;10239;10237;10240
51;9;29427;29426;29428
51;9;35471;35470;35472
51;9;10604;14856;14857
51;9;32341;32340;36270
51;9;21405;12717;21406
51;9;20070;20069;20071
51;9;24697;10149;24698
51;9;22845;;22846
51;9;22038;;22039
51;9;23684;23683;
51;9;36309;30755;30756
51;9;30900;30899;
51;9;35304;35303;
51;9;10272;27307;10001
51;9;25413;;25415
51;9;26456;21236;21237
51;9;12714;26482;
51;9;21612;21611;21613
51;9;29996;;29997
51;9;25127;25126;25128
51;9;21890;21889;
51;9;16579;16578;25951
51;9;17012;17011;
51;9;35293;;35294
51;9;36292;29041;29045
51;9;23438;23437;23439
51;9;31310;;31311
51;9;24747;;24748
51;9;35537;35536;
51;9;27935;27934;
51;9;20285;20284;25752
51;9;22263;;22264
51;9;20059;20058;
51;9;27006;27005;
51;9;10130;10796;
51;9;30594;;30595
51;9;36293;;29091
51;9;27348;27347;
51;9;17025;;17026
51;9;12171;19810;25423
51;9;35290;35289;35291
51;9;27876;27875;27877
51;9;14871;;14872
51;9;10446;10073;27311
51;9;24234;24233;
51;9;30473;;30474
51;9;20225;;20226
51;9;12030;21197;12032
51;9;27927;;27928
51;9;19597;19596;19598
51;9;20633;20632;
51;9;25078;25077;25079
51;9;25744;25745;20555
51;9;10218;10220;27540
51;9;21175;21174;
51;9;17059;17058;
51;9;25125;25124;25126
51;9;26818;;26819
51;9;19492;19491;
51;9;23241;;23242
51;9;26972;26971;26974
51;9;28172;;28173
51;9;35437;;35438
51;9;22836;22835;22838
51;9;25456;21432;
51;9;23191;23190;27266
51;9;24547;24546;24548
51;9;31391;31389;
51;9;35448;;35449
51;9;12290;21712;
51;9;28212;;28213
51;9;24298;;24299
51;9;21978;12853;12854
51;9;22631;22630;22632
51;9;11889;14903;11890
51;9;28438;28437;28450
51;9;24542;12112;12121
51;9;21581;21580;
51;9;23784;23783;23785
51;9;22555;22554;12527
51;9;29340;29339;
51;9;12398;;12439
51;9;17130;17129;
51;9;19363;19362;25381
51;9;17572;11919;17573
51;9;22292;;22293
51;9;11320;21468;27706
51;9;12068;22897;12070
51;9;17054;17053;17055
51;9;17323;17322;17600
51;9;25096;25095;25097
51;9;21460;21459;11601
51;9;31328;31327;
51;9;30743;;30745
51;9;20621;20620;
51;9;20046;20045;20047
51;9;23061;23060;
51;9;10137;10706;11227
51;9;12807;19913;19895
51;9;17176;;17177
51;9;31126;;31127
51;9;32016;32015;
51;9;19515;19514;19516
51;9;28173;28172;28174
51;9;21479;21480;21478
51;9;24244;24243;
51;9;27188;27187;27189
51;9;26568;;21583
51;9;16982;;16983
51;9;28591;28590;28592
51;9;26641;12860;12861
51;9;23938;;23939
51;9;16874;16873;16875
51;9;27497;12022;36457
51;9;19707;;19708
51;9;29504;29503;29505
51;9;25346;;25636
51;9;31237;31236;
51;9;24752;24751;24753
51;9;21769;21768;21771
51;9;17524;17503;17525
51;9;17531;17530;17565
51;9;26798;21534;21535
51;9;23310;;23311
51;9;12932;24880;
51;9;30579;30578;30580
51;9;12904;12903;12905
51;9;20186;;20187
51;9;27833;27831;
51;9;11875;36452;21735
51;9;32241;;32242
51;9;16467;16466;16468
51;9;19721;19720;19722
51;9;30824;;30825
51;9;27318;27164;27165
51;9;26645;10721;12954
51;9;16457;12830;16458
51;9;12133;16394;36473
51;9;25277;11990;24657
51;9;10473;11196;11141
51;9;36017;36016;36018
51;9;30458;30454;
51;9;10493;26355;10494
51;9;28740;28739;28741
51;9;21830;21829;21831
51;9;27341;27275;
51;9;22710;;22711
51;9;20120;25435;27823
51;9;24493;;24494
51;9;25116;25115;
51;9;10400;11168;11169
51;9;31004;;31005
51;9;22788;;22789
51;9;21671;21670;21672
51;9;22539;22538;22540
51;9;19638;19637;12801
51;9;23514;25636;23515
51;9;29766;;29767
51;9;32345;32344;
51;9;26940;26939;
51;9;20424;20423;25444
51;9;12813;12812;20539
51;9;26448;;26449
51;9;19555;19554;19556
51;9;31864;;31865
51;9;21844;21843;
51;9;29992;;29993
51;9;20031;20030;
51;9;20749;20748;20750
51;9;20401;25489;20402
51;9;31501;;36289
51;9;24970;24969;24971
51;9;16920;16919;16921
51;9;27997;;27998
51;9;22959;;22960
51;9;11881;12548;14836
51;9;23308;23309;
51;9;11565;11568;12179
51;9;31726;;31727
51;9;31855;;36307
51;9;10221;27540;27541
51;9;30806;;30807
51;9;24394;11839;24395
51;9;28967;28966;28968
51;9;22658;22383;22659
51;9;16837;;16838
51;9;10274;27684;11443
51;9;22364;12060;12061
51;9;31154;;31155
51;9;30676;;30677
51;9;22786;;22787
51;9;17475;12123;11783
51;9;23556;;23557
51;9;10843;10341;10340
51;9;29758;29755;29759
51;9;11842;24392;
51;9;27893;;27894
51;9;17122;;17121
51;9;24359;11302;12203
51;9;20663;20662;
51;9;28659;28658;
51;9;20598;20597;
51;9;21922;;21923
51;9;19901;19900;12783
51;9;23155;23152;23156
51;9;16912;16911;16913
51;9;16713;16712;16714
51;9;29782;29781;29783
51;9;28690;;28691
51;9;25952;22455;22456
51;9;23571;23570;
51;9;16922;16921;
51;9;22093;22092;
51;9;22808;22807;
51;9;12870;12869;
51;9;10725;26366;26567
51;9;30288;30287;
51;9;25786;;25787
51;9;19469;19468;19470
51;9;28957;;28958
51;9;20359;20358;20360
51;9;28865;;28866
51;9;20121;19164;11484
51;9;20327;20326;20328
51;9;19527;19526;
51;9;20695;20694;11313
51;9;23092;23091;
51;9;29659;29658;
51;9;11753;10829;11752
51;9;28861;;28862
51;9;23086;23085;23087
51;9;11473;10405;10705
51;9;21743;;21744
51;9;19207;19206;19208
51;9;29079;;29081
51;9;10610;10612;
51;9;11925;20715;11865
51;9;26748;21408;12719
51;9;27632;10892;
51;9;31996;;31997
51;9;11437;23826;
51;9;26329;10003;10407
51;9;29990;29989;
51;9;20936;20935;
51;9;25514;22582;22583
51;9;32523;;32524
51;9;16470;16469;16471
51;9;25028;25027;25029
51;9;20698;;20699
51;9;17442;17441;17538
51;9;27240;27239;27241
51;9;35941;;35942
51;9;32641;32640;
51;9;19377;25390;19378
51;9;31565;31564;
51;9;25490;19443;25491
51;9;21652;26602;21653
51;9;19476;19500;19477
51;9;30280;;30281
51;9;32056;32055;
51;9;31974;31973;31975
51;9;23918;27704;23919
51;9;17602;;16485
51;9;20474;20473;
51;9;11301;12120;11957
51;9;25288;10564;
51;9;32054;;32055
51;9;29465;29464;
51;9;20496;20495;
51;9;24528;;24529
51;9;10587;25350;11719
51;9;25443;20385;20387
51;9;29645;;29646
51;9;20852;11338;20853
51;9;32250;;32251
51;9;21318;21317;12709
51;9;27213;;27214
51;9;24250;;24251
51;9;21834;21833;
51;9;12348;27433;11847
51;9;23465;23466;
51;9;14928;;14927
51;9;11681;20981;20982
51;9;27253;27252;
51;9;24856;;24857
51;9;35263;35262;
51;9;30548;;30549
51;9;10067;25999;26345
51;9;30265;30264;
51;9;11812;11809;24215
51;9;23385;;23386
51;9;19511;19510;
51;9;23304;36348;12493
51;9;10522;27455;27456
51;9;22190;11300;22191
51;9;30695;;30696
51;9;24083;24082;24084
51;9;31749;;31750
51;9;28715;36288;28716
51;9;20458;20457;20459
51;9;20914;20913;20855
51;9;36129;;36130
51;9;23431;23430;
51;9;19591;19590;
51;9;20500;20499;
51;9;36207;;36208
51;9;22407;22406;22408
51;9;19615;19614;19616
51;9;35730;;35731
51;9;35899;;35900
51;9;31891;31890;31892
51;9;14908;12820;19760
51;9;16535;;16536
51;9;20231;;20232
51;9;31571;31570;31572
51;9;20054;20053;
51;9;22565;;22566
51;9;11739;10818;22545
51;9;12938;12315;10510
51;9;19472;19471;19473
51;9;24444;;24445
51;9;22928;22927;22929
51;9;26713;20204;
51;9;27719;27718;27720
51;9;30516;;30517
51;9;11734;22265;10429
51;9;32466;;32467
51;9;36431;11394;12265
51;9;10657;11772;12338
51;9;28075;28074;
51;9;26761;26760;26762
51;9;28561;;28562
51;9;25716;25372;25717
51;9;22588;;25721
51;9;12863;21964;
51;9;19770;19769;19771
51;9;20066;;20067
51;9;29795;;36284
51;9;16380;16379;16381
51;9;26767;26766;26768
51;9;32215;32214;
51;9;31305;31304;
51;9;30109;30108;
51;9;31518;31517;
51;9;31060;31059;31061
51;9;17438;17439;
51;9;17016;17477;
51;9;30386;30385;
51;9;36375;17478;10391
51;9;23580;23579;
51;9;25056;;25057
51;9;31299;;31300
51;9;32110;32109;
51;9;20725;20724;
51;9;25732;24764;24765
51;9;19847;;19848
51;9;28788;28787;28789
51;9;32123;32122;
51;9;30887;30886;
51;9;27607;27606;25344
51;9;16688;16687;
51;9;16393;16392;16394
51;9;20512;20510;11364
51;9;36414;10379;10378
51;9;29629;29628;29630
51;9;24318;24316;11415
51;9;36399;24002;11978
51;9;20003;20002;20004
51;9;30645;30644;
51;9;20434;;20435
51;9;20740;20738;20741
51;9;32133;32132;
51;9;32683;32682;
51;9;25740;20115;25741
51;9;32521;32520;
51;9;27868;;27869
51;9;24004;24003;11981
51;9;24558;;24559
51;9;14930;14929;
51;9;16804;16803;16805
51;9;24222;24221;24223
51;9;21874;;21875
51;9;24745;24744;24746
51;9;11426;11427;11694
51;9;28959;28958;
51;9;20491;20490;20492
51;9;17394;17393;17395
51;9;17579;11773;17451
51;9;12198;22192;12018
51;9;20538;25496;12812
51;9;19522;19521;19523
51;9;25787;25786;20374
51;9;20427;;20428
51;9;28601;28600;
51;9;31808;31807;
51;9;29530;29529;29531
51;9;27210;27209;27211
51;9;21705;;27135
51;9;17414;17413;
51;9;24801;;24802
51;9;29274;29273;
51;9;31650;31649;31651
51;9;29252;29251;
51;9;30140;;30141
51;9;27677;27676;12324
51;9;20747;20746;20748
51;9;21353;21352;21354
51;9;17034;17033;17035
51;9;31368;31367;
51;9;12965;12963;17479
51;9;22068;22067;
51;9;12962;;12963
51;9;22113;22112;
51;9;36084;;36085
51;9;22111;22110;22112
51;9;36010;;36011
51;9;31198;31197;31199
51;9;10549;10550;10110
51;9;16400;17564;16401
51;9;23173;23172;
51;9;27340;10115;14855
51;9;27622;16506;16507
51;9;32308;32307;
51;9;24695;24694;11954
51;9;25748;;25749
51;9;28530;;28531
51;9;22184;12106;22185
51;9;22155;22029;22030
51;9;27722;27721;27723
51;9;24517;24516;24518
51;9;21644;;21645
51;9;17302;17301;17303
51;9;26016;21655;12275
51;9;11535;24871;11984
51;9;12675;21147;26886
51;9;14844;12361;14845
51;9;32176;;32177
51;9;25711;11335;14861
51;9;17384;17383;
51;9;20667;;20668
51;9;11828;11955;
51;9;19862;19861;
51;9;12900;12899;12901
51;9;23323;25268;
51;9;26546;26545;26547
51;9;16845;16844;
51;9;29621;29620;
51;9;28055;;28056
51;9;35978;;35979
51;9;24177;;24178
51;9;20682;20681;20683
51;9;23168;;23169
51;9;22316;22315;
51;9;31396;31395;31397
51;9;28070;;28071
51;9;29258;29257;
51;9;19293;19292;19294
51;9;25515;22848;25516
51;9;20471;;20473
51;9;29240;;29241
51;9;20181;;20182
51;9;29755;29754;29758
51;9;29369;29368;29370
51;9;29845;29843;29844
51;9;17250;17248;
51;9;17247;;17248
51;9;32723;32722;32724
51;9;27724;27732;27725
51;9;23732;23731;23734
51;9;31921;36269;31922
51;9;30094;30093;
51;9;20765;20764;20798
51;9;16966;;16967
51;9;11663;11666;23379
51;9;28544;;28540
51;9;11690;11942;
51;9;22564;22563;25541
51;9;27007;17066;
51;9;21025;21024;21026
51;9;25902;25903;
51;9;20923;20922;11673
51;9;17134;17133;17483
51;9;20887;12162;20854
51;9;27170;11430;25295
51;9;27537;26373;27614
51;9;24259;24258;24260
51;9;11362;;26602
51;9;16925;;16926
51;9;21276;11975;26397
51;9;35310;;35311
51;9;30518;30517;
51;9;28396;;28397
51;9;21187;12160;26465
51;9;28254;;28255
51;9;26947;26946;26948
51;9;16723;16722;16724
51;9;35190;35189;
51;9;28507;28506;28508
51;9;24273;24272;24274
51;9;26762;26761;
51;9;24271;;24272
51;9;24410;24409;
51;9;16465;16464;
51;9;30160;30159;
51;9;35364;;35365
51;9;21052;27753;21053
51;9;17262;17261;25374
51;9;24662;;24664
51;9;24573;24572;
51;9;21817;25993;
51;9;29609;;29610
51;9;29030;;29031
51;9;24265;;24266
51;9;31511;31510;
51;9;17003;17002;17004
51;9;36051;36050;
51;9;17480;16491;
51;9;32557;;32558
51;9;29221;;29222
51;9;27128;19649;19650
51;9;29028;29027;
51;9;27916;27915;
51;9;29118;;29119
51;9;10283;10771;27721
51;9;26363;11157;11158
51;9;12168;12167;11300
51;9;35869;35868;
51;9;22173;25468;22174
51;9;36228;;36229
51;9;23672;23671;
51;9;20366;20365;20367
51;9;35865;35864;
51;9;11651;22647;10270
51;9;31640;;31641
51;9;14853;14852;10574
51;9;19671;19670;19672
51;9;17218;17217;17492
51;9;22904;22903;22905
51;9;21492;21491;26539
51;9;35592;;35593
51;9;31769;31768;31770
51;9;24111;;24112
51;9;23825;23824;
51;9;22252;;22253
51;9;16782;16781;16783
51;9;32750;;32751
51;9;16929;;16930
51;9;19459;;19460
51;9;19712;;19713
51;9;21076;;21077
51;9;17255;;17589
51;9;30967;30966;
51;9;31793;31792;
51;9;25108;25107;
51;9;23033;23032;23034
51;9;25939;25894;
51;9;23031;23030;23032
51;9;24035;;24036
51;9;19926;;19927
51;9;35979;35978;35980
51;9;32411;;32412
51;9;21957;21956;26647
51;9;16348;11932;16349
51;9;27991;27990;
51;9;22889;12083;12177
51;9;17440;;17439
51;9;35697;;35698
51;9;30229;30228;
51;9;20984;11680;20985
51;9;28996;28995;28997
51;9;25960;20193;20195
51;9;23526;23525;
51;9;35487;;35488
51;9;35559;35558;
51;9;35911;;35912
51;9;12752;12767;19195
51;9;10564;10565;25288
51;9;27259;27261;27258
51;9;36041;;36042
51;9;19609;19247;19610
51;9;20292;20291;20293
51;9;23605;23604;25899
51;9;12876;;27383
51;9;21457;12654;21456
51;9;35334;35333;
51;9;28931;28930;28932
51;9;23166;;23167
51;9;12126;17474;16396
51;9;19545;19544;19546
51;9;31687;31685;
51;9;19543;19542;19544
51;9;36014;36013;
51;9;36192;;36193
51;9;23358;23357;12003
51;9;24170;;24171
51;9;31220;31219;31221
51;9;31779;;31780
51;9;30940;30939;
51;9;20480;;20481
51;9;17088;;17089
51;9;29510;;29511
51;9;11139;10469;26320
51;9;29941;29940;
51;9;20429;20428;25709
51;9;24200;24199;24201
51;9;12655;25828;22192
51;9;24469;24468;
51;9;22643;;22644
51;9;26417;26416;
51;9;21298;12706;12707
51;9;35490;;35491
51;9;14863;27398;10478
51;9;12898;12672;
51;9;10070;10439;10438
51;9;30573;30572;
51;9;19708;19707;19709
51;9;22646;22645;
51;9;20943;20942;20944
51;9;20410;;20411
51;9;12141;16387;
51;9;29579;;29580
51;9;30332;30331;
51;9;25466;11649;22574
51;9;31137;31136;
51;9;32324;;32325
51;9;23995;23994;11526
51;9;10566;10026;10567
51;9;11459;11462;23481
51;9;29582;;29583
51;9;28443;;28444
51;9;30357;30356;
51;9;28220;28219;28221
51;9;16661;;16662
51;9;26621;;26622
51;9;28798;28797;
51;9;30837;;30838
51;9;10679;27641;11155
51;9;17378;17377;
51;9;23202;;23203
51;9;12130;17563;17564
51;9;20296;;20238
51;9;22203;22202;22204
51;9;20486;;20355
51;9;12315;11433;12938
51;9;36446;36445;25879
51;9;32320;32319;32321
51;9;19986;19985;19987
51;9;22058;;22059
51;9;24038;24037;
51;9;24036;24035;24037
51;9;20569;;20570
51;9;26687;;26691
51;9;29957;29956;29958
51;9;10101;10333;10332
51;9;22461;22460;
51;9;16529;25373;16530
51;9;19966;;25438
51;9;23960;;23961
51;9;28002;28001;
51;9;35782;;35783
51;9;23281;10457;23282
51;9;30987;;30988
51;9;10350;27440;11175
51;9;21110;21108;21109
51;9;26449;26448;
51;9;21322;21321;
51;9;22967;22966;22968
51;9;31509;;31510
51;9;11598;21464;26502
51;9;28578;;28579
51;9;11540;27495;11538
51;9;27533;27532;
51;9;20680;20679;20681
51;9;25728;25727;
51;9;25492;25491;19444
51;9;11859;25480;11860
51;9;29069;29068;
51;9;31849;31848;
51;9;14823;11479;14824
51;9;22671;22670;22672
51;9;30301;;30302
51;9;30365;30364;30366
51;9;32499;32498;32500
51;9;28750;;28751
51;9;24383;24382;24384
51;9;31108;31107;
51;9;35345;35344;
51;9;36342;36341;36343
51;9;28450;28438;28451
51;9;23201;23200;
51;9;21450;;21451
51;9;20239;;20240
51;9;24530;;24531
51;9;27882;;27883
51;9;22586;22585;22587
51;9;23328;23327;23329
51;9;20101;20100;20102
51;9;31129;;31130
51;9;19905;25760;19906
51;9;20788;20787;20789
51;9;16506;;27622
51;9;20316;20315;
51;9;21174;;21175
51;9;10078;25926;
51;9;30757;30756;30758
51;9;11296;26465;21188
51;9;22076;;22077
51;9;11953;12241;
51;9;29828;;29829
51;9;17364;;17365
51;9;32543;32542;
51;9;26356;10505;10506
51;9;10306;26352;11214
51;9;32228;32227;32229
51;9;12223;21373;
51;9;16971;;16972
51;9;30136;;30137
51;9;10498;10002;27320
51;9;30405;30404;30406
51;9;21531;26789;26790
51;9;25050;;25051
51;9;21780;19156;21781
51;9;23587;23586;23588
51;9;27687;27686;27688
51;9;35555;35554;35556
51;9;24571;;24572
51;9;35776;35775;35777
51;9;26671;26670;
51;9;31457;;31458
51;9;22212;22211;
51;9;20542;20541;20543
51;9;29616;;29617
51;9;31596;31595;
51;9;21253;21252;21254
51;9;22027;22026;22028
51;9;35256;35206;
51;9;20307;20306;20308
51;9;25706;23699;23700
51;9;27460;10649;10646
51;9;25359;;17487
51;9;26381;21334;21335
51;9;32036;32035;
51;9;32150;;32151
51;9;28340;28339;28341
51;9;36230;36229;
51;9;20928;20927;20929
51;9;21448;21447;21449
51;9;17509;;17510
51;9;23714;23713;
51;9;32340;32339;32341
51;9;25450;20630;20631
51;9;22527;25538;22528
51;9;21282;21281;12914
51;9;28707;;28708
51;9;22902;;22903
51;9;32144;;32145
51;9;12915;21284;
51;9;25258;25870;23599
51;9;21103;21102;21104
51;9;10693;10690;27543
51;9;21199;21198;
51;9;23422;12079;12293
51;9;11445;24106;24107
51;9;28655;28654;
51;9;36002;;36003
51;9;19152;12959;24680
51;9;19941;25506;19942
51;9;27116;12388;
51;9;36464;26338;26337
51;9;22843;12072;22844
51;9;30922;30921;
51;9;28356;;28357
51;9;17164;17163;
51;9;24700;24699;24701
51;9;19196;25795;10403
51;9;30049;30048;
51;9;27981;27980;
51;9;28766;28765;28767
51;9;31057;31056;
51;9;24973;24972;
51;9;25665;;24987
51;9;26535;26534;26536
51;9;23228;23229;12190
51;9;16799;16798;
51;9;29710;29709;29711
51;9;30013;;30014
51;9;22188;22187;
51;9;25916;20722;
51;9;16806;16805;16807
51;9;29565;29564;
51;9;31307;;31308
51;9;20395;;25488
51;9;30745;30743;30746
51;9;29453;29452;
51;9;23207;;23208
51;9;31560;31559;31561
51;9;27134;27136;
51;9;22559;22558;25537
51;9;19537;19536;
51;9;23258;23257;
51;9;22248;22247;22249
51;9;23759;;25569
51;9;35636;;35637
51;9;21125;21124;
51;9;20635;;25401
51;9;29367;;29368
51;9;31286;31285;
51;9;21571;21570;21572
51;9;26721;26720;
51;9;21764;26640;
51;9;25864;25863;
51;9;16860;16859;16861
51;9;35217;35216;
51;9;32351;32350;32352
51;9;16934;17508;
51;9;10666;10822;10665
51;9;24005;11981;11952
51;9;35320;36326;35321
51;9;10059;10486;
51;9;17537;17535;16886
51;9;26474;26473;26475
51;9;28398;28397;28399
51;9;28043;;28044
51;9;25883;25882;25884
51;9;19186;19185;12766
51;9;24960;24959;24961
51;9;26892;26891;
51;9;32336;32335;32337
51;9;30198;;30199
51;9;30906;30905;30907
51;9;20396;25488;20397
51;9;24041;;24042
51;9;25406;19718;
51;9;36078;;36079
51;9;29705;;29706
51;9;29296;;29297
51;9;31284;;31285
51;9;21755;21754;21757
51;9;24159;24158;
51;9;23655;;23656
51;9;22280;;22281
51;9;30005;30004;
51;9;29871;;29872
51;9;22531;25540;25548
51;9;21546;21545;
51;9;35733;;35734
51;9;30690;;30692
51;9;22079;;22080
51;9;31890;;31891
51;9;20610;20609;20611
51;9;28976;28975;
51;9;19981;19980;
51;9;11298;21003;11384
51;9;27088;;24512
51;9;30487;30486;
51;9;20620;20619;20621
51;9;26618;;26619
51;9;10425;10062;11218
51;9;17376;17375;17377
51;9;23198;;23199
51;9;24304;24305;
51;9;24550;24549;
51;9;26515;26516;26513
51;9;24958;24957;12261
51;9;19405;;19406
51;9;22662;11555;22663
51;9;22493;22492;
51;9;27746;27745;27747
51;9;10648;24390;24391
51;9;28182;28181;
51;9;30338;30337;30374
51;9;12704;21292;12705
51;9;10525;27459;10527
51;9;21675;26017;
51;9;20857;;20858
51;9;30741;30739;
51;9;11577;25848;25850
51;9;35224;35223;
51;9;22087;22086;
51;9;25394;25393;
51;9;36313;;30322
51;9;30946;30945;
51;9;30137;30136;30138
51;9;24353;24352;24354
51;9;26914;23261;
51;9;30761;;30762
51;9;29435;29434;
51;9;19290;19289;19291
51;9;21169;21168;
51;9;23986;23984;
51;9;24795;;24796
51;9;19234;19704;
51;9;19296;19295;
51;9;30966;;30967
51;9;25726;;25727
51;9;24435;;24436
51;9;30467;30468;30466
51;9;25927;10289;10051
51;9;35443;36328;
51;9;30897;30896;
51;9;27684;27683;10274
51;9;20214;20209;20210
51;9;10027;10024;10235
51;9;22864;22863;22865
51;9;12530;22893;12056
51;9;10106;;10565
51;9;32125;;32126
51;9;29350;;29351
51;9;26788;;26789
51;9;23777;11945;23776
51;9;25618;;25617
51;9;10482;;12023
51;9;22777;22776;22778
51;9;22431;22430;
51;9;19757;19756;19758
51;9;17263;25374;17264
51;9;24487;24486;
51;9;24233;24232;24234
51;9;23645;23644;
51;9;29131;29130;29132
51;9;32148;32147;
51;9;23677;;23678
51;9;25764;;25765
51;9;12014;19641;19734
51;9;29139;29138;29140
51;9;10838;10738;10776
51;9;25002;;25003
51;9;23451;;23452
51;9;12826;12825;25628
51;9;27459;27458;10525
51;9;32196;32195;
51;9;10250;10249;10032
51;9;12764;12768;12769
51;9;22991;22990;
51;9;28036;;28037
51;9;10244;27509;10246
51;9;17432;17431;17433
51;9;36398;36397;
51;9;35758;;35759
51;9;27467;27466;27566
51;9;29173;29172;29174
51;9;20129;;20130
51;9;23771;23770;
51;9;16719;16718;16720
51;9;35418;;35419
51;9;31144;31143;31145
51;9;21909;21908;21911
51;9;16648;16647;
51;9;11384;11298;
51;9;31898;;36317
51;9;29682;29681;
51;9;20337;20336;20338
51;9;29560;;29561
51;9;36295;29911;29912
51;9;16740;16739;16741
51;9;32311;32310;
51;9;21439;21438;21440
51;9;24255;24254;
51;9;27299;27301;27300
51;9;17112;17111;
51;9;21637;21651;21638
51;9;17325;17324;17326
51;9;10347;21032;10349
51;9;22141;;22142
51;9;27586;27585;27587
51;9;25511;22915;22917
51;9;30460;;30461
51;9;24088;24087;
51;9;22775;22774;
51;9;17231;17526;
51;9;17020;17019;17021
51;9;26889;21027;27649
51;9;24806;24805;
51;9;21748;;21749
51;9;19398;;19399
51;9;35182;35181;35183
51;9;22984;22983;
51;9;22908;22907;22909
51;9;22973;22972;22974
51;9;19746;12016;16417
51;9;35528;35527;
51;9;23362;23361;
51;9;30524;30523;30525
51;9;25980;25979;25981
51;9;28741;28740;28742
51;9;29672;29671;29673
51;9;12747;19211;
51;9;19445;;19446
51;9;21265;;21266
51;9;17553;17505;27552
51;9;24687;24686;
51;9;12117;25650;
51;9;30069;;30070
51;9;12085;25256;22888
51;9;29503;;29504
51;9;28993;;28994
51;9;23077;25561;
51;9;19908;;19909
51;9;11589;23283;23284
51;9;10824;12331;23010
51;9;29411;29410;
51;9;31619;31618;31620
51;9;25090;;25091
51;9;20990;;20991
51;9;21347;21346;
51;9;35587;35586;
51;9;25720;21465;21466
51;9;20196;20195;19158
51;9;30010;30009;30011
51;9;20426;25444;
51;9;23259;;23260
51;9;21639;;21640
51;9;17215;;17216
51;9;21919;21918;
51;9;19505;19504;19506
51;9;31303;;31304
51;9;31124;31123;
51;9;27839;;27840
51;9;25794;20368;20369
51;9;25375;12441;10617
51;9;20447;20446;
51;9;24169;24168;
51;9;25159;25158;25160
51;9;22123;22122;22124
51;9;35198;;35199
51;9;28243;28242;
51;9;19598;19597;19599
51;9;26044;25853;
51;9;21268;26380;21269
51;9;23223;23222;
51;9;30892;;30893
51;9;24823;24822;24824
51;9;30918;30917;
51;9;32647;;32648
51;9;28873;28872;
51;9;32163;;32164
51;9;21539;;21540
51;9;26819;26818;26820
51;9;26710;26709;26711
51;9;24761;;24762
51;9;17282;;17283
51;9;27589;27588;10710
51;9;35679;;35680
51;9;11518;12076;11519
51;9;22766;22765;
51;9;12292;;12291
51;9;30583;30582;30585
51;9;26362;10676;10677
51;9;16384;12044;16385
51;9;31698;31697;
51;9;11497;17551;17554
51;9;35856;;35857
51;9;25576;;22640
51;9;25403;19631;
51;9;30223;30222;
51;9;31599;31598;
51;9;10037;;10663
51;9;22391;25950;22392
51;9;35672;;35673
51;9;29113;29112;
51;9;12006;23295;23296
51;9;21927;21926;21928
51;9;22244;22243;22245
51;9;35739;;35740
51;9;29184;29183;29185
51;9;31318;31317;
51;9;27483;;27484
51;9;23192;;23193
51;9;26935;;26936
51;9;21533;21532;26791
51;9;20551;20550;20552
51;9;35848;35847;
51;9;31104;31103;
51;9;24981;24980;24982
51;9;22810;22809;22811
51;9;16973;;16974
51;9;27808;27807;27809
51;9;16987;16986;16988
51;9;21899;21898;21900
51;9;35804;;35805
51;9;35922;35921;
51;9;28686;;28687
51;9;17031;17032;
51;9;23255;;23256
51;9;26884;;21151
51;9;22549;22548;25729
51;9;28376;28375;
51;9;30347;30346;
51;9;25769;25768;25770
51;9;25358;25353;12797
51;9;12888;12887;12890
51;9;29779;29778;
51;9;22473;22472;
51;9;11118;10361;10360
51;9;21674;21673;26017
51;9;29960;;29961
51;9;12669;12668;12670
51;9;21832;21837;11263
51;9;16446;17502;
51;9;24422;;24423
51;9;10260;11553;11505
51;9;20706;11858;20707
51;9;12777;19179;19180
51;9;22369;11618;10433
51;9;17558;16532;
51;9;19735;19734;19736
51;9;23187;11572;11571
51;9;11148;10537;10536
51;9;11849;;19166
51;9;24531;24530;
51;9;23600;11994;23601
51;9;27332;27331;27333
51;9;21489;;21490
51;9;14860;10606;10608
51;9;23017;23016;23018
51;9;16961;;16962
51;9;23057;;23058
51;9;27817;27815;
51;9;11216;10331;10330
51;9;29923;29922;
51;9;29731;29730;29732
51;9;24330;24329;24331
51;9;20208;20207;20209
51;9;19577;;19578
51;9;20831;20830;
51;9;31458;31457;
51;9;29475;29474;29476
51;9;32697;;32698
51;9;25779;25778;25780
51;9;17304;;17305
51;9;20672;;20673
51;9;25601;25600;
51;9;12713;;26482
51;9;31575;;31576
51;9;24252;24251;24253
51;9;12780;;12781
51;9;25172;25171;
51;9;23842;23841;23843
51;9;17010;;17011
51;9;36326;;35320
51;9;21118;21117;
51;9;26677;;26678
51;9;27423;27634;
51;9;32639;;32640
51;9;30738;30737;30739
51;9;20283;20282;20284
51;9;35409;;35410
51;9;27505;27504;27506
51;9;22976;22975;22977
51;9;32754;32753;
51;9;28477;;28478
51;9;11797;25301;22296
51;9;35951;35950;
51;9;32622;32621;32623
51;9;26560;21609;26561
51;9;19441;19440;19442
51;9;22795;;22796
51;9;10076;11220;11137
51;9;30734;30733;30735
51;9;12945;12375;11754
51;9;21066;21065;21067
51;9;10311;26368;10312
51;9;31193;31191;31194
51;9;11221;27711;11189
51;9;12202;10785;10793
51;9;32235;;32236
51;9;30042;;30043
51;9;22284;22283;22285
51;9;20763;;20589
51;9;23908;25329;25669
51;9;22711;22710;22712
51;9;30264;30263;30265
51;9;10416;10415;27639
51;9;12034;21193;
51;9;22981;;22982
51;9;21095;21097;21096
51;9;26828;;26829
51;9;20456;20455;
51;9;21469;;21470
51;9;35358;35357;35359
51;9;32147;;32148
51;9;35371;35370;
51;9;20700;20699;
51;9;25075;25074;
51;9;19550;;19551
51;9;16526;16525;16527
51;9;12845;;24546
51;9;35484;35483;35485
51;9;17600;17323;17324
51;9;28094;28093;28095
51;9;16589;;16590
51;9;11184;10762;10763
51;9;26843;21509;26844
51;9;16569;16568;
51;9;31436;31435;
51;9;27223;12778;
51;9;26581;;26582
51;9;12917;25299;12630
51;9;35474;;35475
51;9;16372;11785;16373
51;9;22896;22895;22897
51;9;20484;;20485
51;9;36447;23896;
51;9;24677;10305;11826
51;9;27555;19713;19714
51;9;23163;23162;23164
51;9;31978;31977;
51;9;16516;16515;
51;9;22031;;25507
51;9;22042;;22043
51;9;16998;17552;
51;9;24578;24577;
51;9;32744;;32745
51;9;17401;;17402
51;9;31207;;31208
51;9;24685;24684;24686
51;9;22686;;22687
51;9;20906;;20907
51;9;26678;26677;
51;9;31180;31179;31181
51;9;20876;20875;
51;9;16861;16860;16862
51;9;22736;22735;
51;9;17330;;17331
51;9;10638;10639;10119
51;9;30040;30039;
51;9;25879;36446;25880
51;9;23136;23135;
51;9;19378;19377;
51;9;12021;22193;
51;9;22153;16622;22154
51;9;23629;;23630
51;9;26784;26783;26785
51;9;36268;30541;30542
51;9;10714;10713;10716
51;9;12697;;26378
51;9;19164;14826;20121
51;9;24741;24740;
51;9;25084;25083;
51;9;16368;11278;11796
51;9;36247;;36248
51;9;36142;36141;
51;9;32667;;32668
51;9;31734;;31735
51;9;28405;28404;28406
51;9;23840;23839;11977
51;9;11761;11762;14866
51;9;35643;35642;35644
51;9;10492;10087;26355
51;9;30185;30184;30186
51;9;17244;17243;
51;9;20612;20611;
51;9;30913;30912;
51;9;32616;;32618
51;9;24268;;24269
51;9;35802;35801;
51;9;22413;;22414
51;9;26505;;26506
51;9;25086;25085;
51;9;12193;12197;23334
51;9;22458;;22459
51;9;35544;35543;
51;9;36147;;36148
51;9;30249;30247;30251
51;9;16958;17540;
51;9;11368;20280;20281
51;9;30169;30168;
51;9;22639;22638;
51;9;21225;;25457
51;9;11305;12948;12266
51;9;29442;;29443
51;9;35562;35561;
51;9;19728;19727;
51;9;23965;23964;
51;9;25900;25666;24008
51;9;27859;27858;27860
51;9;22171;22170;22172
51;9;25503;19562;19565
51;9;27371;27364;
51;9;25350;11886;10587
51;9;30530;30529;
51;9;32454;;32455
51;9;24712;24711;
51;9;17124;17123;17125
51;9;24602;;24603
51;9;30885;;30886
51;9;21244;21243;26458
51;9;22696;22695;22697
51;9;24160;;24161
51;9;14851;14850;11713
51;9;22363;12058;12060
51;9;16850;16849;16851
51;9;24650;24649;11993
51;9;30130;30129;30131
51;9;24224;24223;
51;9;27612;27444;27611
51;9;26343;10434;14919
51;9;16882;16881;
51;9;17418;;17419
51;9;22867;22866;22868
51;9;16901;16900;
51;9;16445;;17502
51;9;21557;26855;21558
51;9;12206;23463;10526
51;9;28318;28317;
51;9;30707;;30708
51;9;28115;28114;
51;9;17335;;17336
51;9;16531;16530;16532
51;9;12684;12683;
51;9;17038;;17039
51;9;24799;;24800
51;9;24491;24490;24492
51;9;36435;19151;
51;9;35208;;35209
51;9;31773;31772;
51;9;30719;30718;30720
51;9;35875;;35876
51;9;36093;;36094
51;9;25814;19232;25815
51;9;11704;27257;22722
51;9;29242;29241;
51;9;10818;;11739
51;9;19571;;19572
51;9;12768;;12764
51;9;24328;24327;24329
51;9;20213;20212;
51;9;20464;;20465
51;9;12750;;19218
51;9;25543;25542;
51;9;16362;17582;16363
51;9;35931;;35932
51;9;28932;28931;28933
51;9;32060;32059;
51;9;22265;11731;11734
51;9;35330;35329;
51;9;10050;;10620
51;9;36094;36093;
51;9;26461;21233;21234
51;9;23265;23264;23266
51;9;25890;;23826
51;9;28286;28285;
51;9;27512;27511;27406
51;9;26499;26498;26500
51;9;30151;30150;
51;9;31704;;31705
51;9;28624;;28625
51;9;19393;19392;
51;9;30213;;30214
51;9;30937;30936;
51;9;11322;;11321
51;9;22761;;22762
51;9;24032;24140;24033
51;9;20745;;25487
51;9;32181;32180;
51;9;32421;32420;
51;9;20122;;20123
51;9;24667;24666;
51;9;23391;23390;
51;9;20829;;20830
51;9;29654;;29655
51;9;21024;21033;21025
51;9;29415;29414;
51;9;20808;11371;20809
51;9;22232;22231;
51;9;35573;;35574
51;9;26042;23384;11654
51;9;20738;20737;20740
51;9;35621;35620;
51;9;11975;14878;21276
51;9;21120;21119;21121
51;9;21749;21748;
51;9;20733;20732;20734
51;9;22137;;22138
51;9;23429;23428;
51;9;23377;23376;23378
51;9;27900;;27901
51;9;11427;27524;11426
51;9;19311;19310;
51;9;14819;14818;14820
51;9;35885;35884;
51;9;35493;;35494
51;9;23795;;23796
51;9;29223;29222;
51;9;26364;27403;10370
51;9;17103;17102;
51;9;23188;;25275
51;9;23809;23808;
51;9;28098;28097;
51;9;29955;;29956
51;9;30374;30338;30375
51;9;24203;;24204
51;9;24196;;24197
51;9;23041;23039;23042
51;9;32688;;32689
51;9;22838;22836;22839
51;9;29829;29828;
51;9;24275;24274;
51;9;32593;;32594
51;9;21084;21083;21085
51;9;19613;;19614
51;9;32429;;32430
51;9;26589;26590;27713
51;9;30998;;30999
51;9;28961;;28962
51;9;30828;;30829
51;9;32281;32280;
51;9;10419;10421;10741
51;9;24663;24664;
51;9;22048;22219;22049
51;9;32192;32191;
51;9;11864;;20525
51;9;27951;;27952
51;9;20382;20381;20383
51;9;24382;24381;24383
51;9;24379;24378;
51;9;23685;;23686
51;9;21744;21743;21746
51;9;12106;12105;22184
51;9;30625;30624;
51;9;17573;17572;17574
51;9;16339;17557;16340
51;9;17236;17235;17237
51;9;25708;20268;12484
51;9;24249;24248;
51;9;22208;22207;
51;9;11227;10137;25372
51;9;12361;;14844
51;9;28856;28855;
51;9;29652;29651;
51;9;35337;35336;35338
51;9;21625;;26022
51;9;11923;11922;23214
51;9;21478;21479;26501
51;9;19243;;19244
51;9;24548;24547;12846
51;9;21133;21132;
51;9;36281;;36280
51;9;27676;27675;27677
51;9;12200;;22193
51;9;19548;19547;19549
51;9;19432;19431;19433
51;9;19479;19478;19480
51;9;28389;;28390
51;9;31851;;31852
51;9;36245;36244;
51;9;16461;16460;19890
51;9;21670;21668;21671
51;9;27664;;27665
51;9;19877;19876;19878
51;9;27673;27101;27674
51;9;29721;;29722
51;9;32737;32736;
51;9;12164;;20803
51;9;32117;32116;
51;9;12136;;16392
51;9;30619;30618;
51;9;31011;31010;31012
51;9;12037;21973;
51;9;26594;26593;
51;9;21070;21069;21071
51;9;21735;11875;27177
51;9;11666;11667;11663
51;9;29084;29083;29085
51;9;11509;11507;11512
51;9;20247;20246;20248
51;9;26525;26524;
51;9;16842;16841;16843
51;9;25092;25091;25093
51;9;24826;24825;
51;9;25044;;25045
51;9;20510;20511;20512
51;9;20922;10336;20923
51;9;10404;10406;10017
51;9;21089;21088;21090
51;9;31086;31085;
51;9;11494;11493;17463
51;9;32157;32156;32158
51;9;20310;20309;20311
51;9;29919;29918;29920
51;9;28397;28396;28398
51;9;20115;27115;25740
51;9;31145;31144;31146
51;9;26709;10375;26710
51;9;21445;21444;
51;9;23499;;23500
51;9;28390;28389;28391
51;9;29799;;29800
51;9;26968;26967;
51;9;24012;25901;24013
51;9;11297;12949;10356
51;9;19592;;19593
51;9;32263;;32264
51;9;31403;;31404
51;9;27502;27501;
51;9;27626;27625;36371
51;9;25685;25684;
51;9;19278;;19279
51;9;20349;20348;25441
51;9;21586;21585;21587
51;9;23272;23271;
51;9;28848;28847;
51;9;29014;29013;29015
51;9;26512;12953;26511
51;9;27078;27322;27345
51;9;35584;35583;
51;9;17008;17541;17520
51;9;31932;31931;
51;9;26701;26700;26702
51;9;25551;22581;25552
51;9;35694;35693;35695
51;9;24793;24792;24794
51;9;11655;10513;23332
51;9;28122;;28123
51;9;29632;29631;29633
51;9;28742;28741;
51;9;20467;20466;
51;9;23089;23088;23090
51;9;23140;;23141
51;9;22647;11652;11651
51;9;10335;26376;10334
51;9;17060;;17061
51;9;20669;20668;20670
51;9;20924;20925;20926
51;9;29630;29629;29631
51;9;17525;17524;17539
51;9;16918;;16919
51;9;21535;26798;26799
51;9;29904;29903;
51;9;28725;28724;
51;9;10353;26375;11176
51;9;20017;;20018
51;9;16562;16561;
51;9;19151;19150;36435
51;9;22040;;22041
51;9;30060;;30061
51;9;23877;23876;
51;9;20096;20094;20097
51;9;17428;17427;
51;9;21728;;26577
51;9;16988;16987;
51;9;25027;25026;25028
51;9;35933;35932;
51;9;30509;;30510
51;9;32384;32383;
51;9;28404;28403;28405
51;9;17113;;17114
51;9;31210;31209;31211
51;9;23023;23022;23024
51;9;23253;23252;23254
51;9;29491;36276;29492
51;9;25996;10485;10480
51;9;27572;;27573
51;9;28840;28839;
51;9;20770;11291;20771
51;9;23226;23225;23227
51;9;11385;20767;20768
51;9;11592;11594;10459
51;9;11288;19642;10764
51;9;35540;35539;35541
51;9;28758;28757;
51;9;16415;16413;16416
51;9;31922;31921;31923
51;9;11865;11925;26658
51;9;32505;;36264
51;9;30366;30365;30367
51;9;32253;;32254
51;9;28375;28374;28376
51;9;32629;;32630
51;9;12748;;19215
51;9;23326;12365;
51;9;17460;17459;17461
51;9;21596;;21597
51;9;20814;20813;20815
51;9;24705;25274;24706
51;9;17050;17049;17051
51;9;20750;20749;20751
51;9;25563;23058;23059
51;9;25338;25337;19212
51;9;25136;25135;25137
51;9;26549;;26550
51;9;19828;19827;
51;9;26736;26735;26737
51;9;23052;23051;23053
51;9;29206;36259;36300
51;9;23205;;23206
51;9;22239;;22240
51;9;30326;30325;
51;9;19574;19573;19575
51;9;19858;19857;
51;9;20421;20420;
51;9;10321;10319;10031
51;9;27619;27712;27633
51;9;11957;11301;
51;9;12839;;12840
51;9;20127;20126;20128
51;9;21116;21115;
51;9;36324;35204;35205
51;9;25069;25068;
51;9;21288;26472;21289
51;9;35653;35652;35654
51;9;31118;31116;
51;9;11215;25963;25964
51;9;36039;36038;
51;9;20853;20852;12162
51;9;32703;32702;
51;9;16578;;16579
51;9;10689;27643;11157
51;9;11823;24675;24676
51;9;17517;17516;
51;9;27910;;27911
51;9;10616;27516;10490
51;9;19648;19647;
51;9;22098;;22099
51;9;23994;11523;23995
51;9;29889;29887;
51;9;23363;;23364
51;9;19698;19697;
51;9;21999;21998;21851
51;9;19470;19469;
51;9;12739;;25379
51;9;32540;32539;
51;9;28613;;28614
51;9;30205;30204;
51;9;11414;27657;27659
51;9;16710;;16711
51;9;23079;23078;23080
51;9;23898;23897;
51;9;16875;16874;16876
51;9;19463;19462;
51;9;19229;25391;19230
51;9;20490;20489;20491
51;9;20863;;20864
51;9;22109;22108;
51;9;23415;23414;23416
51;9;35807;;35808
51;9;27890;27889;27891
51;9;22023;22022;22024
51;9;22627;;22628
51;9;35241;;35242
51;9;30921;30920;30922
51;9;20192;20191;
51;9;20025;20024;20026
51;9;21879;;21880
51;9;31379;31378;
51;9;22222;12497;22223
51;9;31488;31487;
51;9;29476;29475;29478
51;9;24546;12845;24547
51;9;25156;;25157
51;9;35833;35832;
51;9;22892;12081;12536
51;9;31961;;31962
51;9;17466;17465;19639
51;9;25929;25928;25932
51;9;11319;10279;
51;9;12338;10657;10654
51;9;20691;20690;20692
51;9;11516;25459;25260
51;9;19863;;19864
51;9;25305;;24859
51;9;36316;36315;
51;9;30755;30754;36309
51;9;11114;10273;10284
51;9;21758;;21759
51;9;24529;24528;
51;9;24794;24793;
51;9;28205;28204;28206
51;9;23349;;23350
51;9;31076;31075;31077
51;9;23543;23542;23544
51;9;25095;;25096
51;9;10603;11336;12051
51;9;23927;;23928
51;9;32221;;32222
51;9;26774;26773;
51;9;17245;;17246
51;9;23242;23241;
51;9;21055;21054;
51;9;35464;;35465
51;9;30036;30035;
51;9;28266;28265;
51;9;21302;21301;
51;9;17514;11333;11331
51;9;26993;;26994
51;9;23625;;23626
51;9;12191;25977;
51;9;17332;17331;17333
51;9;36376;10849;10799
51;9;29531;29530;29532
51;9;32217;;32218
51;9;25741;25740;20116
51;9;17390;;17391
51;9;22191;22190;25828
51;9;10642;24220;11424
51;9;20371;20370;
51;9;25856;26043;
51;9;10073;27014;10446
51;9;36443;36448;36444
51;9;27093;;25692
51;9;25396;27608;
51;9;21413;21412;
51;9;27468;11160;10718
51;9;28898;28897;
51;9;30981;30980;
51;9;26347;26346;27448
51;9;29158;29157;
51;9;31139;;31140
51;9;21567;21566;21568
51;9;30510;30509;30511
51;9;19362;19361;19363
51;9;27498;36457;
51;9;16584;;16585
51;9;25973;25974;
51;9;26324;10254;10256
51;9;29997;29996;29998
51;9;32045;;32046
51;9;22209;;22210
51;9;30905;;30906
51;9;27744;27742;27745
51;9;16394;16393;12133
51;9;17096;;17097
51;9;23715;;23716
51;9;29358;;29360
51;9;25562;;25873
51;9;19394;;19395
51;9;23056;23055;25598
51;9;21505;26904;21506
51;9;32331;;32332
51;9;23501;23500;
51;9;21875;21874;21876
51;9;22039;22038;
51;9;24768;24767;24769
51;9;27718;27717;27719
51;9;26327;10264;10266
51;9;30641;;30642
51;9;10588;10586;27103
51;9;21215;21214;
51;9;11621;12399;22367
51;9;26013;26012;26014
51;9;22993;22992;22994
51;9;28616;28604;
51;9;23751;;23752
51;9;28631;28630;
51;9;26703;27558;27559
51;9;21459;21458;21460
51;9;16560;;16561
51;9;20015;20014;20016
51;9;22117;22116;22266
51;9;11951;24698;24868
51;9;27464;27463;10641
51;9;31343;31342;31344
51;9;19984;19983;
51;9;22784;11559;22785
51;9;30631;30630;30632
51;9;11959;11960;24644
51;9;24139;24138;
51;9;16559;16558;
51;9;30464;30463;
51;9;29348;29347;
51;9;23288;;23289
51;9;26955;26954;
51;9;21852;;21853
51;9;20435;20434;
51;9;23555;23554;
51;9;14896;14895;14897
51;9;32028;;32029
51;9;21379;;21381
51;9;27280;;27281
51;9;19670;;19671
51;9;30352;;30353
51;9;32706;32705;
51;9;28186;28185;
51;9;21698;;21699
51;9;22289;;22290
51;9;17070;17069;
51;9;24875;24874;12252
51;9;19684;19683;19685
51;9;20806;20805;20807
51;9;24537;24536;
51;9;35230;35229;
51;9;32010;32009;
51;9;27382;21716;21717
51;9;21216;;21217
51;9;22074;;22075
51;9;16522;;16523
51;9;20748;20747;20749
51;9;23578;23577;
51;9;12089;20769;11383
51;9;31317;31316;31318
51;9;35276;;35277
51;9;24611;12490;24612
51;9;29690;29689;
51;9;25838;;25839
51;9;22092;;22093
51;9;10049;10497;
51;9;17140;;17141
51;9;19663;25402;
51;9;28026;28025;
51;9;26397;21276;26399
51;9;35222;;35223
51;9;24655;24654;12114
51;9;28905;28904;
51;9;25107;25106;25108
51;9;22383;22381;22658
51;9;28889;28888;
51;9;36287;29759;29760
51;9;27630;10368;10367
51;9;28869;;28870
51;9;11733;;26906
51;9;25516;25515;
51;9;22971;;22972
51;9;35946;35945;35947
51;9;22463;22462;
51;9;25749;25748;
51;9;20041;20040;
51;9;35430;;35431
51;9;31530;;36236
51;9;23826;25890;11437
51;9;26496;;21250
51;9;29681;29680;29682
51;9;27922;27921;27924
51;9;35424;;35425
51;9;23617;23616;23618
51;9;20298;;20299
51;9;10224;10223;11206
51;9;31780;31779;
51;9;25362;11885;
51;9;21824;21823;21825
51;9;21974;;21975
51;9;11321;11322;21823
51;9;10699;10697;10072
51;9;10256;26324;10257
51;9;32198;;32199
51;9;22449;22448;
51;9;25971;25970;
51;9;19816;19815;
51;9;17471;11915;17472
51;9;20843;;20844
51;9;22731;;22732
51;9;35416;35415;
51;9;14875;14874;14876
51;9;11158;26363;10690
51;9;27962;27961;
51;9;28160;28159;28161
51;9;23669;23668;23670
51;9;21101;21100;21102
51;9;12689;26453;
51;9;28651;27908;
51;9;10045;10431;
51;9;17232;;17233
51;9;12706;21296;21298
51;9;28661;;28662
51;9;17057;17056;17521
51;9;19404;19403;
51;9;31261;31260;
51;9;30064;30063;
51;9;24090;24089;24091
51;9;23905;23904;
51;9;16537;;16538
51;9;20100;;20101
51;9;21430;21428;21431
51;9;22698;;22699
51;9;21180;21179;
51;9;36066;36065;
51;9;32352;32351;32353
51;9;27928;27927;36321
51;9;27391;;27392
51;9;19443;19442;25490
51;9;10237;25962;10239
51;9;29425;;29426
51;9;30759;30758;
51;9;20694;11929;20695
51;9;32112;;32113
51;9;23418;23417;
51;9;32089;32088;32090
51;9;21797;12269;21798
51;9;31870;;31871
51;9;21732;27635;11874
51;9;29668;29667;29669
51;9;22716;11904;11905
51;9;21326;;21328
51;9;25079;25078;25080
51;9;20197;19142;11931
51;9;23177;25524;23178
51;9;21569;21568;21570
51;9;21742;21741;
51;9;19266;19265;25404
51;9;25460;25261;
51;9;32576;32575;
51;9;24756;24755;
51;9;20962;20961;20963
51;9;23688;23687;
51;9;31014;;31015
51;9;22012;;26041
51;9;24129;;24130
51;9;32135;;32136
51;9;21681;;21682
51;9;26003;10479;10486
51;9;30319;;30320
51;9;22878;22877;22879
51;9;10124;36367;26361
51;9;23814;;23815
51;9;22460;;22461
51;9;36321;27928;27929
51;9;29999;29998;
51;9;12929;36500;11352
51;9;24387;24386;24388
51;9;21349;21348;
51;9;12252;24875;24876
51;9;25637;;25638
51;9;11300;12168;22190
51;9;21334;;26381
51;9;29147;29146;29148
51;9;23850;;23851
51;9;19824;;19825
51;9;26766;;26767
51;9;17377;17376;17378
51;9;24093;;24094
51;9;32655;32654;32656
51;9;29162;29161;
51;9;28142;28141;
51;9;29926;29925;29927
51;9;10472;11141;11195
51;9;20939;11675;20940
51;9;19568;19567;
51;9;35769;;35770
51;9;29018;29017;
51;9;30293;30292;
51;9;26635;;26637
51;9;32634;32633;
51;9;27986;;27987
51;9;12271;;21776
51;9;24750;24749;
51;9;27583;10710;20714
51;9;26413;26412;
51;9;10428;11135;25998
51;9;25812;;25813
51;9;17121;17122;
51;9;29989;;29990
51;9;32251;32250;
51;9;16830;16829;16831
51;9;27338;27337;
51;9;24811;24810;24812
51;9;11665;23303;36348
51;9;16392;12136;16393
51;9;22057;22056;25830
51;9;26640;;21764
51;9;17072;17071;17073
51;9;10519;10095;11225
51;9;31113;;31114
51;9;32264;32263;
51;9;17593;;17594
51;9;21286;21285;26471
51;9;28236;28235;28237
51;9;24261;;24262
51;9;22075;22074;
51;9;27485;27484;27516
51;9;25534;23024;
51;9;29983;;29984
51;9;28394;28393;
51;9;16917;16916;
51;9;24095;24094;
51;9;31862;31861;
51;9;26314;10222;10223
51;9;25594;23025;25595
51;9;27127;21694;
51;9;36448;36442;36443
51;9;32142;32141;
51;9;27209;27208;27210
51;9;26597;26596;26598
51;9;25906;25905;
51;9;22778;22777;22779
51;9;24143;24142;
51;9;31729;;31730
51;9;32766;32765;32767
51;9;30545;30544;30546
51;9;10332;10101;10331
51;9;21377;21376;21378
51;9;23448;;23449
51;9;22900;22899;
51;9;29471;;29472
51;9;10210;11624;10182
51;9;17254;17253;
51;9;31666;31665;
51;9;10798;27099;27100
51;9;29655;29654;
51;9;25483;25482;25484
51;9;35812;35811;
51;9;28971;28970;28972
51;9;22630;;22631
51;9;20002;20001;20003
51;9;12022;12019;27497
51;9;26907;22267;27490
51;9;30429;30428;
51;9;11854;19172;11855
51;9;17209;17208;17527
51;9;27130;27129;
51;9;22944;22943;22945
51;9;24782;;24783
51;9;12013;19640;19641
51;9;28101;28100;
51;9;17404;17403;
51;9;17393;17392;17394
51;9;25538;;22527
51;9;19831;;19832
51;9;19520;19519;
51;9;19420;19419;19421
51;9;23141;23140;23142
51;9;23504;;23505
51;9;31672;31671;31673
51;9;32473;32472;32474
51;9;23407;;23408
51;9;22051;22050;22052
51;9;28467;;28468
51;9;25306;24978;
51;9;25268;25630;23323
51;9;36440;36439;36441
51;9;27343;;27344
51;9;36013;;36014
51;9;31664;;31665
51;9;27139;27138;27140
51;9;10409;10407;
51;9;21540;21539;21541
51;9;23464;;23466
51;9;12741;19213;
51;9;35646;;35647
51;9;14872;14871;14873
51;9;21312;21311;21313
51;9;12076;25290;11518
51;9;26807;26806;
51;9;30277;;30278
51;9;31980;;31981
51;9;24216;24215;11815
51;9;12538;;12539
51;9;21355;;21356
51;9;24577;;24578
51;9;31073;31072;
51;9;11436;25264;25877
51;9;21815;;21816
51;9;11574;;23421
51;9;24543;12121;12116
51;9;35146;35145;
51;9;22333;;22334
51;9;23609;23608;23610
51;9;23257;;23258
51;9;19595;19594;19596
51;9;26442;;26443
51;9;24659;24658;27109
51;9;28229;28228;
51;9;27574;;21021
51;9;25835;;25836
51;9;20787;;20788
51;9;23692;23691;23693
51;9;12818;19745;
51;9;36153;;36154
51;9;36169;36168;
51;9;19664;;19665
51;9;23956;25672;25673
51;9;17271;17270;
51;9;29455;;29456
51;9;19232;25388;25814
51;9;31029;;31030
51;9;21011;21010;
51;9;26946;;26947
51;9;22861;22860;22862
51;9;30902;;30903
51;9;29456;29455;29457
51;9;24630;24629;
51;9;10858;26330;11236
51;9;22417;22416;22418
51;9;26682;21984;21985
51;9;31188;31187;
51;9;20313;20312;20314
51;9;12343;27824;25650
51;9;17583;25712;12054
51;9;17468;11775;14898
51;9;31820;;31821
51;9;12293;23422;
51;9;24969;24968;24970
51;9;10731;21635;
51;9;25843;25842;25844
51;9;29389;;29390
51;9;30154;30153;
51;9;30532;;30533
51;9;32623;32622;
51;9;20899;12924;20900
51;9;36302;;28128
51;9;16377;16376;16378
51;9;31954;31953;31955
51;9;27244;;27246
51;9;21960;;21961
51;9;10300;26334;26335
51;9;29431;;29432
51;9;32733;;32734
51;9;28755;;36283
51;9;31301;31300;
51;9;21864;21863;
51;9;16615;;16616
51;9;21367;21366;21368
51;9;31702;31700;31701
51;9;35238;;35239
51;9;28553;28552;
51;9;21449;21448;
51;9;22833;22837;22834
51;9;24733;24732;
51;9;22264;22263;
51;9;31321;31320;
51;9;16897;16896;
51;9;25780;25779;
51;9;17248;17247;17250
51;9;25669;23908;23909
51;9;29896;29895;29897
51;9;21610;21761;
51;9;16876;16875;
51;9;28073;;28074
51;9;22638;22637;22639
51;9;29271;29270;
51;9;19710;;25332
51;9;31941;31940;
51;9;22628;22627;22629
51;9;27397;27395;27396
51;9;11430;11432;27170
51;9;27745;27744;27746
51;9;31048;;31049
51;9;11199;10674;10673
51;9;23844;;23845
51;9;23700;25706;23701
51;9;10763;11184;11186
51;9;28954;36278;28955
51;9;12772;19192;
51;9;20159;20158;20160
51;9;17436;17435;17437
51;9;32222;32221;
51;9;20774;20773;20775
51;9;24416;;24417
51;9;29952;;29953
51;9;27368;11365;20517
51;9;20761;20760;20762
51;9;27671;27670;27672
51;9;11968;10356;
51;9;26790;21531;21532
51;9;31364;31363;
51;9;27906;27905;27907
51;9;29744;29743;29745
51;9;27361;27360;27362
51;9;23656;23655;
51;9;22758;25302;22759
51;9;32747;;32748
51;9;20005;;20006
51;9;29342;;36489
51;9;26459;12680;12681
51;9;17004;17003;
51;9;19458;19457;
51;9;28559;28558;
51;9;36165;;36166
51;9;32452;32451;
51;9;32189;32188;32066
51;9;24809;;24810
51;9;17473;12659;17474
51;9;23333;23334;25977
51;9;12632;19153;
51;9;16933;;17507
51;9;21891;;27590
51;9;24640;24518;24641
51;9;20999;20998;
51;9;30876;30875;
51;9;11720;27526;12335
51;9;27854;27853;27851
51;9;24649;11963;24650
51;9;22819;;22820
51;9;11645;11648;22169
51;9;28966;28965;28967
51;9;36487;36481;36499
51;9;25299;25298;12917
51;9;25850;11577;11572
51;9;24773;;24774
51;9;31754;31753;
51;9;24076;24075;
51;9;29235;;36234
51;9;29267;;29268
51;9;17079;;17080
51;9;21451;21450;21452
51;9;19703;;19704
51;9;19235;;19236
51;9;21789;21788;21790
51;9;16853;16852;16854
51;9;14822;14821;19146
51;9;23128;;23129
51;9;24988;;24989
51;9;25386;;25387
51;9;28790;28789;
51;9;30128;;30129
51;9;21168;21167;21169
51;9;21014;;21015
51;9;30120;;30122
51;9;31503;36290;
51;9;23832;23831;23833
51;9;23032;23031;23033
51;9;32594;32593;
51;9;27509;27508;10244
51;9;32420;;32421
51;9;35324;35323;35325
51;9;23199;23198;
51;9;31035;31034;
51;9;27158;27157;
51;9;24889;11983;12259
51;9;16458;16457;12831
51;9;28583;;28584
51;9;25839;25838;25840
51;9;32288;32287;32289
51;9;25687;25686;11934
51;9;17217;;17218
51;9;26360;10534;10537
51;9;21232;;26462
51;9;10795;;10621
51;9;25262;27672;10887
51;9;23776;23777;23775
51;9;23126;12176;12296
51;9;10776;10838;36491
51;9;30846;30845;30847
51;9;11278;12499;16368
51;9;24008;25900;24009
51;9;11933;16350;16351
51;9;30945;30944;30946
51;9;27944;;27945
51;9;10720;26318;10722
51;9;10461;11190;27446
51;9;12710;;21305
51;9;21826;21825;25705
51;9;31441;;31442
51;9;29413;;29414
51;9;20037;20036;20038
51;9;24457;24456;
51;9;17339;;17340
51;9;12304;25668;25329
51;9;20176;20175;20177
51;9;27886;27885;27887
51;9;29832;29831;29833
51;9;30114;;30115
51;9;12832;12831;
51;9;29249;29248;
51;9;21036;21035;21037
51;9;22953;22952;
51;9;35889;35888;
51;9;23562;23561;
51;9;22520;;25539
51;9;31633;;31634
51;9;36047;;36048
51;9;32530;;32531
51;9;24510;;24511
51;9;19490;19489;
51;9;27750;27749;
51;9;25169;25168;25170
51;9;20982;11681;20983
51;9;19247;19608;19609
51;9;23607;25517;23608
51;9;23536;25312;25313
51;9;30106;30105;
51;9;22249;22248;
51;9;31017;;31018
51;9;32171;32170;
51;9;22170;27306;22171
51;9;14836;11881;14837
51;9;24243;24242;24244
51;9;28305;28304;28306
51;9;20974;20824;20975
51;9;21207;21206;21208
51;9;27101;23484;27673
51;9;16731;16730;
51;9;35155;35154;
51;9;28516;;28517
51;9;14850;14849;14851
51;9;28783;;28784
51;9;20960;27655;11966
51;9;23016;23015;23017
51;9;32408;;32409
51;9;30415;30414;
51;9;25447;20558;25746
51;9;35166;35165;
51;9;27417;27418;
51;9;16767;16766;16768
51;9;19985;;19986
51;9;24480;;24481
51;9;27686;12323;27687
51;9;12210;10520;
51;9;22972;22971;22973
51;9;24683;24682;24684
51;9;25316;25940;25610
51;9;35181;;35182
51;9;16820;16819;
51;9;16823;16822;
51;9;16857;16856;
51;9;27111;23874;
51;9;25001;25000;
51;9;35706;35705;
51;9;31681;;31683
51;9;26674;;26675
51;9;16791;16790;27000
51;9;32095;32094;
51;9;25717;25716;10707
51;9;21968;21967;
51;9;22194;;22195
51;9;17195;17194;17196
51;9;27257;27258;11704
51;9;29917;;29918
51;9;20365;;20366
51;9;27352;27351;
51;9;30514;30513;
51;9;16792;;16793
51;9;35909;35908;
51;9;17582;27102;16362
51;9;19799;19798;19800
51;9;25329;12304;23908
51;9;22124;22123;22125
51;9;22122;;22123
51;9;29748;29747;29749
51;9;25031;25030;
51;9;25539;22520;
51;9;30375;30374;30378
51;9;28268;;28269
51;9;31925;;31926
51;9;20188;20187;20189
51;9;36144;;36145
51;9;19842;19841;
51;9;24136;24135;
51;9;24581;24580;
51;9;10476;10478;27445
51;9;31473;31471;31475
51;9;20318;20317;20320
51;9;23747;23746;23748
51;9;10762;11183;11184
51;9;10402;;10014
51;9;19621;19620;19622
51;9;25636;25346;23514
51;9;27323;27165;27166
51;9;24624;24623;
51;9;17451;17579;17452
51;9;20759;;20760
51;9;25648;23837;
51;9;22392;22391;22393
51;9;26789;26788;21531
51;9;28120;28119;
51;9;23384;11657;26042
51;9;31929;31928;
51;9;21850;11908;25991
51;9;22466;22465;
51;9;26457;21242;
51;9;26655;26654;
51;9;35543;;35544
51;9;29016;29015;29017
51;9;29229;29228;
51;9;23376;10523;23377
51;9;31218;;31219
51;9;10463;26336;26338
51;9;26670;;26671
51;9;19451;19450;19452
51;9;29362;;29363
51;9;11141;10473;10472
51;9;30924;;30925
51;9;17346;17345;17347
51;9;17286;17285;17287
51;9;30721;30720;
51;9;29663;29662;
51;9;36492;36491;21609
51;9;24126;24125;
51;9;24124;;24125
51;9;35847;;35848
51;9;30948;;30949
51;9;19850;19849;
51;9;19676;;19677
51;9;29210;29209;29211
51;9;31714;;31715
51;9;29910;29909;29911
51;9;24237;;24238
51;9;19566;;19567
51;9;22193;12200;12021
51;9;36352;27813;36353
51;9;19825;19824;
51;9;22237;22235;22238
51;9;31107;31106;31108
51;9;19812;19811;19813
51;9;21437;21436;12721
51;9;22375;;22376
51;9;19171;19170;25479
51;9;23013;23012;23014
51;9;22053;22052;
51;9;21440;21439;12722
51;9;25354;11464;11466
51;9;27682;27681;27683
51;9;24326;;24327
51;9;20205;;20206
51;9;17557;16337;16339
51;9;21476;21475;
51;9;10142;;10781
51;9;10608;14860;10038
51;9;10326;27441;26370
51;9;12897;12941;12668
51;9;20501;;20560
51;9;17513;17189;17190
51;9;20039;20038;
51;9;29517;29516;
51;9;10800;27103;27123
51;9;10340;10843;10339
51;9;22322;22321;22323
51;9;19314;19315;
51;9;27510;26711;27511
51;9;26814;;26815
51;9;23748;23747;23749
51;9;12883;27378;12884
51;9;19504;19503;19505
51;9;36219;;36220
51;9;35783;35782;
51;9;29488;;29489
51;9;16898;;16899
51;9;36110;;36111
51;9;26390;26389;
51;9;30411;;30412
51;9;20150;20149;20151
51;9;25666;;25900
51;9;12369;12028;11316
51;9;17086;17085;17087
51;9;21729;26577;21730
51;9;31496;31495;
51;9;12927;12100;
51;9;26573;27155;21565
51;9;20035;20034;20036
51;9;22230;22229;22231
51;9;17167;;17168
51;9;22296;11797;11798
51;9;19909;19908;19910
51;9;29819;;29820
51;9;12094;20798;12096
51;9;14883;;14884
51;9;19424;19423;19425
51;9;26930;;26931
51;9;21034;;21035
51;9;25582;22951;22952
51;9;26563;10307;10836
51;9;31155;31154;31156
51;9;26891;;26892
51;9;16881;16880;16882
51;9;26727;20377;
51;9;23657;;23658
51;9;28498;28497;28499
51;9;29640;29639;
51;9;10407;26329;10409
51;9;26979;26978;26980
51;9;20730;20729;20731
51;9;26977;;26978
51;9;27181;;27182
51;9;20926;20924;
51;9;25438;19966;19967
51;9;19706;19705;
51;9;28350;;28351
51;9;31766;31765;
51;9;28842;;36282
51;9;25662;25661;25671
51;9;20895;20894;
51;9;17324;17600;17325
51;9;35458;;35459
51;9;29808;;29809
51;9;20609;;20610
51;9;23014;23013;23015
51;9;10062;10426;10425
51;9;26729;26728;12233
51;9;21063;;21064
51;9;26359;27457;27458
51;9;30267;;30268
51;9;19309;;19310
51;9;21292;21291;12704
51;9;17185;17184;17186
51;9;17584;16369;11790
51;9;30988;30987;
51;9;31807;;31808
51;9;24168;;24169
51;9;24669;24608;
51;9;30328;;30329
51;9;10290;10052;26331
51;9;16771;16770;
51;9;25761;;25762
51;9;26498;;26499
51;9;25676;;25677
51;9;27757;27756;27758
51;9;35973;35972;
51;9;29706;29705;
51;9;31801;31800;31802
51;9;10861;10859;10163
51;9;19561;19560;
51;9;22856;22855;22857
51;9;21808;;21809
51;9;28437;28436;28438
51;9;21597;21596;
51;9;22200;22199;22201
51;9;23846;23845;
51;9;24627;24626;
51;9;32372;;32373
51;9;21665;21664;
51;9;10289;27435;25927
51;9;28600;;28601
51;9;19600;;19601
51;9;25280;24882;12848
51;9;35247;;35248
51;9;30492;;30493
51;9;32337;32336;
51;9;10143;10719;26318
51;9;21860;21859;21861
51;9;23487;23486;
51;9;11991;11993;24651
51;9;10708;10139;10709
51;9;26529;26528;26530
51;9;28764;;28765
51;9;30499;30498;
51;9;24417;24416;24418
51;9;26657;11867;26680
51;9;28844;;28845
51;9;19739;12017;19740
51;9;27631;11222;10775
51;9;25885;25884;25886
51;9;35239;35238;
51;9;24742;;24743
51;9;23823;25888;
51;9;14866;11761;14885
51;9;10035;11207;26322
51;9;27292;;27290
51;9;22989;12177;22890
51;9;12727;12726;21503
51;9;26458;21244;
51;9;10670;;10814
51;9;24579;;24580
51;9;21050;;21051
51;9;10247;25304;10029
51;9;29557;29556;36325
51;9;19569;;19570
51;9;32024;;32025
51;9;20693;20692;
51;9;25103;25102;
51;9;20229;20228;25434
51;9;27656;11965;11677
51;9;29703;29702;
51;9;31546;31545;
51;9;28656;28639;
51;9;27002;;27003
51;9;22490;;22491
51;9;24860;24859;24861
51;9;35303;;35304
51;9;30001;;30002
51;9;29093;29092;29094
51;9;28021;;28022
51;9;23978;23977;23979
51;9;21908;21907;21909
51;9;25675;25621;
51;9;27651;11970;11969
51;9;28196;28195;
51;9;20436;;20437
51;9;29439;29438;29440
51;9;32046;32045;
51;9;17083;17082;
51;9;25683;;25684
51;9;22464;;22465
51;9;21241;21240;21242
51;9;26809;;26810
51;9;25457;21225;
51;9;35918;35917;35919
51;9;30150;;30151
51;9;12266;11305;27609
51;9;35644;35643;
51;9;32187;;32188
51;9;25003;25002;25004
51;9;24680;19152;12842
51;9;21296;21295;12706
51;9;28195;28194;28196
51;9;11615;21513;21514
51;9;11391;;20511
51;9;16577;16576;
51;9;22133;22132;22134
51;9;10567;10566;26700
51;9;31669;31668;
51;9;11966;20960;27094
51;9;12506;21059;21060
51;9;22144;22143;
51;9;32106;;32107
51;9;23864;23863;23865
51;9;11155;10679;10682
51;9;26326;10263;10264
51;9;25656;23891;25657
51;9;30251;30249;
51;9;21015;21014;
51;9;19647;12908;19648
51;9;21884;21883;
51;9;12291;12292;
51;9;24150;;24151
51;9;32571;;32572
51;9;29823;29822;
51;9;23980;23979;
51;9;26006;;26007
51;9;24183;;24184
51;9;22201;22200;
51;9;25968;;25967
51;9;29789;36280;29790
51;9;30480;30479;30481
51;9;35318;35317;
51;9;24778;24777;
51;9;10526;12206;
51;9;27703;;24145
51;9;22281;22280;22282
51;9;31424;31425;
51;9;35201;;35202
51;9;24886;24885;
51;9;17239;17238;17240
51;9;23011;23130;23012
51;9;27738;27737;36467
51;9;22975;;22976
51;9;24333;24332;24334
51;9;20075;20074;20076
51;9;20330;20329;
51;9;22563;;22564
51;9;27948;27947;27949
51;9;24123;24122;
51;9;23869;23870;23868
51;9;22915;22914;25511
51;9;22877;22876;22878
51;9;19929;25792;
51;9;36412;12308;
51;9;12166;11407;11291
51;9;32032;32031;32033
51;9;23283;23282;11589
51;9;12261;24958;
51;9;23475;25318;23476
51;9;12646;12645;12628
51;9;25674;25663;25715
51;9;30461;30460;
51;9;19495;;25629
51;9;17027;17026;26969
51;9;11829;;11816
51;9;36068;;36069
51;9;11536;11538;14800
51;9;10241;25474;10009
51;9;28184;;28185
51;9;27474;12158;11763
51;9;24428;24427;24429
51;9;29169;29168;
51;9;25614;;25649
51;9;31421;;31422
51;9;16605;16604;
51;9;25961;11230;10236
51;9;10273;10001;11114
51;9;16539;;16540
51;9;20264;;20265
51;9;21930;21929;
51;9;21759;21758;21760
51;9;21266;21265;
51;9;20864;20863;
51;9;35950;;35951
51;9;20331;;20332
51;9;22535;25599;22536
51;9;16736;16735;16737
51;9;30468;30466;30467
51;9;21188;11296;21189
51;9;24552;24551;
51;9;22745;22744;27556
51;9;16795;;16796
51;9;25584;25583;
51;9;21946;21945;
51;9;26398;21329;26388
51;9;35610;;35611
51;9;22445;;22446
51;9;36366;36365;36363
51;9;30637;;30638
51;9;28891;;28892
51;9;31030;31029;
51;9;20234;20233;20235
51;9;25699;;23537
51;9;20470;20469;
51;9;17368;17367;17544
51;9;12703;21287;26472
51;9;11369;;20804
51;9;32180;;32181
51;9;23294;12009;12008
51;9;16660;16659;
51;9;23668;;23669
51;9;21039;21038;21040
51;9;32127;32126;
51;9;24609;11988;27520
51;9;10819;;10153
51;9;23673;;23674
51;9;24354;24353;
51;9;10223;26314;10224
51;9;21694;21693;27127
51;9;23195;23194;
51;9;23768;;23769
51;9;29669;29668;
51;9;28153;;36334
51;9;16669;16668;16670
51;9;26820;26819;26821
51;9;26999;26998;
51;9;29172;29171;29173
51;9;30992;30991;30993
51;9;28216;28215;28217
51;9;16945;16944;16946
51;9;22217;22216;22218
51;9;16720;16719;
51;9;22988;22987;
51;9;28955;28954;
51;9;28607;28606;28608
51;9;31873;;31874
51;9;35521;;35522
51;9;19254;;19255
51;9;22918;22917;
51;9;20451;;20452
51;9;29726;;29727
51;9;25560;23076;25561
51;9;22873;22872;22874
51;9;30984;30983;30985
51;9;22360;17566;22361
51;9;20351;;20352
51;9;26027;26026;
51;9;12967;12822;12824
51;9;25703;25702;
51;9;28434;28433;28435
51;9;21617;;21618
51;9;11994;23599;23600
51;9;24239;;24240
51;9;23527;;23528
51;9;20965;20964;
51;9;27329;27401;27330
51;9;30605;30604;30606
51;9;12445;10617;20527
51;9;31258;31257;
51;9;12190;23228;10451
51;9;22198;22197;22199
51;9;19383;;19384
51;9;16962;16961;16963
51;9;32313;;32314
51;9;30896;30895;30897
51;9;10684;11921;12386
51;9;31099;31098;31100
51;9;31740;;31741
51;9;21005;21004;21006
51;9;20166;20165;20167
51;9;27198;20582;20583
51;9;22433;22432;
51;9;27590;21891;
51;9;19794;19793;19795
51;9;28278;;28279
51;9;31741;31740;
51;9;25348;;25349
51;9;16417;19746;16418
51;9;25697;;25698
51;9;32685;;32686
51;9;32643;;32644
51;9;35772;;35773
51;9;21361;21360;21362
51;9;23445;;23446
51;9;27358;36436;
51;9;26583;;11350
51;9;21527;26823;21528
51;9;31465;31464;
51;9;31772;;31773
51;9;31601;;31602
51;9;23071;23070;25536
51;9;21243;;21244
51;9;19657;25352;19658
51;9;10659;12045;11773
51;9;32654;32653;32655
51;9;24874;27110;24875
51;9;10839;11878;
51;9;21162;27759;
51;9;20592;;20593
51;9;28968;28967;
51;9;22336;22335;
51;9;21848;12039;21849
51;9;36224;35664;
51;9;28879;28878;
51;9;30204;;30205
51;9;21731;11872;26015
51;9;10458;27447;26346
51;9;25591;25579;25592
51;9;21223;;21224
51;9;26569;12026;21566
51;9;30017;30016;30019
51;9;28875;;28876
51;9;23245;;23246
51;9;26821;26820;26822
51;9;22406;22405;22407
51;9;11167;10011;11168
51;9;24817;;24807
51;9;23500;23499;23501
51;9;12798;12797;12912
51;9;25363;12801;
51;9;32343;36270;32344
51;9;24402;24401;24403
51;9;25391;;19229
51;9;24501;24500;
51;9;24465;;24466
51;9;25376;19765;19766
51;9;27491;27490;27492
51;9;27905;27904;27906
51;9;30788;;30789
51;9;17433;17432;17434
51;9;23287;25695;
51;9;31089;31088;31090
51;9;17458;17457;12734
51;9;11885;25361;25362
51;9;23695;23694;23696
51;9;19777;19776;19778
51;9;10585;10584;10586
51;9;26832;;26833
51;9;24448;25679;24449
51;9;17520;17008;
51;9;32055;32054;32056
51;9;19167;19166;19168
51;9;11528;12247;23997
51;9;21781;21780;21782
51;9;19975;19974;
51;9;23954;23953;
51;9;21606;21603;
51;9;19549;19548;
51;9;28784;28783;
51;9;26702;26701;25571
51;9;26763;21414;27507
51;9;29073;29072;29074
51;9;29199;29198;36291
51;9;29925;;29926
51;9;24393;10645;11839
51;9;17211;17210;17212
51;9;19312;;19313
51;9;22043;22042;
51;9;11176;10353;10352
51;9;31477;31468;
51;9;30437;;30438
51;9;28007;;28008
51;9;22783;12181;12180
51;9;20073;20072;20074
51;9;19902;12783;19903
51;9;31350;31349;
51;9;24280;24262;24358
51;9;26773;;26774
51;9;25755;20171;20172
51;9;22457;22456;
51;9;20956;20955;20957
51;9;22312;;22313
51;9;30235;30234;
51;9;21081;21080;
51;9;26881;26880;
51;9;27637;11874;10736
51;9;14826;11481;19164
51;9;32702;32701;32703
51;9;20021;;20020
51;9;12886;12885;
51;9;32378;32377;32379
51;9;11750;26040;14814
51;9;30792;30791;30793
51;9;19205;19204;10405
51;9;20768;11385;20769
51;9;27227;;27228
51;9;25889;;23781
51;9;10295;27523;12490
51;9;10356;11297;11968
51;9;19797;19796;
51;9;27096;27095;27097
51;9;19944;19943;
51;9;27163;27321;27319
51;9;16567;16566;
51;9;19562;;25503
51;9;20717;20716;20719
51;9;31209;31208;31210
51;9;27215;27214;27216
51;9;24837;;24838
51;9;24653;24652;24654
51;9;24507;24506;24508
51;9;29610;29609;
51;9;10087;10064;10492
51;9;12680;21235;26459
51;9;32626;32625;32627
51;9;17094;17093;
51;9;21123;21122;
51;9;36115;36114;
51;9;23048;23047;
51;9;17434;17433;
51;9;19397;19396;
51;9;25041;25040;25042
51;9;23404;23403;23405
51;9;30192;;30193
51;9;29637;29636;29638
51;9;30590;;30591
51;9;19422;19421;
51;9;20836;;20837
51;9;23227;23226;
51;9;20105;25775;
51;9;31805;31804;
51;9;30979;30978;30980
51;9;25314;25313;23535
51;9;31476;31475;
51;9;36378;10817;
51;9;19837;19836;
51;9;36123;;36124
51;9;11827;11826;
51;9;31737;;31738
51;9;10755;10121;
51;9;26475;26474;
51;9;22257;22256;22258
51;9;30972;;30973
51;9;24735;24734;24736
51;9;11807;11805;11809
51;9;24502;;24503
51;9;22101;22100;
51;9;12846;24548;
51;9;26341;10436;27308
51;9;21431;21430;21432
51;9;35356;;35357
51;9;28210;28209;
51;9;28547;;28546
51;9;25445;20674;20675
51;9;22854;22853;
51;9;29356;29355;
51;9;23829;;23830
51;9;32451;;32452
51;9;28670;;28671
51;9;35251;35250;35252
51;9;29480;;29482
51;9;27569;10801;27104
51;9;20856;20855;
51;9;27710;27709;
51;9;36130;36129;
51;9;10209;22720;22721
51;9;12212;12211;
51;9;19673;19672;19674
51;9;28546;28547;
51;9;31053;;31054
51;9;22020;;22021
51;9;22179;;22180
51;9;23808;;23809
51;9;20963;20962;20964
51;9;30323;30322;
51;9;30720;30719;30721
51;9;31451;;31452
51;9;32321;32320;32322
51;9;29299;29298;
51;9;10292;26332;26333
51;9;31054;31053;
51;9;17154;;17155
51;9;16849;16848;16850
51;9;28109;28108;
51;9;12188;;23232
51;9;31446;31445;
51;9;10705;11473;11475
51;9;20973;20972;21004
51;9;28125;;28126
51;9;24881;12847;24882
51;9;22486;11548;25826
51;9;27419;11768;12373
51;9;25260;11516;25261
51;9;24790;;24791
51;9;27665;27664;24212
51;9;12370;10821;12649
51;9;31361;31360;
51;9;12653;25293;
51;9;22385;22384;25530
51;9;24127;;24128
51;9;21754;;21755
51;9;31371;31370;31372
51;9;21096;21095;
51;9;23561;;23562
51;9;26012;;26013
51;9;22167;;22168
51;9;28219;;28220
51;9;35913;35912;35914
51;9;24174;;24175
51;9;17508;17507;16934
51;9;12250;12237;11810
51;9;25517;;23607
51;9;19604;19603;19605
51;9;36073;36072;
51;9;20722;;25916
51;9;11330;16453;17518
51;9;21132;21131;21133
51;9;23718;23717;
51;9;27089;24321;27657
51;9;29583;29582;29584
51;9;28943;28942;28944
51;9;24362;24361;24363
51;9;27168;12320;12321
51;9;35187;35186;
51;9;10663;10037;10661
51;9;31134;31133;
51;9;11424;10642;11421
51;9;21311;12708;21312
51;9;22677;22676;
51;9;25083;;25084
51;9;24067;24066;24068
51;9;20737;11709;20738
51;9;30549;30548;
51;9;21338;;26405
51;9;24319;25655;24320
51;9;24458;;24459
51;9;27873;27872;
51;9;10518;25923;10095
51;9;22703;22702;
51;9;22055;22054;22056
51;9;12701;21264;
51;9;28409;28407;28411
51;9;26665;11263;10212
51;9;17365;17364;17366
51;9;23110;23109;23111
51;9;27167;27166;25924
51;9;17337;;17499
51;9;23408;23407;23410
51;9;23030;;23031
51;9;32602;32601;32603
51;9;29803;29802;
51;9;20515;20514;20516
51;9;27294;;20915
51;9;19218;12750;19219
51;9;12244;11806;11525
51;9;21221;;21222
51;9;23708;23707;23709
51;9;19494;19493;
51;9;16839;16838;17484
51;9;29255;29254;
51;9;20048;25436;
51;9;23558;23557;
51;9;22624;22623;
51;9;17527;17209;17210
51;9;27858;27857;27859
51;9;30517;30516;30518
51;9;19457;;19458
51;9;12934;12933;
51;9;31675;;31676
51;9;35285;35284;
51;9;25827;11735;11736
51;9;22782;12183;12181
51;9;21936;25845;21937
51;9;16556;16555;17491
51;9;14890;12104;14891
51;9;25712;22000;17583
51;9;22266;22117;22267
51;9;20596;20595;20597
51;9;12260;24870;24871
51;9;20954;;20955
51;9;30118;30117;
51;9;27964;;27965
51;9;19406;19405;19407
51;9;20078;;20079
51;9;21205;21204;
51;9;14893;11892;14894
51;9;24199;;24200
51;9;19815;19814;19816
51;9;32448;;32449
51;9;28519;28518;
51;9;25393;25392;25394
51;9;25758;;25759
51;9;19681;;19680
51;9;20305;20304;
51;9;29964;29963;
51;9;35719;35718;
51;9;31790;31789;
51;9;20322;;20323
51;9;19565;25503;
51;9;16996;;16997
51;9;12949;;11297
51;9;20762;20761;
51;9;29261;29260;
51;9;35169;35168;
51;9;17064;;17065
51;9;35884;35883;35885
51;9;16561;16560;16562
51;9;35705;35704;35706
51;9;30724;30723;30725
51;9;26561;26560;36498
51;9;26776;;26777
51;9;11694;11426;11942
51;9;10723;26365;26366
51;9;11339;;11345
51;9;22097;22096;
51;9;10336;11399;20922
51;9;31777;31776;
51;9;30201;;30202
51;9;11432;25294;11430
51;9;29013;29012;29014
51;9;19395;19394;19396
51;9;35877;35876;35878
51;9;27381;27380;
51;9;16959;16960;
51;9;25822;25389;25390
51;9;23225;23224;23226
51;9;22136;22135;
51;9;27129;21963;27130
51;9;28296;28295;
51;9;26967;26966;26968
51;9;19349;;19350
51;9;16821;;16822
51;9;22081;;22082
51;9;19299;19298;19300
51;9;29401;29400;29402
51;9;21130;21129;
51;9;25452;25433;12804
51;9;24267;24266;
51;9;20679;20678;20680
51;9;35574;35573;
51;9;24638;24637;
51;9;20649;;20650
51;9;28775;28774;
51;9;27701;23704;27702
51;9;20641;20640;
51;9;17317;17318;17316
51;9;19827;19826;19828
51;9;12666;12665;27162
51;9;25066;;25067
51;9;27246;27244;27245
51;9;11920;17574;27120
51;9;30237;;30238
51;9;27442;10389;27443
51;9;22897;22896;12068
51;9;20309;20308;20310
51;9;29000;28999;29001
51;9;28862;28861;28863
51;9;23075;23074;23076
51;9;25469;11637;11636
51;9;36408;;36409
51;9;28985;;28986
51;9;20959;20958;27655
51;9;23425;23424;23426
51;9;19245;19244;19246
51;9;25473;23622;
51;9;27440;27439;10350
51;9;11648;22574;11645
51;9;19617;19616;19618
51;9;31490;;31491
51;9;35179;35178;
51;9;35868;35867;35869
51;9;21638;21637;26020
51;9;27504;;27505
51;9;16685;16684;16686
51;9;21250;26496;21251
51;9;20792;;20793
51;9;26780;26779;26781
51;9;20603;20602;20604
51;9;31399;;31400
51;9;28136;28135;
51;9;27251;;27252
51;9;16847;16846;16848
51;9;17049;;17050
51;9;26412;26411;26413
51;9;31149;31148;
51;9;36495;36494;36496
51;9;16456;16455;12830
51;9;23369;23368;
51;9;17256;17589;
51;9;29809;29808;29811
51;9;27125;27126;27613
51;9;16893;;16896
51;9;24482;24481;
51;9;32403;32402;
51;9;25825;25824;
51;9;12626;27385;14932
51;9;12843;;24681
51;9;35507;35506;
51;9;19190;19189;19191
51;9;16864;;16865
51;9;25798;19322;19323
51;9;21170;;21171
51;9;26570;;21589
51;9;28584;28583;28585
51;9;31143;31142;31144
51;9;20905;11269;12924
51;9;26639;11870;21762
51;9;25841;;25842
51;9;21356;21355;21357
51;9;11673;20923;11672
51;9;35347;;35348
51;9;36186;;36187
51;9;11931;20197;27832
51;9;27339;11488;12127
51;9;32709;32708;
51;9;22207;22206;22208
51;9;30934;30933;
51;9;22544;22543;
51;9;26361;10124;10674
51;9;12176;23125;23126
51;9;25869;25714;11929
51;9;23618;23617;23619
51;9;10646;27460;27461
51;9;30956;;30957
51;9;24540;;24541
51;9;22436;22435;22437
51;9;26724;;26725
51;9;22714;22713;
51;9;27220;27225;
51;9;21325;21324;
51;9;19336;19335;25796
51;9;23958;23957;23959
51;9;20001;20000;20002
51;9;29573;;29574
51;9;31991;31990;
51;9;36254;;36255
51;9;21865;;21866
51;9;23945;23944;23946
51;9;27190;20584;20585
51;9;11194;10154;10469
51;9;29576;;29577
51;9;24729;24728;
51;9;22550;;22551
51;9;21342;21341;21343
51;9;31938;31937;
51;9;26804;11612;21518
51;9;11244;;27398
51;9;31297;31296;
51;9;24816;24815;24819
51;9;11336;;10603
51;9;27785;11686;27783
51;9;21761;;21610
51;9;17080;17079;
51;9;27990;;27991
51;9;31624;31623;
51;9;12060;22363;22364
51;9;17592;17363;
51;9;17062;17061;17063
51;9;21776;12271;21777
51;9;24309;24308;
51;9;20024;20023;20025
51;9;20522;20521;
51;9;12731;;12732
51;9;16598;27386;16599
51;9;32686;32685;
51;9;30728;30727;
51;9;22320;;22321
51;9;35676;;35677
51;9;28850;;28851
51;9;28067;;28068
51;9;23484;23483;27101
51;9;32565;;32566
51;9;11523;10287;23994
51;9;27392;27391;
51;9;29900;;29901
51;9;32314;32313;
51;9;23532;23531;
51;9;21369;;21370
51;9;29351;29350;29352
51;9;16514;;16515
51;9;24847;24846;
51;9;11346;20281;12933
51;9;20661;20660;20662
51;9;31973;31972;31974
51;9;30072;;30073
51;9;31212;31211;31213
51;9;32254;32253;
51;9;26983;26982;26984
51;9;27169;23157;23158
51;9;26981;26980;26982
51;9;10328;10329;10327
51;9;32739;;32740
51;9;36325;29557;29558
51;9;16754;16753;
51;9;24996;;24997
51;9;10104;10535;36358
51;9;10341;11117;10843
51;9;29387;29386;
51;9;31993;;31994
51;9;19183;19182;19184
51;9;25830;22057;22236
51;9;25887;25715;
51;9;21305;12710;12711
51;9;25928;10162;25929
51;9;10620;10050;25930
51;9;17074;;17075
51;9;19993;19992;19994
51;9;20712;20711;25480
51;9;12525;16412;
51;9;25421;25420;
51;9;26869;;26870
51;9;19482;19481;19483
51;9;28608;28607;
51;9;21404;26770;12717
51;9;10591;11153;27561
51;9;36138;;36139
51;9;16955;16954;16956
51;9;19973;19972;
51;9;25325;25326;
51;9;20940;20939;20941
51;9;36344;36343;36345
51;9;26598;26597;26599
51;9;22614;22613;
51;9;28333;28332;
51;9;21017;21016;
51;9;12679;;21235
51;9;26850;12728;12729
51;9;20006;20005;20007
51;9;25176;20838;20840
51;9;19903;19902;19143
51;9;17187;;17188
51;9;10310;25964;26367
51;9;10097;10751;
51;9;27633;27619;27620
51;9;23745;23744;
51;9;12790;;12902
51;9;23743;;23744
51;9;21056;12032;21057
51;9;32377;32376;32378
51;9;10411;11197;25926
51;9;26033;36496;21704
51;9;22107;22106;
51;9;10452;10453;10450
51;9;14895;12148;14896
51;9;11686;12944;27785
51;9;22066;22065;
51;9;28719;28718;
51;9;21573;12027;12218
51;9;28722;;28723
51;9;19589;;19590
51;9;22600;;22601
51;9;25877;11436;27525
51;9;24776;24775;
51;9;22992;;22993
51;9;20629;20628;20630
51;9;16896;16893;16897
51;9;12942;20809;11265
51;9;24568;24567;
51;9;35533;;35534
51;9;31846;31845;
51;9;10408;11451;10410
51;9;21894;21895;21896
51;9;24078;24077;24079
51;9;19792;19762;12821
51;9;35168;;35169
51;9;30178;;30179
51;9;12116;24543;12118
51;9;22261;22260;22262
51;9;21378;21377;
51;9;24023;24022;
51;9;30175;;30176
51;9;28777;;28778
51;9;27698;25938;
51;9;10312;10311;10314
51;9;23693;23692;
51;9;22699;22698;
51;9;36024;36023;
51;9;16502;16503;16501
51;9;31381;;31382
51;9;29056;29055;
51;9;30283;;30284
51;9;10267;26354;26328
51;9;26527;;26528
51;9;20930;20929;20931
51;9;28118;28117;28119
51;9;29370;29369;29371
51;9;22753;;22754
51;9;23005;23004;23006
51;9;26502;11598;21465
51;9;21816;21815;25993
51;9;26633;26632;
51;9;25372;11227;25716
51;9;30803;;30804
51;9;11606;10467;11605
51;9;31199;31198;31200
51;9;21990;21989;26681
51;9;11776;11777;16382
51;9;20230;25434;
51;9;23760;25569;23761
51;9;20780;;20781
51;9;35233;35232;
51;9;32551;;32552
51;9;24787;;24788
51;9;28344;28343;
51;9;11464;19199;25354
51;9;21395;21394;
51;9;17498;17494;
51;9;22438;22437;
51;9;23348;23347;
51;9;10296;10294;11213
51;9;31438;;31439
51;9;36007;;36008
51;9;27140;27139;27183
51;9;16582;16581;16583
51;9;21541;21540;21542
51;9;16649;;16650
51;9;32370;32369;
51;9;26453;21275;12689
51;9;22388;25531;
51;9;24472;24471;
51;9;24670;;24671
51;9;29743;;29744
51;9;20106;;20107
51;9;21529;21528;
51;9;36363;36366;36367
51;9;30028;;30029
51;9;21805;21803;21806
51;9;10009;10241;27508
51;9;21801;;21803
51;9;27739;36467;36468
51;9;31050;31049;31051
51;9;30929;30928;30930
51;9;24003;12253;24004
51;9;23610;23609;
51;9;16907;16906;16908
51;9;11532;12354;24616
51;9;28191;;28192
51;9;36276;;29491
51;9;22434;;22435
51;9;26756;26755;26757
51;9;14834;14833;14835
51;9;30045;;30046
51;9;30618;;30619
51;9;11838;24657;
51;9;16595;16594;
51;9;32612;;32613
51;9;10496;10494;11142
51;9;27273;12833;27272
51;9;22734;22733;25619
51;9;19334;;19335
51;9;25017;25018;
51;9;16637;16636;
51;9;14827;11483;10197
51;9;17379;;17380
51;9;24192;24191;
51;9;28279;28278;28280
51;9;27362;27361;27363
51;9;16743;;16744
51;9;22418;22417;22419
51;9;20653;20652;
51;9;21340;;21341
51;9;17075;17074;17076
51;9;28343;28342;28344
51;9;32049;32048;32088
51;9;24814;24813;24815
51;9;25919;19324;
51;9;23459;;23460
51;9;26626;11871;21943
51;9;22824;;22825
51;9;27728;27727;27729
51;9;31274;31273;
51;9;20995;;20996
51;9;24089;;24090
51;9;27182;27181;
51;9;27458;26359;27459
51;9;25677;25676;
51;9;31015;31014;
51;9;27604;25806;27605
51;9;28252;28251;
51;9;31270;31269;
51;9;27399;10041;11209
51;9;28192;28191;
51;9;23334;12193;23333
51;9;29693;29692;29694
51;9;31268;;31269
51;9;27678;24110;27679
51;9;11965;12952;27656
51;9;26769;;12234
51;9;35616;;35617
51;9;35454;;35455
51;9;24107;11445;24108
51;9;10510;12938;11460
51;9;23765;23764;
51;9;21147;21146;12675
51;9;10431;10432;10045
51;9;11617;14879;10477
51;9;35968;;35969
51;9;24848;24845;24846
51;9;24287;24286;
51;9;20140;20139;
51;9;21861;21860;
51;9;24987;25665;
51;9;25151;25150;25152
51;9;12137;;12139
51;9;20993;;20994
51;9;27783;27785;27782
51;9;35929;35928;
51;9;31800;;31801
51;9;29868;;29869
51;9;26328;10267;10047
51;9;20103;20102;
51;9;20108;;20109
51;9;24962;;24963
51;9;22056;22055;22057
51;9;19389;19388;19390
51;9;12264;;12279
51;9;12868;12867;12869
51;9;30039;30038;30040
51;9;31384;31383;
51;9;20461;20460;20462
51;9;17030;;17032
51;9;17017;;17515
51;9;21676;;27378
51;9;26649;;26650
51;9;35434;35433;35435
51;9;22003;22002;22005
51;9;29987;29986;
51;9;30259;;30260
51;9;10094;;10649
51;9;28748;28747;
51;9;36304;32212;32213
51;9;25426;;25425
51;9;10619;10847;10618
51;9;10479;10480;26003
51;9;26596;;26597
51;9;28744;;28745
51;9;32333;32332;32334
51;9;25710;26906;11936
51;9;22881;22880;22882
51;9;25766;25765;
51;9;21351;12930;21350
51;9;24044;24043;
51;9;25844;25843;
51;9;31265;31264;31266
51;9;17424;;16788
51;9;17006;17005;
51;9;26021;12279;12280
51;9;16943;16942;16944
51;9;25661;25660;25662
51;9;24880;24879;12932
51;9;21904;21903;21905
51;9;29854;29853;29855
51;9;32362;32360;
51;9;20599;;20600
51;9;20705;20704;
51;9;28271;;28272
51;9;31810;;31811
51;9;23547;;23548
51;9;26630;26629;
51;9;35842;35841;
51;9;12113;;24544
51;9;25575;25565;22379
51;9;19435;19434;19436
51;9;23025;;25594
51;9;25382;25381;25383
51;9;19498;19497;19499
51;9;25967;25968;25970
51;9;27597;;27598
51;9;12162;20853;20887
51;9;24248;;24249
51;9;24276;;24277
51;9;19489;;19490
51;9;20898;20897;
51;9;20608;20606;20607
51;9;25012;25011;25013
51;9;30008;30007;30009
51;9;23012;23011;23013
51;9;24391;10648;24392
51;9;11145;10524;11146
51;9;31323;;31324
51;9;23397;;23398
51;9;32183;;32184
51;9;28774;28773;28775
51;9;11393;20697;11911
51;9;23301;23300;12004
51;9;27592;;27593
51;9;17596;17595;17597
51;9;19631;12794;25403
51;9;26315;10226;10227
51;9;21028;27648;10358
51;9;16992;17506;
51;9;23824;;23825
51;9;12041;;12267
51;9;12855;;12856
51;9;16691;16690;16693
51;9;25060;25059;25061
51;9;10222;25475;26314
51;9;36229;36228;36230
51;9;29395;;29396
51;9;30156;;30157
51;9;11209;27399;10258
51;9;19346;;25398
51;9;21384;25340;
51;9;21524;21523;
51;9;27378;21676;12883
51;9;29396;29395;29397
51;9;28378;;28380
51;9;22426;22425;22427
51;9;21969;12857;26651
51;9;28015;28014;28016
51;9;30474;30473;
51;9;12877;27383;12878
51;9;16476;;16477
51;9;31243;;31245
51;9;24591;24590;
51;9;26896;11907;10712
51;9;28497;;28498
51;9;32350;32349;32351
51;9;24388;24387;24389
51;9;22082;22081;22083
51;9;23217;;23218
51;9;21766;21765;
51;9;22505;;22506
51;9;11902;16341;17495
51;9;20193;12483;25960
51;9;24092;24091;
51;9;11343;;11349
51;9;23467;27272;12834
51;9;10707;25717;10139
51;9;12019;22223;12022
51;9;24623;24622;24624
51;9;30450;;30451
51;9;30576;30575;
51;9;27291;27290;27293
51;9;29689;29688;29690
51;9;32673;32672;
51;9;30606;30605;
51;9;12108;24545;
51;9;29737;;29738
51;9;25405;;19679
51;9;23856;23855;
51;9;20834;20833;20835
51;9;27493;27492;27494
51;9;11230;25454;25961
51;9;23238;23237;
51;9;32256;;32257
51;9;25380;19384;
51;9;23608;23607;23609
51;9;27133;27132;
51;9;22146;22145;22147
51;9;35428;35427;
51;9;29688;;29689
51;9;29657;;29658
51;9;29816;;29817
51;9;17157;;17158
51;9;25424;25422;
51;9;21687;21685;27184
51;9;35438;35437;35439
51;9;17343;;17344
51;9;32470;32469;
51;9;20116;25741;20117
51;9;10014;10402;
51;9;25789;19930;25790
51;9;23652;23651;
51;9;25290;12075;12076
51;9;12767;;12752
51;9;10380;26708;11124
51;9;22415;22414;
51;9;24190;24189;24191
51;9;16387;12145;12141
51;9;17550;17549;17551
51;9;28426;;28427
51;9;17233;17232;17234
51;9;30172;30171;30173
51;9;23211;23210;
51;9;21772;21771;
51;9;19689;19688;19690
51;9;14828;11894;12043
51;9;28872;;28873
51;9;22397;22396;22398
51;9;31234;;31235
51;9;19323;25798;19324
51;9;27375;;27377
51;9;12035;21058;21059
51;9;36035;36034;
51;9;27173;27172;11203
51;9;12758;12759;
51;9;25000;24999;25001
51;9;26320;11139;26553
51;9;24998;24997;24999
51;9;30711;30710;
51;9;31495;31494;31496
51;9;16843;16842;
51;9;19288;;19289
51;9;29651;;29652
51;9;22381;;22383
51;9;28162;28161;
51;9;23661;23660;
51;9;22199;22198;22200
51;9;26613;26612;
51;9;30457;30456;
51;9;29943;;29944
51;9;20158;20157;20159
51;9;23171;23170;23172
51;9;10437;12186;12187
51;9;16817;;16818
51;9;31349;;31350
51;9;35826;;35827
51;9;29134;29133;29135
51;9;21336;;26414
51;9;26699;26698;
51;9;16871;;16872
51;9;35752;;35753
51;9;11349;11343;
51;9;12854;21978;
51;9;36358;10104;36359
51;9;20273;20272;20274
51;9;17371;17370;
51;9;12717;21404;21405
51;9;27828;;27829
51;9;12416;;11858
51;9;23966;;23967
51;9;22120;22119;22121
51;9;31386;;31387
51;9;36267;;30489
51;9;32229;32228;32230
51;9;32772;;32773
51;9;12107;24398;11831
51;9;10781;10142;10216
51;9;31158;;31159
51;9;19585;19584;
51;9;14935;27451;26351
51;9;36280;36281;29789
51;9;19969;19968;
51;9;21958;;21959
51;9;23737;23736;23738
51;9;26370;10326;10325
51;9;31727;31726;
51;9;32368;32367;32369
51;9;22901;12187;12082
51;9;25583;25585;25584
51;9;24347;24346;24348
51;9;21907;21906;21908
51;9;16899;16898;16900
51;9;20729;20728;20730
51;9;19165;12781;25498
51;9;29906;;29907
51;9;28940;28939;
51;9;20890;;20891
51;9;24155;24154;24156
51;9;23311;23310;
51;9;17387;17386;
51;9;35235;;35236
51;9;35499;;35500
51;9;25813;25812;
51;9;31487;;31488
51;9;27984;27983;
51;9;17554;11497;11499
51;9;25006;;25007
51;9;21206;;21207
51;9;22515;;22516
51;9;23586;11800;23587
51;9;35942;35941;
51;9;31984;31983;
51;9;12096;12094;12940
51;9;17462;10245;10248
51;9;19466;19465;19467
51;9;17534;;17367
51;9;29392;;29393
51;9;30668;30667;30669
51;9;19742;11752;19743
51;9;12087;20766;11386
51;9;17170;17169;17171
51;9;24404;25278;11988
51;9;35693;35692;35694
51;9;28123;28122;
51;9;22604;22603;22605
51;9;25647;25897;25898
51;9;21997;;21998
51;9;10056;;10415
51;9;35391;35390;
51;9;36339;36338;36340
51;9;31813;;31814
51;9;29564;;29565
51;9;17313;17312;17314
51;9;24511;24510;
51;9;24560;;24561
51;9;20896;;20897
51;9;24149;24148;
51;9;31173;31172;31174
51;9;24758;24757;24759
51;9;24885;;24886
51;9;23130;27404;23011
51;9;27547;11756;12375
51;9;30596;30595;
51;9;19474;19473;19475
51;9;36262;31677;31678
51;9;19846;19845;
51;9;28949;28948;28950
51;9;17189;;17513
51;9;20562;20561;25439
51;9;10690;11158;10693
51;9;31762;;31763
51;9;17457;17456;17458
51;9;20418;20417;20419
51;9;31579;31578;
51;9;31221;31220;
51;9;23388;23387;23389
51;9;16698;16697;
51;9;16976;;16977
51;9;11782;16378;10815
51;9;35637;35636;35816
51;9;12762;19193;19194
51;9;20388;20387;
51;9;22656;;22657
51;9;12247;23996;11528
51;9;23964;;23965
51;9;19835;19834;
51;9;16371;10692;11785
51;9;10107;10825;27401
51;9;17547;16800;16801
51;9;27076;;27077
51;9;16390;12155;16391
51;9;20148;20147;25743
51;9;36091;36090;
51;9;17203;;17204
51;9;19257;;19258
51;9;21271;21270;26422
51;9;25537;22559;22560
51;9;32598;32597;32599
51;9;35546;;35547
51;9;19768;;19769
51;9;30129;30128;30130
51;9;23831;23830;23832
51;9;23572;;23573
51;9;29631;29630;29632
51;9;28988;28987;
51;9;22999;;23000
51;9;24419;;24420
51;9;35244;;35245
51;9;28757;28756;28758
51;9;17091;;17092
51;9;31196;;31197
51;9;25356;;12236
51;9;16868;16867;16869
51;9;21242;21241;26457
51;9;19656;;25352
51;9;12295;27278;11695
51;9;20832;;20833
51;9;21410;21409;26733
51;9;24418;24417;
51;9;28831;28830;
51;9;26680;26657;12039
51;9;21142;21141;
51;9;19608;19607;19247
51;9;19208;19207;12759
51;9;24001;24000;24002
51;9;23535;25314;25937
51;9;19596;19595;19597
51;9;10455;27450;27353
51;9;11757;17585;17586
51;9;31788;;31789
51;9;22890;22989;22891
51;9;22451;25544;22452
51;9;29980;;29981
51;9;11190;11191;10461
51;9;30133;;30134
51;9;16969;16968;
51;9;20011;20010;20012
51;9;23244;23243;
51;9;25731;25730;
51;9;20259;20258;20260
51;9;19925;19924;
51;9;17015;;17477
51;9;29120;29119;29121
51;9;23393;23392;23394
51;9;25439;20562;
51;9;30886;30885;30887
51;9;27737;27736;27738
51;9;24370;11810;11987
51;9;24766;;24767
51;9;36341;36340;36342
51;9;29281;29280;
51;9;22721;10209;12399
51;9;31964;;31965
51;9;12630;12917;11886
51;9;10204;10198;
51;9;14849;14848;14850
51;9;14864;36394;14865
51;9;24138;24137;24139
51;9;27175;27174;27176
51;9;26478;26477;26479
51;9;17194;17193;17195
51;9;22197;22196;22198
51;9;30869;;30870
51;9;16450;16449;
51;9;20051;;20052
51;9;28059;28058;
51;9;10054;;10676
51;9;23462;23461;
51;9;24025;27700;24026
51;9;22006;22005;27837
51;9;32436;;32437
51;9;19310;19309;19311
51;9;22851;;22852
51;9;36291;29199;29200
51;9;16404;16402;12131
51;9;20071;20070;20072
51;9;16826;;16827
51;9;21360;;21361
51;9;16819;;16820
51;9;20671;20670;
51;9;30379;30378;30380
51;9;35565;35564;
51;9;29405;29404;29406
51;9;32762;;32763
51;9;22130;;22131
51;9;19758;19757;19759
51;9;28531;28530;
51;9;23774;23775;
51;9;21967;21966;21968
51;9;27931;;27932
51;9;25471;22297;25300
51;9;31880;31879;31881
51;9;24870;11949;12260
51;9;28821;28820;28822
51;9;26933;26928;
51;9;22186;22185;11935
51;9;22951;;25582
51;9;25604;25603;
51;9;35878;35877;35879
51;9;31732;31712;
51;9;11548;22030;22486
51;9;14800;11536;
51;9;28693;;28694
51;9;30995;30994;30996
51;9;20502;20266;
51;9;24363;24362;24364
51;9;21829;25504;21830
51;9;27205;;27206
51;9;24429;24428;24430
51;9;14911;11545;22115
51;9;24278;24277;24279
51;9;16732;;16733
51;9;27380;;27381
51;9;24225;;24226
51;9;28097;;28098
51;9;36072;36071;36073
51;9;24341;24340;
51;9;24134;24133;
51;9;24310;;24340
51;9;17087;17086;
51;9;31759;;31760
51;9;19175;19174;19176
51;9;30103;30102;
51;9;20320;20318;20321
51;9;23111;23110;23112
51;9;26463;21184;26464
51;9;22763;;22764
51;9;21843;21842;21844
51;9;10508;10506;10509
51;9;28524;;28525
51;9;29384;;29385
51;9;25271;25270;25272
51;9;22446;22445;22447
51;9;36415;;10758
51;9;11970;27650;27651
51;9;10500;27320;27321
51;9;23909;25669;25330
51;9;29283;;29284
51;9;11713;14851;25430
51;9;30353;30352;
51;9;11657;10517;23384
51;9;19461;;19462
51;9;10153;10819;
51;9;35184;35183;
51;9;36258;36257;
51;9;11709;20736;20737
51;9;30854;30853;
51;9;20488;20487;20489
51;9;21027;21026;26889
51;9;19581;19580;
51;9;24017;24016;24018
51;9;10280;10276;
51;9;11219;27405;10436
51;9;16941;;16942
51;9;17055;17054;17056
51;9;25124;;25125
51;9;23153;;23154
51;9;21428;21429;21430
51;9;10449;10450;10447
51;9;23035;23034;23036
51;9;20535;20534;
51;9;17499;17337;17338
51;9;24125;24124;24126
51;9;31498;;31499
51;9;28103;;28104
51;9;29226;29225;
51;9;19516;19515;19517
51;9;16626;;16627
51;9;16696;16695;16697
51;9;36369;;36368
51;9;30644;;30645
51;9;30554;;36299
51;9;31406;;31407
51;9;27538;11241;10012
51;9;24238;24237;
51;9;30090;;30091
51;9;29222;29221;29223
51;9;31853;31852;
51;9;29862;29861;
51;9;32153;;32154
51;9;29402;29401;
51;9;22635;;25559
51;9;16937;17493;16938
51;9;19248;;19249
51;9;12331;;10824
51;9;30222;;30223
51;9;36062;;36063
51;9;16389;16388;12155
51;9;27264;27265;27262
51;9;10182;10210;10205
51;9;12073;22844;10262
51;9;17322;;17323
51;9;20835;20834;
51;9;29661;;29662
51;9;26834;10895;11614
51;9;12104;14889;14890
51;9;29927;29926;36413
51;9;16337;11898;17557
51;9;22442;;22443
51;9;20267;12481;20268
51;9;20415;20414;
51;9;23563;;23564
51;9;22018;22017;22019
51;9;28637;28636;
51;9;25981;25980;
51;9;32566;32565;
51;9;25592;25591;
51;9;25746;25447;25966
51;9;12827;;12828
51;9;21159;21158;21160
51;9;20582;36490;27198
51;9;27627;36371;36486
51;9;32509;32508;
51;9;21487;21486;21488
51;9;17397;;17396
51;9;23631;23630;23632
51;9;24118;24117;24119
51;9;25068;;25069
51;9;27516;27485;10616
51;9;36108;36312;
51;9;21240;;21241
51;9;24115;24114;
51;9;22676;22675;22677
51;9;16513;16512;
51;9;21672;21671;
51;9;20636;25401;20637
51;9;12806;25756;19892
51;9;25313;23536;25314
51;9;22254;22253;
51;9;31646;;31647
51;9;29284;29283;29285
51;9;29020;;29021
51;9;21477;;26503
51;9;31644;31643;
51;9;16928;;16927
51;9;30682;30681;
51;9;10673;11199;10669
51;9;23378;23377;11667
51;9;10641;27464;10639
51;9;27496;22037;
51;9;25502;27224;19185
51;9;25694;23290;23291
51;9;30572;;30573
51;9;11399;20921;10336
51;9;11195;10472;26349
51;9;27488;27487;27489
51;9;19501;;19502
51;9;24291;;24292
51;9;31170;31169;
51;9;19396;19395;19397
51;9;31467;;31468
51;9;27393;10401;
51;9;32648;32647;
51;9;21682;21681;21683
51;9;30920;;30921
51;9;22538;22537;22539
51;9;12797;25358;12798
51;9;28724;28723;28725
51;9;24009;24008;24010
51;9;23313;;23314
51;9;20265;20264;
51;9;21693;21692;21694
51;9;17182;17181;17183
51;9;20013;;20014
51;9;19554;;19555
51;9;20957;20956;
51;9;20236;;20237
51;9;24055;24054;
51;9;23950;;23951
51;9;12657;12251;
51;9;24407;24406;
51;9;35265;;35266
51;9;20047;20046;25436
51;9;35260;35259;
51;9;25999;26350;10067
51;9;22014;;22015
51;9;21516;21515;21517
51;9;11572;25850;23187
51;9;11839;24393;24394
51;9;20235;20234;
51;9;30601;;30602
51;9;16356;12057;16357
51;9;35551;35550;
51;9;14903;;11889
51;9;20069;;20070
51;9;17221;;17222
51;9;31969;31968;
51;9;27481;27611;27482
51;9;16770;16769;16771
51;9;26435;26434;26437
51;9;21528;21527;21529
51;9;19946;19945;
51;9;35708;;35709
51;9;17073;17072;
51;9;19306;19304;19305
51;9;12783;19901;19902
51;9;31455;31454;
51;9;35663;;35664
51;9;27760;;21068
51;9;20546;12816;20547
51;9;19892;12806;25757
51;9;26917;27816;26921
51;9;20284;20283;20285
51;9;20870;;20871
51;9;23664;23663;
51;9;26353;10057;26352
51;9;29074;29073;29075
51;9;21371;26424;21372
51;9;29061;;29062
51;9;26895;21981;26698
51;9;20253;;20254
51;9;23122;23121;23123
51;9;24361;24360;24362
51;9;25938;25310;27698
51;9;16563;;16564
51;9;23486;;23487
51;9;27511;27510;27512
51;9;27679;27678;27680
51;9;31871;31870;
51;9;23148;;23149
51;9;23091;23090;23092
51;9;10829;19741;11753
51;9;35503;35502;
51;9;12824;12967;12825
51;9;30320;30319;
51;9;30364;30363;30365
51;9;10722;10720;26365
51;9;31845;;31846
51;9;11255;11254;
51;9;11488;10248;27339
51;9;21309;26480;12712
51;9;32151;32150;
51;9;14825;14824;11481
51;9;20363;20362;25442
51;9;23109;23108;23110
51;9;25102;;25103
51;9;24783;24782;24784
51;9;19786;;25955
51;9;25138;25137;25139
51;9;21122;;21123
51;9;25512;;23049
51;9;21961;21960;
51;9;31559;;31560
51;9;32640;32639;32641
51;9;16646;16645;16647
51;9;22405;;22406
51;9;30663;;30664
51;9;35761;;35762
51;9;24227;24226;
51;9;16977;16976;16978
51;9;10316;26369;10319
51;9;25332;19710;25333
51;9;20354;;20487
51;9;20084;20083;
51;9;21295;21294;21296
51;9;24104;24103;11447
51;9;35770;35769;
51;9;12203;24359;11989
51;9;10308;10836;25963
51;9;29462;29461;
51;9;27316;27324;
51;9;35785;;35786
51;9;28953;;36278
51;9;27344;27343;
51;9;29961;29960;
51;9;20703;20702;
51;9;29188;;29189
51;9;23433;23432;25319
51;9;21889;;21890
51;9;26781;26780;
51;9;21061;27300;27414
51;9;29049;29048;
51;9;20593;20592;20594
51;9;35851;35850;
51;9;21868;21867;
51;9;11680;20983;20984
51;9;17567;16610;16612
51;9;30915;;30916
51;9;12908;19646;19647
51;9;12173;11627;22719
51;9;30807;30806;
51;9;16712;;16713
51;9;23209;23208;
51;9;31075;;31076
51;9;20855;20914;20856
51;9;16459;;16460
51;9;31280;;31281
51;9;29792;;29793
51;9;24688;;24689
51;9;20151;20150;20152
51;9;21239;21238;
51;9;21337;26414;
51;9;30588;30587;
51;9;19745;12819;12818
51;9;20964;20963;20965
51;9;32375;;32376
51;9;23232;12188;23231
51;9;25570;23866;23867
51;9;16836;16835;
51;9;11407;;12166
51;9;28464;;28465
51;9;22876;;22877
51;9;10288;11212;10052
51;9;29459;29458;
51;9;10459;11592;11591
51;9;23621;23620;23622
51;9;22862;22861;
51;9;17206;17205;17207
51;9;24882;24881;25280
51;9;24503;24502;24504
51;9;21432;21431;25456
51;9;32039;32038;32040
51;9;21463;26495;25719
51;9;22294;22293;22118
51;9;23934;;23935
51;9;11772;14900;10657
51;9;28579;28578;28580
51;9;20720;;20721
51;9;19493;;19494
51;9;24600;;24601
51;9;36485;11232;11231
51;9;29155;29154;
51;9;24367;24366;24368
51;9;36244;;36245
51;9;29869;29868;
51;9;20183;;20184
51;9;28189;28188;
51;9;30019;30017;
51;9;35245;35244;
51;9;21392;21391;21393
51;9;16552;16551;
51;9;28312;28311;
51;9;21818;;21819
51;9;16902;;16903
51;9;21235;12679;12680
51;9;25005;25004;
51;9;30907;30906;30908
51;9;25131;;25132
51;9;17090;17089;
51;9;24151;24150;24152
51;9;16760;16759;
51;9;31902;31901;
51;9;27118;;10747
51;9;32062;;32063
51;9;19937;19936;19938
51;9;21287;26471;12703
51;9;23297;23296;23298
51;9;28923;;36322
51;9;10667;11226;10122
51;9;36020;36019;36021
51;9;17359;17360;
51;9;24026;24025;24027
51;9;16352;12523;16353
51;9;16794;16793;
51;9;23762;;23763
51;9;24613;11986;24614
51;9;10544;25657;25942
51;9;31278;31277;
51;9;19875;;19876
51;9;25793;20482;20483
51;9;11619;22367;22368
51;9;27228;27227;
51;9;20216;20215;20217
51;9;20567;20566;20568
51;9;12049;17452;14832
51;9;30536;;30537
51;9;24314;11420;11418
51;9;30501;;30502
51;9;21317;21316;21318
51;9;21423;25462;
51;9;24839;;24840
51;9;24797;24796;24798
51;9;10212;26665;
51;9;25020;25019;25021
51;9;21917;21916;
51;9;20045;;20046
51;9;28756;36283;28757
51;9;31300;31299;31301
51;9;20773;;20774
51;9;17202;17201;
51;9;29099;29098;
51;9;22471;22470;22472
51;9;16543;16542;16544
51;9;25524;;23177
51;9;29446;29445;
51;9;25360;16405;12662
51;9;20099;20098;
51;9;24690;24691;
51;9;36312;36107;36108
51;9;35323;35322;35324
51;9;21213;21212;
51;9;24743;24742;
51;9;27290;27292;27291
51;9;19347;25398;25808
51;9;28045;28044;
51;9;25385;25384;25809
51;9;19639;17466;19640
51;9;28897;;28898
51;9;27334;27333;
51;9;22291;22290;
51;9;10038;10608;
51;9;16751;16752;
51;9;12719;26748;
51;9;24871;12260;11535
51;9;23598;23597;11440
51;9;11304;12219;12953
51;9;35316;;35317
51;9;27349;10557;10553
51;9;25433;12803;25452
51;9;20820;20819;
51;9;27123;10800;11153
51;9;28908;28907;
51;9;29773;29772;
51;9;11955;24648;11828
51;9;17007;;17541
51;9;31049;31048;31050
51;9;20079;20078;20080
51;9;12673;;26885
51;9;27426;27425;
51;9;26545;;26546
51;9;27492;27491;27493
51;9;35199;35198;
51;9;35451;;35452
51;9;30950;30949;
51;9;24413;;24414
51;9;26487;26490;26488
51;9;12321;27168;25310
51;9;27599;10756;11897
51;9;32099;32097;32100
51;9;28292;;28293
51;9;19292;;19293
51;9;22612;22611;22613
51;9;29440;29439;
51;9;16960;;16959
51;9;32194;;32195
51;9;24753;24752;25283
51;9;36483;10736;36488
51;9;31260;;31261
51;9;27110;11816;24874
51;9;23731;;23732
51;9;36499;36487;36427
51;9;16452;16422;17490
51;9;29527;29526;
51;9;28676;;28677
51;9;30624;;30625
51;9;14878;;11975
51;9;22335;22334;22336
51;9;20639;20638;
51;9;28167;;28168
51;9;21702;36498;36493
51;9;30621;;30622
51;9;10454;11137;10453
51;9;25691;11316;12500
51;9;20444;20443;
51;9;16725;16724;
51;9;17425;;17426
51;9;21080;21079;21081
51;9;19177;12774;12775
51;9;21019;21018;21020
51;9;14913;10275;11187
51;9;11682;27752;11338
51;9;19265;;19266
51;9;19317;19316;
51;9;12026;21565;26569
51;9;23248;23247;23249
51;9;22659;22658;22660
51;9;30731;30730;
51;9;21184;21183;26463
51;9;24231;;24232
51;9;26988;26987;
51;9;29665;;29666
51;9;19210;19209;12746
51;9;23446;23445;23447
51;9;23821;23820;
51;9;20028;20027;
51;9;36288;28712;28715
51;9;28904;;28905
51;9;17268;17267;
51;9;24829;24828;
51;9;24709;24708;24710
51;9;23924;23923;23925
51;9;25993;21816;21817
51;9;36038;36037;36039
51;9;28414;28413;
51;9;31852;31851;31853
51;9;24524;;24525
51;9;25567;;25577
51;9;35433;;35434
51;9;25361;14838;11885
51;9;28168;28167;28169
51;9;19282;;19283
51;9;30615;;30616
51;9;10041;10257;27399
51;9;29393;29392;
51;9;17570;17569;11915
51;9;19487;19486;19488
51;9;27147;27142;
51;9;11561;22366;27546
51;9;30448;30444;
51;9;32126;32125;32127
51;9;32358;32356;
51;9;35456;35455;
51;9;25170;25169;
51;9;19246;19245;
51;9;24739;24738;24740
51;9;12221;11272;10467
51;9;21753;21752;
51;9;11999;23307;11996
51;9;31627;31626;31628
51;9;10701;10700;10702
51;9;20617;;20618
51;9;16540;16539;16541
51;9;12156;16391;12046
51;9;24728;24727;24729
51;9;19796;19795;19797
51;9;21341;21340;21342
51;9;25073;25072;
51;9;10024;10232;10027
51;9;28030;28029;28031
51;9;28435;28434;28436
51;9;10897;25953;10695
51;9;21053;21052;
51;9;20187;20186;20188
51;9;29519;;29520
51;9;27945;27944;
51;9;10229;10018;10022
51;9;27588;11862;27589
51;9;19867;;19868
51;9;26777;26776;
51;9;12185;12964;
51;9;22218;22217;25829
51;9;23757;23756;23758
51;9;25847;25846;
51;9;22435;22434;22436
51;9;29514;29513;
51;9;16675;16674;16676
51;9;17358;17357;
51;9;28936;;28937
51;9;19319;19318;19320
51;9;19260;19261;
51;9;31461;31460;
51;9;30217;30216;
51;9;32258;32257;
51;9;30544;;30545
51;9;11394;26015;36431
51;9;23615;23614;25871
51;9;27640;26705;10572
51;9;35413;35412;
51;9;24652;24651;24653
51;9;23525;23524;23526
51;9;26741;26740;
51;9;10742;14933;11171
51;9;30582;;30583
51;9;31887;;31888
51;9;26646;26643;26644
51;9;24748;24747;
51;9;24405;;24406
51;9;11808;10293;
51;9;25672;23955;23956
51;9;12930;11340;21351
51;9;11487;17464;
51;9;21444;21443;21445
51;9;26509;26508;26510
51;9;22829;22828;
51;9;19767;19766;
51;9;17589;17255;17256
51;9;20343;20342;20344
51;9;31750;31749;31751
51;9;28878;;28879
51;9;24879;24878;24880
51;9;20462;20461;20463
51;9;22416;;22417
51;9;29085;29084;29086
51;9;22384;22177;22385
51;9;21046;;21047
51;9;27844;27842;27845
51;9;26894;27609;12040
51;9;10469;11194;11139
51;9;24051;24050;
51;9;21760;21759;
51;9;21303;;21304
51;9;29507;;29508
51;9;11351;;11353
51;9;20499;20498;20500
51;9;20511;11391;20510
51;9;27398;11244;14863
51;9;22615;;22616
51;9;10513;11846;11655
51;9;35747;35746;
51;9;36201;;36202
51;9;30674;30673;
51;9;31527;36237;31528
51;9;12524;16354;16355
51;9;16848;16847;16849
51;9;29404;;29405
51;9;17470;16385;16386
51;9;26344;14919;10432
51;9;25055;25054;
51;9;10844;12505;
51;9;29520;29519;
51;9;25855;;26043
51;9;21992;21991;21993
51;9;20674;20673;25445
51;9;19702;19701;
51;9;36470;36469;36471
51;9;22667;22666;
51;9;17563;17562;12130
51;9;23946;23945;23947
51;9;20179;20178;20180
51;9;21938;;21939
51;9;28248;;28249
51;9;32000;;32001
51;9;30314;30313;
51;9;25904;23906;23907
51;9;24049;;24050
51;9;19853;;19854
51;9;17109;17110;
51;9;26875;26874;26876
51;9;28786;;28787
51;9;29494;;29495
51;9;22815;22814;
51;9;21697;25497;
51;9;29785;;29786
51;9;10333;11217;10101
51;9;21551;21550;
51;9;23782;23781;
51;9;21791;21790;
51;9;19464;;19465
51;9;11478;25377;11479
51;9;30684;;30685
51;9;11907;;26896
51;9;19184;19183;12770
51;9;26854;;21556
51;9;10348;10352;27439
51;9;27441;10327;10326
51;9;20237;20236;
51;9;30542;36268;30539
51;9;30569;;30570
51;9;12391;20719;26656
51;9;36361;36359;36360
51;9;19201;12263;11467
51;9;29092;29091;29093
51;9;31226;31224;
51;9;35654;35653;
51;9;16341;11899;11902
51;9;35402;;35403
51;9;24338;24337;
51;9;25930;10620;10847
51;9;25796;19336;19338
51;9;29180;29179;
51;9;35800;;35801
51;9;30299;30298;
51;9;11861;20713;25482
51;9;35664;35663;36224
51;9;29106;29104;29107
51;9;22610;22609;22611
51;9;11600;;26455
51;9;29457;29456;29458
51;9;28288;;28289
51;9;36395;36353;19643
51;9;21097;21094;21095
51;9;19922;;19923
51;9;23004;;23005
51;9;31219;31218;31220
51;9;23200;;23201
51;9;20524;20523;
51;9;22140;22139;
51;9;19552;19551;19553
51;9;20570;20569;20571
51;9;23962;;23963
51;9;19895;12807;12808
51;9;20998;20997;20999
51;9;19913;19894;12807
51;9;29390;29389;
51;9;31479;;31480
51;9;19315;;19314
51;9;20287;20286;
51;9;22518;22517;22519
51;9;11892;;14893
51;9;20090;20089;
51;9;36031;36030;36032
51;9;28392;28391;28393
51;9;30737;;30738
51;9;25926;10411;10078
51;9;19438;25485;
51;9;11251;12235;
51;9;26898;26899;26900
51;9;12708;;21311
51;9;16956;16955;
51;9;24675;11819;11823
51;9;12547;;12546
51;9;29595;29594;
51;9;17530;17529;17531
51;9;12933;11346;12934
51;9;10102;10528;
51;9;30697;30696;30698
51;9;10860;25878;27662
51;9;28289;28288;28290
51;9;30546;30545;
51;9;11265;12942;25399
51;9;24535;24534;24536
51;9;12357;23299;23300
51;9;21251;21250;
51;9;27903;;27904
51;9;29662;29661;29663
51;9;25923;10515;10518
51;9;10031;10321;
51;9;20908;20907;
51;9;28269;28268;
51;9;20980;20979;11685
51;9;30406;30405;
51;9;20878;20877;
51;9;17188;17187;
51;9;22026;;22027
51;9;12837;;23315
51;9;27925;27924;
51;9;31059;;31060
51;9;36154;36153;
51;9;31949;;31950
51;9;30038;;30039
51;9;28065;28064;
51;9;31651;31650;
51;9;19803;19802;19804
51;9;20520;20519;
51;9;19994;19993;19995
51;9;25790;25789;19931
51;9;20927;;20928
51;9;25389;;25822
51;9;22424;22423;22425
51;9;22135;;22136
51;9;36422;;36423
51;9;32086;;32087
51;9;20380;;20381
51;9;25801;25800;19209
51;9;24455;24454;
51;9;29270;;29271
51;9;31972;31971;31973
51;9;21896;21894;25831
51;9;28813;;28814
51;9;22000;22016;25712
51;9;22924;22923;22925
51;9;32218;32217;32219
51;9;12372;;11775
51;9;10160;;10703
51;9;24971;24970;24972
51;9;26024;26023;26025
51;9;28461;;28462
51;9;12387;12957;16376
51;9;29468;29467;29469
51;9;26893;10696;10697
51;9;22689;22688;
51;9;26522;26519;26520
51;9;28716;28715;28717
51;9;26541;26542;21498
51;9;11213;10296;10297
51;9;25568;22740;25572
51;9;22739;;22740
51;9;30936;;30937
51;9;23508;;23509
51;9;35158;35157;
51;9;23988;23987;
51;9;16805;16804;16806
51;9;32610;32609;
51;9;14907;14906;
51;9;22601;22600;22602
51;9;21993;21992;21994
51;9;31893;31892;
51;9;36275;36274;
51;9;19277;19276;
51;9;16684;;16685
51;9;26739;;26740
51;9;21044;21043;
51;9;25653;11421;25652
51;9;30725;30724;
51;9;16586;16585;
51;9;21626;26022;21627
51;9;20595;;20596
51;9;35341;35340;
51;9;12248;12249;10293
51;9;36397;11831;36398
51;9;20346;20345;
51;9;28079;28078;
51;9;24000;23998;24001
51;9;12539;12538;
51;9;21442;;21443
51;9;23001;23000;
51;9;22705;22704;
51;9;10835;12384;10831
51;9;23354;;23355
51;9;12848;25280;24884
51;9;10197;14827;11894
51;9;11256;;11258
51;9;35525;35524;
51;9;24165;;24166
51;9;20308;20307;20309
51;9;36195;;36196
51;9;10215;21800;12393
51;9;19322;;25798
51;9;23811;23810;23812
51;9;19652;19651;19653
51;9;24443;24442;
51;9;17044;17043;
51;9;36121;36120;
51;9;31308;31307;
51;9;22221;22220;
51;9;27565;27564;27712
51;9;24368;24367;24369
51;9;28223;;28224
51;9;22582;;25514
51;9;22566;22565;22567
51;9;32502;;32503
51;9;10561;27345;11150
51;9;19530;19529;
51;9;22236;25830;
51;9;22713;;22714
51;9;28603;;28604
51;9;24645;24644;24646
51;9;28047;;28048
51;9;30575;;30576
51;9;20757;20756;20758
51;9;26384;26383;26385
51;9;27826;27825;
51;9;25571;26702;27558
51;9;10799;36376;36377
51;9;12054;17583;17467
51;9;32601;;32602
51;9;11677;27656;
51;9;17375;;17376
51;9;24066;24065;24067
51;9;21934;21933;
51;9;11637;11638;25469
51;9;23267;23266;23268
51;9;17399;;17400
51;9;28929;28928;28930
51;9;28845;28844;
51;9;30533;30532;30534
51;9;30883;30882;
51;9;31962;31961;
51;9;19193;12761;12762
51;9;11960;24642;11959
51;9;23972;23971;
51;9;14934;11170;10084
51;9;12672;12671;12898
51;9;21690;21689;25497
51;9;27959;27958;
51;9;27860;27859;
51;9;26345;10067;11134
51;9;20678;20677;20679
51;9;20317;;20318
51;9;16592;16591;16593
51;9;35604;;35605
51;9;36136;36135;
51;9;24163;24162;24164
51;9;20058;;20059
51;9;22067;;22068
51;9;16759;16758;16760
51;9;24082;;24083
51;9;19335;19334;19336
51;9;35902;;35903
51;9;30847;30846;
51;9;17417;17416;
51;9;22863;;22864
51;9;20769;20768;12089
51;9;23133;23132;23134
51;9;22440;22439;22441
51;9;23735;25263;23594
51;9;20849;20848;
51;9;31194;31193;
51;9;22771;;22772
51;9;24489;24488;
51;9;25126;25125;25127
51;9;20920;11676;26034
51;9;25374;17262;17263
51;9;12139;12137;12135
51;9;16749;;16750
51;9;26485;26484;
51;9;27278;12327;12295
51;9;36480;36478;
51;9;32440;32439;
51;9;29601;29600;29602
51;9;22034;11280;22035
51;9;20996;20995;20997
51;9;19643;36395;27814
51;9;21108;;21110
51;9;25715;25674;25887
51;9;28403;28402;28404
51;9;19437;;25485
51;9;24282;;24283
51;9;28518;28517;28519
51;9;36475;36474;12659
51;9;20304;;20305
51;9;24439;24438;24440
51;9;20244;20243;20245
51;9;17506;16991;16992
51;9;23713;23712;23714
51;9;28818;28817;
51;9;30873;30872;
51;9;35317;35316;35318
51;9;35861;;35862
51;9;10785;11822;12202
51;9;17477;17015;17016
51;9;24378;24377;24379
51;9;27539;10012;11109
51;9;31425;;31424
51;9;22613;22612;22614
51;9;35685;;35686
51;9;32757;32756;
51;9;29248;;29249
51;9;23838;;24073
51;9;29094;29093;29095
51;9;16887;;16888
51;9;22169;11645;27306
51;9;36054;36053;
51;9;10796;;10130
51;9;24056;;24057
51;9;24254;;24255
51;9;23483;11455;23484
51;9;17490;16452;12146
51;9;24553;;24554
51;9;28139;28138;
51;9;25613;25609;
51;9;14848;14847;14849
51;9;29860;;29861
51;9;29586;;29587
51;9;20683;20682;20684
51;9;26540;21498;
51;9;30084;;30085
51;9;31397;31396;
51;9;16873;;16874
51;9;27202;27201;27203
51;9;32558;32557;
51;9;16879;16878;16880
51;9;24453;;24454
51;9;30097;30096;
51;9;31950;31949;
51;9;35332;;35333
51;9;32475;32474;32476
51;9;24343;24342;24344
51;9;19160;20803;19161
51;9;23361;;23362
51;9;22317;;22318
51;9;35397;35396;
51;9;28203;;28204
51;9;21354;21353;
51;9;36005;36004;
51;9;21352;;21353
51;9;23678;23677;
51;9;17386;17385;17387
51;9;30096;;30097
51;9;10537;26360;11148
51;9;19510;;19511
51;9;21079;21078;21080
51;9;16344;16343;16345
51;9;28503;28502;28504
51;9;25261;25260;25460
51;9;21497;;26542
51;9;19259;;19261
51;9;26912;10698;11700
51;9;35611;35610;
51;9;29500;;29501
51;9;12481;11390;20267
51;9;35576;;35577
51;9;28383;28382;
51;9;11575;;12079
51;9;23783;;23784
51;9;23515;23514;
51;9;20352;20351;20353
51;9;17321;17320;
51;9;16471;16470;16472
51;9;22185;22184;22186
51;9;10377;11123;11122
51;9;35481;35480;
51;9;19350;19349;19351
51;9;19436;19435;
51;9;24384;24383;
51;9;22283;;22284
51;9;30372;30370;
51;9;29228;;29229
51;9;23528;23527;
51;9;29658;29657;29659
51;9;31618;;31619
51;9;20446;20445;20447
51;9;21102;21101;21103
51;9;20977;12165;20978
51;9;19538;;19540
51;9;36496;36495;26033
51;9;36282;28842;
51;9;29950;29949;
51;9;19933;19932;19934
51;9;30349;;30350
51;9;31127;31126;
51;9;23218;23217;23219
51;9;20583;27198;27186
51;9;23933;23932;
51;9;27083;27082;14841
51;9;17398;17396;
51;9;21888;21887;25992
51;9;20321;20320;
51;9;19612;25501;
51;9;12791;19629;
51;9;30336;30335;30337
51;9;30076;30075;
51;9;27311;10446;10444
51;9;30687;;30688
51;9;25531;22387;22388
51;9;26348;10456;26340
51;9;12044;;16384
51;9;19206;12757;19207
51;9;19945;;19946
51;9;12324;27677;
51;9;30428;;30429
51;9;32405;;32406
51;9;32721;32720;32722
51;9;11522;24102;23827
51;9;16714;16713;
51;9;11203;27173;27174
51;9;17178;;17179
51;9;10517;23383;11657
51;9;10080;11231;26336
51;9;22412;11512;12075
51;9;24759;24758;24760
51;9;16515;16514;16516
51;9;17575;10747;27119
51;9;31090;31089;
51;9;35340;;35341
51;9;11196;26319;10473
51;9;22807;22806;22808
51;9;23638;23636;23639
51;9;23309;;23308
51;9;17288;17287;
51;9;31103;31102;31104
51;9;19771;19770;19772
51;9;10850;27610;10849
51;9;31842;31841;31843
51;9;24006;12246;12245
51;9;35839;35838;
51;9;23093;;23094
51;9;16818;16817;
51;9;19578;19577;
51;9;24272;24271;24273
51;9;24285;24284;
51;9;23135;23134;23136
51;9;30370;30369;30372
51;9;28962;28961;28963
51;9;22349;;22350
51;9;24430;24429;
51;9;27476;27475;27477
51;9;31602;31601;
51;9;11601;21460;21461
51;9;22267;22266;26907
51;9;29067;;29068
51;9;32280;32279;32281
51;9;11858;12416;20706
51;9;25495;20676;20677
51;9;16906;;16907
51;9;21746;21744;
51;9;35651;;35652
51;9;29194;29005;29195
51;9;31881;31880;31882
51;9;29076;36285;29077
51;9;11475;10705;25355
51;9;11556;22785;11555
51;9;35284;35283;35285
51;9;29065;29064;
51;9;30713;;30714
51;9;25007;25006;25008
51;9;28126;28125;
51;9;30063;;30064
51;9;32625;;32626
51;9;19199;11465;11464
51;9;23074;;23075
51;9;11946;12245;
51;9;16581;;16582
51;9;30311;30310;30312
51;9;11217;10334;10333
51;9;22940;;22941
51;9;23172;23171;23173
51;9;32322;32321;
51;9;17212;17211;
51;9;12082;22901;
51;9;17518;11330;17519
51;9;27438;27437;26375
51;9;29833;29832;29834
51;9;20086;20085;20087
51;9;21488;21487;21248
51;9;20093;20092;
51;9;25039;;25040
51;9;28580;28579;28581
51;9;36112;36111;
51;9;28053;28052;
51;9;24251;24250;24252
51;9;20180;20179;26712
51;9;32316;;32317
51;9;20336;;20337
51;9;22802;;22803
51;9;30409;30408;
51;9;32059;32058;32060
51;9;23185;;23186
51;9;19963;;19964
51;9;19727;;19728
51;9;29636;29635;29637
51;9;19388;;19389
51;9;10494;10493;10496
51;9;30157;30156;
51;9;29168;29167;29169
51;9;29887;;29889
51;9;25301;11794;11797
51;9;17146;17496;17147
51;9;16424;;16425
51;9;23951;23950;23952
51;9;35704;;35705
51;9;31201;31200;31202
51;9;29164;;29165
51;9;25558;23080;
51;9;25059;;25060
51;9;26944;26943;
51;9;27473;27472;
51;9;22644;22643;
51;9;26414;21336;21337
51;9;12195;12364;12196
51;9;25888;23822;23823
51;9;35580;35579;
51;9;10141;;10307
51;9;31626;;31627
51;9;28440;;28441
51;9;20897;20896;20898
51;9;17314;17313;
51;9;27613;27125;26707
51;9;30791;;30792
51;9;20293;20292;
51;9;19607;19606;19608
51;9;21649;21650;
51;9;16548;16547;
51;9;30710;30709;30711
51;9;35255;35254;
51;9;22929;22928;22930
51;9;20530;;27370
51;9;19650;27128;
51;9;24686;24685;24687
51;9;25605;;25609
51;9;25953;27080;10897
51;9;35250;;35251
51;9;29624;29623;
51;9;12289;12288;
51;9;23357;12159;23358
51;9;12219;;11304
51;9;10892;10893;27632
51;9;27556;22745;22746
51;9;27092;;23926
51;9;11785;16371;16372
51;9;16877;;16878
51;9;35242;35241;
51;9;20144;20143;20145
51;9;28474;28473;28475
51;9;12070;12068;12071
51;9;31067;31066;
51;9;28354;28353;
51;9;12668;12897;12669
51;9;31668;;31669
51;9;23162;;23163
51;9;19916;19915;19917
51;9;11113;10268;10269
51;9;29315;29314;29316
51;9;20023;25449;20024
51;9;20891;20890;
51;9;26799;21535;21536
51;9;23974;23973;
51;9;26887;;21154
51;9;23863;;23864
51;9;30397;;30398
51;9;29857;;29858
51;9;19512;;19513
51;9;27809;27808;
51;9;22858;22857;22859
51;9;36214;36213;
51;9;25518;22499;
51;9;26973;26974;
51;9;31480;31479;31481
51;9;23430;;23431
51;9;29192;29191;29193
51;9;22351;;22352
51;9;24714;24713;
51;9;22765;;22766
51;9;29051;;29052
51;9;21443;21442;21444
51;9;25806;25343;27604
51;9;30925;30924;30926
51;9;25077;25076;25078
51;9;20146;20145;20147
51;9;25425;25426;
51;9;29790;29789;
51;9;20869;20868;
51;9;22231;22230;22232
51;9;21565;26573;12026
51;9;29316;29315;
51;9;12236;25356;10895
51;9;17180;17179;
51;9;17360;;17359
51;9;24002;24001;36399
51;9;11581;;10554
51;9;19791;19790;
51;9;25574;27461;27462
51;9;28454;;28455
51;9;29717;29716;29718
51;9;23839;11976;23840
51;9;11254;;11255
51;9;24980;;24981
51;9;20358;;20359
51;9;24205;;24207
51;9;19715;;19716
51;9;17515;17017;17018
51;9;20534;;20535
51;9;30477;30476;
51;9;23941;23940;
51;9;22404;22403;
51;9;16803;36393;16804
51;9;25322;;25323
51;9;24671;24670;24672
51;9;21679;;21680
51;9;20505;20504;
51;9;32590;;32591
51;9;35215;;35216
51;9;24158;24157;24159
51;9;19709;19708;
51;9;30783;30782;30784
51;9;11963;;24649
51;9;16993;;16994
51;9;22585;22584;22586
51;9;25013;25012;25014
51;9;16388;10251;16389
51;9;23523;23522;
51;9;19624;19623;
51;9;29137;29136;29138
51;9;10427;25998;26350
51;9;29146;36301;29147
51;9;29174;29173;36271
51;9;31717;31716;
51;9;29428;29427;29429
51;9;11610;21518;11607
51;9;21204;;21205
51;9;22695;;22696
51;9;12493;23304;12209
51;9;24532;;24533
51;9;10098;11225;10521
51;9;31445;31444;31446
51;9;12061;22364;22365
51;9;21000;;21001
51;9;27720;27719;
51;9;30505;;30506
51;9;24329;24328;24330
51;9;31798;31796;
51;9;35431;35430;
51;9;29866;29865;
51;9;10044;10258;10261
51;9;24567;;24568
51;9;21486;;21487
51;9;30562;;30563
51;9;25785;25784;
51;9;26653;;26654
51;9;16900;16899;16901
51;9;23812;23811;23813
51;9;21943;26626;19154
51;9;23880;;23881
51;9;29535;29534;
51;9;31269;31268;31270
51;9;35452;35451;
51;9;19211;25803;12747
51;9;12814;20539;20540
51;9;20184;20183;20185
51;9;21773;;21774
51;9;36301;29145;29146
51;9;19219;19218;12751
51;9;17100;17099;17101
51;9;23871;11984;23870
51;9;24984;24985;
51;9;24085;;24086
51;9;22917;25511;22918
51;9;26593;;26594
51;9;19740;19739;10382
51;9;21629;;21630
51;9;28888;28887;28889
51;9;23170;;23171
51;9;24694;11825;24695
51;9;19408;;19409
51;9;20443;20442;20444
51;9;32708;;32709
51;9;12010;;12359
51;9;27921;;27922
51;9;10726;26567;26559
51;9;30770;30769;
51;9;12914;21282;21283
51;9;17018;17515;
51;9;35740;35739;
51;9;28441;28440;
51;9;30193;30192;
51;9;31676;31675;31677
51;9;29136;29135;29137
51;9;24226;24225;24227
51;9;22562;22561;
51;9;28165;28164;
51;9;32496;32495;
51;9;29171;;29172
51;9;23741;;23742
51;9;20282;;20283
51;9;26547;26546;
51;9;19297;;19298
51;9;31043;;31044
51;9;36160;36159;
51;9;28228;28226;28229
51;9;17145;;17496
51;9;16650;16649;
51;9;11344;;21002
51;9;28884;;28885
51;9;29700;29699;29701
51;9;25272;25271;
51;9;21963;21962;27129
51;9;26322;10035;26321
51;9;22672;22671;22673
51;9;36384;11764;11762
51;9;35171;;35172
51;9;21563;;21562
51;9;23538;23537;23539
51;9;22709;22708;
51;9;32560;;32561
51;9;32389;;32391
51;9;21058;21057;12035
51;9;17261;;17262
51;9;26607;;21655
51;9;23719;;23720
51;9;16932;16931;
51;9;10358;21028;11967
51;9;12118;12116;
51;9;23942;;23943
51;9;21574;12218;12028
51;9;12759;19208;12758
51;9;21212;;21213
51;9;30486;;30487
51;9;21022;21021;21023
51;9;11822;;10785
51;9;11580;11633;
51;9;24684;24683;24685
51;9;12816;25750;20546
51;9;21774;21773;
51;9;28299;28298;
51;9;36222;;36223
51;9;16773;16772;
51;9;20624;;20625
51;9;27000;16791;
51;9;32019;32018;
51;9;17410;17409;17411
51;9;22472;22471;22473
51;9;23642;23641;23643
51;9;24414;24413;24415
51;9;29211;29210;29212
51;9;24440;24439;
51;9;12821;19792;
51;9;20968;20967;
51;9;30447;30446;
51;9;32166;;32167
51;9;31623;31622;31624
51;9;22826;;22827
51;9;16921;16920;16922
51;9;20033;20032;
51;9;22557;12529;25293
51;9;20411;20410;20412
51;9;20300;20299;20301
51;9;36003;36002;36004
51;9;17316;17317;17599
51;9;20556;;20557
51;9;23220;23219;23221
51;9;21462;11599;26495
51;9;21976;21975;21977
51;9;23524;;23525
51;9;20268;20267;25708
51;9;29379;29378;
51;9;10060;10423;14937
51;9;26467;;26468
51;9;19974;;19975
51;9;29685;29684;29686
51;9;11922;17577;11923
51;9;21956;21955;21957
51;9;25834;25833;
51;9;24431;;24432
51;9;16645;;16646
51;9;22288;22286;
51;9;16512;;16513
51;9;28306;28305;
51;9;28486;28484;28487
51;9;20109;20108;20110
51;9;23539;23538;25943
51;9;22411;11504;11507
51;9;30703;30702;30704
51;9;30061;30060;
51;9;23222;23221;23223
51;9;25089;25088;
51;9;21263;12700;21264
51;9;11816;11829;27110
51;9;22399;27499;
51;9;35674;35673;
51;9;36145;36144;
51;9;11490;10664;11493
51;9;36286;32618;32619
51;9;23236;23235;
51;9;19483;19482;
51;9;19630;12792;12793
51;9;10669;10673;11226
51;9;21641;;21642
51;9;10740;21736;11878
51;9;11985;24616;
51;9;19185;25502;19186
51;9;22015;22014;
51;9;25091;25090;25092
51;9;24098;24096;24097
51;9;29677;29676;
51;9;36458;;36459
51;9;31859;31858;
51;9;27363;27362;27364
51;9;20218;20217;
51;9;25278;11833;24404
51;9;23028;25595;23029
51;9;10406;;10404
51;9;20503;;20504
51;9;25166;;25678
51;9;14841;27083;
51;9;35711;;35712
51;9;36349;;10753
51;9;28654;28653;28655
51;9;29676;29675;29677
51;9;31491;31490;
51;9;32636;;32637
51;9;21887;21886;21888
51;9;17299;17298;17300
51;9;21421;;25462
51;9;19882;19881;
51;9;31400;31399;31401
51;9;30747;30746;
51;9;29909;;29910
51;9;22008;22007;22009
51;9;12046;12156;
51;9;19546;19545;
51;9;27443;27442;27444
51;9;19544;19543;19545
51;9;21812;;21813
51;9;28499;28498;
51;9;31839;31838;
51;9;19845;;19846
51;9;20412;20411;20413
51;9;17456;17455;17457
51;9;30431;;30432
51;9;16398;16397;12124
51;9;24327;24326;24328
51;9;25475;10015;10222
51;9;19170;25478;19171
51;9;23996;11526;12247
51;9;28688;28687;
51;9;22983;;22984
51;9;20387;25443;20388
51;9;20950;;20951
51;9;10556;12442;25286
51;9;26557;10543;25933
51;9;28581;28580;
51;9;11837;25273;10190
51;9;25033;25032;25034
51;9;24141;;24142
51;9;23596;11442;23597
51;9;19525;19524;27221
51;9;29732;29731;
51;9;10825;10110;10107
51;9;10602;27617;14856
51;9;12959;24679;19152
51;9;28009;28008;
51;9;16741;16740;16742
51;9;19965;19964;
51;9;20622;;20623
51;9;30718;30717;30719
51;9;31521;31520;31522
51;9;19392;19391;19393
51;9;21321;;21322
51;9;17329;17328;
51;9;26644;26646;
51;9;17487;25359;11723
51;9;19821;19820;
51;9;26716;26715;
51;9;30350;30349;
51;9;22204;22203;22205
51;9;25137;25136;25138
51;9;25519;22313;
51;9;16972;16971;26995
51;9;12866;12865;12867
51;9;29133;29132;29134
51;9;29355;29354;29356
51;9;31611;;31612
51;9;10391;36375;11128
51;9;16613;;16614
51;9;22642;22641;
51;9;10324;10325;10322
51;9;17118;17117;
51;9;25369;19743;26040
51;9;32376;32375;32377
51;9;30796;30795;30797
51;9;26566;10728;10729
51;9;29486;29485;
51;9;20781;20780;20782
51;9;23146;23145;
51;9;35348;35347;
51;9;10717;11868;20716
51;9;29633;29632;29634
51;9;12712;21309;
51;9;25319;23433;
51;9;26339;11193;10462
51;9;20731;20730;
51;9;27573;27572;
51;9;17535;;17537
51;9;26913;;25823
51;9;25936;;25668
51;9;22259;22258;22260
51;9;22019;22018;
51;9;35370;;35371
51;9;28851;28850;28852
51;9;35988;35987;35989
51;9;31215;;31216
51;9;30777;30776;
51;9;16644;16643;
51;9;23039;23040;23041
51;9;22670;;22671
51;9;28413;;28414
51;9;22470;;22471
51;9;19924;19923;19925
51;9;16542;;16543
51;9;28808;28807;
51;9;30414;;30415
51;9;28129;28128;28130
51;9;16711;16710;
51;9;20240;20239;25788
51;9;23082;;23083
51;9;27433;;12348
51;9;20416;;20417
51;9;23182;23181;
51;9;35647;35646;35648
51;9;28930;28929;28931
51;9;27891;27890;28334
51;9;10319;10316;10321
51;9;36260;28633;28634
51;9;11293;24544;12112
51;9;19238;19237;19239
51;9;23967;23966;23968
51;9;29928;36335;
51;9;31896;31895;
51;9;23997;11528;11530
51;9;32154;32153;
51;9;25963;10308;11215
51;9;11631;11629;11633
51;9;11456;10507;
51;9;16369;11796;17584
51;9;22365;12061;22366
51;9;25941;25289;27690
51;9;16429;16427;16430
51;9;20340;20339;
51;9;24217;11815;11817
51;9;31077;31076;
51;9;32525;32524;
51;9;11276;20976;12943
51;9;22859;22858;22860
51;9;23306;12000;23307
51;9;30317;30316;
51;9;23390;;23391
51;9;26017;21674;21675
51;9;24099;;24100
51;9;12852;12851;
51;9;19809;19807;19810
51;9;11723;17487;
51;9;24292;24291;24293
51;9;27668;27667;
51;9;31387;31386;
51;9;19762;19761;19792
51;9;16460;16459;16461
51;9;19462;19461;19463
51;9;29467;;29468
51;9;30709;30708;30710
51;9;25548;22531;25602
51;9;26882;21537;
51;9;22936;;22937
51;9;30126;30125;
51;9;23356;23355;
51;9;22028;22027;25837
51;9;23544;23543;23545
51;9;17588;16801;
51;9;17237;17236;
51;9;27961;;27962
51;9;32461;32460;
51;9;20362;20361;20363
51;9;16662;16661;
51;9;10139;10707;10708
51;9;17193;;17194
51;9;20727;20726;
51;9;25377;11477;11478
51;9;27471;;36383
51;9;28804;;28805
51;9;10163;10861;10286
51;9;22297;11647;25471
51;9;12687;21272;21273
51;9;12766;19186;19187
51;9;14887;17586;14888
51;9;20203;20202;20204
51;9;28634;36260;
51;9;35519;35518;
51;9;29072;29071;29073
51;9;12263;19200;19201
51;9;28276;28275;
51;9;10637;12307;23910
51;9;14901;11769;11768
51;9;30159;;30160
51;9;10744;12667;14933
51;9;24672;24671;
51;9;19195;12752;12753
51;9;29577;29576;
51;9;10536;11148;11147
51;9;21621;;21622
51;9;20455;;20456
51;9;17219;17492;17220
51;9;20126;;20127
51;9;26839;26838;
51;9;19854;19853;19855
51;9;28077;;28078
51;9;21456;21457;12230
51;9;30978;;30979
51;9;32486;32485;
51;9;16859;16858;16860
51;9;19659;19658;
51;9;25684;25683;25685
51;9;25535;;23070
51;9;29027;29026;29028
51;9;22315;;22316
51;9;24307;24306;24308
51;9;24994;24993;24995
51;9;31928;;31929
51;9;11333;;17514
51;9;16807;16806;16808
51;9;35718;;35719
51;9;24060;24059;24061
51;9;16757;16756;
51;9;23836;;23837
51;9;19804;19803;19805
51;9;20254;20253;20255
51;9;26543;;21501
51;9;19634;11711;11712
51;9;27136;21706;27134
51;9;23763;23762;
51;9;24027;24026;24028
51;9;30723;;30724
51;9;32464;32463;
51;9;16353;16352;16354
51;9;28527;;28528
51;9;30980;30979;30981
51;9;11408;23892;23894
51;9;31027;31026;
51;9;16391;16390;12156
51;9;25947;10430;25948
51;9;24467;24466;
51;9;28411;28409;
51;9;29452;;29453
51;9;31023;;31024
51;9;14832;12049;12052
51;9;27472;36383;27473
51;9;25863;;25864
51;9;24798;24797;
51;9;27405;10438;11219
51;9;31291;;31292
51;9;19611;19610;25501
51;9;20638;20637;20639
51;9;36298;36297;
51;9;29718;29717;29719
51;9;31439;31438;
51;9;23697;23696;23698
51;9;16396;12126;16397
51;9;20094;20095;20096
51;9;17511;;17372
51;9;26994;26993;
51;9;31041;31040;
51;9;24412;25282;
51;9;16674;;16675
51;9;17342;17341;
51;9;22825;22824;
51;9;23518;25634;
51;9;24767;24766;24768
51;9;31916;31915;
51;9;29276;;29277
51;9;36263;32494;32495
51;9;26938;;26939
51;9;29115;;29116
51;9;20487;20354;20488
51;9;32728;32727;
51;9;36210;;36211
51;9;26480;26481;21309
51;9;14889;14846;12104
51;9;20014;20013;20015
51;9;21406;21405;12718
51;9;24492;24491;
51;9;35478;35477;
51;9;22016;11727;22000
51;9;28090;;28091
51;9;36241;;36242
51;9;14857;10604;11154
51;9;12278;21633;21635
51;9;24325;12299;12298
51;9;35602;35601;
51;9;10583;10582;10584
51;9;16604;16603;16605
51;9;20130;20129;
51;9;25341;;25342
51;9;26731;;26732
51;9;23976;23975;
51;9;26749;26750;21420
51;9;23395;23396;
51;9;21229;12682;21230
51;9;32446;32445;
51;9;22776;;22777
51;9;26531;21455;
51;9;30211;30210;
51;9;25615;23516;25634
51;9;16781;16780;16782
51;9;25901;24011;24012
51;9;16765;16764;
51;9;17552;16997;16998
51;9;28522;28521;
51;9;29874;;29875
51;9;16738;16737;
51;9;23720;23719;
51;9;23984;;23986
51;9;30652;30651;
51;9;30849;;30850
51;9;24536;24535;24537
51;9;12940;12096;
51;9;25824;;25825
51;9;23573;23572;
51;9;29001;29000;
51;9;11280;12946;22034
51;9;29125;29124;29126
51;9;11386;12087;20767
51;9;35567;;35568
51;9;22095;22094;
51;9;23372;23370;23373
51;9;24290;24289;
51;9;29032;29031;
51;9;16718;;16719
51;9;29260;;29261
51;9;12384;10887;10835
51;9;30245;30244;
51;9;28104;28103;
51;9;17366;17365;
51;9;20281;11368;11346
51;9;21189;21188;21190
51;9;31757;31756;
51;9;17264;17263;17265
51;9;25623;23426;23427
51;9;22982;22981;
51;9;23443;;23444
51;9;16827;16826;
51;9;27284;27283;
51;9;21692;;21693
51;9;23190;23189;23191
51;9;36477;;36478
51;9;32289;32288;
51;9;21127;21126;21128
51;9;24257;24256;
51;9;35997;;35998
51;9;11218;10425;10424
51;9;26629;;26630
51;9;19283;19282;
51;9;21580;;21581
51;9;11792;;23213
51;9;12775;19177;
51;9;28604;28603;28616
51;9;30444;30443;30448
51;9;32277;32276;
51;9;28100;;28101
51;9;27662;10860;27663
51;9;32284;32283;32285
51;9;10527;10525;10528
51;9;24294;24293;
51;9;19806;11755;19807
51;9;14891;14890;14892
51;9;19801;19800;
51;9;11915;17570;17471
51;9;22250;;22251
51;9;17556;12652;16335
51;9;32396;;32397
51;9;23802;23785;23786
51;9;30975;;30976
51;9;11638;22175;11637
51;9;32751;32750;
51;9;32409;32408;
51;9;25428;14837;14838
51;9;11921;10746;10684
51;9;26434;;26435
51;9;10695;10897;10696
51;9;29561;29560;29562
51;9;27660;27659;27661
51;9;30529;30528;30530
51;9;32760;32759;
51;9;17056;17055;17057
51;9;16418;16417;12158
51;9;22687;22686;22688
51;9;29858;29857;
51;9;27933;27932;27934
51;9;35172;35171;
51;9;31507;31506;
51;9;19696;19695;
51;9;20881;20880;20882
51;9;25757;19892;19893
51;9;12817;12960;25751
51;9;12808;19895;19896
51;9;27953;27952;
51;9;30082;30081;
51;9;11433;;12315
51;9;16924;16923;
51;9;24805;24804;24806
51;9;21346;;21347
51;9;31372;31371;
51;9;35196;35195;
51;9;24452;24451;
51;9;30832;30831;
51;9;21995;;26672
51;9;21099;27654;
51;9;12039;26680;21848
51;9;30199;30198;
51;9;12265;36431;27635
51;9;22529;22528;25580
51;9;21632;12276;12277
51;9;23374;11668;23375
51;9;23623;23624;27113
51;9;12364;;12195
51;9;19844;19843;
51;9;21767;;21768
51;9;11499;17554;17568
51;9;27851;27854;27855
51;9;29567;;29568
51;9;22891;22890;12081
51;9;27617;14855;10602
51;9;20961;;20962
51;9;25462;21421;21423
51;9;30826;30825;
51;9;24722;24721;24723
51;9;24822;;24823
51;9;31100;31099;
51;9;11676;20987;20920
51;9;26638;26636;
51;9;27907;27906;27908
51;9;10248;17462;11488
51;9;32701;;32702
51;9;19606;19605;19607
51;9;32184;32183;32185
51;9;24632;24631;
51;9;36442;36441;36448
51;9;23559;;23560
51;9;36500;11350;12929
51;9;29946;;29947
51;9;24364;24363;24365
51;9;21128;21127;
51;9;22712;22711;
51;9;20056;20055;20057
51;9;23855;23854;23856
51;9;25777;20169;
51;9;21590;;21591
51;9;23947;23946;
51;9;28642;;28644
51;9;30231;;30232
51;9;27641;10128;10679
51;9;30312;30311;30313
51;9;11365;25969;27368
51;9;16597;22011;
51;9;28814;28813;
51;9;21294;21293;21295
51;9;10775;27631;26319
51;9;36490;;20582
51;9;31673;31672;
51;9;32756;;32757
51;9;28622;28621;
51;9;25679;24447;24448
51;9;30559;30558;30560
51;9;27176;27175;10131
51;9;30066;;30067
51;9;27836;27835;
51;9;22787;22786;
51;9;20755;20754;20756
51;9;35867;;35868
51;9;23534;25937;23533
51;9;19626;19625;
51;9;24972;24971;24973
51;9;29549;29548;
51;9;10676;10054;26362
51;9;26694;26693;26695
51;9;25791;20049;
51;9;12123;16399;17475
51;9;16829;17469;16830
51;9;24331;24330;
51;9;20224;20223;
51;9;11455;23482;23483
51;9;22963;;22964
51;9;35270;35269;
51;9;16654;16653;
51;9;17356;;17355
51;9;19320;19319;
51;9;21558;21557;21559
51;9;30928;;30929
51;9;29891;;29892
51;9;16573;16572;16574
51;9;30666;;30667
51;9;20152;20151;20153
51;9;21980;21979;21981
51;9;35258;;35259
51;9;28245;;28246
51;9;32650;;32651
51;9;36371;27626;27627
51;9;27208;;27209
51;9;20020;20021;
51;9;22809;22812;22810
51;9;20970;20969;20971
51;9;23341;23339;
51;9;28285;;28286
51;9;36104;36314;36105
51;9;26844;26843;
51;9;24230;24229;
51;9;12062;;12183
51;9;10330;11216;10329
51;9;29539;29538;29540
51;9;12924;20905;20899
51;9;12890;12888;12891
51;9;20450;20449;
51;9;21466;25720;21467
51;9;27095;;27096
51;9;32481;;32482
51;9;25482;11861;25483
51;9;32236;32235;
51;9;26787;26786;
51;9;32094;32093;32095
51;9;29529;;29530
51;9;30930;30929;30931
51;9;22115;14911;22116
51;9;36478;36477;36480
51;9;11929;25869;20694
51;9;22769;;22770
51;9;19172;25479;11854
51;9;25171;;25172
51;9;17312;;17313
51;9;26455;11600;26454
51;9;19942;19941;
51;9;31975;31974;
51;9;11904;22715;22716
51;9;24010;24009;24011
51;9;21304;21303;
51;9;11353;11351;21611
51;9;26429;12694;26430
51;9;17478;10394;36375
51;9;35712;35711;
51;9;32664;;32665
51;9;19553;19552;
51;9;16511;16510;
51;9;23925;23924;
51;9;35648;35647;35649
51;9;29062;29061;29063
51;9;31085;;31086
51;9;22584;22583;22585
51;9;29127;29126;
51;9;31841;;31842
51;9;29772;29771;29773
51;9;29200;36291;
51;9;25585;;25583
51;9;21065;21064;21066
51;9;19144;19143;19145
51;9;19162;23315;
51;9;27552;17553;
51;9;29301;;29302
51;9;25597;25596;23047
51;9;19431;19430;19432
51;9;26471;21286;21287
51;9;32355;;32356
51;9;27690;25941;27691
51;9;30766;30765;
51;9;26806;;26807
51;9;24720;24719;
51;9;24215;11812;24216
51;9;25122;25121;25123
51;9;26010;26009;
51;9;22994;22993;
51;9;12895;12894;12896
51;9;24102;11521;11522
51;9;25831;21896;21897
51;9;30912;30911;30913
51;9;32129;;32130
51;9;14882;;14931
51;9;24523;24522;
51;9;16426;16425;19750
51;9;11512;11509;22412
51;9;21374;;26425
51;9;19934;19933;19935
51;9;19295;;19296
51;9;28282;;28283
51;9;29897;29896;36303
51;9;31879;;31880
51;9;28480;28479;
51;9;32287;;32288
51;9;29880;29879;29881
51;9;20877;;20878
51;9;23758;23757;
51;9;12774;19176;19177
51;9;19822;;19823
51;9;30058;30057;
51;9;32604;32603;32605
51;9;21991;;21992
51;9;20866;20865;
51;9;28701;;28702
51;9;21871;21854;21855
51;9;17297;17296;
51;9;29007;;29008
51;9;35459;35458;
51;9;21446;;21447
51;9;19787;25955;
51;9;24505;24504;
51;9;27566;27467;27081
51;9;35753;35752;35754
51;9;25540;25522;22531
51;9;10261;10044;27434
51;9;16547;16546;16548
51;9;22755;22754;
51;9;16633;;16634
51;9;31614;;31616
51;9;10534;10538;26360
51;9;30552;30551;
51;9;16527;16526;21893
51;9;24708;24707;24709
51;9;24703;24702;
51;9;23601;23600;11745
51;9;29055;;29056
51;9;31959;31958;
51;9;31062;31061;31063
51;9;31161;;31162
51;9;11775;12372;17468
51;9;24636;24635;
51;9;26511;26512;21363
51;9;21217;21216;21218
51;9;23010;10824;12534
51;9;29176;29175;29177
51;9;12721;21437;21438
51;9;23983;23982;
51;9;22459;22458;
51;9;23626;23625;
51;9;23509;23508;23510
51;9;19434;;19435
51;9;21987;21986;21988
51;9;36438;25285;36439
51;9;26332;26331;10292
51;9;31281;31280;31282
51;9;23164;23163;23165
51;9;25776;25448;20169
51;9;20288;;20289
51;9;23851;23850;23852
51;9;29302;29301;29303
51;9;25333;25332;25334
51;9;21949;21948;
51;9;22910;22909;
51;9;23820;;23821
51;9;32219;32218;
51;9;26858;26857;
51;9;31722;;31723
51;9;10246;10244;25304
51;9;26740;26739;26741
51;9;22697;22696;
51;9;22220;;22221
51;9;11979;11978;12253
51;9;30274;;30275
51;9;22032;25507;
51;9;22334;22333;22335
51;9;12218;21573;21574
51;9;36016;;36017
51;9;25285;11977;36438
51;9;25846;;25847
51;9;25048;25047;25049
51;9;11189;11221;10275
51;9;27395;;27397
51;9;28948;;28949
51;9;29714;29713;
51;9;29864;;29865
51;9;12025;26576;26575
51;9;30750;30749;30751
51;9;29376;29375;
51;9;24069;24068;24070
51;9;19267;25404;19268
51;9;24185;24184;24186
51;9;29039;29038;29040
51;9;19192;19191;12772
51;9;22325;22651;25545
51;9;21876;21875;
51;9;16816;16815;
51;9;25546;;25547
51;9;24425;;24426
51;9;30176;30175;
51;9;32025;32024;32026
51;9;23452;23451;
51;9;19209;25801;19210
51;9;17077;17076;17078
51;9;22225;;22226
51;9;27758;27757;
51;9;30696;30695;30697
51;9;22805;;22806
51;9;23687;;23688
51;9;28033;;28034
51;9;17431;;17432
51;9;17526;17230;17231
51;9;21725;21724;
51;9;24091;24090;24092
51;9;23860;;23861
51;9;28200;28199;28201
51;9;19572;19571;
51;9;27428;;27429
51;9;25533;22452;22454
51;9;22310;22309;22311
51;9;23819;23818;
51;9;19412;19411;19413
51;9;10112;10577;10581
51;9;28458;;28459
51;9;32113;32112;
51;9;27142;;27147
51;9;23366;23365;23367
51;9;31162;31161;31163
51;9;23233;;23234
51;9;30525;30524;
51;9;10687;11156;10134
51;9;11272;10470;12221
51;9;25622;23291;
51;9;22941;22940;22942
51;9;11825;;24694
51;9;32583;32582;32584
51;9;11612;10475;26804
51;9;10251;12656;16388
51;9;23180;23179;
51;9;11571;23187;25303
51;9;21289;21288;21290
51;9;36335;36413;29928
51;9;11961;24515;24516
51;9;17123;;17124
51;9;23901;23900;
51;9;20333;20332;
51;9;28339;;28340
51;9;19685;19684;
51;9;25149;25148;25150
51;9;28926;;28927
51;9;30253;;30254
51;9;10268;10047;11113
51;9;32469;;32470
51;9;36306;;30244
51;9;35975;35976;
51;9;23729;;23730
51;9;23009;23008;
51;9;17516;;17517
51;9;10293;12248;11808
51;9;23862;23861;
51;9;20212;20211;20213
51;9;24810;24809;24811
51;9;26737;26736;
51;9;21372;21371;12226
51;9;20463;20462;
51;9;16652;16651;16653
51;9;27620;27633;27621
51;9;30002;30001;
51;9;22780;22779;22781
51;9;22138;22137;
51;9;23268;23267;23269
51;9;22849;;22850
51;9;16607;16606;16608
51;9;23402;23401;
51;9;26860;;26861
51;9;29523;29522;
51;9;19876;19875;19877
51;9;20217;20216;20218
51;9;11688;;20766
51;9;22957;;22958
51;9;25052;25051;
51;9;11833;;25278
51;9;27453;27452;11144
51;9;30739;30738;30741
51;9;26355;10492;10493
51;9;36274;;36275
51;9;35449;35448;
51;9;31804;;31805
51;9;19217;19216;12749
51;9;26409;26408;
51;9;22035;22034;22036
51;9;28765;28764;28766
51;9;29699;;29700
51;9;10481;36460;10484
51;9;32658;;32659
51;9;10809;25528;11248
51;9;16748;16747;
51;9;23436;;23437
51;9;31249;;31250
51;9;11207;10032;10035
51;9;16350;16349;11933
51;9;12770;19184;27224
51;9;16789;16788;
51;9;21825;21824;21826
51;9;24878;12257;24879
51;9;25304;10246;10247
51;9;20468;;20469
51;9;24599;24598;
51;9;28249;28248;
51;9;20690;;20691
51;9;21506;21505;
51;9;19783;;19784
51;9;35308;35307;
51;9;27824;;12343
51;9;22609;;22610
51;9;20104;36417;25775
51;9;31250;31249;
51;9;29352;29351;
51;9;29542;;29543
51;9;17128;17127;17129
51;9;21013;21012;
51;9;16919;16918;16920
51;9;27446;10461;11233
51;9;12548;12439;11881
51;9;35297;35296;
51;9;27940;;27941
51;9;28018;;28019
51;9;22271;;22272
51;9;16420;16419;16421
51;9;25168;;25169
51;9;28974;;28975
51;9;30598;;30599
51;9;20958;12627;20959
51;9;17283;17282;
51;9;24634;24633;24635
51;9;25023;25022;
51;9;22747;22746;22748
51;9;21790;21789;21791
51;9;21436;12720;21437
51;9;32021;;32022
51;9;24105;11447;24106
51;9;30483;;30484
51;9;11969;27651;27645
51;9;17310;;17311
51;9;26342;27308;27309
51;9;30171;;30172
51;9;12505;27414;10844
51;9;25713;;25852
51;9;24337;24336;24338
51;9;10228;10227;10018
51;9;29418;29417;
51;9;23428;;23429
51;9;22219;25829;22048
51;9;28694;28693;28695
51;9;23137;;23139
51;9;20566;20565;20567
51;9;21381;21379;21380
51;9;19361;19360;19362
51;9;22441;22440;
51;9;29154;;29155
51;9;30025;30024;30026
51;9;23154;23153;
51;9;17013;;17014
51;9;25940;25315;25316
51;9;26667;26668;
51;9;23231;23232;23230
51;9;28653;;28654
51;9;21914;21913;21915
51;9;21643;21642;
51;9;20540;12814;20541
51;9;12427;11564;
51;9;28420;28419;
51;9;23622;23621;25473
51;9;25093;25092;25094
51;9;22084;22083;
51;9;29288;29287;
51;9;28649;;28650
51;9;11870;12954;26639
51;9;25163;25161;
51;9;28028;;28029
51;9;11899;16340;16341
51;9;27354;12484;12483
51;9;23249;23248;
51;9;23055;;23056
51;9;23103;23102;12533
51;9;25485;19437;19438
51;9;22572;;22573
51;9;22229;;22230
51;9;16885;16886;
51;9;28892;28891;
51;9;32659;32658;
51;9;19249;19248;19250
51;9;11590;23214;
51;9;11587;23285;27079
51;9;21010;21009;21011
51;9;23936;;23937
51;9;22665;22664;
51;9;35590;35589;
51;9;32645;32644;
51;9;32009;;32010
51;9;26707;27613;26708
51;9;25891;;11425
51;9;17488;16596;22007
51;9;28417;;28418
51;9;35272;;35273
51;9;28301;;28302
51;9;31360;31359;31361
51;9;25876;10716;25287
51;9;19161;19160;11054
51;9;21585;21584;21586
51;9;29216;29215;
51;9;35756;35755;
51;9;20819;;20820
51;9;24073;23838;
51;9;35854;35853;
51;9;21737;;21738
51;9;36189;;36190
51;9;30677;30676;30678
51;9;32537;32536;
51;9;31356;31355;31357
51;9;23858;;23859
51;9;30048;;30049
51;9;22688;22687;22689
51;9;20851;20850;
51;9;29160;;29161
51;9;29516;;29517
51;9;26533;;26534
51;9;25379;12739;12740
51;9;24762;24761;24763
51;9;21668;21667;21670
51;9;21350;21351;12658
51;9;21320;21319;
51;9;12150;16386;
51;9;26695;26694;
51;9;27988;27987;
51;9;32268;32267;32269
51;9;32266;;32267
51;9;36199;36198;
51;9;22341;22340;
51;9;26909;23491;
51;9;23686;23685;
51;9;20422;;20423
51;9;24454;24453;24455
51;9;11055;;27733
51;9;21291;21290;21292
51;9;22395;22394;22396
51;9;30004;;30005
51;9;30451;30450;
51;9;23299;23298;12357
51;9;21202;;21203
51;9;30238;30237;
51;9;25922;10511;10512
51;9;23801;23800;
51;9;26654;26653;26655
51;9;22235;;22237
51;9;17179;17178;17180
51;9;28209;28208;28210
51;9;28234;;28235
51;9;12286;;12285
51;9;24615;24614;36400
51;9;26336;10080;10463
51;9;16508;16509;
51;9;22484;;22485
51;9;20555;25744;
51;9;32302;;32303
51;9;25969;20516;11365
51;9;16833;;16834
51;9;22202;;22203
51;9;28488;28487;
51;9;28423;28422;28424
51;9;19535;19534;
51;9;30749;;30750
51;9;28255;28254;28256
51;9;28610;;28611
51;9;29940;29939;29941
51;9;29912;36295;
51;9;20508;;20509
51;9;21954;21953;
51;9;26856;21561;
51;9;30225;;30226
51;9;29781;;29782
51;9;29089;29088;
51;9;36353;36352;36395
51;9;20577;;20578
51;9;14906;25763;14907
51;9;35814;;36330
51;9;17495;11902;16342
51;9;31093;31092;
51;9;23271;;23272
51;9;35516;35515;
51;9;23151;23150;23152
51;9;20711;20710;20712
51;9;29096;29095;29098
51;9;32661;;32662
51;9;30809;;30810
51;9;10203;14842;11896
51;9;26920;26919;
51;9;22114;11547;11545
51;9;16504;16505;11057
51;9;20394;20393;
51;9;24716;25281;
51;9;19169;19168;11850
51;9;36213;;36214
51;9;27814;19643;12036
51;9;32569;32568;
51;9;23876;23875;23877
51;9;25292;25291;11799
51;9;16940;17523;
51;9;26735;;26736
51;9;24819;24816;
51;9;23742;23741;
51;9;25009;;26905
51;9;31682;31683;
51;9;10327;10328;27441
51;9;21201;21200;
51;9;17294;25700;
51;9;23746;;23747
51;9;12288;;12289
51;9;32637;32636;
51;9;30296;30295;
51;9;27222;27221;
51;9;19414;;19415
51;9;35407;35406;
51;9;27614;27537;27436
51;9;22952;25582;22953
51;9;36139;36138;
51;9;31174;31173;
51;9;28144;;28145
51;9;20688;20687;20689
51;9;26019;21646;21647
51;9;20686;;20687
51;9;23733;23734;
51;9;21689;21688;21690
51;9;28459;28458;
51;9;29602;29601;29603
51;9;27691;27690;11521
51;9;11311;36493;36494
51;9;16682;16681;16683
51;9;16428;;16427
51;9;14929;;14930
51;9;11504;11502;22411
51;9;28091;28090;
51;9;25026;;25027
51;9;24212;27665;24213
51;9;12542;;12543
51;9;35640;35639;35641
51;9;10664;12326;11490
51;9;30773;30772;
51;9;19478;19477;19479
51;9;22773;;22774
51;9;19442;19441;19443
51;9;10849;10850;36376
51;9;22143;;22144
51;9;29822;;29823
51;9;23585;11748;11800
51;9;36469;36468;36470
51;9;27203;27202;
51;9;20784;20783;
51;9;35660;35659;35661
51;9;10307;10141;26563
51;9;22331;22330;22332
51;9;17045;;17046
51;9;25446;20528;25781
51;9;23971;23970;23972
51;9;25076;;25077
51;9;36474;36473;36475
51;9;31943;;31944
51;9;22022;22021;22023
51;9;16726;;16727
51;9;23442;23441;
51;9;24682;;24683
51;9;29746;29745;29747
51;9;29767;29766;29768
51;9;24375;24374;
51;9;20677;25495;20678
51;9;20539;12813;12814
51;9;20623;20622;
51;9;31330;;31331
51;9;29004;29003;29005
51;9;30775;;30776
51;9;30380;30379;30381
51;9;28347;;28348
51;9;23049;25512;23050
51;9;36420;36419;
51;9;28990;;28991
51;9;35570;;35571
51;9;30539;30542;30540
51;9;11876;27713;
51;9;23646;;23647
51;9;30534;30533;
51;9;11335;11726;25711
51;9;23565;;23566
51;9;35553;;35554
51;9;11777;16381;11776
51;9;12761;12760;19193
51;9;22556;12527;12529
51;9;20498;20497;20499
51;9;23132;23131;23133
51;9;27518;10192;27519
51;9;16614;16613;
51;9;16375;11784;10749
51;9;21959;21958;
51;9;12071;12070;11510
51;9;20605;20604;20606
51;9;22428;22427;
51;9;11423;10640;
51;9;22682;22681;
51;9;11170;10741;14934
51;9;25141;25140;25142
51;9;19284;;19285
51;9;19560;19559;19561
51;9;21897;25831;
51;9;21807;26005;
51;9;24135;;24136
51;9;17333;17332;17334
51;9;22481;;22482
51;9;20404;20403;
51;9;17147;17146;17148
51;9;25668;25936;12304
51;9;23833;23832;27699
51;9;24551;;24552
51;9;28232;28231;
51;9;30580;30579;
51;9;24836;24835;
51;9;21657;;21658
51;9;24421;24420;
51;9;10303;11116;27638
51;9;27751;27616;
51;9;23292;;23293
51;9;29031;29030;29032
51;9;12327;23127;27278
51;9;23546;23545;
51;9;32068;;36308
51;9;32088;32049;32089
51;9;23449;23448;23450
51;9;24731;25874;
51;9;11760;14886;17585
51;9;31366;;31367
51;9;10718;27468;26317
51;9;24172;;24173
51;9;21078;21077;21079
51;9;24959;;24960
51;9;24779;;24780
51;9;20173;;20174
51;9;16995;16994;
51;9;30944;30943;30945
51;9;17400;17399;
51;9;19849;;19850
51;9;17408;17407;
51;9;17392;17391;17393
51;9;16878;16877;16879
51;9;23641;23640;23642
51;9;23667;23666;
51;9;24293;24292;24294
51;9;28792;;28793
51;9;30878;;30879
51;9;36277;29330;
51;9;16752;;16751
51;9;20445;;20446
51;9;22350;22349;
51;9;23852;23851;23853
51;9;22275;;22276
51;9;25153;25152;
51;9;32669;32668;
51;9;27863;27862;
51;9;11240;;21837
51;9;30108;;30109
51;9;25312;;23536
51;9;23892;25658;11408
51;9;19194;12762;12763
51;9;30359;;30360
51;9;14852;19636;14853
51;9;24152;24151;
51;9;31656;;31657
51;9;12415;10554;12442
51;9;12910;12909;12911
51;9;27514;;27515
51;9;26899;;26898
51;9;36290;36289;31503
51;9;29783;29782;
51;9;29855;29854;
51;9;12650;;12521
51;9;35338;35337;
51;9;25025;25024;
51;9;20479;20478;
51;9;29399;;29400
51;9;21560;21559;21561
51;9;25036;25035;25037
51;9;22621;22620;
51;9;31485;31484;
51;9;29293;;29294
51;9;11419;;11302
51;9;24377;24376;24378
51;9;16778;16779;
51;9;23551;;23552
51;9;27515;27514;
51;9;36060;36059;
51;9;29775;;29776
51;9;30112;30111;
51;9;19683;19682;19684
51;9;26959;26958;
51;9;32579;32578;
51;9;35142;;35143
51;9;27421;;27422
51;9;17220;17219;
51;9;27825;26960;27826
51;9;23740;23739;
51;9;22806;22805;22807
51;9;17560;20200;17523
51;9;27194;27193;27195
51;9;12751;19219;
51;9;16737;16736;16738
51;9;25932;25929;10543
51;9;35177;;35178
51;9;10847;25930;10619
51;9;36468;27739;36469
51;9;19960;19962;19961
51;9;16616;16615;16617
51;9;23870;23871;23869
51;9;32545;;32546
51;9;27742;27741;27744
51;9;10698;22723;26912
51;9;11983;25037;24889
51;9;26388;26398;26389
51;9;11647;22546;22297
51;9;30851;30850;
51;9;30093;;30094
51;9;31923;31922;
51;9;26747;21407;21408
51;9;24281;24279;
51;9;24474;24473;24475
51;9;20900;20899;12926
51;9;28615;28614;
51;9;19959;19958;
51;9;28048;28047;28049
51;9;16680;16679;16681
51;9;22690;;22691
51;9;17001;;17002
51;9;21536;26799;26800
51;9;19212;25338;25345
51;9;29011;29010;29012
51;9;16758;;16759
51;9;23770;;23771
51;9;26852;;26853
51;9;20894;;20895
51;9;19532;19531;19533
51;9;19848;19847;
51;9;31715;31714;31716
51;9;21945;21944;21946
51;9;16946;16945;
51;9;23849;23848;
51;9;16721;;16722
51;9;27852;;27853
51;9;32763;32762;
51;9;30834;;30835
51;9;23689;;23690
51;9;36294;32457;32458
51;9;25920;25921;
51;9;12757;12756;19206
51;9;25399;11265;12100
51;9;35322;35321;35323
51;9;32073;32072;32074
51;9;11462;23480;11459
51;9;32414;;32415
51;9;22850;22849;
51;9;23421;11574;11629
51;9;17225;17528;36381
51;9;11711;10234;19634
51;9;28044;28043;28045
51;9;30384;30383;30385
51;9;10351;21045;21031
51;9;20544;20543;12815
51;9;24544;12113;11293
51;9;17426;17425;
51;9;32442;;32443
51;9;22070;22069;22071
51;9;23659;23658;
51;9;23107;23106;23108
51;9;31411;31410;
51;9;23037;23036;
51;9;23413;23412;
51;9;26572;26571;
51;9;25704;25557;25724
51;9;21664;26600;21665
51;9;23054;23053;
51;9;27915;27914;27916
51;9;29747;29746;29748
51;9;29038;29037;29039
51;9;28852;28851;28853
51;9;17043;17042;17044
51;9;23176;23175;
51;9;21420;26749;
51;9;16617;16616;
51;9;20799;;20800
51;9;27904;27903;27905
51;9;24617;;24618
51;9;19250;19249;19251
51;9;28677;28676;
51;9;10703;10160;10704
51;9;35701;35700;35702
51;9;29225;;29226
51;9;26662;26661;26663
51;9;28147;;28148
51;9;30627;;30628
51;9;10697;26893;10699
51;9;21977;21976;
51;9;19658;19657;19659
51;9;14846;12102;14889
51;9;28062;28061;
51;9;23454;23453;23455
51;9;23914;12311;
51;9;28501;;28502
51;9;24732;;24733
51;9;27255;27191;27256
51;9;31002;31001;
51;9;20586;20585;27191
51;9;19856;19855;
51;9;30105;;30106
51;9;22552;22551;
51;9;27934;27933;27935
51;9;27767;27723;27732
51;9;28510;28509;
51;9;30078;;30079
51;9;24619;24618;
51;9;36248;36247;
51;9;24807;24817;24808
51;9;24131;;24132
51;9;30184;;30185
51;9;16852;;16853
51;9;25734;24730;25874
51;9;26492;;26493
51;9;27249;27248;
51;9;36489;29342;29343
51;9;27321;10500;27163
51;9;24786;24785;
51;9;24189;24188;24190
51;9;27999;27998;
51;9;11894;10197;14828
51;9;11878;10740;10839
51;9;20576;20575;
51;9;10064;;10087
51;9;12862;;21964
51;9;28978;;28980
51;9;31989;;31990
51;9;12393;10215;
51;9;11872;21762;21731
51;9;19817;16473;19818
51;9;22913;22912;
51;9;23370;11672;23372
51;9;35344;35343;35345
51;9;30310;;30311
51;9;28074;28073;28075
51;9;29937;;29938
51;9;12196;12195;
51;9;19807;19806;19809
51;9;20117;20116;20118
51;9;22468;22467;22469
51;9;25867;21683;
51;9;16625;;16624
51;9;32730;;36265
51;9;12912;12798;12799
51;9;32725;32724;
51;9;19594;;19595
51;9;26964;;26965
51;9;10601;11057;11725
51;9;36368;36369;16408
51;9;24332;;24333
51;9;29075;29074;36285
51;9;30291;30290;30292
51;9;24456;;24457
51;9;16701;16700;17481
51;9;17191;;17192
51;9;26374;11177;10362
51;9;12724;12723;
51;9;28575;;28576
51;9;26811;26810;
51;9;21145;21144;21146
51;9;29967;29966;29968
51;9;24094;24093;24095
51;9;21924;;21925
51;9;10043;;10430
51;9;19166;11849;19167
51;9;24587;24586;
51;9;25506;19939;19941
51;9;20335;20334;
51;9;16565;16564;16566
51;9;25795;11463;19196
51;9;12652;;17556
51;9;10645;11840;24393
51;9;20328;20327;20329
51;9;12733;12732;17455
51;9;14837;14836;25428
51;9;11558;10433;
51;9;17492;17218;17219
51;9;10581;10112;10582
51;9;31827;;31828
51;9;29802;;29803
51;9;24851;;24852
51;9;17253;17252;17254
51;9;25499;12782;19899
51;9;36450;36451;
51;9;25498;19165;12782
51;9;27554;25414;12820
51;9;29740;;29741
51;9;21366;;21367
51;9;21417;21418;26750
51;9;28132;;28133
51;9;22499;22498;25518
51;9;19893;25757;19894
51;9;36497;21704;26562
51;9;31628;31627;
51;9;31955;31954;
51;9;22094;;22095
51;9;21329;;26398
51;9;35777;35776;36329
51;9;29497;;29498
51;9;25550;25549;
51;9;35841;;35842
51;9;20324;;20325
51;9;25589;;25590
51;9;10486;26003;10059
51;9;29064;29063;29065
51;9;20934;20933;
51;9;26040;25369;11750
51;9;19957;19956;19958
51;9;19949;19948;
51;9;21357;21356;
51;9;29202;;29203
51;9;11383;12089;20732
51;9;22255;;22256
51;9;16835;;16836
51;9;12544;;12545
51;9;24760;24759;
51;9;31888;31887;
51;9;12036;27814;27815
51;9;29330;29329;36277
51;9;20716;10717;20717
51;9;24288;;24289
51;9;32107;32106;
51;9;24838;24837;
51;9;11258;11256;
51;9;19570;19569;
51;9;16518;16517;16519
51;9;32662;32661;
51;9;25111;25110;
51;9;20531;27370;20532
51;9;36018;36017;36019
51;9;28733;;28734
51;9;27755;21067;
51;9;28336;;28337
51;9;22166;22165;
51;9;11354;21613;21614
51;9;25347;25317;
51;9;20949;20948;
51;9;17192;17191;
51;9;28348;28347;
51;9;31346;;31347
51;9;27837;22006;
51;9;29944;29943;
51;9;16580;25951;
51;9;17566;16628;22360
51;9;12112;11293;24542
51;9;36350;10764;36351
51;9;16574;16573;
51;9;26368;26367;10311
51;9;16492;;16491
51;9;21517;21516;10475
51;9;12161;20854;11373
51;9;11225;10519;10098
51;9;29165;29164;
51;9;32038;;32039
51;9;35541;35540;
51;9;11826;24677;11827
51;9;21841;21840;21842
51;9;11395;25868;
51;9;20743;20742;20744
51;9;12793;19630;12794
51;9;17063;17062;
51;9;23865;23864;23866
51;9;35788;;35789
51;9;22834;22833;
51;9;11805;24214;11807
51;9;28592;28591;28593
51;9;19400;19399;
51;9;19514;;19515
51;9;29107;29106;
51;9;29741;29740;
51;9;20482;;25793
51;9;17355;17356;17503
51;9;20312;;20313
51;9;19274;19273;19275
51;9;27621;27620;27618
51;9;28753;28752;
51;9;19448;19446;19449
51;9;22059;22058;22060
51;9;25803;25802;19211
51;9;20723;;20724
51;9;36178;36177;
51;9;30284;30283;
51;9;29760;36287;29761
51;9;30717;30716;30718
51;9;36359;36358;36361
51;9;25837;22028;22178
51;9;28468;28467;
51;9;25114;25113;
51;9;25352;19656;19657
51;9;10716;10714;25876
51;9;30793;30792;
51;9;31817;31816;31818
51;9;21856;21855;21857
51;9;14868;14867;
51;9;32527;;32528
51;9;10706;25371;10137
51;9;28393;28392;28394
51;9;28711;28710;28712
51;9;27560;26706;10577
51;9;19641;12013;12014
51;9;16708;;16709
51;9;11977;23840;25285
51;9;11768;14901;27419
51;9;31277;31276;31278
51;9;20377;20376;26727
51;9;27672;27671;25262
51;9;11567;;22887
51;9;20951;20950;
51;9;20226;20225;20227
51;9;22462;;22463
51;9;11481;14825;14826
51;9;30768;;30769
51;9;10821;16382;12370
51;9;23276;23275;
51;9;23930;23929;23931
51;9;20250;20249;
51;9;22637;;22638
51;9;35467;;35468
51;9;12753;19195;12755
51;9;29723;29722;
51;9;19204;11470;19205
51;9;23286;;25695
51;9;20185;20184;
51;9;27283;;27284
51;9;35148;;35149
51;9;31410;31409;31411
51;9;12230;21456;26521
51;9;26514;;21399
51;9;35163;;35164
51;9;24841;24840;
51;9;11274;27782;12165
51;9;30911;30910;30912
51;9;19951;19950;
51;9;19750;16426;19751
51;9;21299;;26473
51;9;32508;;32509
51;9;22158;22157;
51;9;20062;;20063
51;9;24061;24060;
51;9;35796;;35797
51;9;17024;17023;
51;9;11755;;19806
51;9;32087;32086;
51;9;27414;21061;12505
51;9;31056;;31057
51;9;30502;30501;
51;9;16904;;16905
51;9;24028;24027;24029
51;9;23894;11408;23896
51;9;32344;32343;32345
51;9;28913;;28914
51;9;21197;21196;12030
51;9;35189;;35190
51;9;20493;;20494
51;9;27119;17575;
51;9;17198;17197;
51;9;22995;;22996
51;9;22337;;22338
51;9;28907;;28908
51;9;25655;11415;24319
51;9;12894;;12895
51;9;27884;27883;27885
51;9;30495;;30496
51;9;25505;21786;
51;9;12659;36475;17473
51;9;12181;22782;22783
51;9;21264;21263;12701
51;9;20597;20596;20598
51;9;24162;24161;24163
51;9;16639;16638;
51;9;27605;27604;27606
51;9;14884;14883;
51;9;28257;28256;28258
51;9;19695;19694;19696
51;9;25620;25619;
51;9;26425;21374;21376
51;9;25750;20545;12816
51;9;29850;;29851
51;9;28778;28777;28779
51;9;19407;19406;
51;9;25323;25322;25324
51;9;12259;24889;24957
51;9;30933;;30934
51;9;31266;31265;
51;9;22104;22103;
51;9;35445;;35446
51;9;28699;27911;
51;9;26489;26488;
51;9;10018;10228;10229
51;9;19886;;19887
51;9;31548;;31549
51;9;26354;10266;10267
51;9;17300;17299;
51;9;20326;20325;20327
51;9;35455;35454;35456
51;9;11949;24869;24870
51;9;28562;28561;
51;9;11206;10224;10225
51;9;21873;21872;
51;9;21049;21048;
51;9;11269;20904;20905
51;9;11597;11271;11594
51;9;24646;24645;24647
51;9;25845;21935;21936
51;9;24475;24474;24476
51;9;30489;36267;30490
51;9;11243;26351;
51;9;11599;21461;21462
51;9;21416;21415;21418
51;9;20228;;20229
51;9;22570;;22571
51;9;30523;;30524
51;9;29167;;29168
51;9;16643;;16644
51;9;17093;;17094
51;9;22818;22817;
51;9;29876;29875;
51;9;20112;20111;
51;9;21796;25911;
51;9;16981;16980;
51;9;27225;;27220
51;9;22935;25526;
51;9;31407;31406;
51;9;35773;35772;
51;9;30557;;30558
51;9;28329;;28330
51;9;22429;;22430
51;9;19236;19235;
51;9;25759;25758;
51;9;29825;;29826
51;9;36156;;36157
51;9;26997;;26998
51;9;21154;26887;26888
51;9;25014;25013;25015
51;9;20032;;20033
51;9;27082;;27083
51;9;28449;28448;28452
51;9;30476;;30477
51;9;24877;12256;12257
51;9;27829;27828;
51;9;24966;24965;24967
51;9;24296;24295;24297
51;9;29993;29992;
51;9;31120;;31121
51;9;22037;11938;27496
51;9;27450;26340;10455
51;9;36322;28923;28924
51;9;31148;;31149
51;9;20734;20733;12092
51;9;26468;26467;26469
51;9;17363;17362;17592
51;9;24614;24613;24615
51;9;32177;32176;32178
51;9;25686;16351;25687
51;9;12831;16458;12832
51;9;23423;;23424
51;9;11990;25276;25277
51;9;10823;;10136
51;9;32015;;32016
51;9;30754;;30755
51;9;27275;27276;27341
51;9;19264;19263;
51;9;28928;28927;28929
51;9;31142;;31143
51;9;30023;;30024
51;9;35596;35595;
51;9;31516;;31517
51;9;28326;;28327
51;9;10758;36415;10757
51;9;24509;24508;
51;9;23224;;23225
51;9;16627;16626;16628
51;9;31393;;31394
51;9;25946;25297;
51;9;16572;;16573
51;9;23791;23790;23792
51;9;12810;;12811
51;9;25705;21826;11327
51;9;12809;19897;
51;9;19298;19297;19299
51;9;19896;12808;19897
51;9;20137;;20138
51;9;29297;29296;29298
51;9;30973;30972;
51;9;22914;;22915
51;9;11363;21653;25868
51;9;19869;19868;19870
51;9;20413;20412;20414
51;9;27661;27660;10285
51;9;24198;24197;
51;9;27669;;27670
51;9;16489;;16490
51;9;25062;;25063
51;9;30993;30992;30994
51;9;10015;27541;25475
51;9;22380;22379;
51;9;28684;28683;
51;9;30470;;30471
51;9;31765;;31766
51;9;11442;25257;23596
51;9;30587;;30588
51;9;29735;29734;
51;9;10553;27349;10551
51;9;19748;19747;
51;9;21655;26607;26016
51;9;23214;11923;11590
51;9;32675;;32676
51;9;11449;23926;24103
51;9;24679;24678;12959
51;9;16475;16474;
51;9;10235;10027;11111
51;9;20616;20615;
51;9;21293;12705;21294
51;9;11919;17571;17572
51;9;32549;32548;
51;9;30818;;30819
51;9;26779;;26780
51;9;24132;24131;
51;9;24575;25707;24576
51;9;16686;16685;16687
51;9;36314;;36104
51;9;32391;32389;
51;9;10230;10022;10231
51;9;32524;32523;32525
51;9;22455;;25952
51;9;26888;21154;
51;9;29920;29919;
51;9;28304;;28305
51;9;16774;;16775
51;9;26503;21477;21483
51;9;22678;;22679
51;9;12872;12871;21628
51;9;25344;27607;
51;9;28259;28258;28260
51;9;31241;31240;
51;9;30604;;30605
51;9;27126;27124;27125
51;9;19675;19674;
51;9;20469;20468;20470
51;9;19468;;19469
51;9;27347;;27348
51;9;17529;;17530
51;9;22641;22640;22642
51;9;10895;12236;26834
51;9;31240;31239;31241
51;9;29674;29673;29675
51;9;29193;29192;
51;9;28156;;28157
51;9;21706;27135;27136
51;9;20778;;20779
51;9;30073;30072;
51;9;23216;23215;
51;9;29119;29118;29120
51;9;32534;32533;
51;9;29554;;29555
51;9;26659;12042;21800
51;9;12879;12878;12880
51;9;36157;36156;
51;9;11869;26656;10721
51;9;11233;27446;27711
51;9;29719;29718;
51;9;26578;11877;26576
51;9;24724;;24725
51;9;28745;28744;
51;9;36456;36455;
51;9;30307;;30308
51;9;31689;;31690
51;9;12098;20772;12099
51;9;25115;;25116
51;9;26866;26865;
51;9;27449;27448;10456
51;9;21278;21277;11340
51;9;19620;;19621
51;9;23560;23559;
51;9;35944;;35945
51;9;19859;;19860
51;9;21839;21838;25994
51;9;25008;25007;
51;9;12257;24877;24878
51;9;19428;19427;19429
51;9;25423;12171;
51;9;32058;;32059
51;9;22125;22124;
51;9;21925;21924;21926
51;9;36019;36018;36020
51;9;35283;;35284
51;9;10154;10471;11194
51;9;30067;30066;
51;9;16984;;16985
51;9;25702;25645;25703
51;9;25586;;25587
51;9;16462;;16463
51;9;12778;19180;27223
51;9;28402;;28403
51;9;20385;20384;25443
51;9;31102;;31103
51;9;12439;12398;12548
51;9;10017;10404;
51;9;14902;14865;
51;9;19997;19996;
51;9;12183;12062;22782
51;9;16479;16478;16480
51;9;27185;27184;21696
51;9;11410;27693;27694
51;9;35698;35697;
51;9;19979;19978;19980
51;9;10131;27176;11156
51;9;35669;;35670
51;9;21072;21071;
51;9;29197;;29198
51;9;21863;21862;21864
51;9;12273;12272;21778
51;9;36279;31223;31224
51;9;12000;12209;23306
51;9;22102;;22103
51;9;31837;;31838
51;9;20602;;20603
51;9;25392;;25393
51;9;28387;28386;
51;9;21370;21369;
51;9;16915;17590;16914
51;9;30733;;30734
51;9;26443;26442;26444
51;9;21507;;21508
51;9;20110;20109;
51;9;27113;23623;
51;9;20632;20631;20633
51;9;31342;;31343
51;9;28484;36235;28486
51;9;17287;17286;17288
51;9;22234;22233;
51;9;10329;10330;10328
51;9;20053;20052;20054
51;9;22377;22376;22378
51;9;11477;11476;25377
51;9;11117;10342;10341
51;9;17200;17199;17201
51;9;24289;24288;24290
51;9;24854;24853;24855
51;9;25508;;25402
51;9;19741;11754;10829
51;9;22964;22963;22965
51;9;32619;36286;
51;9;19200;11466;12263
51;9;31828;31827;31829
51;9;25461;12056;25464
51;9;21985;26682;
51;9;21831;21830;
51;9;12851;21847;12852
51;9;12853;;21978
51;9;21134;;21135
51;9;20714;27583;20715
51;9;32373;32372;
51;9;32596;;32597
51;9;12024;12023;11537
51;9;10026;;10566
51;9;30669;30668;36266
51;9;26352;26353;10306
51;9;24072;24071;24133
51;9;30705;30704;
51;9;27545;12380;27615
51;9;31092;;31093
51;9;10623;10621;10624
51;9;17085;17084;17086
51;9;27238;;27239
51;9;29191;;29192
51;9;30286;;30287
51;9;31763;31762;
51;9;19500;;19476
51;9;17000;16999;
51;9;17533;17522;17532
51;9;27366;;20357
51;9;23533;23534;
51;9;28568;28567;
51;9;19573;;19574
51;9;21064;21063;21065
51;9;27153;;27154
51;9;23975;;23976
51;9;36284;29795;29797
51;9;20065;20064;
51;9;25486;;21660
51;9;29374;;29375
51;9;28658;;28659
51;9;36151;36150;
51;9;22106;22105;22107
51;9;25279;11817;11819
51;9;16952;16951;16970
51;9;31510;31509;31511
51;9;10490;10616;10488
51;9;23159;;23160
51;9;23628;23627;
51;9;12656;;10251
51;9;20132;20131;20133
51;9;19508;19507;25500
51;9;19521;;19522
51;9;23592;11438;25878
51;9;28810;;28811
51;9;32767;32766;
51;9;10422;;10145
51;9;28362;;28363
51;9;10441;11136;11181
51;9;36037;;36038
51;9;31882;31881;
51;9;30143;30142;30145
51;9;20163;20162;20164
51;9;28208;;28209
51;9;10366;10367;10365
51;9;20746;25487;20747
51;9;20910;20909;
51;9;24545;12111;12108
51;9;26943;;26944
51;9;28081;;28082
51;9;22346;;22347
51;9;22110;;22111
51;9;22439;;22440
51;9;30780;30779;
51;9;26978;26977;26979
51;9;23993;23992;
51;9;24608;24607;24669
51;9;35488;35487;
51;9;30882;30881;30883
51;9;19452;19451;
51;9;20782;20781;
51;9;27756;21085;27757
51;9;21877;;21878
51;9;11467;19201;19202
51;9;32132;;32133
51;9;35236;35235;
51;9;32665;32664;
51;9;11731;11730;22265
51;9;14881;;26878
51;9;16630;;16631
51;9;14900;14899;11772
51;9;35219;;35220
51;9;10109;10370;
51;9;32741;32740;32742
51;9;12534;23010;23102
51;9;12936;12935;12937
51;9;25792;19928;19929
51;9;12335;11720;10399
51;9;20030;20029;20031
51;9;19954;;19955
51;9;11779;10815;36405
51;9;36181;36180;
51;9;12518;11508;22554
51;9;25047;25046;25048
51;9;30124;;30125
51;9;17318;;17317
51;9;22437;22436;22438
51;9;35891;;35892
51;9;31200;31199;31201
51;9;31428;31427;
51;9;27254;19990;19991
51;9;22906;22905;22907
51;9;23396;23394;23395
51;9;28825;28824;
51;9;21275;12688;26453
51;9;19865;;19866
51;9;36107;;36312
51;9;22651;22650;22325
51;9;29445;;29446
51;9;25143;25142;
51;9;19587;19586;19588
51;9;35353;;35354
51;9;19307;;19308
51;9;21809;21808;
51;9;24723;24722;
51;9;30046;30045;
51;9;28552;;28553
51;9;11226;10669;10667
51;9;22583;25514;22584
51;9;12253;11979;24003
51;9;14927;14928;
51;9;11471;;11856
51;9;16793;16792;16794
51;9;26587;;26588
51;9;23816;;23817
51;9;12281;12280;
51;9;12849;24884;
51;9;22619;;22620
51;9;35497;35496;
51;9;25267;25266;
51;9;27871;;27872
51;9;11420;24313;24314
51;9;30976;30975;
51;9;23405;23404;23406
51;9;10887;25262;12384
51;9;24167;24166;
51;9;27418;27416;27417
51;9;28555;;28556
51;9;26357;11223;10511
51;9;19189;12771;19190
51;9;20509;20508;
51;9;31912;;31913
51;9;27319;27163;27164
51;9;35992;35991;
51;9;16546;16545;16547
51;9;25412;19878;
51;9;25895;;25896
51;9;24409;24408;24410
51;9;30163;30162;
51;9;29257;;29258
51;9;29035;29034;
51;9;12215;11997;
51;9;25532;;25544
51;9;22132;22131;22133
51;9;21645;21644;
51;9;30244;36306;30245
51;9;29381;;29382
51;9;29861;29860;29862
51;9;24270;24269;
51;9;35547;35546;35548
51;9;28111;;36336
51;9;26681;21990;
51;9;22960;22959;22961
51;9;30863;;30864
51;9;12167;22189;12168
51;9;28747;;28748
51;9;12916;11635;
51;9;17082;17081;17083
51;9;22942;22941;22943
51;9;16600;;16601
51;9;27465;11309;27466
51;9;11726;11724;11335
51;9;24030;24029;
51;9;27713;26589;11876
51;9;11552;11505;11547
51;9;36231;36162;
51;9;28558;;28559
51;9;29949;;29950
51;9;30870;30869;
51;9;10149;24696;24697
51;9;31796;31795;31798
51;9;21622;21621;
51;9;19855;19854;19856
51;9;20495;20494;20496
51;9;23624;;23623
51;9;32078;32077;32079
51;9;25409;19832;25410
51;9;31775;;31776
51;9;25303;11571;11568
51;9;24533;24532;
51;9;24641;24640;24642
51;9;24815;24814;24816
51;9;24527;24526;
51;9;28262;;28263
51;9;24633;;24634
51;9;20880;20879;20881
51;9;20838;;25176
51;9;23554;23553;23555
51;9;22311;22310;
51;9;11345;11339;
51;9;23279;23278;
51;9;22853;;22854
51;9;24084;24083;
51;9;20004;20003;
51;9;35714;;35715
51;9;30872;;30873
51;9;27715;;36372
51;9;28668;28667;
51;9;31315;31314;31316
51;9;10729;26566;
51;9;35586;;35587
51;9;32512;32511;
51;9;20987;20986;11676
51;9;25774;25773;
51;9;29101;;29102
51;9;17065;17064;17066
51;9;29245;29244;29246
51;9;23127;10548;12327
51;9;36250;;36251
51;9;19605;19604;19606
51;9;26842;26841;
51;9;25351;10111;27610
51;9;31637;31636;31638
51;9;10626;10625;10627
51;9;25840;25839;
51;9;23476;23475;23477
51;9;19182;19181;19183
51;9;22987;22986;22988
51;9;12869;12868;12870
51;9;25164;;25165
51;9;32424;32423;
51;9;30081;;30082
51;9;22482;22481;
51;9;24284;24283;24285
51;9;32591;32590;
51;9;25269;23478;
51;9;26574;;21599
51;9;20492;20491;
51;9;24865;24864;24866
51;9;22168;22167;
51;9;24468;;24469
51;9;17382;17381;
51;9;24846;24848;24847
51;9;28217;28216;
51;9;22536;22535;
51;9;30660;;30661
51;9;35568;35567;
51;9;20654;;20655
51;9;20606;20605;20608
51;9;28502;28501;28503
51;9;22366;22365;11561
51;9;32185;32184;
51;9;21045;27652;10351
51;9;24229;24228;24230
51;9;35506;35505;35507
51;9;30385;30384;30386
51;9;12943;11276;12944
51;9;11652;11450;22647
51;9;22216;;22217
51;9;31012;31011;
51;9;19636;25430;14852
51;9;27807;36401;27808
51;9;30612;;30613
51;9;36057;36056;36311
51;9;23709;23708;
51;9;16653;16652;16654
51;9;28106;;28107
51;9;35887;;35888
51;9;24483;;24484
51;9;23785;23784;23802
51;9;23427;25623;
51;9;25775;20104;20105
51;9;23917;12313;10640
51;9;22065;;22066
51;9;31746;;31747
51;9;29607;29606;
51;9;19450;19449;19451
51;9;22340;25523;22341
51;9;20614;20613;20615
51;9;12812;20538;12813
51;9;20689;20688;
51;9;31747;31746;
51;9;24345;24344;
51;9;23063;23062;25872
51;9;30853;;30854
51;9;17336;17335;
51;9;16677;;16678
51;9;20034;;20035
51;9;11291;12166;20770
51;9;29304;29303;29305
51;9;25094;25093;
51;9;23417;;23418
51;9;27114;;17504
51;9;29642;;29643
51;9;20138;20137;
51;9;28802;28801;
51;9;17559;17269;17270
51;9;12483;27354;20193
51;9;25491;25490;25492
51;9;17459;19163;17460
51;9;31096;31095;
51;9;30630;;30631
51;9;22723;11702;10698
51;9;22540;22539;22541
51;9;10378;36414;11123
51;9;32279;;32280
51;9;25175;10205;11564
51;9;17464;16346;11487
51;9;25415;25413;
51;9;25287;25876;11160
51;9;31895;;31896
51;9;22980;22979;
51;9;24175;24174;24176
51;9;24702;24701;24703
51;9;16550;16549;16551
51;9;22427;22426;22428
51;9;21635;12278;10731
51;9;20955;20954;20956
51;9;12159;;23357
51;9;20393;20392;20394
51;9;30688;30687;
51;9;25833;25832;25834
51;9;21480;21481;21479
51;9;24449;24448;
51;9;27187;27186;27188
51;9;16834;16833;
51;9;28679;;28680
51;9;32676;32675;32677
51;9;24178;24177;
51;9;22578;22577;
51;9;17597;17596;
51;9;35853;;35854
51;9;25448;20168;25776
51;9;23937;23936;
51;9;25032;;25033
51;9;16354;16353;12524
51;9;12145;;16387
51;9;12308;23910;36412
51;9;20379;20378;
51;9;35393;;35394
51;9;11530;23997;12329
51;9;31861;;31862
51;9;32167;32166;
51;9;12052;14832;14833
51;9;22396;22395;22397
51;9;23480;23479;11462
51;9;23156;23155;
51;9;26372;27436;26554
51;9;27436;27614;26372
51;9;28644;28642;
51;9;11521;27691;24102
51;9;36120;;36121
51;9;29738;29737;
51;9;32115;;32116
51;9;12040;26894;
51;9;21915;21914;
51;9;20541;20540;20542
51;9;10471;26349;10154
51;9;20915;27294;
51;9;25173;;25174
51;9;21092;21093;
51;9;26755;;26756
51;9;29508;29507;
51;9;20306;;20307
51;9;20279;25747;20280
51;9;23124;23123;
51;9;19533;19532;
51;9;28597;28596;28598
51;9;28283;28282;
51;9;32269;32268;
51;9;20157;;20158
51;9;12801;19638;25363
51;9;23095;23094;25525
51;9;19637;12799;19638
51;9;29634;29633;29635
51;9;32386;;32387
51;9;19967;25438;26722
51;9;26966;26965;26967
51;9;27305;27304;
51;9;25745;20554;25744
51;9;11425;25891;25892
51;9;16464;16463;16465
51;9;22054;;22055
51;9;20199;20198;20200
51;9;27330;27329;27331
51;9;24813;;24814
51;9;21408;26747;26748
51;9;11154;14857;14858
51;9;29580;29579;
51;9;11855;11854;
51;9;30698;30697;
51;9;32656;32655;
51;9;24734;;24735
51;9;23450;23449;
51;9;10584;10583;10585
51;9;24398;11832;12107
51;9;17538;17442;17443
51;9;11128;10391;10389
51;9;36315;35914;36316
51;9;29212;29211;
51;9;31620;31619;
51;9;30031;;30032
51;9;23076;23075;25560
51;9;26534;26533;26535
51;9;24763;24762;
51;9;10322;10324;
51;9;28246;28245;
51;9;24346;;24347
51;9;24074;;24075
51;9;17395;17394;
51;9;23131;;23132
51;9;35390;;35391
51;9;28112;36336;
51;9;29800;29799;
51;9;28295;;28296
51;9;17328;;17329
51;9;19900;19899;19901
51;9;27214;27213;27215
51;9;16911;;16912
51;9;35254;;35255
51;9;14873;14872;
51;9;29298;29297;29299
51;9;32084;32083;
51;9;19536;;19537
51;9;23060;23059;23061
51;9;23345;23344;
51;9;16965;17489;
51;9;32082;;32083
51;9;10738;27179;10838
51;9;26340;26348;27450
51;9;26995;16972;
51;9;20211;20210;20212
51;9;24053;24052;
51;9;21566;26569;21567
51;9;23739;;23740
51;9;12867;12866;12868
51;9;36457;27497;27498
51;9;11800;23585;23586
51;9;11191;11192;11190
51;9;20804;11369;11370
51;9;23365;;23366
51;9;22489;22488;
51;9;32227;;32228
51;9;12075;22412;25290
51;9;30302;30301;30303
51;9;11752;11753;19742
51;9;23566;23565;23567
51;9;32225;32224;
51;9;29618;29617;
51;9;17549;17548;17550
51;9;21662;21661;
51;9;20578;20577;
51;9;27754;27593;
51;9;35991;;35992
51;9;22800;22801;
51;9;17014;17013;
51;9;26408;;26409
51;9;12820;27554;14908
51;9;28256;28255;28257
51;9;30070;30069;
51;9;29185;29184;29186
51;9;27695;27694;10287
51;9;35962;;35963
51;9;24013;24012;
51;9;30263;;30264
51;9;21545;21544;21546
51;9;27764;27763;27765
51;9;36311;36057;
51;9;27241;27240;
51;9;19473;19472;19474
51;9;27239;27238;27240
51;9;31494;31493;31495
51;9;17505;17504;17553
51;9;27562;27561;27563
51;9;30275;30274;
51;9;25621;25573;25675
51;9;20055;;20056
51;9;17545;17216;
51;9;26330;10151;10858
51;9;12003;23358;
51;9;21461;11601;11599
51;9;27685;10410;12323
51;9;21966;21965;21967
51;9;26591;;21715
51;9;20417;20416;20418
51;9;16485;17602;
51;9;32360;;32362
51;9;21042;21041;
51;9;17144;17143;
51;9;25130;25129;
51;9;30899;;30900
51;9;26516;26517;26515
51;9;35465;35464;
51;9;16378;16377;11782
51;9;27749;27748;27750
51;9;19623;;19624
51;9;14817;14816;14818
51;9;30521;30520;
51;9;10696;10695;26893
51;9;17407;;17408
51;9;23666;23665;23667
51;9;32348;32347;32349
51;9;11463;;25795
51;9;10692;11789;16371
51;9;23351;23350;23352
51;9;27712;27565;27619
51;9;12732;12731;12733
51;9;25489;20400;20401
51;9;16683;16682;
51;9;31829;31828;
51;9;29308;;29309
51;9;22513;22512;22514
51;9;21131;;21132
51;9;19258;19257;
51;9;17158;17157;
51;9;25611;25529;
51;9;26470;26469;
51;9;20913;20912;20914
51;9;28921;28920;
51;9;24426;24425;
51;9;35811;;35812
51;9;28987;28986;28988
51;9;23998;11524;24000
51;9;20662;20661;20663
51;9;12966;22717;
51;9;26334;10298;10300
51;9;20660;;20661
51;9;27320;10498;10500
51;9;29183;29182;29184
51;9;27276;27277;27275
51;9;22749;;22750
51;9;16975;16974;
51;9;24654;24653;24655
51;9;25315;;25940
51;9;22425;22424;22426
51;9;31204;;31205
51;9;26991;26990;
51;9;27384;11171;10083
51;9;36439;36438;36440
51;9;29143;29142;
51;9;26835;21549;
51;9;14869;;14870
51;9;21849;21848;11908
51;9;25022;25021;25023
51;9;25811;25810;
51;9;30961;30960;
51;9;27835;;27836
51;9;17585;11760;11757
51;9;32482;32481;32483
51;9;20204;20203;26713
51;9;16412;11901;12525
51;9;23647;23646;23648
51;9;36076;36075;
51;9;28422;;28423
51;9;28470;;28471
51;9;20979;20978;20980
51;9;26768;26767;
51;9;25070;;25071
51;9;25024;;25025
51;9;16498;;16497
51;9;35461;;35462
51;9;28717;28716;28718
51;9;21614;11354;
51;9;25398;19346;19347
51;9;31034;31033;31035
51;9;19866;19865;
51;9;12275;26016;26606
51;9;21837;11240;21832
51;9;27883;27882;27884
51;9;27091;27090;12356
51;9;29364;29363;
51;9;36340;36339;36341
51;9;20128;20127;
51;9;21438;12721;21439
51;9;23926;27092;11449
51;9;11364;20512;20513
51;9;24321;24320;27089
51;9;24173;24172;
51;9;10198;10010;10204
51;9;27308;26341;26342
51;9;20850;;20851
51;9;22911;;22912
51;9;22625;;22626
51;9;21935;;25845
51;9;27301;27298;27299
51;9;27736;36466;27737
51;9;30797;30796;30798
51;9;22708;;22709
51;9;19691;19690;
51;9;16983;16982;
51;9;35608;35607;
51;9;24087;24086;24088
51;9;19531;;19532
51;9;10668;36409;
51;9;24983;;24985
51;9;29023;29022;29024
51;9;19294;19293;
51;9;24080;;24081
51;9;29309;29308;
51;9;36355;;11689
51;9;28194;;28195
51;9;27655;20959;20960
51;9;16755;;16756
51;9;22997;22996;
51;9;23800;23799;23801
51;9;16939;;20198
51;9;31520;;31521
51;9;16733;16732;16734
51;9;27823;20120;25364
51;9;32101;32100;
51;9;26971;;26972
51;9;21152;21151;
51;9;23237;;23238
51;9;23416;23415;
51;9;29047;;29048
51;9;35195;;35196
51;9;31282;31281;
51;9;29848;29847;
51;9;25058;12258;25035
51;9;12280;26021;12281
51;9;10621;10795;10623
51;9;17296;17295;17297
51;9;26029;26028;
51;9;32119;;32120
51;9;10606;14859;14860
51;9;23285;11588;11587
51;9;28619;28618;
51;9;20465;20464;20466
51;9;26863;26862;
51;9;16351;11933;25686
51;9;22355;22354;
51;9;24541;24540;
51;9;26454;26455;21181
51;9;21468;21467;11320
51;9;23006;23005;
51;9;25444;20424;20426
51;9;27097;27096;27098
51;9;24665;24660;24661
51;9;23491;;26909
51;9;21534;;26798
51;9;19938;19937;
51;9;11945;23778;23777
51;9;22118;22294;
51;9;35439;35438;35440
51;9;25771;20220;20221
51;9;24277;24276;24278
51;9;20885;;20886
51;9;31273;31272;31274
51;9;26764;21424;
51;9;30762;30761;30763
51;9;32476;32475;
51;9;23903;23902;
51;9;25569;23759;23760
51;9;32022;32021;
51;9;25345;19212;25807
51;9;17523;17560;16940
51;9;26732;26731;
51;9;24058;24057;
51;9;36030;;36031
51;9;17306;17305;
51;9;19534;;19535
51;9;19819;;19820
51;9;16671;16670;
51;9;35139;;35140
51;9;19262;;19263
51;9;31404;31403;
51;9;10012;27538;27539
51;9;35916;;35917
51;9;26323;25453;10253
51;9;22848;22847;25515
51;9;23671;23670;23672
51;9;23387;23386;23388
51;9;35291;35290;
51;9;29126;29125;29127
51;9;11350;26583;36500
51;9;30228;;30229
51;9;20975;20974;20976
51;9;24042;24041;24043
51;9;12705;12704;21293
51;9;12209;12493;12000
51;9;35206;35205;35256
51;9;30011;30010;
51;9;10095;10518;10519
51;9;32335;32334;32336
51;9;22799;22798;22801
51;9;22869;22868;
51;9;21031;10351;21032
51;9;23295;11285;12006
51;9;29675;29674;29676
51;9;25924;27167;10505
51;9;20812;;20813
51;9;35960;35959;
51;9;24730;;25734
51;9;25120;;25121
51;9;23139;23137;23138
51;9;21026;21025;21027
51;9;29414;29413;29415
51;9;31007;;31008
51;9;27005;;27006
51;9;19460;19459;
51;9;16666;16665;16667
51;9;21254;21253;
51;9;25113;25112;25114
51;9;17032;17030;17031
51;9;25018;25016;25017
51;9;22498;;22499
51;9;30999;30998;
51;9;22422;22421;22423
51;9;23038;;23040
51;9;30057;;30058
51;9;30337;30336;30338
51;9;22419;22418;22420
51;9;23807;23806;
51;9;29679;;29680
51;9;21327;21328;
51;9;25559;22635;
51;9;20369;25794;
51;9;16336;11897;11898
51;9;11390;27365;12481
51;9;10704;10703;25371
51;9;26038;19870;
51;9;16681;16680;16682
51;9;25809;25385;25810
51;9;35832;;35833
51;9;12362;19737;12017
51;9;23213;11792;17576
51;9;20448;;20449
51;9;23510;23509;23511
51;9;29124;29123;29125
51;9;25291;11745;25292
51;9;21364;21363;10279
51;9;19477;19476;19478
51;9;25727;25726;25728
51;9;24737;24736;
51;9;29195;29194;
51;9;35824;35823;
51;9;19244;19243;19245
51;9;25724;25704;25725
51;9;28867;28866;
51;9;23786;23802;23787
51;9;23981;;23982
51;9;20840;25176;
51;9;31326;;31327
51;9;23690;23689;
51;9;22794;22793;
51;9;20687;20686;20688
51;9;20948;;20949
51;9;27949;27948;
51;9;28894;;28895
51;9;30009;30008;30010
51;9;35161;35160;
51;9;28308;;28309
51;9;22760;22759;
51;9;10640;23917;11423
51;9;22617;22616;22618
51;9;29673;29672;29674
51;9;26011;21666;21667
51;9;36328;35442;35443
51;9;26609;;26610
51;9;35421;;35422
51;9;23792;23791;
51;9;19713;19712;27555
51;9;12256;24876;24877
51;9;25872;23063;
51;9;24711;;24712
51;9;27475;;27476
51;9;12326;12127;10664
51;9;25991;21850;21971
51;9;22142;22141;
51;9;25868;11363;11395
51;9;22390;22389;25950
51;9;27650;11971;11970
51;9;31106;;31107
51;9;11286;25692;21196
51;9;21411;26733;21412
51;9;24064;24063;
51;9;25045;25044;
51;9;10128;10678;27641
51;9;22246;;22247
51;9;20631;25450;20632
51;9;23145;23144;23146
51;9;29485;;29486
51;9;10660;10661;10658
51;9;28738;28737;28739
51;9;22645;;22646
51;9;21757;21755;
51;9;11109;27539;10217
51;9;35947;35946;35948
51;9;31605;31604;
51;9;23650;23649;23651
51;9;29142;;29143
51;9;20251;20252;
51;9;24499;;24500
51;9;25802;12746;25803
51;9;35754;35753;35755
51;9;31593;31592;
51;9;20008;;20009
51;9;17183;17182;
51;9;20341;;20342
51;9;19305;19306;
51;9;22238;22237;
51;9;26375;27438;10353
51;9;30313;30312;30314
51;9;16583;16582;
51;9;16777;16776;
51;9;36333;36332;
51;9;17021;17020;
51;9;31587;;31588
51;9;26338;10463;36464
51;9;10194;27519;
51;9;31585;31584;
51;9;30435;30434;
51;9;35477;36327;35478
51;9;30325;;30326
51;9;35969;35968;35970
51;9;32485;;32486
51;9;19485;19484;
51;9;22293;22292;22294
51;9;12217;24395;25273
51;9;14937;10060;10146
51;9;35362;35361;
51;9;20276;20275;
51;9;23149;23148;
51;9;31327;31326;31328
51;9;31876;;31877
51;9;19982;;19983
51;9;24764;;25732
51;9;22145;;22146
51;9;24460;24459;
51;9;25756;12805;12806
51;9;20339;;20340
51;9;30278;30277;
51;9;31146;31145;
51;9;22968;22967;
51;9;28471;28470;
51;9;17252;;17253
51;9;22816;;22817
51;9;36135;;36136
51;9;30441;30440;
51;9;28828;28827;
51;9;24621;24620;
51;9;19769;19768;19770
51;9;29947;29946;
51;9;31470;;31471
51;9;29649;29648;
51;9;20238;20296;
51;9;21559;21558;21560
51;9;22072;;22073
51;9;25049;25048;
51;9;10057;10304;26353
51;9;21373;12226;12223
51;9;20374;25787;20375
51;9;23260;23259;23261
51;9;17439;17440;17438
51;9;19429;19428;19430
51;9;26783;;26784
51;9;19518;;19519
51;9;35792;;35793
51;9;11493;11490;11494
51;9;35494;35493;
51;9;36310;30401;30402
51;9;21119;;21120
51;9;20732;11383;20733
51;9;35734;35733;
51;9;20696;11313;20697
51;9;30166;30165;
51;9;31082;;31083
51;9;26791;21533;
51;9;11756;14888;27547
51;9;35816;35637;
51;9;12536;22892;22893
51;9;30190;30189;
51;9;24656;12114;25276
51;9;20200;20199;17560
51;9;35536;;35537
51;9;17175;17174;
51;9;30378;30375;30379
51;9;30268;30267;30269
51;9;27975;27974;
51;9;29472;29471;
51;9;27145;27144;27146
51;9;20611;20610;20612
51;9;23256;23255;
51;9;24494;24493;
51;9;16954;26956;16955
51;9;20929;20928;20930
51;9;25110;25109;25111
51;9;12148;14894;14895
51;9;16612;17567;
51;9;20182;20181;
51;9;24585;24584;
51;9;20874;20873;
51;9;28364;28363;28365
51;9;27543;10693;27544
51;9;30592;30591;
51;9;31051;31050;
51;9;28817;28816;28818
51;9;21902;21901;21903
51;9;19418;19417;19419
51;9;26369;10315;10316
51;9;31232;31231;
51;9;10893;;10892
51;9;21882;21881;
51;9;24595;24592;24596
51;9;20944;20943;20945
51;9;11618;22368;22369
51;9;26493;26492;26494
51;9;23969;23968;
51;9;35509;;35510
51;9;19180;12777;12778
51;9;28824;;28825
51;9;36401;36402;27807
51;9;10836;26563;10308
51;9;36236;31530;31533
51;9;12923;11719;11332
51;9;35296;;35297
51;9;17173;17172;
51;9;36465;27735;36466
51;9;31070;31069;
51;9;26853;26852;
51;9;25427;12907;19646
51;9;29643;29642;
51;9;23828;12297;27692
51;9;29071;;29072
51;9;29058;;29059
51;9;12192;11847;11846
51;9;25729;22549;
51;9;10557;10555;27349
51;9;29613;29612;29614
51;9;35695;35694;
51;9;17207;17206;
51;9;29175;36271;29176
51;9;29728;29727;
51;9;31677;31676;36262
51;9;27315;;27324
51;9;35822;35821;35823
51;9;17165;;17166
51;9;25778;;25779
51;9;16408;36368;16409
51;9;24077;;24078
51;9;23208;23207;23209
51;9;23567;23566;
51;9;24574;;25707
51;9;24114;24113;24115
51;9;27725;27724;27726
51;9;29306;29305;
51;9;10433;22369;11558
51;9;17035;17034;17036
51;9;24133;24072;24134
51;9;16883;;16884
51;9;31760;31759;
51;9;36090;;36091
51;9;31821;31820;31822
51;9;30784;30783;30786
51;9;26624;;26625
51;9;22178;25837;
51;9;10294;26333;10296
51;9;28712;28711;36288
51;9;21490;21489;21491
51;9;20681;20680;20682
51;9;20360;20359;
51;9;27541;10221;10015
51;9;28014;;28015
51;9;36308;32068;32069
51;9;12499;;11278
51;9;22680;;22681
51;9;21447;21446;21448
51;9;26647;21957;
51;9;22187;;22188
51;9;20246;;20247
51;9;11325;21798;12042
51;9;25882;25881;25883
51;9;11736;25827;22483
51;9;11764;11765;36384
51;9;25823;26913;
51;9;22887;11567;25256
51;9;31111;31110;
51;9;12667;14932;10744
51;9;16814;16813;16815
51;9;32458;36294;
51;9;31958;31957;31959
51;9;29534;;29535
51;9;23347;23346;23348
51;9;17181;;17182
51;9;21164;26039;
51;9;20659;20658;
51;9;35727;;35728
51;9;19467;19466;
51;9;36193;36192;
51;9;16909;16908;16910
51;9;16957;;17540
51;9;21653;21652;11363
51;9;20063;20062;
51;9;24146;;24147
51;9;24862;24861;
51;9;22479;;22480
51;9;31176;;31177
51;9;31786;31785;
51;9;10234;20741;11711
51;9;16905;16904;
51;9;19324;19323;25919
51;9;12662;25360;
51;9;25411;19838;
51;9;10682;11155;27616
51;9;28937;28936;
51;9;24156;24155;
51;9;11942;11694;11690
51;9;20381;20380;20382
51;9;35959;;35960
51;9;27875;;27876
51;9;10653;17453;10652
51;9;29851;29850;
51;9;19154;21943;19153
51;9;31293;31292;31294
51;9;21710;12285;21711
51;9;22062;22061;
51;9;16884;16883;
51;9;30954;30953;
51;9;27561;10591;27562
51;9;17101;17100;
51;9;29623;;29624
51;9;27522;27521;27523
51;9;23970;;23971
51;9;22347;22346;22348
51;9;17042;;17043
51;9;19991;27254;19992
51;9;35326;35325;35327
51;9;25071;25070;
51;9;24802;24801;24803
51;9;24486;;24487
51;9;32103;;32104
51;9;26661;;26662
51;9;26411;;26412
51;9;35634;35633;
51;9;24696;11954;10149
51;9;22547;;22548
51;9;16491;16492;17480
51;9;31026;;31027
51;9;27732;27767;27724
51;9;27102;;17582
51;9;27429;27428;
51;9;24852;24851;24853
51;9;11730;17467;11731
51;9;20827;20826;20828
51;9;27610;25351;10850
51;9;20221;25771;
51;9;11636;25469;25470
51;9;32552;32551;
51;9;26643;;26646
51;9;22663;22662;11553
51;9;27711;11233;11221
51;9;22353;;22354
51;9;20125;20124;
51;9;19547;;19548
51;9;17540;16957;16958
51;9;31513;;31514
51;9;30949;30948;30950
51;9;36374;11131;10394
51;9;32736;;32737
51;9;11460;10510;
51;9;22673;22672;22674
51;9;35361;;35362
51;9;28237;28236;
51;9;36071;;36072
51;9;16783;16782;16784
51;9;22480;22479;
51;9;28695;28694;
51;9;30622;30621;
51;9;25742;20206;20207
51;9;12279;12264;26021
51;9;12147;;16419
51;9;11142;10496;27317
51;9;12730;12729;
51;9;20067;20066;
51;9;12214;23379;23380
51;9;23848;23847;23849
51;9;32418;32417;
51;9;25063;25062;
51;9;25631;36356;
51;9;17486;10651;
51;9;16610;16609;17567
51;9;21021;27574;21022
51;9;27952;27951;27953
51;9;11672;11673;23370
51;9;12018;12198;
51;9;10757;10758;10817
51;9;20758;20757;
51;9;10445;27310;11136
51;9;32769;;32770
51;9;22036;22035;11938
51;9;17493;16936;16937
51;9;17104;17105;
51;9;23794;23793;
51;9;27748;27747;27749
51;9;27353;10455;11220
51;9;36460;36459;10481
51;9;20942;20941;20943
51;9;16825;16824;
51;9;16463;16462;16464
51;9;32572;32571;32573
51;9;24828;24827;24829
51;9;12819;;19745
51;9;25660;25659;25661
51;9;22947;22946;
51;9;27625;;27626
51;9;30075;;30076
51;9;29241;29240;29242
51;9;31634;31633;
51;9;35871;;35872
51;9;24171;24170;
51;9;35999;35998;36000
51;9;22548;22547;22549
51;9;32582;;32583
51;9;16947;;16948
51;9;20557;20556;20558
51;9;31643;;31644
51;9;12529;22556;22557
51;9;17227;;17476
51;9;24586;;24587
51;9;16342;17495;11903
51;9;36174;;36175
51;9;11510;12071;12651
51;9;32426;;32427
51;9;10752;12213;10520
51;9;20937;;20938
51;9;23929;23928;23930
51;9;11635;27707;12916
51;9;12688;21274;21275
51;9;21752;21751;21753
51;9;30434;;30435
51;9;31229;31228;
51;9;11896;10203;
51;9;32141;;32142
51;9;12441;20526;25375
51;9;27520;24609;27521
51;9;20389;;20390
51;9;24071;;24072
51;9;16889;16888;26960
51;9;27913;;27914
51;9;27120;11920;10746
51;9;19840;;19841
51;9;21765;;21766
51;9;22979;;22980
51;9;28521;;28522
51;9;22762;22761;
51;9;19989;19988;19990
51;9;23169;23168;
51;9;27670;27669;27671
51;9;27894;27893;
51;9;32260;;32261
51;9;22701;22700;
51;9;26510;26509;
51;9;21301;;21302
51;9;21628;12872;12873
51;9;29022;29021;29023
51;9;26519;26521;26522
51;9;35601;;35602
51;9;28801;28800;28802
51;9;24037;24036;24038
51;9;19269;19268;
51;9;35862;35861;
51;9;28639;;28656
51;9;10451;12190;
51;9;26651;21969;21792
51;9;26015;21731;11394
51;9;30667;30666;30668
51;9;12208;;12211
51;9;30316;;30317
51;9;26317;10718;11229
51;9;24725;24724;24726
51;9;35879;35878;
51;9;16480;16479;16423
51;9;20986;20985;20987
51;9;30421;36232;
51;9;27444;27443;27612
51;9;30701;30700;30702
51;9;24260;24259;
51;9;19444;25492;
51;9;25487;20745;20746
51;9;23058;23057;25563
51;9;32007;32006;
51;9;22828;;22829
51;9;19281;19280;
51;9;20991;20990;20992
51;9;28858;;28859
51;9;31010;;31011
51;9;27524;10611;11427
51;9;24274;24273;24275
51;9;22165;22164;22166
51;9;21083;21082;21084
51;9;29543;29542;
51;9;30322;36313;30323
51;9;22866;;22867
51;9;19454;19453;
51;9;16405;12132;25360
51;9;28736;28735;28737
51;9;17374;17373;
51;9;21926;21925;21927
51;9;23329;23328;23330
51;9;26553;26320;10465
51;9;24462;24461;
51;9;26663;26662;
51;9;23665;;23666
51;9;28506;;28507
51;9;10528;10527;10102
51;9;31693;;31694
51;9;28151;28150;
51;9;17344;17343;17345
51;9;28728;28727;
51;9;12442;12415;10556
51;9;11846;12192;10513
51;9;10515;10514;25923
51;9;23699;25259;25706
51;9;20303;20302;
51;9;12521;12650;12523
51;9;31716;31715;31717
51;9;14838;25428;25361
51;9;35683;35682;
51;9;16385;16384;17470
51;9;24746;24745;
51;9;22817;22816;22818
51;9;11450;11453;11652
51;9;35299;;35300
51;9;10337;10339;26376
51;9;29918;29917;29919
51;9;20630;20629;25450
51;9;16434;16433;19814
51;9;21998;21997;21999
51;9;19990;19989;27254
51;9;19156;;21780
51;9;10355;10357;27437
51;9;22086;22085;22087
51;9;27377;27375;
51;9;16914;16915;17591
51;9;21928;21927;
51;9;20489;20488;20490
51;9;22253;22252;22254
51;9;22211;22210;22212
51;9;28260;28259;
51;9;29215;29214;29216
51;9;31622;;31623
51;9;24295;;24296
51;9;17098;17097;17099
51;9;25773;;25774
51;9;23343;23342;
51;9;17243;;17244
51;9;17116;;17115
51;9;19773;19772;
51;9;26022;21625;21626
51;9;14867;;14868
51;9;12885;;12886
51;9;28789;28788;28790
51;9;30765;;30766
51;9;20719;20717;12391
51;9;31079;;31080
51;9;21281;21280;21282
51;9;19433;19432;
51;9;10777;10127;
51;9;19163;10243;17459
51;9;29326;29325;29327
51;9;32310;;32311
51;9;20713;11860;11861
51;9;26886;12675;
51;9;30565;;30566
51;9;23644;;23645
51;9;11214;10306;10323
51;9;27434;10261;26325
51;9;20537;25355;11476
51;9;10205;10182;25175
51;9;19285;19284;19286
51;9;25681;25680;25682
51;9;10624;10623;10625
51;9;23679;;23680
51;9;27230;;27231
51;9;25339;26430;12695
51;9;28360;28359;
51;9;11131;36373;36374
51;9;28444;28443;
51;9;36327;;35477
51;9;28206;28205;
51;9;28231;;28232
51;9;22977;22976;22978
51;9;26905;25009;
51;9;29482;29480;29483
51;9;22139;;22140
51;9;25788;20240;
51;9;23337;;25978
51;9;30051;;30052
51;9;24519;24668;
51;9;24373;24372;24374
51;9;21054;;21055
51;9;29489;29488;
51;9;28359;;28360
51;9;20286;25752;20287
51;9;16620;16619;
51;9;12152;14897;10651
51;9;27635;12265;21732
51;9;25709;20429;20431
51;9;25488;20395;20396
51;9;22189;;12167
51;9;20370;;20371
51;9;20756;20755;20757
51;9;24845;;24848
51;9;21059;12035;12506
51;9;24253;24252;
51;9;21750;;21751
51;9;29151;;29152
51;9;11819;25279;24675
51;9;28735;28734;28736
51;9;19628;25494;27242
51;9;20925;;20924
51;9;12763;19194;
51;9;22996;22995;22997
51;9;29068;29067;29069
51;9;31066;;31067
51;9;30181;;30182
51;9;25878;23592;10860
51;9;17483;17134;
51;9;20164;20163;
51;9;10770;10082;10151
51;9;31965;31964;
51;9;12911;12910;
51;9;21711;21710;26590
51;9;16638;;16639
51;9;20044;20043;
51;9;21069;21068;21070
51;9;10315;10314;26369
51;9;10793;12202;12633
51;9;20785;;20786
51;9;17171;17170;
51;9;20911;;20912
51;9;20457;;20458
51;9;22519;22518;
51;9;25440;20452;
51;9;17115;17116;
51;9;19718;19717;25406
51;9;28570;;28571
51;9;36204;;36205
51;9;31116;;31118
51;9;10047;26328;10268
51;9;35927;;35928
51;9;21833;;21834
51;9;23215;25698;23216
51;9;24464;24463;
51;9;32303;32302;32304
51;9;10263;27400;26326
51;9;12399;22721;11621
51;9;16855;;16856
51;9;20664;;20665
51;9;21048;;21049
51;9;35789;35788;35790
51;9;30779;;30780
51;9;35620;35619;35621
51;9;36451;;36450
51;9;19475;19474;
51;9;26351;14935;11243
51;9;22923;;22924
51;9;21458;27568;21459
51;9;29157;;29158
51;9;12649;12370;
51;9;32711;;32712
51;9;19980;19979;19981
51;9;21140;;21141
51;9;22571;22570;
51;9;30926;30925;
51;9;12957;10889;12387
51;9;35779;;35780
51;9;26508;;26509
51;9;16763;16762;17494
51;9;20867;;20868
51;9;25526;;22935
51;9;21236;;26456
51;9;31394;31393;31395
51;9;31691;31690;
51;9;10297;11213;10298
51;9;16867;;16868
51;9;29095;29094;29096
51;9;23541;;23542
51;9;29708;;29709
51;9;36272;29397;
51;9;24738;;24739
51;9;26440;26439;
51;9;16416;16415;11914
51;9;21619;21618;21620
51;9;17539;17525;
51;9;32136;32135;
51;9;28201;28200;
51;9;16664;16663;
51;9;16478;;16479
51;9;21270;;21271
51;9;10661;10663;10660
51;9;35938;;35939
51;9;30776;30775;30777
51;9;16585;16584;16586
51;9;36329;35777;
51;9;26650;26649;
51;9;23676;23675;
51;9;24436;24435;
51;9;25335;19722;
51;9;31822;31821;
51;9;27455;27454;10522
51;9;23000;22999;23001
51;9;11988;24404;24609
51;9;16862;16861;16863
51;9;20258;;20259
51;9;12043;14828;14829
51;9;25106;;25107
51;9;21136;;21137
51;9;19360;;19361
51;9;29461;;29462
51;9;24220;;10642
51;9;14931;14882;
51;9;22013;26041;
51;9;17562;11783;17563
51;9;25664;25324;
51;9;12541;12540;
51;9;31378;;31379
51;9;31422;31421;
51;9;26998;26997;26999
51;9;19449;19448;19450
51;9;23806;23805;23807
51;9;29696;;29697
51;9;21878;21877;
51;9;24780;24779;24781
51;9;27747;27746;27748
51;9;11806;;12244
51;9;32043;32042;
51;9;35688;;35690
51;9;36299;30554;
51;9;25309;23703;23704
51;9;26841;;26842
51;9;30134;30133;
51;9;36305;30141;30142
51;9;29437;;29438
51;9;36237;31524;31527
51;9;19884;19883;
51;9;22961;22960;22962
51;9;22623;;22624
51;9;16890;;16891
51;9;25970;25967;25971
51;9;19668;19669;
51;9;20845;;20846
51;9;11745;23601;25291
51;9;22907;22906;22908
51;9;36410;23916;36411
51;9;14874;;14875
51;9;32712;32711;
51;9;27401;10107;27329
51;9;23633;;23634
51;9;16601;16600;16602
51;9;26883;21143;21144
51;9;24110;11444;27678
51;9;28181;;28182
51;9;27077;27076;27322
51;9;10582;10581;10583
51;9;16739;;16740
51;9;16541;16540;
51;9;24642;24641;11960
51;9;28265;;28266
51;9;29694;29693;
51;9;12671;;12672
51;9;20523;;20524
51;9;16557;17491;16558
51;9;28697;;28698
51;9;28564;;28565
51;9;16571;;16570
51;9;20888;;20889
51;9;19888;;27553
51;9;17246;17245;
51;9;23516;;25615
51;9;23461;;23462
51;9;30182;30181;
51;9;25603;;25604
51;9;36184;36183;
51;9;17503;17355;17524
51;9;24495;;24496
51;9;23463;12207;12206
51;9;12946;22033;11280
51;9;27178;27624;27179
51;9;24588;;24589
51;9;16466;;16467
51;9;10456;27449;26348
51;9;21238;21237;21239
51;9;20859;20858;
51;9;19653;19652;19654
51;9;17429;;17430
51;9;21572;21571;12027
51;9;29450;29449;
51;9;30471;30470;
51;9;11940;23750;11939
51;9;24488;;24489
51;9;17102;;17103
51;9;19759;19758;
51;9;16422;16421;16452
51;9;19174;19173;19175
51;9;11138;10462;11192
51;9;26484;;26485
51;9;35838;;35839
51;9;11877;;26578
51;9;32680;32679;
51;9;20252;;20251
51;9;29148;29147;29149
51;9;31553;;31554
51;9;31770;31769;
51;9;12262;24872;10418
51;9;26928;26926;26933
51;9;20626;20625;20627
51;9;10029;10247;10249
51;9;30226;30225;
51;9;21640;21639;
51;9;23704;25309;27701
51;9;20580;20579;
51;9;26385;26384;26386
51;9;24279;24278;24281
51;9;21599;26574;26571
51;9;20243;;20244
51;9;23920;23919;23921
51;9;25513;;25596
51;9;30261;30260;
51;9;35440;35439;
51;9;35186;;35187
51;9;28022;28021;
51;9;12163;20945;
51;9;20550;20549;20551
51;9;11373;12161;
51;9;19826;;19827
51;9;10349;10347;27653
51;9;27454;11144;27455
51;9;22970;22969;
51;9;32138;;32139
51;9;25004;25003;25005
51;9;19968;;19969
51;9;28876;28875;
51;9;11971;27649;27650
51;9;26518;12233;26517
51;9;22839;22838;22840
51;9;23424;23423;23425
51;9;20822;20821;20823
51;9;17485;17162;17163
51;9;25966;25746;
51;9;23303;12002;11665
51;9;22517;22516;22518
51;9;27017;27570;
51;9;16722;16721;16723
51;9;22514;22513;
51;9;36027;36026;36028
51;9;21285;12702;21286
51;9;28934;28933;
51;9;25598;23056;
51;9;24450;;24451
51;9;23024;23023;25534
51;9;12380;27544;27545
51;9;35844;;35845
51;9;30207;;30208
51;9;16482;;16483
51;9;31375;31374;31376
51;9;26936;26935;
51;9;16532;16531;17558
51;9;30756;36309;30757
51;9;27643;10688;10689
51;9;36175;36174;
51;9;31557;31556;
51;9;24342;;24343
51;9;26672;21995;21996
51;9;25753;;25754
51;9;20162;20161;20163
51;9;17235;;17236
51;9;27495;27494;11540
51;9;29432;29431;
51;9;31355;;31356
51;9;32555;32554;
51;9;21376;26425;21377
51;9;25477;25476;25529
51;9;17051;17050;17053
51;9;11112;11111;25454
51;9;12686;12685;21272
51;9;35764;35762;
51;9;35605;35604;
51;9;16566;16565;16567
51;9;31018;31017;
51;9;30613;30612;
51;9;12023;10482;12024
51;9;11248;10809;
51;9;12844;24681;
51;9;24607;24606;24608
51;9;22675;;22676
51;9;31724;31723;
51;9;22467;;22468
51;9;35427;;35428
51;9;12755;12753;12754
51;9;30578;;30579
51;9;31037;;31038
51;9;19734;12014;19735
51;9;11123;10378;10377
51;9;25283;24753;
51;9;25281;;24716
51;9;10539;10542;10538
51;9;24565;;24566
51;9;24584;;24585
51;9;19142;19158;20197
51;9;19507;19506;19508
51;9;27304;27303;27305
51;9;28221;28220;
51;9;26521;12230;26519
51;9;16551;16550;16552
51;9;19279;19278;
51;9;21587;21586;
51;9;29322;;29323
51;9;35419;35418;
51;9;29901;29900;
51;9;24592;;24595
51;9;28161;28160;28162
51;9;12828;12827;16454
51;9;23290;;25694
51;9;16704;16703;16705
51;9;23932;;23933
51;9;35259;35258;35260
51;9;28855;;28856
51;9;27138;;27139
51;9;23949;23948;
51;9;26031;;26032
51;9;21783;21782;
51;9;35178;35177;35179
51;9;22387;25530;25531
51;9;22541;22540;22542
51;9;30608;;30609
51;9;27932;27931;27933
51;9;31885;31884;
51;9;28970;;28971
51;9;16599;16598;11496
51;9;31540;31539;
51;9;21117;;21118
51;9;26753;26752;
51;9;17469;16828;16829
51;9;27815;12036;27817
51;9;28981;28980;28982
51;9;10436;11219;26341
51;9;30716;;30717
51;9;12508;21060;27298
51;9;28011;;28012
51;9;26745;26744;
51;9;35530;;35531
51;9;28148;28147;
51;9;27014;10447;10073
51;9;35400;35399;
51;9;11231;36485;10080
51;9;22791;;22792
51;9;23702;23701;23703
51;9;12500;25691;12368
51;9;21509;21508;26843
51;9;23344;;23345
51;9;20026;20025;
51;9;26319;10775;11196
51;9;26921;26917;
51;9;24825;24824;24826
51;9;17427;;17428
51;9;22162;;22163
51;9;32653;;32654
51;9;30963;;30964
51;9;32334;32333;32335
51;9;19697;;19698
51;9;19834;;19835
51;9;28370;28369;
51;9;17270;17559;17271
51;9;26542;21497;26541
51;9;27680;27679;27681
51;9;25965;;20269
51;9;29562;29561;
51;9;20466;20465;20467
51;9;31678;36262;31679
51;9;17139;17138;
51;9;30292;30291;30293
51;9;12746;19210;25802
51;9;20651;;20652
51;9;21984;;26682
51;9;11905;22716;11624
51;9;31236;31235;31237
51;9;23797;;23798
51;9;20348;20347;20349
51;9;19198;19197;11465
51;9;11897;27599;16336
51;9;14858;11154;14859
51;9;24968;;24969
51;9;25577;25567;25578
51;9;19919;19912;19914
51;9;20708;20707;20710
51;9;28853;28852;
51;9;30943;30942;30944
51;9;31581;;31582
51;9;35836;35835;
51;9;23663;23662;23664
51;9;10010;;10198
51;9;19972;19971;19973
51;9;35659;;35660
51;9;29984;29983;
51;9;20800;20799;
51;9;17391;17390;17392
51;9;17216;17215;17545
51;9;36008;36007;
51;9;29938;29937;29939
51;9;31088;;31089
51;9;20219;;20220
51;9;21454;21452;21455
51;9;10334;10335;11217
51;9;19575;19574;19576
51;9;23094;23093;23095
51;9;19416;19415;19417
51;9;29556;29555;29557
51;9;16985;16984;
51;9;19795;19794;19796
51;9;12365;11315;23326
51;9;21209;21208;
51;9;20655;20654;
51;9;22801;22799;22800
51;9;31953;31952;31954
51;9;26464;26463;21185
51;9;30735;30734;
51;9;23359;;23360
51;9;20134;20133;
51;9;29003;;29004
51;9;26424;12227;21371
51;9;17443;17538;
51;9;20080;20079;20081
51;9;25266;25265;25267
51;9;32072;32071;32073
51;9;20824;20823;20974
51;9;32500;32499;
51;9;35145;;35146
51;9;32332;32331;32333
51;9;31179;;31180
51;9;22154;22153;16623
51;9;22640;25576;22641
51;9;20280;20279;11368
51;9;23589;11802;25264
51;9;11370;20804;20805
51;9;25690;12008;11285
51;9;22707;22706;
51;9;21918;;21919
51;9;11223;10509;26357
51;9;23897;;23898
51;9;19425;19424;
51;9;35300;35299;35301
51;9;29449;29448;29450
51;9;28298;;28299
51;9;17501;16494;16495
51;9;16545;;16546
51;9;22717;12184;12966
51;9;17033;;17034
51;9;22024;22023;22025
51;9;23324;12412;11315
51;9;35919;35918;
51;9;20010;;20011
51;9;16449;;16450
51;9;23815;23814;
51;9;19962;;19960
51;9;31735;31734;
51;9;31700;;31702
51;9;22500;;22501
51;9;22510;22509;22511
51;9;22986;22985;22987
51;9;17161;17160;17162
51;9;17067;17068;
51;9;22507;22506;
51;9;28133;28132;
51;9;35633;35632;35634
51;9;31946;;31947
51;9;24792;24791;24793
51;9;17406;17405;
51;9;32233;32232;
51;9;36391;;36392
51;9;10365;10366;10364
51;9;11724;10399;11726
51;9;19857;;19858
51;9;27351;;27352
51;9;27753;;21052
51;9;35627;;35628
51;9;11886;12630;25350
51;9;22368;11619;11618
51;9;24075;24074;24076
51;9;16374;16373;11784
51;9;22409;22408;
51;9;27647;12351;27648
51;9;28837;28836;
51;9;29540;29539;
51;9;20647;20645;20648
51;9;29968;29967;
51;9;21788;;21789
51;9;19321;25816;25817
51;9;23018;23017;25476
51;9;24179;;24180
51;9;19579;;19580
51;9;29568;29567;
51;9;11331;17514;16453
51;9;22930;22929;22931
51;9;24471;24470;24472
51;9;36105;36104;
51;9;23206;23205;
51;9;20673;20672;20674
51;9;28811;28810;
51;9;19273;;19274
51;9;35639;;35640
51;9;20249;20248;20250
51;9;12313;;23917
51;9;22373;22372;22374
51;9;21412;21411;21413
51;9;22822;22821;22823
51;9;27653;10349;12627
51;9;25397;25395;27608
51;9;23160;23159;23161
51;9;21526;;26823
51;9;25881;25880;25882
51;9;19832;19831;25409
51;9;12543;12542;
51;9;35527;;35528
51;9;25294;11434;11432
51;9;11614;26834;
51;9;23352;23351;
51;9;17353;17354;
51;9;11908;21849;21850
51;9;11484;20121;10243
51;9;25300;25471;11743
51;9;23781;25889;23782
51;9;24140;;24032
51;9;12628;12646;12269
51;9;25157;25156;
51;9;25174;25173;
51;9;31444;;31445
51;9;21870;21869;
51;9;22285;22284;22286
51;9;17445;17444;17542
51;9;23913;25945;12311
51;9;20175;20174;20176
51;9;26028;;26029
51;9;29277;29276;
51;9;36467;27738;27739
51;9;30860;30859;30861
51;9;23940;23939;23941
51;9;31132;;31133
51;9;20893;20892;
51;9;24769;24768;24772
51;9;16706;;16707
51;9;35333;35332;35334
51;9;28833;;28834
51;9;14818;14817;14819
51;9;20375;20374;20376
51;9;21473;21474;
51;9;32457;;36294
51;9;12665;;12666
51;9;28534;28533;
51;9;29522;;29523
51;9;32455;32454;
51;9;20018;20017;20019
51;9;16549;;16550
51;9;23634;23633;23635
51;9;32449;32448;
51;9;11156;10131;10687
51;9;20753;20752;20754
51;9;10111;;25351
51;9;12356;27091;
51;9;23902;;23903
51;9;32174;32173;
51;9;28556;28555;
51;9;25467;22172;11643
51;9;28625;28624;
51;9;17541;17007;17008
51;9;10677;26362;10678
51;9;11719;10587;12923
51;9;22626;22625;
51;9;24305;24303;24304
51;9;36126;;36127
51;9;12907;12906;25427
51;9;24515;11964;11961
51;9;35965;;35966
51;9;25430;11713;19636
51;9;26900;26898;26901
51;9;17269;;17559
51;9;10423;26000;10060
51;9;30957;30956;30958
51;9;27862;;27863
51;9;23896;23894;36447
51;9;20098;20097;20099
51;9;36336;28111;28112
51;9;25948;25947;11135
51;9;28606;;28607
51;9;12840;12839;24678
51;9;22685;22684;
51;9;16766;;16767
51;9;28049;28048;28050
51;9;16786;;16787
51;9;35905;;35906
51;9;21900;21899;
51;9;30131;30130;
51;9;26606;12275;21656
51;9;12135;12139;
51;9;25104;;25105
51;9;27901;27900;
51;9;10368;27629;27630
51;9;20907;20906;20908
51;9;19911;19910;19912
51;9;17036;17035;36406
51;9;27559;26703;26704
51;9;26932;26931;
51;9;21093;21091;21092
51;9;23458;23457;
51;9;30843;;30844
51;9;25464;25461;
51;9;24194;24193;24195
51;9;21602;;21603
51;9;21368;21367;
51;9;32188;32187;32189
51;9;29429;29428;
51;9;23125;11697;12176
51;9;24423;24422;24424
51;9;24232;24231;24233
51;9;11747;11746;
51;9;21931;16602;21932
51;9;23682;23681;23683
51;9;19423;;19424
51;9;32518;32517;
51;9;11729;10605;
51;9;29417;;29418
51;9;36187;36186;
51;9;27262;27264;27261
51;9;32430;32429;
51;9;12226;21372;21373
51;9;23604;25898;23605
51;9;27098;27097;27099
51;9;29606;;29607
51;9;20198;16939;20199
51;9;23923;23922;23924
51;9;28533;;28534
51;9;31685;;31687
51;9;21547;;21548
51;9;24867;24866;
51;9;22692;22691;
51;9;35164;35163;
51;9;23878;;23879
51;9;25542;25541;25543
51;9;32587;;32588
51;9;16558;16557;16559
51;9;21823;11321;21824
51;9;31641;31640;
51;9;36159;;36160
51;9;22740;22739;25568
51;9;11183;36377;10762
51;9;22764;22763;
51;9;30850;30849;30851
51;9;22804;22803;
51;9;32575;;32576
51;9;26847;26846;26848
51;9;10488;10490;10487
51;9;35154;;35155
51;9;31186;;31187
51;9;22592;22591;25549
51;9;20521;;20522
51;9;20554;20553;25745
51;9;10145;10422;
51;9;35716;35715;
51;9;23479;11654;23480
51;9;24241;;24242
51;9;20741;20740;10234
51;9;17521;17057;17058
51;9;23723;23722;23724
51;9;16931;;16932
51;9;22874;22873;22875
51;9;30527;;30528
51;9;11667;23378;11666
51;9;31952;;31953
51;9;20060;;20061
51;9;24459;24458;24460
51;9;30867;30866;
51;9;28504;28503;
51;9;20089;20088;20090
51;9;16690;16689;16691
51;9;29931;29930;
51;9;22577;22576;22578
51;9;32528;32527;
51;9;23022;;23023
51;9;30202;30201;
51;9;26987;;26988
51;9;16451;;16481
51;9;24438;24437;24439
51;9;12857;12856;21969
51;9;30232;30231;
51;9;24442;24441;24443
51;9;24661;24665;
51;9;28330;28329;
51;9;28514;28513;
51;9;10543;25932;26557
51;9;22870;;22871
51;9;20967;;20968
51;9;25414;;27554
51;9;23102;12534;23103
51;9;32561;32560;32562
51;9;10110;10549;10825
51;9;25815;25814;25816
51;9;20526;20525;12441
51;9;23129;23128;27404
51;9;22052;22051;22053
51;9;23059;25563;23060
51;9;35483;;35484
51;9;22554;12518;22555
51;9;35857;35856;
51;9;29024;29023;
51;9;29116;29115;
51;9;31944;31943;
51;9;12964;;12185
51;9;20405;;20406
51;9;11767;14892;
51;9;23219;23218;23220
51;9;21344;;21345
51;9;12726;12725;12727
51;9;22272;22271;
51;9;24386;24385;24387
51;9;28866;28865;28867
51;9;29112;;29113
51;9;23230;23231;23229
51;9;27526;;11720
51;9;20038;20037;20039
51;9;26538;26536;26537
51;9;31463;;31464
51;9;17143;17142;17144
51;9;25082;25081;
51;9;27189;27188;20584
51;9;26874;26873;26875
51;9;23327;;23328
51;9;31647;31646;
51;9;35677;35676;
51;9;23062;;23063
51;9;19403;19402;19404
51;9;27407;27406;27408
51;9;25038;12242;12241
51;9;16854;16853;
51;9;10453;10454;10452
51;9;31080;31079;
51;9;31095;;31096
51;9;27517;10188;10192
51;9;35359;35358;
51;9;30401;;36310
51;9;25754;25753;
51;9;27337;27336;27338
51;9;10275;11189;14913
51;9;22398;22397;27499
51;9;28071;28070;
51;9;21821;21820;21822
51;9;19931;25790;
51;9;25321;27705;25945
51;9;11451;10499;10408
51;9;32568;;32569
51;9;21736;27177;10740
51;9;23379;11663;12214
51;9;21939;21938;21940
51;9;24096;;24098
51;9;23696;23695;23697
51;9;17555;17568;11501
51;9;10658;10660;17453
51;9;16880;16879;16881
51;9;22108;;22109
51;9;17411;17410;
51;9;23796;23795;
51;9;29759;29758;36287
51;9;30831;;30832
51;9;32633;;32634
51;9;31419;31417;
51;9;22814;22813;22815
51;9;23274;23273;23275
51;9;19881;;19882
51;9;17284;;17285
51;9;20400;20399;25489
51;9;16822;16821;16823
51;9;26960;16889;27825
51;9;20342;20341;20343
51;9;25994;21839;
51;9;29797;36284;29796
51;9;24283;24282;24284
51;9;10363;26554;11177
51;9;21085;21084;27756
51;9;30088;30087;
51;9;10467;12221;11606
51;9;20272;20271;20273
51;9;23810;;23811
51;9;11547;11552;22114
51;9;25478;11852;19170
51;9;36393;;16803
51;9;22683;;22684
51;9;26684;;26685
51;9;29492;29491;
51;9;19202;11467;11469
51;9;11568;25303;11565
51;9;23455;23454;23456
51;9;25273;12217;11837
51;9;20571;20570;
51;9;23142;23141;23157
51;9;24427;;24428
51;9;12937;12936;
51;9;26610;26609;
51;9;25580;22529;
51;9;30810;30809;
51;9;32631;32630;
51;9;19391;19390;19392
51;9;21203;21202;
51;9;24978;;25306
51;9;19904;19145;25760
51;9;22329;22328;
51;9;36436;27357;27358
51;9;32247;;32248
51;9;20563;;20564
51;9;22195;22194;22196
51;9;23845;23844;23846
51;9;19426;;25493
51;9;19480;19479;19481
51;9;27482;27481;27409
51;9;28012;28011;
51;9;16916;17591;16917
51;9;21600;;21601
51;9;22205;22204;
51;9;22938;;22939
51;9;28128;36302;28129
51;9;12744;25807;
51;9;28494;28492;28495
51;9;11132;10806;10196
51;9;25327;25328;25326
51;9;28628;28627;
51;9;11171;10742;27384
51;9;20077;20076;
51;9;27608;25397;25396
51;9;19743;19742;25369
51;9;26023;;26024
51;9;16636;;16637
51;9;30391;;30392
51;9;25810;25809;25811
51;9;10627;10626;10629
51;9;27832;11931;16343
51;9;11868;26658;10717
51;9;35914;35913;36315
51;9;23315;12837;19162
51;9;17169;;17170
51;9;11633;11631;11580
51;9;23194;;23195
51;9;27763;27762;27764
51;9;29614;29613;
51;9;31604;;31605
51;9;19261;19259;19260
51;9;29386;29385;29387
51;9;26904;;21505
51;9;19610;19609;19611
51;9;35989;35988;
51;9;23040;23038;23039
51;9;21219;;21220
51;9;29285;29284;29286
51;9;35721;;35722
51;9;23977;;23978
51;9;25723;25722;22591
51;9;22241;22240;
51;9;19593;19592;
51;9;23752;23751;23753
51;9;36196;36195;
51;9;32347;;32348
51;9;36320;36319;
51;9;22925;22924;22926
51;9;19419;19418;19420
51;9;20314;20313;
51;9;19417;19416;19418
51;9;23507;23506;
51;9;22872;22871;22873
51;9;10079;;27567
51;9;28482;;36235
51;9;23330;23329;
51;9;12722;21440;21441
51;9;32613;32612;32614
51;9;10430;10043;25947
51;9;28665;28664;
51;9;14879;;11617
51;9;27154;27153;
51;9;11796;16368;16369
51;9;10438;10070;27405
51;9;22894;27546;12063
51;9;25552;25551;22576
51;9;17455;12733;17456
51;9;11815;24216;24217
51;9;22681;22680;22682
51;9;21955;;21956
51;9;26627;;21944
51;9;23873;23872;23874
51;9;11526;23995;23996
51;9;20378;;20379
51;9;19567;19566;19568
51;9;23261;23260;26914
51;9;12884;12883;
51;9;31334;31333;
51;9;26750;21417;26749
51;9;29338;;29339
51;9;16409;16408;12143
51;9;21043;;21044
51;9;25865;;25866
51;9;31533;36236;
51;9;28781;28780;
51;9;29464;;29465
51;9;35821;;35822
51;9;17238;;17239
51;9;24235;;24236
51;9;23355;23354;23356
51;9;22025;22024;
51;9;22629;22628;
51;9;25088;25087;25089
51;9;26675;26674;
51;9;23070;25535;23071
51;9;24884;12848;12849
51;9;27741;36472;27742
51;9;29930;;29931
51;9;27609;12266;26894
51;9;30260;30259;30261
51;9;23247;23246;23248
51;9;25908;25909;
51;9;19456;19455;
51;9;21858;21857;
51;9;23254;23253;
51;9;36394;36392;14864
51;9;27840;27839;
51;9;16694;16693;16695
51;9;16808;16807;16810
51;9;23282;23281;23283
51;9;17586;11757;14887
51;9;29884;29883;29885
51;9;11160;25287;27468
51;9;20848;20847;20849
51;9;32367;;32368
51;9;28275;28274;28276
51;9;10127;;10777
51;9;11769;10654;14901
51;9;19303;19302;
51;9;32191;;32192
51;9;25355;11475;20537
51;9;25419;25418;
51;9;20704;;20705
51;9;24706;24705;
51;9;24596;24595;24597
51;9;20941;20940;20942
51;9;23577;23576;23578
51;9;11116;10301;10303
51;9;29805;;29806
51;9;32276;;32277
51;9;27644;27408;
51;9;36441;36440;36442
51;9;21179;;21180
51;9;25730;;25731
51;9;22278;22277;22279
51;9;22276;22275;22277
51;9;22732;22731;22733
51;9;20007;20006;
51;9;25453;10252;26323
51;9;24081;24080;
51;9;16397;16396;16398
51;9;23694;;23695
51;9;25658;10540;23892
51;9;10249;10029;10250
51;9;36338;;36339
51;9;20233;;20234
51;9;20085;;20086
51;9;29360;29358;
51;9;20873;;20874
51;9;21562;21563;26857
51;9;12702;;21285
51;9;30496;30495;
51;9;24316;25654;24318
51;9;35485;35484;
51;9;23300;12357;23301
51;9;22374;22373;
51;9;16575;;16576
51;9;12274;21656;
51;9;11224;10512;10514
51;9;27726;27725;27727
51;9;35556;35555;
51;9;16355;12524;12057
51;9;25119;25118;
51;9;35220;35219;
51;9;20665;20664;20666
51;9;27463;10644;27464
51;9;27942;27941;
51;9;31475;31473;31476
51;9;23817;23816;23818
51;9;29339;29338;29340
51;9;31133;31132;31134
51;9;32042;;32043
51;9;23364;23363;
51;9;20777;20776;
51;9;19263;19262;19264
51;9;28927;28926;28928
51;9;20517;27368;20518
51;9;24063;24062;24064
51;9;20270;20269;20271
51;9;22001;;22002
51;9;17437;17436;
51;9;29692;;29693
51;9;20040;;20041
51;9;24590;;24591
51;9;20868;20867;20869
51;9;35472;35471;
51;9;21859;;21860
51;9;30020;;30021
51;9;10022;10229;10230
51;9;16750;16749;
51;9;17117;;17118
51;9;24424;24423;
51;9;24868;11951;24869
51;9;10226;10225;26315
51;9;12822;;12967
51;9;31909;31908;31910
51;9;22827;22826;
51;9;22528;22527;22529
51;9;30021;30020;
51;9;24644;11959;24645
51;9;26481;12711;26480
51;9;20828;20827;
51;9;24302;;24303
51;9;24477;24476;
51;9;23599;25258;11994
51;9;29015;29014;29016
51;9;35442;;36328
51;9;17151;17152;
51;9;21279;12913;21280
51;9;20692;20691;20693
51;9;27457;11146;26359
51;9;22354;22353;22355
51;9;24349;24348;24350
51;9;24040;24039;
51;9;36317;31898;
51;9;20861;20860;20862
51;9;22164;;22165
51;9;29448;;29449
51;9;35539;;35540
51;9;21177;21176;21178
51;9;27889;27888;27890
51;9;20275;20274;20276
51;9;17265;17264;17266
51;9;16734;16733;
51;9;28226;;28228
51;9;26849;;12728
51;9;23649;;23650
51;9;23522;;23523
51;9;26877;26876;
51;9;36042;36041;
51;9;29680;29679;29681
51;9;11352;12929;
51;9;17213;;17214
51;9;16667;16666;
51;9;11629;23421;11631
51;9;30341;30340;
51;9;24876;12252;12256
51;9;19701;19700;19702
51;9;25259;;23699
51;9;25593;;25606
51;9;22797;22796;
51;9;25692;27093;11286
51;9;28751;28750;28752
51;9;29423;29421;
51;9;36493;21702;11311
51;9;21210;;21211
51;9;24555;24554;24556
51;9;36285;29075;29076
51;9;27479;10084;27451
51;9;21568;21567;21569
51;9;30335;30334;30336
51;9;23144;23143;23145
51;9;11675;;20939
51;9;20846;20845;
51;9;10771;26399;10283
51;9;28447;;28448
51;9;31166;31165;31167
51;9;30466;30467;30468
51;9;16655;;16656
51;9;17133;17132;17134
51;9;19761;19760;19762
51;9;24463;;24464
51;9;31005;31004;
51;9;26427;;26428
51;9;26830;26829;
51;9;29730;;29731
51;9;22210;22209;22211
51;9;28293;28292;
51;9;32029;32028;
51;9;20407;20406;20408
51;9;29371;29370;
51;9;27448;26347;27449
51;9;21740;26579;
51;9;16570;16571;
51;9;19716;19715;19717
51;9;21715;26591;12287
51;9;16991;16990;17506
51;9;20353;20352;
51;9;27245;27246;
51;9;27201;27200;27202
51;9;20972;;20973
51;9;10262;12073;11508
51;9;26007;26006;26008
51;9;22119;;22120
51;9;25629;19495;19496
51;9;25645;25644;25702
51;9;31549;31548;31550
51;9;26786;26785;26787
51;9;10084;14934;27479
51;9;21247;11605;27568
51;9;12065;12067;22895
51;9;10520;10752;12210
51;9;24681;12843;12844
51;9;31262;31253;
51;9;29012;29011;29013
51;9;11134;26345;10426
51;9;32156;;32157
51;9;11607;11610;26728
51;9;27012;;27013
51;9;21929;;21930
51;9;10746;27120;11921
51;9;32578;;32579
51;9;20409;20408;
51;9;19513;19512;
51;9;16663;;16664
51;9;30822;30821;
51;9;30456;;30457
51;9;29548;;29549
51;9;30305;30304;
51;9;22474;;22475
51;9;22444;22443;
51;9;24668;;24519
51;9;24620;;24621
51;9;19889;27553;
51;9;28385;;28386
51;9;32383;32382;32384
51;9;21482;21483;21481
51;9;36452;27636;11875
51;9;25155;25154;
51;9;27705;;25321
51;9;27410;27409;27124
51;9;30304;30303;30305
51;9;28895;28894;
51;9;27281;27280;
51;9;27585;;27586
51;9;35311;35310;
51;9;21792;26651;12859
51;9;12698;26378;26379
51;9;19917;19916;19918
51;9;10245;11485;17462
51;9;19191;19190;19192
51;9;29998;29997;29999
51;9;21717;27382;
51;9;21881;;21882
51;9;25117;;25118
51;9;22050;;22051
51;9;10736;27637;36483
51;9;25494;;19628
51;9;22376;22375;22377
51;9;24612;24611;11986
51;9;25121;25120;25122
51;9;28159;;28160
51;9;11932;16347;16348
51;9;30599;30598;
51;9;22912;22911;22913
51;9;11229;26317;10719
51;9;26941;16927;
51;9;31314;31313;31315
51;9;24447;;25679
51;9;12114;24655;24656
51;9;27144;26025;27145
51;9;22969;;22970
51;9;31224;36279;31226
51;9;28683;28682;28684
51;9;29745;29744;29746
51;9;25553;;25554
51;9;17474;17473;12126
51;9;24872;11980;12262
51;9;27998;27997;27999
51;9;23537;25699;23538
51;9;24582;;24583
51;9;20452;20451;25440
51;9;25040;25039;25041
51;9;19717;19716;19718
51;9;32006;;32007
51;9;25302;22757;22758
51;9;19540;19538;19541
51;9;24263;;24264
51;9;10465;26553;11232
51;9;36406;17036;
51;9;26026;;26027
51;9;27657;27089;11414
51;9;20513;11364;20514
51;9;20299;20298;20300
51;9;29956;29955;29957
51;9;11222;27445;27631
51;9;28465;28464;
51;9;28138;;28139
51;9;32298;32297;32299
51;9;20826;20825;20827
51;9;12297;23827;23828
51;9;35396;;35397
51;9;35294;35293;
51;9;16357;16356;12058
51;9;16670;16669;16671
51;9;19667;19666;19669
51;9;23952;23951;23953
51;9;11840;11844;10645
51;9;19213;12740;12741
51;9;24635;24634;24636
51;9;25388;25387;19232
51;9;24109;24108;11444
51;9;23767;23766;
51;9;20477;20476;20478
51;9;12053;;10255
51;9;10555;11150;10557
51;9;12891;12890;
51;9;25767;;25768
51;9;27103;10588;10800
51;9;10343;10345;10342
51;9;30054;30053;30055
51;9;26812;10477;21513
51;9;23627;;23628
51;9;28213;28212;28214
51;9;24451;24450;24452
51;9;35262;;35263
51;9;28863;28862;
51;9;26704;27559;26705
51;9;29922;;29923
51;9;10362;26374;10361
51;9;23813;23812;
51;9;24479;24478;
51;9;23991;23990;
51;9;26439;;26440
51;9;21618;21617;21619
51;9;17099;17098;17100
51;9;22160;;22161
51;9;20969;;20970
51;9;25590;25589;
51;9;30953;30952;30954
51;9;35524;;35525
51;9;16840;17484;
51;9;16963;16962;17489
51;9;30964;30963;
51;9;12765;12769;19181
51;9;28150;;28151
51;9;26365;10722;10723
51;9;25080;25079;
51;9;11862;25484;27588
51;9;17186;17185;
51;9;24068;24067;24069
51;9;19651;;19652
51;9;32621;;32622
51;9;12099;12098;
51;9;26771;;12716
51;9;25331;;25670
51;9;16728;16727;
51;9;36403;10119;36404
51;9;16953;16970;
51;9;25649;25614;
51;9;35394;35393;
51;9;32248;32247;
51;9;30426;30425;
51;9;22879;22878;
51;9;27288;;20904
51;9;31333;;31334
51;9;21182;21181;21183
51;9;24461;;24462
51;9;24500;24499;24501
51;9;19928;;25792
51;9;25807;25345;12744
51;9;28723;28722;28724
51;9;10394;36374;17478
51;9;21107;21106;
51;9;23189;25275;23190
51;9;16910;16909;
51;9;23703;23702;25309
51;9;28598;28597;
51;9;16487;16486;16488
51;9;17519;17518;
51;9;20791;20790;
51;9;30052;30051;30053
51;9;12320;12318;27168
51;9;23953;23952;23954
51;9;28944;28943;28945
51;9;10287;27695;11523
51;9;17131;;17132
51;9;21751;21750;21752
51;9;32618;32616;36286
51;9;11519;11518;22359
51;9;19313;19312;
51;9;24214;24213;11805
51;9;25995;;25997
51;9;24466;24465;24467
51;9;35794;35793;
51;9;11250;;20821
51;9;23302;12004;12002
51;9;22855;;22856
51;9;21893;16527;21910
51;9;21218;21217;
51;9;22512;;22513
51;9;27735;;36465
51;9;10367;27630;10366
51;9;17361;;17362
51;9;11586;;12009
51;9;24262;24261;24280
51;9;23411;;23412
51;9;20022;;25449
51;9;22061;;22062
51;9;30287;30286;30288
51;9;30647;;30648
51;9;16923;;16924
51;9;21037;21036;21038
51;9;24804;;24805
51;9;29749;29748;29750
51;9;32609;32608;32610
51;9;11625;22719;22720
51;9;32511;;32512
51;9;12682;;21229
51;9;31336;;31337
51;9;23440;;23441
51;9;23165;23164;
51;9;26980;26979;26981
51;9;16870;16869;
51;9;35367;;35368
51;9;36426;36425;
51;9;25371;10704;10706
51;9;32211;;32212
51;9;14821;19898;14822
51;9;27236;27235;
51;9;10405;19205;11473
51;9;35656;;35657
51;9;12520;22483;36416
51;9;32083;32082;32084
51;9;10072;10699;
51;9;24707;;24708
51;9;30408;;30409
51;9;19197;10403;19198
51;9;32208;32207;32209
51;9;17467;12054;11730
51;9;16383;14898;14899
51;9;20391;;20392
51;9;25528;;10809
51;9;29627;29626;29628
51;9;16863;16862;
51;9;36437;10284;27435
51;9;21399;26514;21400
51;9;20202;20201;20203
51;9;31653;;31654
51;9;25933;26557;10542
51;9;36427;36499;36453
51;9;19619;19618;
51;9;16623;22154;
51;9;19814;16434;19815
51;9;25390;25822;19377
51;9;17381;;17382
51;9;28345;27865;
51;9;26331;10290;26332
51;9;23854;;23855
51;9;19915;;19916
51;9;20169;25776;25777
51;9;26951;26950;26952
51;9;16495;17501;
51;9;24989;24988;24991
51;9;20945;20944;12163
51;9;35631;35630;35632
51;9;28995;28994;28996
51;9;19692;;19693
51;9;25992;21888;
51;9;28991;28990;
51;9;29344;29343;29345
51;9;20560;20501;
51;9;23466;23464;23465
51;9;20736;20735;11709
51;9;36117;;36118
51;9;25343;25805;25806
51;9;29853;;29854
51;9;22403;25612;22404
51;9;16399;17561;12123
51;9;27386;10255;16598
51;9;23891;10285;25656
51;9;23594;23735;11429
51;9;19687;19686;19688
51;9;29375;29374;29376
51;9;14829;12043;12045
51;9;25652;25653;24313
51;9;24157;;24158
51;9;27310;10444;10445
51;9;16815;16814;16816
51;9;25324;25323;25664
51;9;12676;;12677
51;9;31211;31210;31212
51;9;31046;31045;
51;9;32434;32432;
51;9;26605;26604;
51;9;23613;23612;23614
51;9;22720;11625;10209
51;9;25682;25681;
51;9;17040;;17543
51;9;31337;31336;
51;9;26726;26725;
51;9;20842;20841;
51;9;16423;16480;
51;9;22812;;22809
51;9;19632;;19633
51;9;32727;;32728
51;9;19665;19664;19666
51;9;20177;20176;
51;9;23015;23014;23016
51;9;25817;19321;
51;9;27553;19888;19889
51;9;29327;29326;
51;9;16603;;16604
51;9;20775;20774;
51;9;35722;35721;
51;9;22491;22490;22492
51;9;35480;;35481
51;9;29238;29237;
51;9;17137;;17138
51;9;20431;25709;
51;9;22176;25470;27707
51;9;31184;31183;
51;9;35226;;35227
51;9;10399;12335;11724
51;9;26770;12716;21404
51;9;29021;29020;29022
51;9;11153;27123;10591
51;9;26632;;26633
51;9;29265;29263;
