CID;TABCD;LCD;CLASS;TCD;STCD;ROADNUMBER;RNID;N1ID;N2ID;POL_LCD;PES_LEV;RDID
51;9;36089;L;5;0;;525192;525181;525280;34203;;
51;9;18302;L;1;4;;270;3428;8658;32967;;
51;9;16213;L;1;4;;270;4028;5208;40;;
51;9;17763;L;1;4;;270;3128;8618;33505;;
51;9;18734;L;1;4;;270;1146;6046;38;;
51;9;29578;L;5;0;;490311;490083;490090;34499;;
51;9;18174;L;1;4;;270;2786;2776;41;;
51;9;31857;L;5;0;;504813;504761;496287;33151;;
51;9;12591;L;1;4;;270;5914;1786;22;;
51;9;18496;L;1;4;;270;6350;4936;31;;
51;9;28599;L;5;0;;486779;486753;486816;40;;
51;9;29965;L;5;0;;494664;494645;489476;27;;
51;9;19091;L;1;4;;270;10080;2994;12;;
51;9;30968;L;5;0;;498697;498686;500103;34753;;
51;9;35191;L;5;0;;1962;508701;508522;34400;;
51;9;17895;L;1;4;;270;1050;2716;39;;
51;9;35529;L;5;0;;522509;522514;522521;41;;
51;9;28076;L;5;0;;484736;484615;484751;33538;;
51;9;32237;L;5;0;;506748;506740;506761;32864;;
51;9;29479;L;5;0;;491160;489977;490691;34499;;
51;9;18393;L;1;4;;270;2514;5088;13;;
51;9;32553;L;5;0;;508402;508387;494343;25;;
51;9;35735;L;5;0;;522685;522562;522690;33951;;
51;9;19002;L;1;4;;270;8250;3010;38;;
51;9;32522;L;5;0;;507941;507933;508305;34925;;
51;9;17991;L;1;4;;270;5554;10276;23;;
51;9;26544;L;1;4;;270;7560;7562;41;;
51;9;36137;L;5;0;;525486;525496;525494;34203;;
51;9;18207;L;1;4;;270;528;9462;41;;
51;9;30808;L;5;0;;499389;499057;526802;34758;;
51;9;17711;L;1;4;;270;7542;7544;23;;
51;9;17997;L;1;4;;270;2454;3898;23;;
51;9;28092;L;5;0;;484559;484506;484820;33538;;
51;9;12605;L;1;4;;270;2642;10528;33009;;
51;9;18230;L;1;4;;10946;8506;10948;20;;
51;9;26714;L;1;4;;270;2712;8850;39;;
51;9;17887;L;1;4;;270;4626;6132;39;;
51;9;27279;L;1;4;;270;1766;6030;25;;
51;9;32620;L;5;0;;508743;314;508775;26;;
51;9;30603;L;5;0;;497769;497849;497820;33110;;
51;9;35569;L;5;0;;522710;522713;522720;41;;
51;9;36218;L;5;0;;525816;525114;525826;34203;;
51;9;31718;L;5;0;;503919;503901;504088;34501;;
51;9;18949;L;1;4;;270;4608;6596;35;;
51;9;18938;L;1;4;;270;4538;7346;35;;
51;9;26410;L;1;4;;270;5962;6502;41;;
51;9;28726;L;5;0;;488310;10978;488355;34097;;
51;9;30858;L;5;0;;498872;498861;499320;34753;;
51;9;29988;L;5;0;;494350;489560;490565;34504;;
51;9;25206;L;1;2;;314;872;3366;13;;
51;9;29388;L;5;0;;491962;486348;491967;34499;;
51;9;18312;L;1;4;;270;9018;390;32986;;
51;9;28310;L;5;0;;485934;485904;485507;33536;;
51;9;28823;L;5;0;;488925;488594;488943;34097;;
51;9;29114;L;5;0;;490663;490652;490678;34499;;
51;9;35849;L;5;0;;522230;522929;521264;34053;;
51;9;19085;L;1;3;;314;734;5378;1;;
51;9;12601;L;1;4;;270;4138;4766;12;;
51;9;16125;L;1;3;;314;1808;1182;40;;
51;9;36015;L;5;0;;524736;524172;524305;33482;;
51;9;18688;L;1;4;;270;504;10712;33467;;
51;9;28660;L;5;0;;487889;487869;487851;33485;;
51;9;36043;L;5;0;;525065;524367;527237;22;;
51;9;18084;L;1;4;;270;610;10308;32822;;
51;9;18845;L;1;4;;270;478;9542;34240;;
51;9;28105;L;5;0;;484769;484655;484712;33538;;
51;9;28566;L;5;0;;487440;487376;487453;33485;;
51;9;16084;L;1;4;;270;2506;6652;40;;
51;9;32134;L;5;0;;506277;506266;506288;20;;
51;9;18538;L;1;4;;270;4976;10684;34394;;
51;9;17774;L;1;4;;270;7002;9554;34674;;
51;9;17645;L;1;4;;270;766;2440;23;;
51;9;27390;L;1;4;;270;7492;3194;32966;;
51;9;17679;L;1;4;;270;9506;4168;23;;
51;9;29622;L;5;0;;493080;490361;490455;34499;;
51;9;18184;L;1;4;;270;718;6676;33954;;
51;9;17961;L;1;4;;270;5154;2460;23;;
51;9;30997;L;5;0;;500215;1758;526808;34775;;
51;9;17783;L;1;4;;270;4070;5166;21;;
51;9;1043;L;1;1;;2194;1350;2196;32821;;
51;9;28689;L;5;0;;483403;483381;483447;33486;;
51;9;35874;L;5;0;;524123;524102;524158;33482;;
51;9;36194;L;5;0;;525725;525647;525733;34203;;
51;9;19050;L;1;4;;270;2828;9530;34121;;
51;9;18353;L;1;4;;270;4364;9648;34;;
51;9;18940;L;1;4;;270;2882;5160;35;;
51;9;28429;L;5;0;;486790;486779;486798;40;;
51;9;18656;L;1;4;;270;6436;2530;31;;
51;9;18914;L;1;4;;270;2884;918;35;;
51;9;29346;L;5;0;;485686;490123;490097;34499;;
51;9;17815;L;1;4;;270;378;7300;34309;;
51;9;31617;L;5;0;;494139;501275;503511;34916;;
51;9;18692;L;1;4;;270;5380;9936;34073;;
51;9;12580;L;1;4;123;304;306;308;23;;27306
51;9;18919;L;1;4;;270;2916;5472;27;;
51;9;18327;L;1;4;;270;5116;6798;32963;;
51;9;29804;L;5;0;;491842;490158;491829;34499;;
51;9;32398;L;5;0;;489497;507491;488190;34221;;
51;9;12588;L;1;4;;270;5566;2562;11;;
51;9;32210;L;5;0;;506589;506596;504163;32864;;
51;9;18858;L;1;4;;270;9292;3160;27;;
51;9;17927;L;1;4;;270;5138;8534;34321;;
51;9;31128;L;5;0;;500832;500261;500520;34753;;
51;9;25219;L;1;4;;270;3962;2760;13;;
51;9;32660;L;5;0;;508939;508922;508951;34400;;
51;9;18003;L;1;4;;270;3890;6788;23;;
51;9;27943;L;5;0;;483909;483901;483929;33485;;
51;9;28609;L;5;0;;487048;1962;482844;33485;;
51;9;29430;L;5;0;;492162;492146;492203;34499;;
51;9;18860;L;1;4;;270;1738;3160;34285;;
51;9;16006;L;1;4;;270;4046;9556;40;;
51;9;25177;L;1;3;;2264;864;2266;33619;;
51;9;18379;L;1;4;;270;3160;8440;13;;
51;9;18774;L;1;4;;270;3866;3768;27;;
51;9;17655;L;1;4;;270;770;9046;23;;
51;9;19025;L;1;4;;270;4124;962;35;;
51;9;29412;L;5;0;;491862;491786;489255;34499;;
51;9;18015;L;1;4;;270;2392;8580;23;;
51;9;31074;L;5;0;;500532;500478;500606;34753;;
51;9;18853;L;1;4;;270;2978;5724;27;;
51;9;17744;L;1;3;;314;4522;3160;8;;
51;9;1174;L;1;4;;270;706;3012;12;;
51;9;16303;L;1;4;;270;434;8592;40;;
51;9;35760;L;5;0;;523660;523104;523354;33951;;
51;9;18590;L;1;4;;270;3380;3552;31;;
51;9;18445;L;1;4;;270;7338;2182;33;;
51;9;28877;L;5;0;;488238;489263;488190;34097;;
51;9;31703;L;5;0;;314;504006;504045;34501;;
51;9;17782;L;1;4;;270;5176;6424;1;;
51;9;31826;L;5;0;;504657;504554;495351;33151;;
51;9;31863;L;5;0;;496287;504828;496251;33151;;
51;9;30833;L;5;0;;499486;499475;499344;34753;;
51;9;18252;L;1;4;;270;7660;7662;20;;
51;9;24911;L;1;4;;270;6364;5364;12;;
51;9;28187;L;5;0;;485306;485167;485264;33536;;
51;9;19137;L;1;4;;270;8704;5740;35;;
51;9;31055;L;5;0;;500503;500495;500478;34753;;
51;9;17796;L;1;4;;270;4666;6458;39;;
51;9;1009;L;1;1;A1L;;1004;930;27;;528157
51;9;28381;L;5;0;;484432;486331;484411;33485;;
51;9;30246;L;5;0;;496287;496269;496318;33371;;
51;9;18874;L;1;4;;270;7140;2536;27;;
51;9;31500;L;5;0;;502865;502920;502949;34916;;
51;9;18813;L;1;4;;270;3100;5616;27;;
51;9;28706;L;5;0;;488188;488180;488201;34097;;
51;9;18224;L;1;4;;270;8918;9766;41;;
51;9;30030;L;5;0;;495096;495081;495107;34331;;
51;9;17710;L;1;4;;270;7542;7546;23;;
51;9;30262;L;5;0;;496388;496391;496405;23;;
51;9;18715;L;1;4;;270;3748;8984;32777;;
51;9;32008;L;5;0;;505594;505343;505607;38;;
51;9;17923;L;1;4;;270;4914;7550;23;;
51;9;29372;L;5;0;;491885;491937;491893;34499;;
51;9;18838;L;1;4;;270;2944;10268;34732;;
51;9;31667;L;5;0;;503829;503814;489977;34501;;
51;9;18996;L;1;4;;270;1958;4710;38;;
51;9;16189;L;1;4;;10878;4752;7998;40;;
51;9;27571;L;1;4;;270;368199;498;17;;
51;9;18544;L;1;4;;270;2032;7732;14;;
51;9;18663;L;1;4;;270;4456;6128;27;;
51;9;35681;L;5;0;;523257;523246;523270;33951;;
51;9;32278;L;5;0;;506901;489255;506941;32864;;
51;9;31157;L;5;0;;500353;500268;500086;34753;;
51;9;26925;L;1;4;;270;7092;10224;19;;
51;9;18614;L;1;3;;314;1412;1896;26;;
51;9;18477;L;1;4;;270;1584;3558;31;;
51;9;29122;L;5;0;;489990;490683;489977;34499;;
51;9;18724;L;1;4;;270;1634;9422;30;;
51;9;35492;L;5;0;;521286;521166;1318;32812;;
51;9;30888;L;5;0;;499698;498772;499397;34758;;
51;9;31979;L;5;0;;505442;505417;505488;34110;;
51;9;35981;L;5;0;;524346;524172;524505;33482;;
51;9;29830;L;5;0;;489468;491008;490311;27;;
51;9;16204;L;1;3;;314;5188;434;40;;
51;9;16170;L;1;4;;270;4654;5190;40;;
51;9;31354;L;5;0;;502076;502063;502094;34916;;
51;9;17659;L;1;4;;270;5878;5880;23;;
51;9;28641;L;5;0;;487760;487795;487807;33485;;
51;9;24905;L;1;4;;270;686;2932;35;;
51;9;32428;L;5;0;;507164;507192;507767;34221;;
51;9;18417;L;1;4;;270;9134;5092;33;;
51;9;18670;L;1;4;;270;202;3362;26;;
51;9;28977;L;5;0;;489811;485863;489800;27;;
51;9;17980;L;1;4;;270;7830;4914;23;;
51;9;18586;L;1;4;;270;3552;8278;8;;
51;9;18071;L;1;4;;270;8180;8182;19;;
51;9;30820;L;5;0;;499435;499424;499446;34753;;
51;9;31486;L;5;0;;502851;502087;502888;34916;;
51;9;17920;L;1;4;;270;8190;8192;23;;
51;9;18494;L;1;4;;270;3778;6350;31;;
51;9;16049;L;1;3;;314;2746;846;40;;
51;9;28089;L;5;0;;484425;484416;484775;33538;;
51;9;28377;L;5;0;;486331;483234;484432;33485;;
51;9;17857;L;1;4;;270;7362;8764;34385;;
51;9;18921;L;1;4;;270;2922;3964;12;;
51;9;31373;L;5;0;;502170;502148;501614;34916;;
51;9;18048;L;1;4;;270;3624;6860;32816;;
51;9;32435;L;5;0;;501871;507767;507180;35;;
51;9;35249;L;5;0;;509222;501183;508775;34409;;
51;9;26447;L;1;4;;270;3306;5896;32812;;
51;9;24933;L;1;4;;270;7942;4132;34118;;
51;9;30294;L;5;0;;496527;496371;496549;23;;
51;9;18085;L;1;4;;270;3712;616;19;;
51;9;32732;L;5;0;;508624;508500;508522;26;;
51;9;18542;L;1;4;;270;2628;7302;26;;
51;9;19032;L;1;4;;270;9950;956;34227;;
51;9;35319;L;5;0;;521264;521432;521524;41;;
51;9;1170;L;1;4;;270;7284;3058;32775;;
51;9;32262;L;5;0;;506634;506819;506589;32864;;
51;9;18319;L;1;4;;270;2102;2396;23;;
51;9;28131;L;5;0;;484936;484911;484993;33538;;
51;9;32487;L;5;0;;508019;485882;507881;25;;
51;9;24953;L;1;4;;270;8944;5742;34228;;
51;9;17634;L;1;4;;270;7022;5062;23;;
51;9;29921;L;5;0;;494371;489560;489511;34504;;
51;9;19141;L;1;4;;270;2934;6618;35;;
51;9;18862;L;1;4;;270;3868;1718;27;;
51;9;16333;L;1;4;;270;846;3490;40;;
51;9;17937;L;1;4;;270;5148;8950;39;;
51;9;1103;L;1;3;;314;1088;4466;19;;
51;9;17984;L;1;3;;314;784;3896;23;;
51;9;18781;L;1;3;;314;244;2030;27;;
51;9;31695;L;5;0;;490698;503981;504006;34501;;
51;9;18677;L;1;3;;314;4850;4852;33468;;
51;9;30255;L;5;0;;496251;496332;496351;33371;;
51;9;31329;L;5;0;;501962;501337;501984;13;;
51;9;36125;L;5;0;;495351;525422;525444;34203;;
51;9;16311;L;1;4;;270;3378;5712;32951;;
51;9;19113;L;1;4;;270;5456;3016;38;;
51;9;31489;L;5;0;;502888;502851;501774;34916;;
51;9;17828;L;1;4;;270;7044;7372;33085;;
51;9;30862;L;5;0;;499050;498728;498742;34753;;
51;9;30526;L;5;0;;497755;497734;497783;33110;;
51;9;26805;L;1;4;;270;3278;6384;1;;
51;9;16035;L;1;4;;270;2666;10768;33472;;
51;9;19010;L;1;4;;270;2962;5422;27;;
51;9;19062;L;1;4;;270;8000;4162;38;;
51;9;31189;L;5;0;;501206;501209;501237;13;;
51;9;25239;L;1;4;;270;1914;532084;34523;;
51;9;17723;L;1;4;;270;8522;8348;22;;
51;9;18196;L;1;4;;270;3298;3296;41;;
51;9;31298;L;5;0;;501824;501801;501163;34916;;
51;9;17790;L;1;4;;270;3156;4522;21;;
51;9;17978;L;1;4;;270;4922;2450;23;;
51;9;18105;L;1;4;;270;368984;368981;32922;;
51;9;19118;L;1;4;;270;4960;5456;38;;
51;9;29117;L;5;0;;490683;490663;489990;34499;;
51;9;26945;L;1;4;;270;7130;4370;40;;
51;9;16326;L;1;4;;270;5742;8940;33593;;
51;9;29444;L;5;0;;492228;490604;490490;34499;;
51;9;12575;L;1;4;;270;288;10494;24;;
51;9;30790;L;5;0;;499289;499268;498661;34753;;
51;9;17965;L;1;4;;270;5222;7078;23;;
51;9;29979;L;5;0;;494462;485264;494846;27;;
51;9;28754;L;5;0;;488407;488366;488511;12;;
51;9;17449;L;1;4;;270;434;444;40;;
51;9;18738;L;1;4;;270;6046;8896;32781;;
51;9;18941;L;1;4;;270;5162;8102;34225;;
51;9;35545;L;5;0;;522589;521166;522610;41;;
51;9;18635;L;1;4;;270;3586;3572;8;;
51;9;25212;L;1;4;;270;7202;9602;31;;
51;9;18004;L;1;4;;270;3894;5966;23;;
51;9;19058;L;1;4;;270;2832;8664;1;;
51;9;32628;L;5;0;;508797;508780;508818;34400;;
51;9;19067;L;1;4;;270;662;1160;12;;
51;9;17743;L;1;3;;314;4072;5164;21;;
51;9;18099;L;1;4;GR745.00;270;1126;3250;19;;369509
51;9;28515;L;5;0;;487245;483610;483447;33486;;
51;9;29166;L;5;0;;490966;490530;1962;27;;
51;9;19044;L;1;3;;314;1152;4982;1;;
51;9;16212;L;1;4;;270;9940;5206;40;;
51;9;28666;L;5;0;;527098;482659;482668;33485;;
51;9;1113;L;1;3;;314;2550;2880;35;;
51;9;27861;L;5;0;;483213;482844;483270;33485;;
51;9;12604;L;1;4;;270;386;9016;20;;
51;9;18526;L;1;4;;270;4980;9160;26;;
51;9;16033;L;1;4;;270;3468;4040;40;;
51;9;28960;L;5;0;;369144;489620;489742;27;;
51;9;30927;L;5;0;;498832;498612;498654;34753;;
51;9;18337;L;1;4;;270;1832;3948;8;;
51;9;36454;L;1;2;;532351;533204;532348;32972;;
51;9;19021;L;1;4;;270;5666;5428;34247;;
51;9;16285;L;1;4;;270;1918;2248;40;;
51;9;17653;L;1;4;;270;5060;6626;23;;
51;9;27117;L;1;1;A6W;369899;1920;1960;40;;629607
51;9;18468;L;1;4;;270;4610;9604;31;;
51;9;17954;L;1;4;VD642;270;2448;368466;23;;368472
51;9;12610;L;1;4;;270;410;10546;20;;
51;9;16251;L;1;4;;270;7292;7294;40;;
51;9;18061;L;1;4;;270;1508;8326;32825;;
51;9;35795;L;5;0;;523793;523807;523632;33951;;
51;9;30919;L;5;0;;498825;498654;499826;34753;;
51;9;18103;L;1;4;;270;6866;6868;19;;
51;9;35389;L;5;0;;526517;526519;526515;32812;;
51;9;30183;L;5;0;;495879;495882;495872;33111;;
51;9;17795;L;1;4;;270;1214;6850;21;;
51;9;18293;L;1;4;;270;2126;5326;20;;
51;9;1016;L;1;1;A9;;2056;2058;1;;27477
51;9;18710;L;1;4;;270;3058;3050;32775;;
51;9;27912;L;5;0;;483725;483731;483750;33485;;
51;9;18153;L;1;4;;270;5702;6722;33952;;
51;9;1045;L;1;1;A6;;444;1182;40;;27463
51;9;35606;L;5;0;;522858;522836;522866;41;;
51;9;18072;L;1;4;;270;1502;7904;19;;
51;9;18187;L;1;4;;270;6156;548;41;;
51;9;16210;L;1;4;;270;10380;5212;40;;
51;9;18169;L;1;4;;270;6730;6732;33947;;
51;9;19054;L;1;4;;270;1150;9954;34094;;
51;9;1106;L;1;3;;314;3068;5572;38;;
51;9;32146;L;5;0;;506203;506192;506342;32988;;
51;9;25181;L;1;3;;314;1622;3866;27;;
51;9;16121;L;1;4;;270;1898;9548;33526;;
51;9;16182;L;1;4;;270;5298;5300;33492;;
51;9;35170;L;5;0;;487423;486348;485882;34400;;
51;9;31577;L;5;0;;503354;501163;501152;34916;;
51;9;1185;L;6;1;;2250;1378;2252;14;;
51;9;35214;L;5;0;;520880;508999;520900;34400;;
51;9;31052;L;5;0;;500495;500261;500503;34753;;
51;9;1026;L;1;1;;2224;2226;1302;41;;
51;9;24927;L;1;4;;270;676;7978;12;;
51;9;16135;L;1;4;;270;4272;4280;40;;
51;9;30324;L;5;0;;496756;496743;496767;33110;;
51;9;28155;L;5;0;;485148;485078;485156;33536;;
51;9;31812;L;5;0;;496251;496287;497776;23;;
51;9;16043;L;1;4;;270;7966;4422;40;;
51;9;29936;L;5;0;;494645;494629;489476;27;;
51;9;17709;L;1;4;;270;5566;2566;11;;
51;9;18410;L;1;4;;270;3162;10772;32;;
51;9;30855;L;5;0;;498879;499327;498861;34753;;
51;9;28352;L;5;0;;486137;483473;483466;33486;;
51;9;16069;L;1;4;;270;4888;3512;8;;
51;9;32574;L;5;0;;508493;508442;508449;34401;;
51;9;1091;L;1;3;190;314;360;362;11;;27318
51;9;27212;L;1;4;;270;6394;1024;23;;
51;9;18915;L;1;4;;270;7084;1738;27;;
51;9;35194;L;5;0;;508522;1962;520807;34400;;
51;9;28854;L;5;0;;489153;488681;485476;34097;;
51;9;16215;L;1;4;;270;10380;1918;40;;
51;9;18133;L;1;4;;270;3248;7092;32784;;
51;9;16000;L;1;4;;270;3822;4514;8;;
51;9;16315;L;1;4;;270;4906;9172;33461;;
51;9;17694;L;1;4;;270;2562;2446;33098;;
51;9;35745;L;5;0;;523587;522855;523596;33951;;
51;9;18092;L;1;4;;270;6008;7034;32823;;
51;9;16166;L;1;4;;270;1054;5298;8;;
51;9;36001;L;5;0;;524165;524205;524123;33482;;
51;9;28785;L;5;0;;488303;10978;488726;34097;;
51;9;17616;L;1;4;;270;7702;9308;24;;
51;9;17753;L;1;4;;270;4938;3134;21;;
51;9;30607;L;5;0;;497820;497769;498041;33110;;
51;9;12577;L;1;4;;270;252;7696;24;;
51;9;30135;L;5;0;;495623;495591;495641;33111;;
51;9;29243;L;5;0;;489476;489557;489468;34525;;
51;9;16329;L;1;4;;270;2668;2666;40;;
51;9;31402;L;5;0;;484570;502294;502330;34916;;
51;9;18682;L;1;4;;270;2024;8234;16;;
51;9;17810;L;1;4;;270;4636;8566;39;;
51;9;30760;L;5;0;;499114;499091;499158;24;;
51;9;18653;L;1;4;;270;2528;6438;31;;
51;9;18383;L;1;3;;314;4952;3568;13;;
51;9;30884;L;5;0;;498772;498765;499057;34758;;
51;9;1018;L;1;1;A13;;1060;734;8;;27411
51;9;18110;L;1;4;;270;6416;9754;32814;;
51;9;18697;L;1;4;;270;1364;5830;32778;;
51;9;18108;L;1;4;;270;10216;10218;19;;
51;9;18119;L;1;4;;270;7060;9394;32810;;
51;9;19051;L;1;4;;270;1156;6572;34121;;
51;9;17742;L;1;3;;314;4072;5172;21;;
51;9;16076;L;1;4;;270;7776;3492;40;;
51;9;28270;L;5;0;;485775;485673;485785;40;;
51;9;25990;L;1;4;;270;2176;7784;32952;;
51;9;31238;L;5;0;;501510;501456;501199;34916;;
51;9;16127;L;1;4;;270;2586;5416;40;;
51;9;18175;L;1;4;;270;2776;8696;41;;
51;9;28346;L;5;0;;486169;483270;483281;33485;;
51;9;28003;L;5;0;;484363;484347;483967;33485;;
51;9;30830;L;5;0;;499475;499462;499486;34753;;
51;9;18970;L;1;4;;270;6562;1902;27;;
51;9;32282;L;5;0;;506941;506901;506664;32864;;
51;9;30427;L;5;0;;497319;497297;497345;23;;
51;9;26813;L;1;4;;270;1274;6828;33999;;
51;9;36227;L;5;0;;490821;485089;1856;27;;
51;9;27314;L;1;1;A3;;1566;172;31;;27433
51;9;26642;L;1;4;;270;7410;2126;20;;
51;9;18009;L;1;4;;270;3896;788;23;;
51;9;24923;L;1;4;;270;6362;9850;34116;;
51;9;28500;L;5;0;;483248;526956;486247;33485;;
51;9;25207;L;1;4;;270;7296;7298;32782;;
51;9;27531;L;1;3;;270;3016;368089;34093;;
51;9;29201;L;5;0;;491186;489997;489977;34499;;
51;9;29948;L;5;0;;485476;485264;494722;34504;;
51;9;24910;L;1;4;;270;2854;7254;12;;
51;9;35560;L;5;0;;521524;522656;522685;33951;;
51;9;28860;L;5;0;;485476;488303;488250;34097;;
51;9;31141;L;5;0;;498634;500520;498626;34753;;
51;9;31956;L;5;0;;505350;488168;505372;34110;;
51;9;35264;L;5;0;;521151;521132;527209;34400;;
51;9;1315;L;1;3;;314;3460;4278;40;;
51;9;24904;L;1;4;;270;686;2934;35;;
51;9;18646;L;1;4;;270;2526;5492;31;;
51;9;28207;L;5;0;;485295;485405;485167;33536;;
51;9;25229;L;1;4;;270;878;3970;33;;
51;9;29849;L;5;0;;490455;489702;489468;34554;;
51;9;30914;L;5;0;;498619;498626;498832;34753;;
51;9;31380;L;5;0;;501787;501660;502222;34916;;
51;9;16294;L;1;4;;270;4002;2026;40;;
51;9;18332;L;1;4;;270;4212;9664;23;;
51;9;16057;L;1;4;;270;8286;7528;8;;
51;9;35757;L;5;0;;523104;523625;523101;33951;;
51;9;1182;L;1;4;;270;5402;3622;19;;
51;9;28989;L;5;0;;489877;489800;489688;34499;;
51;9;17999;L;1;4;;270;4998;10568;23;;
51;9;35943;L;5;0;;524505;524116;524346;33482;;
51;9;31203;L;5;0;;501268;501237;501230;34916;;
51;9;16264;L;1;4;;270;2598;2600;40;;
51;9;28197;L;5;0;;485215;485124;485370;33536;;
51;9;16145;L;1;3;;314;2526;2490;40;;
51;9;19083;L;1;3;;314;4766;1166;12;;
51;9;18440;L;1;4;;270;9628;1572;31;;
51;9;30152;L;5;0;;495723;495687;495734;33111;;
51;9;30748;L;5;0;;499057;498728;499091;24;;
51;9;16136;L;1;4;;270;1944;5682;40;;
51;9;29619;L;5;0;;490425;490178;483916;34499;;
51;9;32197;L;5;0;;505953;505943;505858;32988;;
51;9;18627;L;1;3;;314;2526;5486;8;;
51;9;16083;L;1;4;;270;10594;862;40;;
51;9;32681;L;5;0;;509037;508736;509048;34400;;
51;9;17641;L;1;3;;314;762;4708;33199;;
51;9;18689;L;1;4;;314;1380;498;17;;
51;9;16091;L;1;4;;270;2502;9276;8;;
51;9;30494;L;5;0;;496902;497602;496894;33110;;
51;9;18685;L;1;4;;270;10654;10656;34490;;
51;9;31920;L;5;0;;505129;504496;505147;33151;;
51;9;32193;L;5;0;;505744;505967;505733;32988;;
51;9;18154;L;1;4;;270;564;572;41;;
51;9;18766;L;1;4;;270;4454;8276;27;;
51;9;17842;L;1;4;;270;5512;5542;23;;
51;9;17631;L;1;4;;270;308;9238;23;;
51;9;16226;L;1;4;;270;3508;10624;40;;
51;9;19014;L;1;4;;270;5426;6292;35;;
51;9;28481;L;5;0;;483391;1962;486227;33485;;
51;9;25251;L;1;4;;270;1630;3762;30;;
51;9;28244;L;5;0;;485638;483610;485651;33536;;
51;9;18945;L;1;4;;270;8860;6226;35;;
51;9;12595;L;1;4;;270;6994;6996;21;;
51;9;36040;L;5;0;;524389;524353;524367;33482;;
51;9;29433;L;5;0;;492203;492162;490490;34499;;
51;9;18647;L;1;4;;270;3606;892;31;;
51;9;18490;L;1;4;;270;4310;2530;31;;
51;9;17792;L;1;4;;270;4512;6974;34679;;
51;9;26730;L;1;4;;270;7072;3288;41;;
51;9;18367;L;1;4;;270;3826;3956;33;;
51;9;29259;L;5;0;;491430;491407;491438;34525;;
51;9;30547;L;5;0;;497871;497849;497888;33110;;
51;9;18306;L;1;4;;270;396;8862;32985;;
51;9;1055;L;1;2;H16;314;1156;2870;12;;27541
51;9;17657;L;1;4;;270;2442;2384;23;;
51;9;24934;L;1;4;;270;4130;6372;12;;
51;9;35882;L;5;0;;524137;524123;524205;33482;;
51;9;32330;L;5;0;;488190;485089;507211;35;;
51;9;16038;L;1;4;;270;3472;5910;8;;
51;9;18819;L;1;4;;270;5608;9718;27;;
51;9;18705;L;1;4;;270;8054;8052;32776;;
51;9;26611;L;1;4;;270;5576;9084;32930;;
51;9;18039;L;1;4;;270;3696;9974;32830;;
51;9;18346;L;1;4;;270;3568;5784;32;;
51;9;36173;L;5;0;;525644;525647;525654;34203;;
51;9;30330;L;5;0;;496778;496767;495020;33110;;
51;9;16141;L;1;4;;270;5904;4380;40;;
51;9;30600;L;5;0;;498122;496614;495575;23;;
51;9;17668;L;1;4;;270;6312;9040;23;;
51;9;25190;L;1;4;;270;750;5562;24;;
51;9;1138;L;1;3;;314;5072;5074;30;;
51;9;31405;L;5;0;;502330;484570;502341;34916;;
51;9;25191;L;1;3;;314;1898;1884;27;;
51;9;35489;L;5;0;;521467;527756;521264;41;;
51;9;18024;L;1;4;;270;10428;10430;32799;;
51;9;18856;L;1;4;;270;5838;5844;27;;
51;9;28560;L;5;0;;487423;484331;487376;33485;;
51;9;35732;L;5;0;;522562;522544;522685;41;;
51;9;29484;L;5;0;;490691;491160;490683;34499;;
51;9;17745;L;1;4;;270;4938;3142;21;;
51;9;18533;L;1;4;;270;3492;3512;8;;
51;9;18992;L;1;4;;270;966;5458;35;;
51;9;17925;L;1;4;;270;5970;5972;11;;
51;9;18633;L;1;4;;270;3584;3572;8;;
51;9;32456;L;5;0;;507308;488190;492942;34221;;
51;9;18864;L;1;4;;270;1848;1368;27;;
51;9;18357;L;1;4;;270;3178;1464;32;;
51;9;17987;L;1;4;;270;2454;9086;23;;
51;9;26918;L;1;4;;270;6880;6876;1;;
51;9;18006;L;1;4;;270;3896;6962;23;;
51;9;17606;L;1;4;;270;9446;9448;24;;
51;9;18946;L;1;4;;270;2552;5162;35;;
51;9;32044;L;5;0;;505828;496462;505839;32988;;
51;9;18402;L;1;4;;270;7228;7230;1;;
51;9;18112;L;1;4;;270;6418;10480;32814;;
51;9;27420;L;1;4;;270;1960;1182;40;;
51;9;31319;L;5;0;;501256;501230;501237;34916;;
51;9;16109;L;1;4;;270;2742;3490;40;;
51;9;18778;L;1;4;;270;2534;8418;27;;
51;9;12612;L;1;4;;270;7862;5854;20;;
51;9;18492;L;1;4;;270;3778;7982;31;;
51;9;17789;L;1;4;;270;1226;4064;21;;
51;9;31610;L;5;0;;502463;502451;488324;34916;;
51;9;26782;L;1;4;;270;3284;536;41;;
51;9;31267;L;5;0;;501657;501660;501678;34916;;
51;9;29060;L;5;0;;490083;485863;489560;34499;;
51;9;18192;L;1;4;;270;548;6664;33986;;
51;9;18426;L;1;4;;270;3392;1446;32;;
51;9;28140;L;5;0;;485078;485066;485089;33536;;
51;9;18698;L;1;3;;314;1370;4576;34066;;
51;9;16176;L;1;4;;270;9894;5588;40;;
51;9;35203;L;5;0;;508766;509116;508775;26;;
51;9;17684;L;1;4;;270;8992;8994;23;;
51;9;28799;L;5;0;;488825;488726;488849;34097;;
51;9;35665;L;5;0;;523153;523138;523199;33951;;
51;9;29239;L;5;0;;489560;489573;489557;34525;;
51;9;31752;L;5;0;;504258;504250;10978;28;;
51;9;25208;L;1;4;;270;3064;3748;29;;
51;9;31065;L;5;0;;500544;500478;500570;34753;;
51;9;28626;L;5;0;;486254;486227;487735;33485;;
51;9;18428;L;1;3;;314;4268;1668;13;;
51;9;31823;L;5;0;;504642;497776;504657;33151;;
51;9;18600;L;1;4;;270;3552;3526;8;;
51;9;18251;L;1;4;;270;4244;7660;20;;
51;9;14803;L;1;3;;1166;186;184;1;;
51;9;16261;L;1;3;;314;2596;1934;40;;
51;9;17902;L;1;3;;314;4656;4678;39;;
51;9;28180;L;5;0;;485282;485156;485295;33536;;
51;9;35696;L;5;0;;523315;521166;527774;33951;;
51;9;19093;L;1;4;;270;5816;640;36;;
51;9;18929;L;1;4;;270;10696;9948;27;;
51;9;31255;L;5;0;;501596;501627;501614;34916;;
51;9;18422;L;1;4;;270;3962;7618;33;;
51;9;32564;L;5;0;;508464;270;508449;34422;;
51;9;17922;L;1;4;;270;6800;2704;11;;
51;9;35486;L;5;0;;522230;522222;521229;32812;;
51;9;35955;L;5;0;;524572;524547;524580;33482;;
51;9;35738;L;5;0;;522569;522544;522589;34047;;
51;9;28083;L;5;0;;484514;484775;484499;33538;;
51;9;1187;L;6;2;;2278;2280;2282;8;;
51;9;18156;L;1;4;;270;570;8836;41;;
51;9;30629;L;5;0;;496405;496388;498311;33110;;
51;9;18161;L;1;4;;270;6666;6668;33948;;
51;9;12594;L;1;4;;270;6994;7004;21;;
51;9;18273;L;1;4;;270;2120;9992;20;;
51;9;32401;L;5;0;;507670;507491;507505;34221;;
51;9;17891;L;1;4;;270;340;6986;39;;
51;9;18560;L;1;4;;270;202;2638;34400;;
51;9;1090;L;1;3;203;314;394;396;20;;27324
51;9;24899;L;1;4;;270;2940;688;35;;
51;9;35366;L;5;0;;521693;521682;521704;32812;;
51;9;16071;L;1;4;;270;10078;10388;40;;
51;9;30848;L;5;0;;499327;499300;499567;34753;;
51;9;18228;L;1;4;;270;3200;7636;33034;;
51;9;29156;L;5;0;;490591;490907;490927;34499;;
51;9;32061;L;5;0;;498886;505850;498861;32988;;
51;9;30170;L;5;0;;495795;495782;495821;33111;;
51;9;24938;L;1;4;;270;8174;9186;38;;
51;9;28594;L;5;0;;483241;487201;526956;33485;;
51;9;28886;L;5;0;;489292;488264;488511;38;;
51;9;29002;L;5;0;;489511;489930;489468;34499;;
51;9;29827;L;5;0;;490032;489982;492548;27;;
51;9;29615;L;5;0;;490361;490198;493080;34499;;
51;9;12586;L;1;4;;270;736;808;11;;
51;9;35840;L;5;0;;522929;523967;522907;41;;
51;9;1140;L;1;3;560;716;718;720;41;;27393
51;9;19074;L;1;4;;270;2834;9732;34150;;
51;9;35803;L;5;0;;523618;523607;523807;33951;;
51;9;18263;L;1;4;;270;6734;5582;20;;
51;9;29170;L;5;0;;1962;484204;526896;8;;
51;9;16066;L;1;3;;314;2508;3380;8;;
51;9;28349;L;5;0;;483480;483417;483466;33486;;
51;9;16207;L;1;4;;270;5742;8942;40;;
51;9;18577;L;1;4;;270;4596;9708;34392;;
51;9;24901;L;1;4;;270;690;5374;35;;
51;9;18318;L;1;3;;314;5110;5112;32963;;
51;9;36128;L;5;0;;525444;495351;525411;34203;;
51;9;30270;L;5;0;;496427;496398;496440;33110;;
51;9;12571;L;1;4;;270;3280;536;41;;
51;9;30836;L;5;0;;499502;499344;498704;34753;;
51;9;31492;L;5;0;;501774;502723;502920;34916;;
51;9;16245;L;1;4;;270;4388;6410;40;;
51;9;35575;L;5;0;;522626;522720;522618;33951;;
51;9;16332;L;1;4;;270;2004;6492;33488;;
51;9;17647;L;1;4;;270;2372;4306;23;;
51;9;28832;L;5;0;;488971;488963;488400;34097;;
51;9;17834;L;1;4;;270;812;7824;11;;
51;9;28020;L;5;0;;484475;484432;483309;33538;;
51;9;18524;L;1;4;;270;6510;3376;8;;
51;9;1480;L;1;1;A21;;2118;406;33001;;369933
51;9;27864;L;5;0;;483270;483213;486169;33485;;
51;9;16032;L;1;4;;270;5142;3466;40;;
51;9;1007;L;1;1;A1a;1250;1252;754;24;;27420
51;9;25987;L;1;4;;270;418;10090;20;;
51;9;36176;L;5;0;;525647;525644;525256;34203;;
51;9;18475;L;1;4;;270;3120;3982;31;;
51;9;1155;L;1;3;;10814;3218;1350;8;;
51;9;30047;L;5;0;;495172;495161;495136;39;;
51;9;27121;L;1;1;A3W;;1670;1612;34499;;27439
51;9;25224;L;1;4;;270;370;8990;33104;;
51;9;35429;L;5;0;;521651;521643;521373;32812;;
51;9;19000;L;1;4;;270;4152;4154;38;;
51;9;31736;L;5;0;;485174;504198;486115;34501;;
51;9;32175;L;5;0;;506152;506121;505960;32988;;
51;9;17626;L;1;4;;270;10214;6776;23;;
51;9;35423;L;5;0;;522030;522019;522041;32812;;
51;9;18115;L;1;4;;270;3252;9838;19;;
51;9;17859;L;1;4;;270;4714;7840;33121;;
51;9;29563;L;5;0;;492548;492555;492780;27;;
51;9;17938;L;1;4;;270;5002;2708;39;;
51;9;30098;L;5;0;;495069;495020;495061;34331;;
51;9;18158;L;1;4;;270;1342;9434;32827;;
51;9;19138;L;1;4;;270;2542;7574;35;;
51;9;29788;L;5;0;;490497;526496;490462;34499;;
51;9;18243;L;1;4;;270;7812;7814;20;;
51;9;31875;L;5;0;;497551;504610;504764;33151;;
51;9;16002;L;1;4;;270;6136;6144;40;;
51;9;18219;L;1;4;;270;524;520;41;;
51;9;28681;L;5;0;;487513;487952;487506;33485;;
51;9;18828;L;1;4;;270;2904;4846;28;;
51;9;31966;L;5;0;;488190;505406;485863;12;;
51;9;1130;L;1;3;417;314;606;608;19;;27369
51;9;17674;L;1;4;;270;4488;8408;23;;
51;9;30469;L;5;0;;497513;497498;496868;33110;;
51;9;18630;L;1;3;;314;3852;2528;8;;
51;9;18726;L;1;4;;270;1634;514;30;;
51;9;35846;L;5;0;;522881;523987;522866;34049;;
51;9;24929;L;1;4;;270;5930;6074;38;;
51;9;18546;L;1;4;;270;2616;8320;8;;
51;9;27917;L;5;0;;483743;483725;1962;40;;
51;9;1161;L;1;3;;314;1896;940;12;;
51;9;18469;L;1;4;;270;4610;3780;31;;
51;9;18559;L;1;4;;270;202;4966;26;;
51;9;18050;L;1;4;;270;5402;6224;32808;;
51;9;1141;L;1;3;;314;238;2866;12;;
51;9;18539;L;1;4;;270;4976;10686;34394;;
51;9;26792;L;1;4;;270;3284;7820;41;;
51;9;29300;L;5;0;;489793;489824;489780;34499;;
51;9;1176;L;1;4;;270;1646;1648;12;;
51;9;1064;L;1;2;H4;314;2004;3834;1;;27590
51;9;30242;L;5;0;;496269;496335;496287;23;;
51;9;25184;L;1;4;106;296;252;298;24;;27303
51;9;16309;L;1;4;;270;432;8214;32940;;
51;9;17665;L;1;4;;270;5880;5696;23;;
51;9;18935;L;1;4;;270;4536;2924;35;;
51;9;18555;L;1;4;;270;3844;8198;16;;
51;9;17955;L;1;4;;270;6812;6954;39;;
51;9;19045;L;1;4;;270;1648;10618;38;;
51;9;26765;L;1;4;;270;6688;6946;33951;;
51;9;31728;L;5;0;;485882;504163;486115;34501;;
51;9;16188;L;1;4;;270;8222;9194;40;;
51;9;16067;L;1;4;;270;2508;2510;40;;
51;9;28325;L;5;0;;486064;484499;486059;33538;;
51;9;18754;L;1;4;;270;482;6026;25;;
51;9;35523;L;5;0;;522429;522421;522357;32812;;
51;9;30080;L;5;0;;495385;495186;494921;34331;;
51;9;32206;L;5;0;;506596;485882;506589;19;;
51;9;18764;L;1;4;;270;1602;6032;27;;
51;9;17818;L;1;4;;270;346;7310;34311;;
51;9;35246;L;5;0;;501183;520999;509222;34409;;
51;9;30203;L;5;0;;496052;495641;496060;33111;;
51;9;35990;L;5;0;;524715;526943;524343;33482;;
51;9;29213;L;5;0;;489997;490011;491266;34499;;
51;9;32102;L;5;0;;506149;506152;506159;32988;;
51;9;18300;L;1;4;;270;3434;9800;20;;
51;9;30959;L;5;0;;500040;500032;500047;34758;;
51;9;35267;L;5;0;;521166;521169;527730;41;;
51;9;32270;L;5;0;;489255;506693;506908;32864;;
51;9;30941;L;5;0;;10850;499959;499989;24;;
51;9;31774;L;5;0;;503890;504327;486115;34501;;
51;9;18603;L;1;4;;270;3550;8260;31;;
51;9;26989;L;1;4;;270;7678;8972;40;;
51;9;31897;L;5;0;;504941;500114;504686;33151;;
51;9;19004;L;1;4;;270;846;8250;38;;
51;9;19018;L;1;4;;270;4592;3964;35;;
51;9;18666;L;1;3;;314;4870;3572;8;;
51;9;31306;L;5;0;;501858;501163;501871;34916;;
51;9;31426;L;5;0;;502420;501525;502428;34916;;
51;9;16282;L;1;4;;270;4760;5294;40;;
51;9;18401;L;1;4;;270;2978;5184;1;;
51;9;18519;L;1;4;;270;872;5802;8;;
51;9;27152;L;1;4;;270;5988;5990;20;;
51;9;18183;L;1;4;;270;722;10476;33954;;
51;9;12570;L;1;4;;10802;544;532;41;;
51;9;29653;L;5;0;;493260;493249;490537;34499;;
51;9;28768;L;5;0;;488606;488586;488310;34097;;
51;9;31345;L;5;0;;488324;502037;526947;34916;;
51;9;18260;L;1;4;;270;5578;6020;32930;;
51;9;18313;L;1;4;;270;10424;10426;32979;;
51;9;24937;L;1;4;;270;4128;10750;34152;;
51;9;29178;L;5;0;;491076;490530;491084;34499;;
51;9;35508;L;5;0;;522373;522357;522387;32812;;
51;9;32638;L;5;0;;508848;501170;486348;34400;;
51;9;30358;L;5;0;;496916;496909;496924;33110;;
51;9;27513;L;1;1;A50;367931;4104;367937;34538;;367929
51;9;30482;L;5;0;;497569;497551;496868;33110;;
51;9;18855;L;1;4;;270;1726;5728;27;;
51;9;30354;L;5;0;;496894;496868;496909;33110;;
51;9;18836;L;1;4;;270;2982;8010;28;;
51;9;16030;L;1;4;;270;8938;5144;40;;
51;9;28623;L;5;0;;483610;486227;487245;33486;;
51;9;31574;L;5;0;;503334;501835;502170;34916;;
51;9;17728;L;1;4;;270;7538;2364;33463;;
51;9;28176;L;5;0;;485264;485156;485255;33536;;
51;9;26864;L;1;4;;270;3270;6058;41;;
51;9;12563;L;1;4;;270;7712;10532;33955;;
51;9;32265;L;5;0;;489497;506589;489255;32864;;
51;9;18148;L;1;4;;270;7516;7518;32789;;
51;9;28815;L;5;0;;488393;488586;488366;34097;;
51;9;28042;L;5;0;;484582;484506;484602;33538;;
51;9;36179;L;5;0;;525654;525644;525676;34203;;
51;9;19127;L;1;4;;270;7114;6546;38;;
51;9;30891;L;5;0;;499102;499732;499091;34758;;
51;9;31606;L;5;0;;502451;501363;502463;34916;;
51;9;18870;L;1;4;;270;5470;6110;27;;
51;9;32519;L;5;0;;504327;487363;507933;34925;;
51;9;18265;L;1;4;;270;4508;10500;20;;
51;9;28841;L;5;0;;489006;488998;488407;34097;;
51;9;30433;L;5;0;;497363;497273;497200;33110;;
51;9;17686;L;1;4;;270;8668;8670;23;;
51;9;28896;L;5;0;;489342;488324;489351;34097;;
51;9;18582;L;1;3;;314;3552;3488;31;;
51;9;18479;L;1;4;;270;3786;8110;31;;
51;9;18063;L;1;4;;270;1504;9830;32834;;
51;9;31392;L;5;0;;501678;502222;502294;34916;;
51;9;18879;L;1;4;;270;244;940;27;;
51;9;18474;L;1;4;;270;3124;8114;31;;
51;9;12581;L;1;4;;270;312;762;23;;
51;9;29163;L;5;0;;490945;490927;527012;34499;;
51;9;29695;L;5;0;;493438;490383;490397;34499;;
51;9;36067;L;5;0;;525166;525155;525181;34203;;
51;9;25985;L;1;4;;270;2124;9794;20;;
51;9;28460;L;5;0;;486971;486412;486979;40;;
51;9;18966;L;1;4;;270;5602;9156;27;;
51;9;16288;L;1;4;;270;1918;10290;40;;
51;9;17658;L;1;4;;270;5878;5882;23;;
51;9;27979;L;5;0;;484207;526949;483624;40;;
51;9;16174;L;1;3;;314;5188;5190;40;;
51;9;30522;L;5;0;;497734;497736;497755;33110;;
51;9;18241;L;1;4;;270;410;10548;20;;
51;9;35687;L;5;0;;523232;523292;521166;33951;;
51;9;32632;L;5;0;;508818;508797;487363;34400;;
51;9;18162;L;1;4;;270;5858;5860;33948;;
51;9;31429;L;5;0;;526701;502428;501449;34916;;
51;9;18088;L;1;4;;270;9502;9504;32849;;
51;9;1034;L;1;1;;2200;2202;2002;40;;
51;9;18854;L;1;4;;270;7842;5838;27;;
51;9;17736;L;1;4;;270;3926;8376;8;;
51;9;28439;L;5;0;;486809;486798;486856;33485;;
51;9;25185;L;1;4;;270;4080;6582;34676;;
51;9;18116;L;1;4;;270;3250;8130;32780;;
51;9;35940;L;5;0;;524116;524102;524505;33482;;
51;9;32392;L;5;0;;501344;507148;485882;34221;;
51;9;17777;L;1;4;;270;1246;6594;1;;
51;9;18069;L;1;4;;270;1508;8322;19;;
51;9;17907;L;1;4;;270;7502;10376;33572;;
51;9;19023;L;1;4;;270;4122;5424;27;;
51;9;31900;L;5;0;;495575;504686;505053;33151;;
51;9;17702;L;1;4;;270;4924;6876;22;;
51;9;27430;L;1;4;;270;7966;1944;33587;;
51;9;18113;L;1;4;;270;10340;3264;32845;;
51;9;25249;L;1;4;;270;1630;516;8;;
51;9;36164;L;5;0;;525609;525585;525617;22;;
51;9;28969;L;5;0;;489767;489742;489780;34499;;
51;9;19079;L;1;4;;270;2840;1162;38;;
51;9;14807;L;6;2;;2298;2300;1680;8;;
51;9;29687;L;5;0;;490383;490361;490205;34499;;
51;9;28361;L;5;0;;486227;483255;1962;40;;
51;9;31886;L;5;0;;504780;504918;504710;33151;;
51;9;29419;L;5;0;;490620;491937;490644;34499;;
51;9;18674;L;1;4;;270;9684;9686;34438;;
51;9;26772;L;1;4;;270;6684;6688;41;;
51;9;17801;L;1;4;;270;7908;7910;34328;;
51;9;18924;L;1;4;;270;10698;5842;27;;
51;9;16306;L;1;3;;270;442;440;40;;
51;9;35395;L;5;0;;526511;526515;526509;32812;;
51;9;35726;L;5;0;;523456;523445;523063;33951;;
51;9;17807;L;1;4;;270;4636;8558;39;;
51;9;29454;L;5;0;;490747;489977;491962;34499;;
51;9;18463;L;1;4;;270;4084;1574;31;;
51;9;26433;L;1;4;;270;6678;6680;41;;
51;9;26851;L;1;4;;270;6692;2238;41;;
51;9;18451;L;1;4;;270;3394;3390;32;;
51;9;24906;L;1;4;;270;2932;5822;35;;
51;9;35162;L;5;0;;485882;484432;520687;34400;;
51;9;18147;L;1;4;;270;3254;8410;19;;
51;9;16331;L;1;4;;270;3378;5708;32951;;
51;9;31552;L;5;0;;503232;501794;503257;34916;;
51;9;30015;L;5;0;;495025;4668;495000;39;;
51;9;18433;L;1;4;;270;4268;3386;13;;
51;9;18665;L;1;4;;270;5014;922;34543;;
51;9;28709;L;5;0;;488190;488168;488264;38;;
51;9;25232;L;1;4;;270;2704;5136;39;;
51;9;31217;L;5;0;;501282;501351;501363;34916;;
51;9;18886;L;1;4;;270;2256;1884;27;;
51;9;30221;L;5;0;;496129;496104;526494;33111;;
51;9;31670;L;5;0;;488190;503846;503780;12;;
51;9;1183;L;6;1;;2258;2260;2262;1;;
51;9;18805;L;1;4;;270;10142;2938;27;;
51;9;24925;L;1;4;;270;5364;5928;12;;
51;9;18455;L;1;4;;270;3366;3970;33;;
51;9;18139;L;1;4;;270;3230;7148;32785;;
51;9;32700;L;5;0;;509116;314;509129;26;;
51;9;18772;L;1;4;;270;5722;6340;27;;
51;9;30074;L;5;0;;495365;495343;495215;34331;;
51;9;32315;L;5;0;;486512;507072;507097;32864;;
51;9;19048;L;1;4;;270;2988;974;34082;;
51;9;17917;L;1;4;;270;5128;1028;11;;
51;9;18257;L;1;4;;270;5404;5406;20;;
51;9;18131;L;1;4;;270;7520;7522;32829;;
51;9;18877;L;1;4;;270;1856;1852;34617;;
51;9;18369;L;1;4;;270;3956;4860;8;;
51;9;18511;L;1;4;;270;890;2524;31;;
51;9;19101;L;1;4;;270;4140;10082;34147;;
51;9;17746;L;1;4;;270;1228;7760;21;;
51;9;35243;L;5;0;;520999;508775;501183;34409;;
51;9;1010;L;1;1;A23;;988;1018;12;;528348
51;9;32642;L;5;0;;508665;508552;484432;34400;;
51;9;31112;L;5;0;;500756;500736;500729;24;;
51;9;18043;L;1;4;;270;614;5402;19;;
51;9;17735;L;1;4;;270;10050;8376;22;;
51;9;1151;L;1;3;;314;3128;1204;8;;
51;9;30742;L;5;0;;498728;498711;499057;34753;;
51;9;18180;L;1;4;;270;2772;6504;33972;;
51;9;31787;L;5;0;;503960;503950;526603;28;;
51;9;35675;L;5;0;;523225;523210;523246;33951;;
51;9;18294;L;1;4;;270;10154;8654;20;;
51;9;17868;L;1;4;;270;812;6936;23;;
51;9;24897;L;1;4;;270;2866;5376;35;;
51;9;18693;L;1;4;;270;1674;5804;18;;
51;9;32011;L;5;0;;505449;505343;505417;34110;;
51;9;18375;L;1;4;;270;852;8302;33;;
51;9;31508;L;5;0;;502995;502087;503014;34916;;
51;9;29559;L;5;0;;490814;489977;492780;27;;
51;9;18513;L;1;4;;270;5496;5488;31;;
51;9;17719;L;1;4;;270;3916;9786;33108;;
51;9;19095;L;1;4;;270;2948;4770;12;;
51;9;17888;L;1;4;;270;7836;7838;39;;
51;9;17946;L;1;3;;314;5148;2456;11;;
51;9;28121;L;5;0;;484927;484655;484953;33538;;
51;9;35557;L;5;0;;522656;521166;521524;41;;
51;9;29153;L;5;0;;490907;490593;490591;34499;;
51;9;32255;L;5;0;;506819;506803;506832;32864;;
51;9;19030;L;1;4;;270;2546;8162;12;;
51;9;35817;L;5;0;;523634;523607;523354;33951;;
51;9;18872;L;1;4;;270;6110;4114;27;;
51;9;31534;L;5;0;;502908;502087;503132;34916;;
51;9;16323;L;1;4;;270;5660;8168;8;;
51;9;32729;L;5;0;;508500;508442;526722;26;;
51;9;25193;L;1;4;;270;6900;6902;24;;
51;9;32020;L;5;0;;505723;505726;505733;20;;
51;9;18672;L;1;4;;270;3854;3362;26;;
51;9;26742;L;1;4;;270;10238;10252;33960;;
51;9;29794;L;5;0;;493917;491481;489702;34499;;
51;9;32041;L;5;0;;496462;505765;505828;32988;;
51;9;35479;L;5;0;;522256;522253;521264;32812;;
51;9;28548;L;5;0;;487381;484432;487389;33485;;
51;9;1067;L;1;2;H6;314;3222;1184;8;;27596
51;9;32168;L;5;0;;504941;505839;506121;32988;;
51;9;32462;L;5;0;;504163;507888;507908;34925;;
51;9;18990;L;1;4;;270;4122;2964;27;;
51;9;35414;L;5;0;;521995;521952;522008;32812;;
51;9;18111;L;1;4;;270;6420;7260;32814;;
51;9;27714;L;1;1;A13;;2786;2796;41;;27411
51;9;24954;L;1;4;;270;2934;10626;35;;
51;9;28051;L;5;0;;484629;484595;484644;33538;;
51;9;31860;L;5;0;;504828;504831;496287;23;;
51;9;35863;L;5;0;;524062;524042;524080;33482;;
51;9;27841;L;5;0;;482659;482674;482714;33485;;
51;9;29691;L;5;0;;490205;490383;490158;34499;;
51;9;16202;L;1;4;;270;7722;8166;40;;
51;9;24943;L;1;4;;270;10666;10720;34134;;
51;9;28023;L;5;0;;484491;483309;484506;33538;;
51;9;16195;L;1;4;;270;4368;6184;40;;
51;9;18722;L;1;4;;270;1916;3756;30;;
51;9;28066;L;5;0;;484677;484669;484701;33538;;
51;9;18984;L;1;4;;270;8228;5446;27;;
51;9;18047;L;1;4;;270;8806;8808;19;;
51;9;35504;L;5;0;;522357;522346;522373;32812;;
51;9;29398;L;5;0;;526873;485882;491893;34499;;
51;9;30455;L;5;0;;497450;497442;496795;33110;;
51;9;29057;L;5;0;;490286;490261;490300;27;;
51;9;31450;L;5;0;;502481;502470;502341;34916;;
51;9;31781;L;5;0;;504374;504355;526385;34501;;
51;9;31101;L;5;0;;498325;500384;500717;24;;
51;9;17615;L;1;4;;270;744;6238;24;;
51;9;18652;L;1;4;;270;2526;6438;31;;
51;9;16209;L;1;4;;270;4740;9940;40;;
51;9;18575;L;1;4;;270;9270;3370;26;;
51;9;18810;L;1;4;295;314;460;244;8;;27339
51;9;29588;L;5;0;;492950;490158;490097;34499;;
51;9;18352;L;1;3;;314;1276;4362;1;;
51;9;19057;L;1;3;;314;5442;5444;34083;;
51;9;16259;L;1;3;;314;2602;4026;40;;
51;9;30699;L;5;0;;498742;498711;498791;24;;
51;9;18882;L;1;4;;270;3096;8034;27;;
51;9;17633;L;1;4;;270;308;8394;23;;
51;9;18950;L;1;4;;270;8856;2552;35;;
51;9;35729;L;5;0;;527772;521166;523478;33951;;
51;9;32165;L;5;0;;506050;506405;505839;32988;;
51;9;17838;L;1;4;;270;5512;5938;23;;
51;9;18289;L;1;4;;270;5352;7986;32953;;
51;9;18145;L;1;4;;270;9710;9712;32780;;
51;9;18927;L;1;4;;270;5718;5480;27;;
51;9;36052;L;5;0;;525096;525093;525114;22;;
51;9;30403;L;5;0;;497231;497237;496251;23;;
51;9;18584;L;1;4;;270;8278;3544;26;;
51;9;28054;L;5;0;;484622;484595;484655;33538;;
51;9;35961;L;5;0;;524591;524580;524602;33482;;
51;9;18205;L;1;4;;270;540;5754;41;;
51;9;17447;L;1;4;226;314;450;452;33494;;27336
51;9;32559;L;5;0;;489497;270;508449;26;;
51;9;19104;L;1;4;;270;1020;9694;38;;
51;9;17809;L;1;4;;270;4636;4672;39;;
51;9;17826;L;1;4;;270;9072;9074;11;;
51;9;27972;L;5;0;;486541;484162;483410;33486;;
51;9;19015;L;1;4;;270;7496;846;12;;
51;9;1093;L;1;3;;314;4498;4234;20;;
51;9;30127;L;5;0;;495575;495556;495605;23;;
51;9;18058;L;1;4;;270;7104;7106;32802;;
51;9;35581;L;5;0;;522753;522745;522771;33951;;
51;9;16158;L;1;4;;270;822;2732;40;;
51;9;18227;L;1;4;;7488;3198;7490;20;;
51;9;18001;L;1;4;;270;6640;7050;23;;
51;9;17726;L;1;4;;270;8548;3412;33463;;
51;9;18279;L;1;4;;270;6740;10472;20;;
51;9;1054;L;1;2;H14;314;2906;2260;12;;27535
51;9;35342;L;5;0;;521587;521590;521604;41;;
51;9;32544;L;5;0;;508055;508047;508376;34925;;
51;9;17661;L;1;4;;270;2442;5520;23;;
51;9;26683;L;1;4;;270;9020;10420;32979;;
51;9;18986;L;1;4;;270;1870;5448;27;;
51;9;14804;L;1;3;;1160;186;184;34098;;
51;9;32240;L;5;0;;506761;506748;526720;19;;
51;9;18658;L;1;4;;270;5932;5722;8;;
51;9;32635;L;5;0;;487363;508818;501170;34400;;
51;9;32318;L;5;0;;485089;483610;488190;35;;
51;9;18880;L;1;4;;270;3094;8032;27;;
51;9;32070;L;5;0;;505943;505946;505974;20;;
51;9;17827;L;1;4;;270;9758;7042;23;;
51;9;30297;L;5;0;;496556;496559;496566;33110;;
51;9;17675;L;1;3;;314;2068;786;23;;
51;9;18904;L;1;4;;270;5102;7206;27;;
51;9;17700;L;1;4;;270;8542;5642;22;;
51;9;18529;L;1;4;;270;4980;3516;26;;
51;9;31982;L;5;0;;505488;505442;526933;12;;
51;9;18683;L;1;4;;270;3846;5254;14;;
51;9;18431;L;1;3;;314;3366;3976;33;;
51;9;18802;L;1;4;;270;10088;4528;27;;
51;9;29660;L;5;0;;493169;493274;490530;34499;;
51;9;17623;L;1;4;;270;272;2430;24;;
51;9;1078;L;1;2;H21;314;3422;284;1;;27560
51;9;17703;L;1;4;;270;258;9174;34203;;
51;9;32085;L;5;0;;506004;506015;505974;20;;
51;9;19122;L;1;4;;270;5412;5808;38;;
51;9;16143;L;1;4;;270;1948;7130;40;;
51;9;31555;L;5;0;;503257;503232;503268;34916;;
51;9;17875;L;1;4;;270;1046;6016;39;;
51;9;19092;L;1;4;;270;238;10060;34097;;
51;9;30475;L;5;0;;497540;497530;497551;33110;;
51;9;18558;L;1;4;;270;3850;4966;26;;
51;9;29196;L;5;0;;489997;491160;491186;34499;;
51;9;17890;L;1;4;;270;326;3924;39;;
51;9;16028;L;1;4;;270;3468;1828;40;;
51;9;30586;L;5;0;;498041;495351;498056;33110;;
51;9;31084;L;5;0;;500627;500606;500643;34753;;
51;9;18947;L;1;4;;270;5162;8106;35;;
51;9;18763;L;1;4;;270;1766;6032;8;;
51;9;1134;L;1;3;470;314;668;670;12;;27384
51;9;12611;L;1;4;;270;410;4240;20;;
51;9;35855;L;5;0;;524026;524018;524037;41;;
51;9;24924;L;1;4;;270;5360;6366;12;;
51;9;16279;L;1;4;;270;4560;5270;40;;
51;9;18399;L;1;4;;270;1434;5094;33;;
51;9;17995;L;1;4;;270;5542;9444;23;;
51;9;18669;L;1;4;;270;202;8782;26;;
51;9;28035;L;5;0;;484551;484531;484559;33538;;
51;9;25209;L;1;4;;270;7622;7200;31;;
51;9;35984;L;5;0;;524315;524172;524305;33482;;
51;9;1048;L;1;1;A7;;1718;670;1;;27469
51;9;16298;L;1;4;;270;1368;10676;32931;;
51;9;35173;L;5;0;;520611;520603;520720;34400;;
51;9;18662;L;1;4;;270;4352;4454;8;;
51;9;17861;L;1;4;;270;2456;316;11;;
51;9;17640;L;1;4;;270;5050;768;23;;
51;9;30212;L;5;0;;496096;495872;496104;33111;;
51;9;18217;L;1;4;;270;6698;3274;41;;
51;9;18381;L;1;4;;270;7846;7850;13;;
51;9;19006;L;1;4;;270;2956;6122;34105;;
51;9;24949;L;1;4;;270;3024;6516;35;;
51;9;18460;L;1;3;;314;4088;3982;31;;
51;9;17962;L;1;4;;270;5148;2460;11;;
51;9;17966;L;1;4;;270;5220;9328;11;;
51;9;16092;L;1;4;;270;2500;4430;33563;;
51;9;32223;L;5;0;;506693;489255;506671;32864;;
51;9;16050;L;1;3;;314;4366;426;40;;
51;9;1049;L;1;1;;2208;2210;2078;33196;;
51;9;16175;L;1;3;;314;4680;5190;8;;
51;9;28453;L;5;0;;486823;486798;8450;40;;
51;9;18625;L;1;4;;270;3532;3602;31;;
51;9;1021;L;1;1;;2184;2186;1474;34916;;
51;9;19041;L;1;4;;270;2968;3514;34527;;
51;9;26523;L;1;4;;270;542;8848;34025;;
51;9;30300;L;5;0;;496566;496556;496596;33110;;
51;9;35778;L;5;0;;523736;523292;523744;33951;;
51;9;16171;L;1;4;;270;4654;8840;40;;
51;9;17958;L;1;4;;270;6770;6772;39;;
51;9;18786;L;1;4;;270;462;3118;31;;
51;9;30218;L;5;0;;495915;496104;495872;33111;;
51;9;30640;L;5;0;;495365;498325;498353;33110;;
51;9;16290;L;1;4;;270;4732;7922;33481;;
51;9;18977;L;1;4;;270;4618;2968;27;;
51;9;36122;L;5;0;;525422;525411;495351;34203;;
51;9;12593;L;1;4;;270;2088;250;11;;
51;9;16072;L;1;4;;270;10078;4888;40;;
51;9;1148;L;1;2;H223;314;528818;444;40;;369766
51;9;16113;L;1;4;;270;7384;2742;33503;;
51;9;18842;L;1;4;;270;2894;2982;12;;
51;9;18282;L;1;4;;270;4302;7390;32944;;
51;9;12623;L;1;2;;2416;2418;2420;1;;
51;9;17897;L;1;4;;270;5040;1050;8;;
51;9;35603;L;5;0;;522844;522836;522855;33951;;
51;9;29190;L;5;0;;491095;491084;490678;27;;
51;9;28489;L;5;0;;484204;483381;483281;40;;
51;9;29751;L;5;0;;490490;490455;527227;34499;;
51;9;16243;L;1;4;;270;4384;6412;33566;;
51;9;30571;L;5;0;;497984;497976;495351;33110;;
51;9;28294;L;5;0;;484432;485863;485882;33536;;
51;9;16247;L;1;4;;270;3496;7972;40;;
51;9;17906;L;1;4;;270;4666;4670;39;;
51;9;18799;L;1;4;;270;10142;4330;8;;
51;9;27289;L;1;4;;10838;653256;653258;32804;;
51;9;25218;L;1;4;;270;3528;5454;8;;
51;9;17817;L;1;4;;270;372;5764;33104;;
51;9;32155;L;5;0;;505997;505974;498886;32988;;
51;9;18896;L;1;3;;314;1884;4830;27;;
51;9;17910;L;1;4;;270;4658;5412;39;;
51;9;35286;L;5;0;;521166;521248;521298;41;;
51;9;18008;L;1;4;;270;5536;6178;23;;
51;9;29867;L;5;0;;494280;491025;494231;34554;;
51;9;27982;L;5;0;;484219;483624;484228;33485;;
51;9;17913;L;1;3;;314;5128;1032;11;;
51;9;26692;L;1;4;;10988;6898;392;20;;
51;9;17924;L;1;4;;270;5128;7550;33122;;
51;9;18181;L;1;4;;270;2772;6506;33972;;
51;9;16295;L;1;4;;270;458;6532;40;;
51;9;17605;L;1;4;;270;252;6904;24;;
51;9;12616;L;1;4;;10866;1548;9496;1;;
51;9;30333;L;5;0;;495020;527610;497118;23;;
51;9;17747;L;1;4;;270;6980;7760;21;;
51;9;29269;L;5;0;;491470;491456;491481;34499;;
51;9;31097;L;5;0;;500683;498325;500699;24;;
51;9;31009;L;5;0;;498592;498566;500295;34753;;
51;9;17850;L;1;4;;270;5548;7180;33194;;
51;9;18899;L;1;4;;270;5102;672;27;;
51;9;18398;L;1;4;;270;1434;5092;33;;
51;9;18578;L;1;4;;270;700;4600;34403;;
51;9;17611;L;1;4;;270;2466;4650;39;;
51;9;28806;L;5;0;;488866;488818;488466;34097;;
51;9;35401;L;5;0;;521651;521945;521959;32812;;
51;9;18238;L;1;4;;270;10248;10250;20;;
51;9;29575;L;5;0;;490318;490083;485673;34499;;
51;9;18435;L;1;4;;270;5122;4252;13;;
51;9;30436;L;5;0;;497374;497273;497200;33110;;
51;9;18725;L;1;4;;270;1634;5074;30;;
51;9;18993;L;1;4;;270;2948;1584;12;;
51;9;35392;L;5;0;;526515;526517;526511;32812;;
51;9;30977;L;5;0;;500005;500128;526832;34753;;
51;9;28545;L;5;0;;487368;487376;487363;33485;;
51;9;36432;L;1;4;;270;4234;4236;20;;
51;9;18390;L;1;4;;270;4396;6556;13;;
51;9;30236;L;5;0;;496239;496244;496251;23;;
51;9;18859;L;1;4;;270;1736;5848;27;;
51;9;18211;L;1;4;;270;7818;7820;41;;
51;9;26751;L;1;4;;270;8736;9432;33951;;
51;9;18659;L;1;4;;270;8196;4458;8;;
51;9;25228;L;1;4;;270;852;8312;33;;
51;9;36155;L;5;0;;525496;525398;525486;34203;;
51;9;18989;L;1;3;;314;968;5458;12;;
51;9;31590;L;5;0;;486547;501183;526618;34916;;
51;9;1036;L;1;1;A5;;782;226;8;;27451
51;9;29846;L;5;0;;484499;488190;489702;34554;;
51;9;18530;L;1;4;;270;4978;9874;26;;
51;9;28388;L;5;0;;482668;484403;486419;40;;
51;9;30947;L;5;0;;499976;1758;500005;34753;;
51;9;25238;L;1;3;;314;5106;5450;27;;
51;9;31109;L;5;0;;500736;500726;500756;24;;
51;9;27112;L;1;3;;314;3114;4574;31;;
51;9;30062;L;5;0;;495125;495107;495320;34331;;
51;9;17609;L;1;3;;314;250;812;11;;
51;9;31478;L;5;0;;502087;502076;502865;34916;;
51;9;18334;L;1;4;;270;6300;5396;33;;
51;9;18755;L;1;4;;270;9240;4146;14;;
51;9;18007;L;1;4;;270;4492;3894;23;;
51;9;30442;L;5;0;;497398;496795;497426;33110;;
51;9;31415;L;5;0;;502375;502346;501525;34916;;
51;9;29320;L;5;0;;489742;489670;489688;34499;;
51;9;18818;L;1;4;;270;5612;5608;27;;
51;9;26986;L;1;4;;270;5304;8972;40;;
51;9;16200;L;1;4;;270;7722;4740;40;;
51;9;18320;L;1;4;;270;2102;6270;32946;;
51;9;16178;L;1;4;;270;5318;1900;40;;
51;9;27930;L;5;0;;483750;483725;483876;40;;
51;9;28190;L;5;0;;483909;485264;485181;33536;;
51;9;32567;L;5;0;;508449;508464;508442;26;;
51;9;30935;L;5;0;;499932;1758;10850;34753;;
51;9;18333;L;1;4;VD725;270;320;369450;33052;;369452
51;9;16103;L;1;3;;314;3490;4424;40;;
51;9;18424;L;1;4;;270;3390;1442;32;;
51;9;25197;L;1;4;;270;6974;4512;34679;;
51;9;19053;L;1;4;;270;2826;9954;34094;;
51;9;17803;L;1;4;;270;7448;1040;34308;;
51;9;25178;L;1;4;;270;1330;7442;33948;;
51;9;28857;L;5;0;;488714;488681;488303;34097;;
51;9;17627;L;1;4;;270;758;308;11;;
51;9;17949;L;1;4;;270;5148;2454;11;;
51;9;29765;L;5;0;;489255;490455;491849;34499;;
51;9;18728;L;1;4;;270;5436;1956;30;;
51;9;35469;L;5;0;;522222;521412;522237;32812;;
51;9;25227;L;1;4;;270;214;10760;34925;;
51;9;24935;L;1;4;;270;678;6368;35;;
51;9;18884;L;1;4;;270;2256;1880;27;;
51;9;31725;L;5;0;;504163;503772;485882;34501;;
51;9;30167;L;5;0;;495782;495764;495795;33111;;
51;9;18314;L;1;4;;270;386;9018;20;;
51;9;35150;L;5;0;;508694;520562;486348;34400;;
51;9;36055;L;5;0;;525114;525096;525816;34203;;
51;9;18742;L;1;4;;270;3732;7992;32779;;
51;9;18623;L;1;4;;270;3600;6358;31;;
51;9;24946;L;1;4;;270;6366;682;35;;
51;9;30620;L;5;0;;497837;497827;496632;33110;;
51;9;30174;L;5;0;;495821;495795;495840;33111;;
51;9;30729;L;5;0;;498948;498940;498959;34753;;
51;9;17909;L;1;4;;270;4660;7996;33657;;
51;9;29144;L;5;0;;490790;527991;489977;34499;;
51;9;16257;L;1;4;;270;8776;9260;33642;;
51;9;17889;L;1;3;;314;326;4656;39;;
51;9;17944;L;1;3;;314;736;4914;23;;
51;9;17951;L;1;4;;270;9682;9324;39;;
51;9;1014;L;1;1;A14;;202;214;14;;369920
51;9;28384;L;5;0;;484411;484432;484403;33485;;
51;9;29736;L;5;0;;490390;493527;493373;34499;;
51;9;30273;L;5;0;;496440;496427;496451;33110;;
51;9;18767;L;1;4;;270;922;5746;27;;
51;9;28638;L;5;0;;485934;487769;487869;33485;;
51;9;19087;L;1;3;;314;4138;1020;38;;
51;9;1075;L;1;2;H17;314;1674;3032;8;;27544
51;9;26648;L;1;4;;270;7408;2124;20;;
51;9;29644;L;5;0;;493230;490455;493238;34499;;
51;9;16302;L;1;4;;270;434;10040;40;;
51;9;32416;L;5;0;;507223;485882;488190;34221;;
51;9;32764;L;5;0;;501170;508552;484499;34400;;
51;9;25216;L;1;4;;270;5932;4458;8;;
51;9;30107;L;5;0;;494928;495479;494899;34331;;
51;9;12567;L;1;4;;10918;6730;10920;41;;
51;9;18976;L;1;4;;270;4616;7454;34521;;
51;9;28163;L;5;0;;485174;485156;485124;33536;;
51;9;18620;L;1;4;;270;5486;3592;34406;;
51;9;18765;L;1;4;;270;4456;1766;8;;
51;9;28027;L;5;0;;484499;484514;484531;33538;;
51;9;18700;L;1;4;;270;1686;10002;14;;
51;9;30309;L;5;0;;496614;496596;496646;23;;
51;9;25182;L;1;4;;270;956;5978;34227;;
51;9;25189;L;1;4;;10842;10844;6228;24;;
51;9;29729;L;5;0;;493155;490523;493373;34499;;
51;9;18741;L;1;4;;270;8912;8914;32779;;
51;9;35444;L;5;0;;522130;522041;522138;32812;;
51;9;17939;L;1;4;;270;10502;10504;34319;;
51;9;35843;L;5;0;;523987;522929;522881;41;;
51;9;24915;L;1;4;;270;5484;686;12;;
51;9;18795;L;1;4;;270;6052;4324;31;;
51;9;18104;L;1;4;;270;7158;7160;19;;
51;9;1084;L;1;2;H29;314;3646;2274;19;;27581
51;9;12559;L;1;4;;270;574;576;33952;;
51;9;17650;L;1;4;;270;6068;6070;23;;
51;9;17708;L;1;4;;270;8632;8634;1;;
51;9;18117;L;1;4;;270;3250;8128;32780;;
51;9;30986;L;5;0;;500181;1758;498634;34753;;
51;9;19065;L;1;4;;270;4808;666;36;;
51;9;29929;L;5;0;;485882;489560;494629;34504;;
51;9;17740;L;1;3;;314;4064;4522;21;;
51;9;18618;L;1;4;;270;3584;6078;26;;
51;9;18861;L;1;4;;270;5034;2976;34517;;
51;9;29247;L;5;0;;491376;489476;527151;27;;
51;9;35934;L;5;0;;524468;524165;524198;33482;;
51;9;18248;L;1;4;;270;410;5990;20;;
51;9;1105;L;1;3;;314;5434;4146;30;;
51;9;18488;L;1;3;;314;3778;2528;31;;
51;9;16190;L;1;4;;270;5188;9652;40;;
51;9;30407;L;5;0;;496251;497231;497260;23;;
51;9;18730;L;1;3;;314;3352;1696;30;;
51;9;30348;L;5;0;;496868;496857;496880;33110;;
51;9;18283;L;1;4;;270;9492;9494;32944;;
51;9;31160;L;5;0;;500086;500353;499386;34753;;
51;9;35261;L;5;0;;521132;509019;521151;34400;;
51;9;17973;L;1;4;;270;5000;6706;11;;
51;9;17671;L;1;4;;270;786;2382;23;;
51;9;19100;L;1;4;;270;994;4140;38;;
51;9;27960;L;5;0;;483992;483984;483967;33485;;
51;9;18125;L;1;4;;270;2804;2808;19;;
51;9;31206;L;5;0;;501289;501323;501363;13;;
51;9;18209;L;1;4;;270;528;9458;41;;
51;9;31878;L;5;0;;504764;497551;504761;33151;;
51;9;16122;L;1;4;;270;5392;1898;40;;
51;9;1027;L;1;1;A23;;1976;2244;35;;528348
51;9;18673;L;1;4;;270;1698;8338;14;;
51;9;30989;L;5;0;;1758;500181;498571;24;;
51;9;32190;L;5;0;;506109;505765;505967;32988;;
51;9;12599;L;1;4;;270;208;8054;30;;
51;9;19019;L;1;4;;270;4590;7348;35;;
51;9;30282;L;5;0;;496479;496471;496490;33110;;
51;9;18443;L;1;4;;270;4252;7334;13;;
51;9;19140;L;1;4;;270;2936;6618;35;;
51;9;17798;L;1;4;;270;4642;346;39;;
51;9;29908;L;5;0;;494505;494497;489560;27;;
51;9;18933;L;1;4;;270;4532;2920;12;;
51;9;16325;L;1;4;;270;4426;10724;33511;;
51;9;26686;L;1;4;;270;3442;5110;11;;
51;9;18789;L;1;4;;270;3098;5608;27;;
51;9;17628;L;1;4;;270;6776;6778;23;;
51;9;18721;L;1;4;;270;1892;1916;30;;
51;9;16328;L;1;4;;270;5500;10710;33500;;
51;9;18543;L;1;4;;270;2626;7970;26;;
51;9;18589;L;1;4;;270;1432;5286;8;;
51;9;30827;L;5;0;;499462;499446;499475;34753;;
51;9;18030;L;1;4;;270;3640;9536;32815;;
51;9;25213;L;1;4;;270;7938;7940;31;;
51;9;12582;L;1;4;;2366;2368;768;23;;
51;9;12573;L;1;4;;2390;2392;2394;8;;
51;9;1351;L;1;3;;314;3868;4112;27;;
51;9;18253;L;1;4;;270;4244;4242;32992;;
51;9;28116;L;5;0;;484655;484769;484936;33538;;
51;9;29009;L;5;0;;489982;489977;483610;27;;
51;9;17814;L;1;4;;270;4634;8852;39;;
51;9;17967;L;1;4;;270;9328;10006;33132;;
51;9;30430;L;5;0;;497350;497297;497358;33110;;
51;9;17945;L;1;3;;314;2454;4994;23;;
51;9;28110;L;5;0;;484751;484769;484736;33538;;
51;9;18203;L;1;4;;270;4958;6718;33951;;
51;9;28663;L;5;0;;487851;487795;483750;33485;;
51;9;28941;L;5;0;;489490;489468;489608;27;;
51;9;1062;L;1;2;;314;1698;1680;14;;
51;9;18506;L;1;4;;270;4936;4318;31;;
51;9;26617;L;1;4;;270;5134;4300;32984;;
51;9;29128;L;5;0;;489977;490747;490821;27;;
51;9;31854;L;5;0;;504731;504717;504800;23;;
51;9;28803;L;5;0;;488497;488481;488504;34097;;
51;9;29036;L;5;0;;490158;490150;490227;34499;;
51;9;29863;L;5;0;;491025;484499;1962;34554;;
51;9;32366;L;5;0;;488168;507279;507164;35;;
51;9;29233;L;5;0;;526402;490790;1008;34499;;
51;9;28938;L;5;0;;489567;489573;489557;27;;
51;9;35964;L;5;0;;524602;524591;524528;33482;;
51;9;28010;L;5;0;;484403;484363;484411;33485;;
51;9;26673;L;1;4;;270;8876;8878;20;;
51;9;16107;L;1;4;;270;4798;3510;40;;
51;9;19075;L;1;4;;270;628;7668;38;;
51;9;26660;L;1;4;;270;3432;9340;32936;;
51;9;18087;L;1;4;;270;7638;7640;19;;
51;9;35967;L;5;0;;524528;524547;524123;33482;;
51;9;18094;L;1;4;;270;1114;10740;32874;;
51;9;28871;L;5;0;;488201;488188;488190;34097;;
51;9;18811;L;1;4;;270;4334;4336;27;;
51;9;32005;L;5;0;;505343;488168;505594;34110;;
51;9;36209;L;5;0;;525785;525774;525103;34203;;
51;9;18326;L;1;4;;270;5110;6798;32963;;
51;9;36206;L;5;0;;525774;525763;525785;34203;;
51;9;25240;L;1;4;;270;2516;3552;31;;
51;9;17848;L;1;4;;270;5548;7172;23;;
51;9;31635;L;5;0;;501904;501230;503647;34916;;
51;9;28287;L;5;0;;485370;485255;485723;33536;;
51;9;32323;L;5;0;;489977;507136;507148;35;;
51;9;27881;L;5;0;;483417;483255;1962;40;;
51;9;26942;L;1;4;;270;7130;5506;40;;
51;9;17688;L;1;4;;270;2068;3910;23;;
51;9;28032;L;5;0;;484531;484541;484499;33538;;
51;9;18284;L;1;4;;270;4296;8616;32932;;
51;9;18359;L;1;4;;270;7590;4696;13;;
51;9;18573;L;1;4;;270;1422;10190;26;;
51;9;28505;L;5;0;;486247;487201;486227;40;;
51;9;17821;L;1;4;;270;9758;2470;23;;
51;9;18291;L;1;4;;270;10154;2126;20;;
51;9;18602;L;1;4;;270;7788;3534;8;;
51;9;1175;L;1;4;;270;7534;1664;38;;
51;9;19108;L;1;4;;270;7764;7766;38;;
51;9;30077;L;5;0;;495215;495365;495186;34331;;
51;9;16292;L;1;4;;270;1986;8152;40;;
51;9;16003;L;1;4;;270;1204;10228;8;;
51;9;31016;L;5;0;;500313;500288;498626;34753;;
51;9;26491;L;1;4;;270;6276;564;41;;
51;9;1019;L;1;1;A3;;1276;1134;8;;27433
51;9;30065;L;5;0;;495332;495161;495239;34331;;
51;9;16246;L;1;4;;10954;4386;3494;40;;
51;9;31519;L;5;0;;485673;502759;503057;34916;;
51;9;1310;L;1;3;;314;4654;188;40;;
51;9;18127;L;1;4;;270;10462;10564;32810;;
51;9;18141;L;1;4;;270;3242;10184;32783;;
51;9;18649;L;1;4;;270;5012;2528;8;;
51;9;30194;L;5;0;;495940;495931;495953;33111;;
51;9;1122;L;1;3;;314;4236;5404;20;;
51;9;18790;L;1;3;;314;3100;1848;27;;
51;9;17662;L;1;4;;270;8706;8708;23;;
51;9;18345;L;1;4;;270;1736;5786;1;;
51;9;18448;L;1;4;;270;7688;5852;32;;
51;9;19039;L;1;4;;270;4120;8140;27;;
51;9;35339;L;5;0;;526711;526713;521524;32812;;
51;9;28230;L;5;0;;485500;1962;485527;40;;
51;9;17833;L;1;4;;270;7366;7824;23;;
51;9;18770;L;1;4;;270;5098;5628;27;;
51;9;17619;L;1;4;;270;744;6228;24;;
51;9;25199;L;1;4;;270;1384;10106;17;;
51;9;17893;L;1;4;;270;6938;3924;39;;
51;9;24947;L;1;4;;270;2934;10628;12;;
51;9;19089;L;1;4;;270;634;5870;12;;
51;9;27957;L;5;0;;483984;483916;483992;33485;;
51;9;18276;L;1;4;;270;2130;5884;20;;
51;9;18948;L;1;4;;270;2874;7340;35;;
51;9;35457;L;5;0;;521597;521587;522188;32812;;
51;9;16078;L;1;4;;270;3482;9134;8;;
51;9;18995;L;1;4;;270;1896;1894;38;;
51;9;12608;L;1;4;;270;2126;4234;20;;
51;9;28218;L;5;0;;485459;485462;485476;40;;
51;9;16255;L;1;4;;270;4784;6314;40;;
51;9;16240;L;1;4;;270;2596;7292;33539;;
51;9;30577;L;5;0;;496420;495351;496405;33110;;
51;9;16074;L;1;4;;270;6390;8800;33524;;
51;9;29090;L;5;0;;490474;493749;490455;34499;;
51;9;32121;L;5;0;;506225;506217;506236;32988;;
51;9;18403;L;1;4;;270;4950;8262;34682;;
51;9;29341;L;5;0;;490123;489800;490076;34499;;
51;9;18684;L;1;4;;270;5252;4608;14;;
51;9;30538;L;2;2;;497827;;;33110;;
51;9;18350;L;1;4;;270;6320;3178;32;;
51;9;31469;L;5;0;;502759;491572;502799;34;;
51;9;28127;L;5;0;;484911;1182;484936;33538;;
51;9;17637;L;1;3;;314;768;4306;23;;
51;9;19124;L;1;4;;270;3014;6540;38;;
51;9;31227;L;5;0;;501463;501441;501424;34916;;
51;9;19034;L;1;4;;270;9950;4118;27;;
51;9;28247;L;5;0;;485545;485527;527616;40;;
51;9;18100;L;1;3;;314;3250;4820;19;;
51;9;31275;L;5;0;;501703;501660;501716;34916;;
51;9;16104;L;1;4;;270;3494;9248;40;;
51;9;18788;L;1;4;;270;918;922;27;;
51;9;18483;L;1;4;;270;3488;5674;31;;
51;9;30877;L;5;0;;498933;499654;296;34774;;
51;9;18378;L;1;3;;314;4360;4396;13;;
51;9;18913;L;1;3;;314;1718;2924;12;;
51;9;18718;L;1;3;;314;1638;3062;8;;
51;9;28835;L;5;0;;488400;488971;488366;34097;;
51;9;30894;L;5;0;;498996;499745;498986;34769;;
51;9;16180;L;1;4;;270;9670;7656;33480;;
51;9;30419;L;5;0;;497302;496980;497297;33110;;
51;9;28915;L;5;0;;489369;489351;488594;34097;;
51;9;36200;L;5;0;;525755;525471;525763;34203;;
51;9;35271;L;5;0;;521169;521166;521206;32812;;
51;9;16144;L;1;4;;270;4372;8028;40;;
51;9;28241;L;5;0;;483610;485552;485638;33536;;
51;9;27992;L;5;0;;484299;483647;484228;33485;;
51;9;27226;L;1;4;;270;2378;8570;33115;;
51;9;19043;L;1;3;;314;1156;4414;1;;
51;9;19052;L;1;4;;270;1152;9954;38;;
51;9;18023;L;1;4;;270;3634;5912;32799;;
51;9;28358;L;5;0;;486207;483473;483530;33486;;
51;9;17734;L;1;4;;270;10050;2344;8;;
51;9;28551;L;5;0;;487389;487381;487363;33485;;
51;9;18591;L;1;4;;270;3380;9594;31;;
51;9;31168;L;5;0;;500990;500981;498728;34753;;
51;9;18077;L;1;4;;270;3726;8870;19;;
51;9;18311;L;1;4;;270;386;3446;20;;
51;9;16023;L;1;4;;270;7134;7136;33515;;
51;9;29720;L;5;0;;490509;490474;490455;34499;;
51;9;18368;L;1;4;;270;226;3954;33;;
51;9;30767;L;5;0;;499176;499091;499189;24;;
51;9;17769;L;1;4;;270;1186;4062;21;;
51;9;31911;L;5;0;;504896;505064;504764;33151;;
51;9;18233;L;1;4;;270;3188;7796;20;;
51;9;32027;L;5;0;;505751;505733;505765;32988;;
51;9;35791;L;5;0;;523625;523767;523104;33951;;
51;9;28202;L;5;0;;484744;485124;485255;33536;;
51;9;18281;L;1;4;;270;4304;9492;20;;
51;9;14801;L;1;3;;1668;186;172;34934;;
51;9;18476;L;1;4;;270;7460;3124;34937;;
51;9;32296;L;5;0;;506865;506941;486547;32864;;
51;9;35585;L;5;0;;522771;522753;522789;33951;;
51;9;19024;L;1;4;;270;5614;5424;27;;
51;9;18752;L;1;4;388;270;512;514;8;;27354
51;9;28250;L;5;0;;483647;483610;485673;40;;
51;9;28372;L;5;0;;483234;482703;486331;33485;;
51;9;25975;L;1;3;371;314;490;492;30;;27348
51;9;17933;L;1;4;;270;1032;10446;39;;
51;9;24939;L;1;4;;270;8174;6372;12;;
51;9;25231;L;1;4;;270;1766;1702;8;;
51;9;35298;L;5;0;;521360;521341;521373;32812;;
51;9;18716;L;1;4;;270;3748;1648;12;;
51;9;30180;L;5;0;;495859;495850;495872;33111;;
51;9;30799;L;5;0;;499251;499344;498886;34753;;
51;9;32050;L;5;0;;505855;505858;505716;20;;
51;9;17739;L;1;3;;314;3128;5232;33505;;
51;9;18404;L;1;4;;270;5226;5020;13;;
51;9;29982;L;5;0;;494523;494505;489476;27;;
51;9;35517;L;5;0;;521560;522398;521524;32812;;
51;9;30865;L;5;0;;499621;498742;499462;34753;;
51;9;35447;L;5;0;;522138;522130;522082;32812;;
51;9;30553;L;5;0;;497899;497888;494914;23;;
51;9;18518;L;1;4;;270;2514;5802;8;;
51;9;36106;L;5;0;;525359;525291;525367;34203;;
51;9;31580;L;5;0;;501152;503354;503371;13;;
51;9;18343;L;1;4;;270;3950;6134;33;;
51;9;29780;L;5;0;;493749;489255;490474;34499;;
51;9;18961;L;1;4;;270;1912;1914;34523;;
51;9;35886;L;5;0;;524205;524137;524227;33482;;
51;9;18385;L;1;4;;270;7846;1462;13;;
51;9;30149;L;5;0;;495687;495641;495723;33111;;
51;9;16214;L;1;4;;270;5780;5204;40;;
51;9;30561;L;5;0;;497748;497734;497930;33110;;
51;9;16054;L;1;4;;270;2746;1368;40;;
51;9;31335;L;5;0;;485174;501344;490565;34916;;
51;9;17915;L;1;4;;270;6772;2710;39;;
51;9;17772;L;1;4;;270;4072;9470;21;;
51;9;19116;L;1;4;;270;5454;7510;38;;
51;9;32143;L;5;0;;506316;506308;506329;20;;
51;9;31758;L;5;0;;503999;490698;503953;34501;;
51;9;32465;L;5;0;;507908;504163;503878;34925;;
51;9;12564;L;1;4;;10956;5954;10958;41;;
51;9;29550;L;5;0;;489523;489468;490885;34499;;
51;9;17989;L;1;4;;270;7180;5888;23;;
51;9;19098;L;1;4;;270;4772;2840;12;;
51;9;18274;L;1;4;;270;2130;6912;32954;;
51;9;16045;L;1;4;;270;1944;5392;40;;
51;9;30852;L;5;0;;499567;499327;499320;34753;;
51;9;18452;L;1;4;;270;3392;6576;32;;
51;9;18146;L;1;4;;270;9844;9846;32780;;
51;9;18082;L;1;4;;270;1088;6854;19;;
51;9;1082;L;1;2;H27;314;3612;3614;1;;27578
51;9;31794;L;5;0;;504483;504489;504510;23;;
51;9;1040;L;1;1;A1R;2180;2182;888;31;;533030
51;9;18965;L;1;4;;270;4612;5104;27;;
51;9;36113;L;5;0;;525385;525367;525398;34203;;
51;9;16133;L;1;4;;270;5420;4274;40;;
51;9;24951;L;1;4;;270;3024;5744;35;;
51;9;28629;L;5;0;;487735;486254;487748;33485;;
51;9;18824;L;1;4;;270;3876;7246;27;;
51;9;31778;L;5;0;;504355;503890;504374;34501;;
51;9;31836;L;5;0;;504699;504686;504717;33151;;
51;9;24894;L;1;4;;270;2862;5824;35;;
51;9;32687;L;5;0;;504355;509048;509068;34400;;
51;9;18580;L;1;4;;270;4978;1156;26;;
51;9;32447;L;5;0;;507296;488190;507840;34221;;
51;9;30485;L;5;0;;497562;497551;496838;33110;;
51;9;16211;L;1;4;;270;9940;10274;40;;
51;9;27734;L;1;1;A28;314;1140;653260;19;;27430
51;9;28791;L;5;0;;488739;488310;488726;34097;;
51;9;16077;L;1;4;;270;2506;6656;40;;
51;9;31948;L;5;0;;505311;505314;488168;38;;
51;9;16234;L;1;3;;314;2492;3490;40;;
51;9;18142;L;1;4;;270;3246;10354;19;;
51;9;30258;L;5;0;;496239;496351;496371;23;;
51;9;18823;L;1;4;;270;3878;5428;1;;
51;9;18013;L;1;4;;270;4202;1028;11;;
51;9;16079;L;1;4;;270;2506;4884;40;;
51;9;27966;L;5;0;;484019;484014;484331;33485;;
51;9;16087;L;1;3;;314;3496;4786;40;;
51;9;32422;L;5;0;;507279;488168;488190;34221;;
51;9;18083;L;1;4;GR720.10;270;10316;3716;32853;;369507
51;9;14806;L;6;2;;2298;2300;1276;8;;
51;9;18202;L;1;4;;270;2228;3288;41;;
51;9;31806;L;5;0;;504554;497776;504546;33151;;
51;9;29490;L;5;0;;492385;490663;492459;34499;;
51;9;18917;L;1;4;;270;2914;5472;12;;
51;9;31171;L;5;0;;501121;492174;501138;13;;
51;9;19110;L;1;3;;314;968;672;38;;
51;9;32395;L;5;0;;507254;485882;488190;34221;;
51;9;17691;L;1;4;;270;782;10726;23;;
51;9;28890;L;5;0;;488264;489292;488190;34097;;
51;9;18552;L;1;4;;270;2626;3732;34395;;
51;9;18888;L;1;4;;270;3088;1884;27;;
51;9;1110;L;1;3;;314;5360;696;12;;
51;9;18719;L;1;4;;270;1892;3754;30;;
51;9;32607;L;5;0;;486348;508552;508701;34400;;
51;9;18120;L;1;4;;270;4822;10396;32810;;
51;9;18079;L;1;4;;270;4472;6720;32813;;
51;9;16276;L;1;4;;270;9700;5268;33497;;
51;9;30123;L;5;0;;495556;495538;495575;33111;;
51;9;18250;L;1;4;;270;4240;10370;20;;
51;9;18231;L;1;4;;270;3196;8502;20;;
51;9;35302;L;5;0;;521373;521360;521386;32812;;
51;9;18037;L;1;4;;270;3662;9744;32807;;
51;9;1160;L;1;3;212;314;408;410;20;;27327
51;9;1042;L;1;1;A1H;;914;998;27;;528155
51;9;35588;L;5;0;;522789;522771;522800;41;;
51;9;17750;L;1;4;;270;7004;4076;21;;
51;9;26438;L;1;4;;270;3302;6154;32812;;
51;9;16262;L;1;4;;270;2232;5510;40;;
51;9;32114;L;5;0;;506192;506181;497077;20;;
51;9;12620;L;1;4;;10820;728;10822;41;;
51;9;25223;L;1;4;;270;7448;7450;34308;;
51;9;28171;L;5;0;;485181;485089;485255;33536;;
51;9;26859;L;1;4;;270;520;8916;33963;;
51;9;35926;L;5;0;;524095;524080;524198;33482;;
51;9;29334;L;5;0;;489709;491752;369144;27;;
51;9;16105;L;1;4;;270;3506;4790;40;;
51;9;18644;L;1;4;;270;3602;2978;8;;
51;9;18746;L;1;4;;270;214;10758;34925;;
51;9;32752;L;5;0;;483610;509293;509354;34400;;
51;9;17869;L;1;4;;270;812;6642;11;;
51;9;18315;L;1;4;;270;2110;8876;20;;
51;9;32580;L;5;0;;508449;489497;508552;34400;;
51;9;18347;L;1;4;;270;5784;5786;1;;
51;9;1083;L;1;2;H28;314;369388;1496;19;;369407
51;9;18676;L;1;3;;314;2024;498;14;;
51;9;27250;L;1;4;;270;9352;5544;23;;
51;9;32301;L;5;0;;506934;489255;506872;32864;;
51;9;1008;L;1;1;A1A;1268;1270;776;23;;27424
51;9;28956;L;5;0;;489668;489648;489688;34499;;
51;9;16115;L;1;4;;270;2740;7816;40;;
51;9;35207;L;5;0;;520750;520736;508766;26;;
51;9;30368;L;5;0;;496980;496795;495020;23;;
51;9;31942;L;5;0;;505228;504496;505172;33151;;
51;9;30252;L;5;0;;496332;496335;496251;33371;;
51;9;18686;L;1;4;;270;498;10106;17;;
51;9;26466;L;1;4;;270;1060;6166;32812;;
51;9;35720;L;5;0;;523434;523411;523445;33951;;
51;9;18491;L;1;4;;270;6528;1584;31;;
51;9;26929;L;1;4;;270;7092;8896;19;;
51;9;28523;L;5;0;;487265;487245;487296;33486;;
51;9;28849;L;5;0;;488681;502183;488658;34097;;
51;9;30814;L;5;0;;498758;499074;499424;34753;;
51;9;17856;L;1;4;;270;7054;9002;39;;
51;9;16161;L;1;4;;270;5038;8450;33535;;
51;9;30086;L;5;0;;495405;495196;494966;34331;;
51;9;18140;L;1;4;;270;3242;10182;32783;;
51;9;27394;L;1;2;;528909;980;10978;34097;;
51;9;18804;L;1;4;;270;5616;4106;27;;
51;9;36095;L;5;0;;525301;525291;525314;34203;;
51;9;18736;L;1;4;;270;6048;9408;32781;;
51;9;30459;L;5;0;;497471;496795;495020;33110;;
51;9;18355;L;1;4;;270;7188;1276;13;;
51;9;18852;L;1;4;;270;4114;9426;27;;
51;9;18514;L;1;4;;270;4318;7098;31;;
51;9;16026;L;1;4;;270;1192;7606;33604;;
51;9;32696;L;5;0;;509079;508750;494894;26;;
51;9;18723;L;1;4;;270;1916;10602;33929;;
51;9;30802;L;5;0;;499344;499251;498728;34753;;
51;9;17446;L;1;4;;270;4050;6258;40;;
51;9;16005;L;1;4;;270;6136;6138;8;;
51;9;16173;L;1;4;;270;8840;5588;33484;;
51;9;29524;L;5;0;;490807;489977;490004;34499;;
51;9;17666;L;1;4;;270;2384;5984;23;;
51;9;31178;L;5;0;;501152;501138;501170;34916;;
51;9;32735;L;5;0;;508540;508449;509288;26;;
51;9;28046;L;5;0;;484595;484582;484629;33538;;
51;9;18556;L;1;4;;270;3844;5790;16;;
51;9;28749;L;5;0;;488481;488466;488511;12;;
51;9;31022;L;5;0;;500336;500326;500268;34753;;
51;9;18694;L;1;4;;270;5806;5254;18;;
51;9;17660;L;1;4;;270;9048;9052;23;;
51;9;18628;L;1;3;;314;2978;3596;26;;
51;9;28554;L;5;0;;487403;487389;486372;33485;;
51;9;16100;L;1;4;;270;508;4794;40;;
51;9;1119;L;1;3;;314;4290;2120;20;;
51;9;18785;L;1;3;;314;3118;2030;31;;
51;9;1126;L;1;3;;314;4804;1900;27;;
51;9;28193;L;5;0;;484491;485181;485215;33536;;
51;9;17873;L;1;3;;314;250;814;11;;
51;9;36046;L;5;0;;524382;524367;526432;33482;;
51;9;18262;L;1;4;;270;5584;9220;32930;;
51;9;28316;L;5;0;;485469;485459;485538;33536;;
51;9;32338;L;5;0;;485882;485264;488190;34221;;
51;9;1158;L;1;3;;314;2964;3022;12;;
51;9;31358;L;5;0;;502094;502076;502116;34;;
51;9;18982;L;1;4;;270;5106;5156;27;;
51;9;29082;L;5;0;;490437;490361;490474;34499;;
51;9;30227;L;5;0;;495634;495623;496140;33111;;
51;9;16327;L;1;4;;270;5298;8436;33492;;
51;9;18323;L;1;4;;270;2102;6260;32946;;
51;9;32663;L;5;0;;508956;508939;508522;26;;
51;9;18597;L;1;4;;270;5680;3606;31;;
51;9;19005;L;1;4;;270;846;3016;34093;;
51;9;32140;L;5;0;;506308;506266;506316;32988;;
51;9;18272;L;1;4;;270;2120;915302;20;;
51;9;18967;L;1;4;;270;8228;5106;34515;;
51;9;18285;L;1;4;;270;8402;8404;32932;;
51;9;17693;L;1;3;;314;4482;4484;33109;;
51;9;28086;L;5;0;;484775;484514;484793;33538;;
51;9;16235;L;1;3;;314;3490;2596;40;;
51;9;17977;L;1;4;;270;5004;2452;23;;
51;9;16073;L;1;4;;270;4888;6390;40;;
51;9;35355;L;5;0;;521643;521360;521169;32812;;
51;9;17956;L;1;4;;270;6952;6784;39;;
51;9;17652;L;1;4;;270;5054;2440;23;;
51;9;35810;L;5;0;;523775;523793;523767;33951;;
51;9;35532;L;5;0;;522521;522509;522532;33951;;
51;9;17931;L;1;4;;270;9328;10004;33132;;
51;9;16020;L;1;4;;270;7392;7396;40;;
51;9;16112;L;1;4;;270;2736;10410;40;;
51;9;35335;L;5;0;;521524;521279;521166;41;;
51;9;36388;L;1;1;A4;528698;1752;1754;34501;;27442
51;9;1159;L;1;3;201;314;384;386;1;;27321
51;9;32444;L;5;0;;485704;507631;507148;34221;;
51;9;1164;L;1;3;;314;1702;244;27;;
51;9;18909;L;1;4;;270;6322;6326;27;;
51;9;18363;L;1;4;;270;4408;9258;32;;
51;9;30636;L;5;0;;498325;495365;496743;33110;;
51;9;32226;L;5;0;;506671;504163;314;19;;
51;9;17729;L;1;4;;270;3414;3410;33463;;
51;9;26623;L;1;4;;270;8014;8016;20;;
51;9;32419;L;5;0;;507211;488190;507279;34221;;
51;9;19061;L;1;4;;270;8000;646;38;;
51;9;18650;L;1;4;;270;2532;6482;31;;
51;9;27229;L;1;4;;270;2060;2378;23;;
51;9;35799;L;5;0;;523807;523596;523793;33951;;
51;9;32067;L;5;0;;505920;498861;505931;20;;
51;9;32595;L;5;0;;508522;508600;508552;26;;
51;9;1073;L;1;2;H12;314;1024;1276;8;;27529
51;9;18329;L;1;4;;270;2392;8578;33103;;
51;9;30279;L;5;0;;496471;496451;496479;33110;;
51;9;25186;L;1;4;;270;5166;5776;21;;
51;9;35138;L;5;0;;508648;508552;520478;34400;;
51;9;19063;L;1;4;;270;6040;4162;38;;
51;9;27335;L;1;1;;528662;834;2486;33485;;
51;9;32275;L;5;0;;506908;489255;504163;32864;;
51;9;26476;L;1;4;;270;8974;8976;33949;;
51;9;18436;L;1;4;;270;1570;9130;31;;
51;9;18349;L;1;4;;270;5784;5788;32;;
51;9;26620;L;1;4;;270;4304;8016;33041;;
51;9;26817;L;1;4;;270;3270;6060;41;;
51;9;30671;L;5;0;;498604;526808;498619;34753;;
51;9;24952;L;1;4;;270;5742;8944;34228;;
51;9;17825;L;1;4;;270;9072;7376;11;;
51;9;35907;L;5;0;;524313;524305;3130;8;;
51;9;28612;L;5;0;;487656;482844;527341;40;;
51;9;30092;L;5;0;;495424;495416;495435;34331;;
51;9;18834;L;1;4;;270;236;9808;28;;
51;9;18637;L;1;4;;270;3586;4550;8;;
51;9;16086;L;1;4;;270;2504;8040;40;;
51;9;30871;L;5;0;;498926;499446;296;34753;;
51;9;18000;L;1;4;VD542;270;8466;2450;23;;368468
51;9;31600;L;5;0;;501449;526703;501441;34916;;
51;9;30191;L;5;0;;495931;495556;495940;33111;;
51;9;18709;L;1;4;;270;3044;8690;32775;;
51;9;1152;L;1;3;416;314;564;566;8;;27366
51;9;18739;L;1;4;;270;1134;9770;38;;
51;9;28000;L;5;0;;484347;484014;484363;33485;;
51;9;1329;L;1;3;398;314;528;530;1;;27360
51;9;18421;L;1;4;;270;7616;7618;33;;
51;9;35185;L;5;0;;520770;1962;504198;34400;;
51;9;29394;L;5;0;;491822;490097;526875;34499;;
51;9;18470;L;1;4;;270;4610;3982;31;;
51;9;30285;L;5;0;;496490;496479;496371;33110;;
51;9;18442;L;1;4;;270;1574;3556;31;;
51;9;16039;L;1;4;;270;3474;5908;8;;
51;9;16265;L;1;4;;270;9632;5570;40;;
51;9;18616;L;1;4;;270;4138;4668;26;;
51;9;32200;L;5;0;;505858;505953;505855;20;;
51;9;18512;L;1;4;;270;5498;5488;31;;
51;9;16253;L;1;4;;270;236;3498;33532;;
51;9;26836;L;1;4;;270;524;8682;33995;;
51;9;18655;L;1;4;;270;1938;9146;31;;
51;9;16041;L;1;4;;270;3468;5910;8;;
51;9;31230;L;5;0;;501424;501463;501282;34916;;
51;9;18430;L;1;3;;314;1574;4260;13;;
51;9;18101;L;1;4;416;270;3250;369436;19;;27366
51;9;18973;L;1;4;;270;4588;8140;27;;
51;9;18581;L;1;4;;270;4980;3372;26;;
51;9;18045;L;1;4;;270;610;3710;19;;
51;9;35432;L;5;0;;522070;522075;521984;32812;;
51;9;18998;L;1;4;;270;6606;5040;12;;
51;9;27899;L;5;0;;483633;483605;483624;33485;;
51;9;17963;L;1;4;;270;5220;2458;23;;
51;9;31699;L;5;0;;504006;490698;314;34501;;
51;9;30778;L;5;0;;499219;498893;498886;34753;;
51;9;32425;L;5;0;;507192;488190;507164;34221;;
51;9;17802;L;1;4;;270;4632;1040;39;;
51;9;17741;L;1;3;;314;1232;5388;34673;;
51;9;18595;L;1;3;;314;2640;3526;26;;
51;9;17771;L;1;4;;270;4072;9474;21;;
51;9;32312;L;5;0;;507072;486547;486512;32864;;
51;9;27847;L;5;0;;482703;482659;482844;33485;;
51;9;32710;L;5;0;;509151;509129;508568;26;;
51;9;18732;L;1;4;;270;1698;3358;33907;;
51;9;18271;L;1;4;;270;6734;6736;20;;
51;9;28102;L;5;0;;484712;484820;314;40;;
51;9;19131;L;1;3;;314;4126;3026;35;;
51;9;30736;L;5;0;;498986;498989;499015;24;;
51;9;35526;L;5;0;;521542;521531;522357;32812;;
51;9;29656;L;5;0;;493274;490537;490369;34499;;
51;9;29006;L;5;0;;489964;489511;489977;34499;;
51;9;16322;L;1;4;;270;2404;7906;40;;
51;9;31529;L;5;0;;488190;501337;314;13;;
51;9;1163;L;1;3;338;314;482;484;8;;528901
51;9;28992;L;5;0;;489688;489877;489930;34499;;
51;9;18571;L;1;4;;270;4594;1156;26;;
51;9;16230;L;1;4;;270;2614;10346;40;;
51;9;28080;L;5;0;;484744;484736;484769;33538;;
51;9;35363;L;5;0;;521682;521674;521693;32812;;
51;9;18812;L;1;4;;270;3098;9560;27;;
51;9;31028;L;5;0;;500360;500350;500329;34753;;
51;9;12572;L;1;4;;270;3272;6690;41;;
51;9;18011;L;1;4;;270;5534;7354;23;;
51;9;18144;L;1;4;;270;9710;9714;32780;;
51;9;17836;L;1;4;;270;808;7010;39;;
51;9;18525;L;1;4;;270;1432;7088;34402;;
51;9;17867;L;1;4;;270;2464;6936;23;;
51;9;18615;L;1;4;;270;5330;3594;26;;
51;9;32057;L;5;0;;505850;505716;498886;32988;;
51;9;19103;L;1;4;;270;1020;7238;12;;
51;9;18784;L;1;3;295;314;460;462;31;;27339
51;9;18235;L;1;4;;270;3186;6386;20;;
51;9;16147;L;1;4;;270;2490;4372;40;;
51;9;18890;L;1;4;;270;1898;4804;12;;
51;9;29951;L;5;0;;494722;485476;494516;34504;;
51;9;26666;L;1;4;;270;396;8588;20;;
51;9;35237;L;5;0;;520976;508568;494357;26;;
51;9;18829;L;1;4;;270;7956;7958;28;;
51;9;29236;L;5;0;;489573;489511;489560;27;;
51;9;18395;L;1;4;;270;3962;7946;34816;;
51;9;17843;L;1;4;;270;782;5512;23;;
51;9;16179;L;1;4;;270;9670;9722;33480;;
51;9;28812;L;5;0;;488386;488366;526579;34097;;
51;9;36022;L;5;0;;524699;524736;524315;33482;;
51;9;29976;L;5;0;;494595;489511;494629;34504;;
51;9;18411;L;1;4;;270;2978;5736;32;;
51;9;17738;L;1;4;;270;6814;2344;8;;
51;9;16155;L;1;3;;314;5038;2580;8;;
51;9;17819;L;1;4;;270;10172;5994;11;;
51;9;30393;L;5;0;;497190;497193;497200;23;;
51;9;18920;L;1;4;;270;5472;2920;12;;
51;9;24914;L;1;4;;270;3026;5742;35;;
51;9;17926;L;1;4;;270;5134;9524;11;;
51;9;28152;L;5;0;;485089;485078;485124;33536;;
51;9;25203;L;1;4;;270;8010;5908;34732;;
51;9;25215;L;1;4;;270;2528;6486;31;;
51;9;35411;L;5;0;;521952;521651;521995;32812;;
51;9;16186;L;1;4;;270;5306;7678;33486;;
51;9;25210;L;1;4;;270;3776;3982;31;;
51;9;31883;L;5;0;;504918;504761;504780;33151;;
51;9;18288;L;1;4;;270;8016;8614;33041;;
51;9;31512;L;5;0;;503014;502995;502792;34916;;
51;9;12614;L;1;4;;270;6466;6468;20;;
51;9;16267;L;1;4;;270;418;10102;40;;
51;9;29678;L;5;0;;493373;493155;490376;34499;;
51;9;17870;L;1;4;;270;2468;4648;33082;;
51;9;35352;L;5;0;;521341;521618;521333;32812;;
51;9;18200;L;1;4;;270;10238;8740;41;;
51;9;18931;L;1;4;;270;2888;2914;35;;
51;9;32216;L;5;0;;504163;506589;527086;32864;;
51;9;19099;L;1;4;;270;734;10056;12;;
51;9;16149;L;1;4;;270;7602;7604;40;;
51;9;31462;L;5;0;;502731;502723;502087;34916;;
51;9;31597;L;5;0;;501498;502439;501456;34916;;
51;9;16108;L;1;4;;270;2742;7566;40;;
51;9;18605;L;1;4;;270;1422;3532;8;;
51;9;29547;L;5;0;;492695;492679;489523;27;;
51;9;29033;L;5;0;;490150;485863;490158;34499;;
51;9;1116;L;1;2;474;314;694;696;35;;528840
51;9;18503;L;1;4;;270;6528;892;31;;
51;9;35748;L;5;0;;523596;523587;523607;33951;;
51;9;30646;L;5;0;;498367;498056;496501;33110;;
51;9;27131;L;1;4;;270;7796;7798;20;;
51;9;32652;L;5;0;;508899;508891;508922;26;;
51;9;16118;L;1;4;;270;2738;8170;33632;;
51;9;35552;L;5;0;;521166;522632;522656;41;;
51;9;18054;L;1;4;;270;234;7754;32802;;
51;9;29029;L;5;0;;490097;490076;485863;34499;;
51;9;18182;L;1;4;;270;726;8156;33954;;
51;9;18064;L;1;4;;270;1504;9828;32834;;
51;9;29647;L;5;0;;493238;493230;493249;34499;;
51;9;28602;L;5;0;;486816;486798;482844;33485;;
51;9;19126;L;1;4;;270;6540;5808;38;;
51;9;1066;L;1;2;H5;314;736;3882;8;;27593
51;9;18372;L;1;4;;270;7530;5082;33;;
51;9;27838;L;5;0;;482652;482659;482668;33485;;
51;9;18413;L;1;3;;314;1452;1442;32;;
51;9;1117;L;1;3;;314;3434;5326;20;;
51;9;18310;L;1;4;;270;3446;10558;32990;;
51;9;28335;L;5;0;;483487;483417;483466;33486;;
51;9;32096;L;5;0;;505967;505716;505790;20;;
51;9;28557;L;5;0;;485904;487389;484331;33485;;
51;9;17759;L;1;4;;270;3146;1232;21;;
51;9;32450;L;5;0;;507840;507296;507851;34221;;
51;9;30706;L;5;0;;498654;498641;498839;24;;
51;9;31850;L;5;0;;504710;504761;504699;33151;;
51;9;32600;L;5;0;;508552;508522;486348;34400;;
51;9;28013;L;5;0;;484416;1962;484432;40;;
51;9;35949;L;5;0;;524547;524528;524516;33482;;
51;9;1120;L;1;3;;314;4234;4498;20;;
51;9;18596;L;1;4;;270;3538;3604;31;;
51;9;30543;L;5;0;;497849;497827;497871;33110;;
51;9;29670;L;5;0;;490369;490361;490455;34499;;
51;9;18583;L;1;3;;314;3552;3536;31;;
51;9;35684;L;5;0;;523270;523257;523286;33951;;
51;9;29812;L;5;0;;490938;490927;490474;34499;;
51;9;16095;L;1;4;;270;9202;4426;40;;
51;9;29230;L;5;0;;490769;490790;491259;34499;;
51;9;32286;L;5;0;;506664;504163;484432;32864;;
51;9;18958;L;1;4;;270;1916;4588;27;;
51;9;17896;L;1;4;;270;2580;5024;39;;
51;9;30197;L;5;0;;495953;495940;495662;33111;;
51;9;28415;L;5;0;;486704;486576;486699;33486;;
51;9;17625;L;1;4;;270;2426;6148;24;;
51;9;17716;L;1;4;;270;1770;7542;23;;
51;9;18548;L;1;4;;270;2030;2936;33490;;
51;9;18912;L;1;4;510;270;1718;5472;27;;369151
51;9;35671;L;5;0;;523210;523199;523232;33951;;
51;9;29859;L;5;0;;490361;488190;485882;27;;
51;9;31632;L;5;0;;503560;501121;501876;13;;
51;9;16236;L;1;3;;314;4384;4390;40;;
51;9;18028;L;1;4;;270;3636;9920;32799;;
51;9;29715;L;5;0;;493138;490397;490565;34499;;
51;9;16196;L;1;4;;270;4368;6188;40;;
51;9;32309;L;5;0;;486547;507072;506865;32864;;
51;9;27895;L;5;0;;483605;483610;483633;40;;
51;9;16222;L;1;4;;270;7896;10612;33479;;
51;9;26915;L;1;3;;270;4924;6878;3;;
51;9;18564;L;1;4;;270;2634;4600;26;;
51;9;27001;L;1;4;;270;9886;8178;40;;
51;9;12592;L;1;4;;270;808;2584;8;;
51;9;35398;L;5;0;;526509;526511;526513;32812;;
51;9;32374;L;5;0;;507491;489497;314;35;;
51;9;19012;L;1;4;;270;4590;6292;35;;
51;9;1173;L;1;4;;270;1412;3586;26;;
51;9;28952;L;5;0;;489648;489617;489668;34499;;
51;9;18671;L;1;4;;270;202;3852;26;;
51;9;17608;L;1;3;;314;4440;4442;24;;
51;9;18482;L;1;4;;270;6524;6348;31;;
51;9;30564;L;5;0;;497930;497958;497917;23;;
51;9;19084;L;1;3;;314;4382;2844;38;;
51;9;30880;L;5;0;;498765;498742;499685;24;;
51;9;16185;L;1;4;;270;5310;7678;33486;;
51;9;25198;L;1;4;;270;4880;3134;33518;;
51;9;18025;L;1;4;;270;3636;9916;32799;;
51;9;16056;L;1;4;;270;4860;2496;40;;
51;9;18499;L;1;4;;270;7094;4936;31;;
51;9;35828;L;5;0;;523035;523354;523024;33951;;
51;9;36318;L;5;0;;496269;496318;497625;23;;
51;9;26486;L;1;4;;270;564;3314;41;;
51;9;31271;L;5;0;;501680;501657;501696;34916;;
51;9;30500;L;5;0;;497642;496364;496318;23;;
51;9;19008;L;1;4;;270;2962;9910;34264;;
51;9;17982;L;1;4;;270;736;2702;23;;
51;9;18775;L;1;4;;270;3866;3770;27;;
51;9;18212;L;1;3;;314;520;4988;33963;;
51;9;16082;L;1;4;;270;3484;6656;40;;
51;9;31594;L;5;0;;502439;502420;501498;34916;;
51;9;17754;L;1;4;;270;3140;8568;33544;;
51;9;27503;L;1;3;;270;367822;4956;41;;
51;9;1072;L;1;2;H11;314;2642;1358;8;;27526
51;9;18660;L;1;4;;270;1712;4550;8;;
51;9;1057;L;1;2;H1;314;252;670;8;;27520
51;9;18076;L;1;4;;270;1136;10742;19;;
51;9;18903;L;1;4;;270;1878;5104;27;;
51;9;30113;L;5;0;;495510;526788;495521;23;;
51;9;18301;L;1;4;;270;396;3434;20;;
51;9;18480;L;1;4;;270;3562;1576;31;;
51;9;25194;L;1;4;;270;6976;4520;21;;
51;9;17839;L;1;4;;270;5938;5940;23;;
51;9;19107;L;1;4;;270;9064;2846;12;;
51;9;27234;L;1;4;;270;2060;2062;33127;;
51;9;29801;L;5;0;;489939;493939;489930;34499;;
51;9;18930;L;1;4;;270;2542;5482;12;;
51;9;19125;L;1;4;;270;3010;7138;38;;
51;9;18636;L;1;4;;270;4544;3574;31;;
51;9;31423;L;5;0;;502383;501199;502375;34916;;
51;9;18835;L;1;4;;270;236;1674;28;;
51;9;35626;L;5;0;;521264;522960;523001;41;;
51;9;19042;L;1;3;433;314;628;630;38;;27372
51;9;1077;L;1;2;H20;314;258;4924;1;;27557
51;9;36064;L;5;0;;525155;525136;525166;34203;;
51;9;18472;L;1;4;;270;8114;8116;31;;
51;9;28057;L;5;0;;484615;484595;484602;33538;;
51;9;18287;L;1;4;;270;9762;8016;20;;
51;9;18881;L;1;4;;270;4804;5108;27;;
51;9;18277;L;1;4;;10984;2130;10986;20;;
51;9;31866;L;5;0;;504603;496287;496251;23;;
51;9;30362;L;5;0;;496940;497406;496967;23;;
51;9;28281;L;5;0;;485704;485673;484491;33536;;
51;9;18793;L;1;4;;270;460;1828;31;;
51;9;18068;L;1;4;;270;1516;8962;32804;;
51;9;32118;L;5;0;;506217;506181;506225;32988;;
51;9;18419;L;1;4;;270;2514;5094;13;;
51;9;18400;L;1;3;;314;3168;5184;1;;
51;9;25989;L;1;4;;270;418;10104;20;;
51;9;30568;L;5;0;;497976;497930;497984;33110;;
51;9;30955;L;5;0;;500032;499091;500047;24;;
51;9;31138;L;5;0;;500867;500849;500878;34753;;
51;9;32108;L;5;0;;506173;506086;506181;32988;;
51;9;29025;L;5;0;;490076;485863;490123;34499;;
51;9;28935;L;5;0;;489557;489560;489567;34525;;
51;9;12597;L;1;3;;5260;1918;2618;8;;
51;9;18106;L;1;4;;270;606;10300;19;;
51;9;19007;L;1;4;;270;2962;6124;27;;
51;9;18036;L;1;4;;270;3660;9480;32807;;
51;9;28729;L;5;0;;488355;488310;488366;34097;;
51;9;35482;L;5;0;;521443;521432;521264;32812;;
51;9;36273;L;5;0;;524158;8628;524227;22;;
51;9;31951;L;5;0;;488168;505311;505350;34110;;
51;9;18462;L;1;3;;314;4082;1572;31;;
51;9;18458;L;1;4;;270;3974;5286;13;;
51;9;18869;L;1;4;;270;5470;4112;27;;
51;9;18259;L;1;4;;270;5582;10552;32930;;
51;9;26585;L;1;4;;10992;410;420;20;;
51;9;16300;L;1;4;;270;4716;7864;32935;;
51;9;32092;L;5;0;;506067;505839;506093;20;;
51;9;28446;L;5;0;;486867;486892;486798;33485;;
51;9;17707;L;1;4;;270;6646;6648;22;;
51;9;28973;L;5;0;;489780;489767;489800;34499;;
51;9;30439;L;5;0;;497385;496988;497388;23;;
51;9;30868;L;5;0;;499632;499462;498886;34753;;
51;9;17878;L;1;4;;270;4626;6130;39;;
51;9;30445;L;5;0;;497406;497398;496795;33110;;
51;9;18216;L;1;4;;270;3284;8750;41;;
51;9;30823;L;5;0;;499446;499435;499462;34753;;
51;9;18553;L;1;4;;270;2628;2632;26;;
51;9;30209;L;5;0;;495882;496060;495879;33111;;
51;9;18330;L;1;4;;270;2390;6884;32961;;
51;9;31031;L;5;0;;500381;500384;498986;24;;
51;9;31869;L;5;0;;504591;496251;496287;23;;
51;9;27207;L;1;4;;270;4204;6862;33111;;
51;9;36146;L;5;0;;525479;525471;525541;34203;;
51;9;18090;L;1;4;;270;10298;10362;32849;;
51;9;29470;L;5;0;;492354;492314;490678;34499;;
51;9;24950;L;1;4;;270;5368;7952;35;;
51;9;17699;L;1;4;;270;2568;10324;22;;
51;9;16152;L;1;4;;270;2482;7914;40;;
51;9;18074;L;1;4;;270;1140;1146;8;;
51;9;30318;L;5;0;;496732;496559;496743;33110;;
51;9;17712;L;1;4;;270;6746;6748;23;;
51;9;29328;L;5;0;;489735;369144;489648;34499;;
51;9;28893;L;5;0;;488324;10978;489342;34097;;
51;9;19105;L;1;4;;270;1020;4138;38;;
51;9;1023;L;1;1;;2230;1936;2232;40;;
51;9;18388;L;1;4;;270;3352;7188;33;;
51;9;17670;L;1;4;;270;5696;4178;23;;
51;9;18478;L;1;4;;270;3488;3610;31;;
51;9;1052;L;1;1;A24;;524;520;41;;369913
51;9;18370;L;1;3;;314;4706;852;33;;
51;9;25246;L;1;3;;314;3350;208;33901;;
51;9;35225;L;5;0;;520934;520913;520942;34400;;
51;9;35958;L;5;0;;524580;524572;524591;33482;;
51;9;31733;L;5;0;;504198;503953;485174;34501;;
51;9;28868;L;5;0;;489214;488250;526620;34097;;
51;9;16064;L;1;4;;270;4884;2510;40;;
51;9;18121;L;1;4;;270;4822;10398;32810;;
51;9;27976;L;5;0;;483410;484157;483381;33486;;
51;9;19026;L;1;4;;270;4124;5662;34226;;
51;9;28652;L;5;0;;487795;483624;487760;33485;;
51;9;27137;L;1;4;;270;7404;7630;32982;;
51;9;31767;L;5;0;;504316;504305;526632;34501;;
51;9;30771;L;5;0;;499198;499201;498893;24;;
51;9;16021;L;1;4;;270;3930;8378;40;;
51;9;31927;L;5;0;;505161;505140;505172;33151;;
51;9;18020;L;1;4;;270;6394;6396;23;;
51;9;25220;L;1;4;;270;5870;4810;34723;;
51;9;12558;L;1;4;;270;586;9302;32805;;
51;9;29641;L;5;0;;490974;490966;488190;27;;
51;9;36083;L;5;0;;525241;525228;525256;34203;;
51;9;31761;L;5;0;;483610;503822;504305;34501;;
51;9;29310;L;5;0;;491592;489831;527636;34499;;
51;9;35234;L;5;0;;508951;508973;314;26;;
51;9;32111;L;5;0;;506181;506173;506192;32988;;
51;9;16242;L;1;4;;270;4384;2490;40;;
51;9;31195;L;5;0;;501237;501249;501289;13;;
51;9;35197;L;5;0;;520812;520807;509068;34400;;
51;9;12598;L;1;4;;270;214;492;14;;
51;9;1154;L;1;3;374;314;496;498;14;;27351
51;9;18057;L;1;4;;270;7110;7112;32802;;
51;9;28267;L;5;0;;485686;485215;485673;33536;;
51;9;12555;L;1;4;;2406;2408;2410;1;;
51;9;18215;L;1;4;;270;8744;7820;41;;
51;9;31791;L;5;0;;504408;503960;483610;28;;
51;9;28313;L;5;0;;485507;485934;1962;33536;;
51;9;18201;L;1;4;;270;7102;4958;33951;;
51;9;17865;L;1;4;;270;7556;7558;23;;
51;9;17824;L;1;4;;270;10172;10174;33087;;
51;9;26483;L;1;4;;270;8930;8932;33946;;
51;9;26634;L;1;4;;270;2120;9984;20;;
51;9;28669;L;5;0;;487921;482714;482681;33485;;
51;9;16024;L;1;4;;270;2346;10146;40;;
51;9;32182;L;5;0;;495351;498886;505765;32988;;
51;9;18245;L;1;4;;270;2136;6496;20;;
51;9;27355;L;1;4;;270;4624;7750;39;;
51;9;12600;L;1;4;;270;238;994;12;;
51;9;18885;L;1;4;;270;2256;1882;27;;
51;9;32410;L;5;0;;507512;507491;507707;35;;
51;9;18787;L;1;4;;270;4334;3100;27;;
51;9;31312;L;5;0;;501230;501876;501206;34916;;
51;9;26970;L;1;4;;270;6184;7720;40;;
51;9;18387;L;1;4;;270;4404;3352;13;;
51;9;26759;L;1;4;;270;8734;8730;33951;;
51;9;17847;L;1;4;;270;812;9386;11;;
51;9;26840;L;1;4;;270;8680;8682;33963;;
51;9;18923;L;1;4;;270;5838;5840;27;;
51;9;1087;L;1;3;;314;720;2776;41;;
51;9;35977;L;5;0;;524172;524123;524346;33482;;
51;9;25202;L;1;4;;270;236;9806;34501;;
51;9;35498;L;5;0;;522338;521531;522346;32812;;
51;9;18256;L;1;4;;270;5406;5770;20;;
51;9;25250;L;1;3;;314;512;514;8;;
51;9;1063;L;1;2;H3;314;3672;1276;8;;27584
51;9;35768;L;5;0;;523695;523111;523292;33951;;
51;9;26426;L;1;4;;270;9768;7716;33955;;
51;9;28338;L;5;0;;483466;486115;483417;40;;
51;9;26441;L;1;4;;270;6152;5892;32812;;
51;9;27180;L;1;4;;270;7796;7800;33013;;
51;9;27936;L;5;0;;483787;483779;483750;33485;;
51;9;27534;L;1;3;;270;3016;368087;34093;;
51;9;35609;L;5;0;;522866;522858;522881;34049;;
51;9;31547;L;5;0;;501794;501614;526169;1;;
51;9;26831;L;1;4;;270;6548;6550;34001;;
51;9;32037;L;5;0;;505771;505790;505765;32988;;
51;9;24903;L;1;4;;270;686;6198;35;;
51;9;30037;L;5;0;;495133;495136;495148;39;;
51;9;1169;L;1;4;;270;708;2636;20;;
51;9;12617;L;1;4;;10970;3824;508;33;;
51;9;26754;L;1;4;;270;10238;8738;41;;
51;9;28759;L;5;0;;488504;487016;488481;34097;;
51;9;17960;L;1;4;;270;8964;8966;33176;;
51;9;36243;L;5;0;;526521;521704;7740;32812;;
51;9;18978;L;1;4;;270;1634;2962;27;;
51;9;19056;L;1;4;;270;1662;10592;34090;;
51;9;1041;L;1;1;A4;;1674;2944;8;;27442
51;9;31000;L;5;0;;498573;498566;499795;24;;
51;9;26608;L;1;4;;270;6840;6738;20;;
51;9;16162;L;1;4;;270;5038;1056;40;;
51;9;18275;L;1;4;;270;6916;7318;32954;;
51;9;17678;L;1;4;;270;6964;8380;23;;
51;9;18962;L;1;4;;270;1912;5158;27;;
51;9;18959;L;1;4;;270;938;4588;34502;;
51;9;32172;L;5;0;;506121;505967;506152;32988;;
51;9;28922;L;5;0;;488421;488414;488366;34097;;
51;9;29499;L;5;0;;491172;489997;492481;34499;;
51;9;26937;L;1;3;;314;4368;1934;40;;
51;9;32137;L;5;0;;506247;506236;506217;20;;
51;9;18070;L;1;4;;270;1508;8324;19;;
51;9;27342;L;1;4;;270;208;3352;33901;;
51;9;30110;L;5;0;;494907;494899;494971;34331;;
51;9;18943;L;1;4;;270;2878;2554;35;;
51;9;30901;L;5;0;;499770;499752;499783;24;;
51;9;18837;L;1;4;;270;5908;6284;1;;
51;9;28899;L;5;0;;489351;489342;489369;34097;;
51;9;30059;L;5;0;;495239;495196;495250;34331;;
51;9;18711;L;1;4;;270;3058;7296;29;;
51;9;16085;L;1;3;;314;3490;2508;40;;
51;9;17845;L;1;3;;314;782;2454;23;;
51;9;29506;L;5;0;;492506;492481;490025;34499;;
51;9;30712;L;5;0;;498704;498686;498861;34753;;
51;9;30512;L;5;0;;497696;496566;496589;33110;;
51;9;16110;L;1;4;;270;2738;7570;40;;
51;9;19031;L;1;4;;270;7942;9214;35;;
51;9;31105;L;5;0;;500726;500729;500743;24;;
51;9;32738;L;5;0;;509293;509288;501739;26;;
51;9;17964;L;1;4;;270;5148;9676;39;;
51;9;17903;L;1;3;;314;250;4664;39;;
51;9;1149;L;1;3;;314;2586;1182;40;;
51;9;31621;L;5;0;;503511;501876;490907;34916;;
51;9;29253;L;5;0;;491407;491399;489634;34525;;
51;9;31036;L;5;0;;526858;500381;500420;34769;;
51;9;17613;L;1;3;;314;4440;4446;1;;
51;9;12560;L;1;4;;270;576;584;41;;
51;9;16157;L;1;4;;270;5040;4280;40;;
51;9;19040;L;1;4;;270;2968;9656;27;;
51;9;18194;L;1;4;;270;3298;6352;33961;;
51;9;19017;L;1;4;;270;968;10668;12;;
51;9;32203;L;5;0;;506579;506582;506589;19;;
51;9;31889;L;5;0;;500114;504941;504960;33151;;
51;9;29777;L;5;0;;493689;493840;483916;34499;;
51;9;18114;L;1;4;;270;3254;8412;32793;;
51;9;24944;L;1;4;;270;678;682;35;;
51;9;35703;L;5;0;;523056;523024;523327;41;;
51;9;27427;L;1;4;;270;5684;4038;40;;
51;9;1065;L;1;2;H13;314;2772;2774;8;;27532
51;9;18642;L;1;4;;270;6428;8900;31;;
51;9;30962;L;5;0;;498784;499091;498742;24;;
51;9;32246;L;5;0;;504305;506589;506792;32864;;
51;9;35466;L;5;0;;522075;522070;521360;32812;;
51;9;31603;L;5;0;;501363;501282;502451;34916;;
51;9;19016;L;1;4;;270;846;6292;12;;
51;9;28675;L;5;0;;486372;484411;487403;33485;;
51;9;17892;L;1;4;;270;336;5026;39;;
51;9;30794;L;5;0;;499300;499289;498704;34753;;
51;9;18527;L;1;4;;270;1430;4894;26;;
51;9;17767;L;1;4;;270;3154;7010;21;;
51;9;17883;L;1;4;;270;2470;7164;11;;
51;9;24931;L;1;4;;270;674;5924;38;;
51;9;17934;L;1;4;;270;1032;10450;39;;
51;9;30659;L;5;0;;496280;496269;498436;33110;;
51;9;31713;L;5;0;;504080;483281;504100;28;;
51;9;12584;L;1;4;;270;768;784;23;;
51;9;24892;L;1;4;;270;2858;2940;35;;
51;9;16320;L;1;4;;270;4926;8598;32942;;
51;9;16070;L;1;4;;270;4896;6652;40;;
51;9;18895;L;1;3;;314;1884;5106;27;;
51;9;28998;L;5;0;;489930;489688;489511;34499;;
51;9;18537;L;1;4;;270;8018;8020;33507;;
51;9;28903;L;5;0;;489362;489351;489382;34097;;
51;9;19077;L;1;4;;270;2830;7670;34095;;
51;9;36061;L;5;0;;525136;525125;525155;34203;;
51;9;18392;L;1;4;;270;4344;2760;13;;
51;9;30155;L;5;0;;495734;495723;495745;33111;;
51;9;1181;L;1;4;GR725.80;270;5242;3644;19;;369505
51;9;30842;L;5;0;;499320;526589;499300;34753;;
51;9;19003;L;1;4;;270;8250;3014;38;;
51;9;32547;L;5;0;;508376;508055;508387;34925;;
51;9;17656;L;1;4;;270;10160;7362;23;;
51;9;18348;L;1;4;;270;5784;1276;13;;
51;9;28846;L;5;0;;488570;488658;488504;34097;;
51;9;29275;L;5;0;;489702;489617;489914;34499;;
51;9;18797;L;1;4;;270;6054;6056;31;;
51;9;16229;L;1;4;;270;2612;6088;40;;
51;9;18152;L;1;4;;270;9466;9468;33952;;
51;9;18266;L;1;4;;270;4506;10470;20;;
51;9;28253;L;5;0;;485673;483647;485723;40;;
51;9;35600;L;5;0;;522836;522690;522844;33951;;
51;9;29066;L;5;0;;489560;490083;484615;27;;
51;9;30656;L;5;0;;498414;498406;498056;33110;;
51;9;31515;L;5;0;;502792;502759;502780;34916;;
51;9;28496;L;5;0;;483281;483530;526956;33485;;
51;9;29969;L;5;0;;494364;494645;489560;34504;;
51;9;18956;L;1;4;;270;1870;2948;27;;
51;9;31992;L;5;0;;505365;505350;505539;34110;;
51;9;31248;L;5;0;;501563;501199;501580;34916;;
51;9;16047;L;1;4;;270;5400;8684;33503;;
51;9;18706;L;1;4;;270;5074;7266;30;;
51;9;26879;L;1;4;;270;1274;6830;41;;
51;9;29932;L;5;0;;494629;485882;494645;34504;;
51;9;32346;L;5;0;;488190;507279;314;34221;;
51;9;27761;L;1;4;416;314;3250;369515;19;;27366
51;9;30095;L;5;0;;495435;495424;495446;34331;;
51;9;18278;L;1;4;;270;6472;9158;32976;;
51;9;35147;L;5;0;;520562;520485;508694;34400;;
51;9;18086;L;1;4;;270;606;1122;19;;
51;9;27926;L;5;0;;483801;1962;483750;40;;
51;9;17785;L;1;4;;270;6950;7586;34675;;
51;9;16048;L;1;4;;270;2746;6118;8;;
51;9;18135;L;1;4;;270;3244;9526;32783;;
51;9;29608;L;5;0;;492986;493033;490404;34499;;
51;9;19106;L;1;4;;270;4138;9064;38;;
51;9;16268;L;1;4;;270;2600;7884;40;;
51;9;31523;L;5;0;;503057;502076;503085;34;;
51;9;18261;L;1;4;;270;5582;9994;32930;;
51;9;19060;L;1;4;;270;974;10672;34082;;
51;9;1101;L;1;3;;314;1832;3472;8;;
51;9;17690;L;1;4;;270;8678;5560;23;;
51;9;17943;L;1;4;;270;2712;9348;39;;
51;9;28099;L;5;0;;484570;484506;526903;33538;;
51;9;27015;L;1;1;A8;;2024;368121;14;;27472
51;9;27950;L;5;0;;483945;483929;483967;33485;;
51;9;31680;L;5;0;;503901;483281;489977;28;;
51;9;18486;L;1;3;;314;2526;3778;31;;
51;9;1327;L;1;3;;314;4710;4154;34099;;
51;9;36191;L;5;0;;525294;525700;525291;22;;
51;9;17677;L;1;4;;270;9506;4166;23;;
51;9;18432;L;1;4;;270;4696;1452;13;;
51;9;35597;L;5;0;;522649;522813;521166;41;;
51;9;17673;L;1;4;;270;2380;8366;23;;
51;9;17689;L;1;3;;314;782;5556;23;;
51;9;18026;L;1;4;;270;3636;9918;32799;;
51;9;16254;L;1;4;;270;3500;6316;40;;
51;9;18041;L;1;4;;270;6758;3620;19;;
51;9;28060;L;5;0;;484669;484602;484677;33538;;
51;9;30416;L;5;0;;497286;497278;497297;33110;;
51;9;24942;L;1;4;;270;7948;7950;34255;;
51;9;16140;L;1;4;;270;9886;7122;40;;
51;9;28166;L;5;0;;485124;485174;485215;33536;;
51;9;29824;L;5;0;;485089;489468;490821;27;;
51;9;16307;L;1;4;;270;442;440;40;;
51;9;35167;L;5;0;;520687;485882;486348;34400;;
51;9;14808;L;6;2;;2298;2300;2308;1;;
51;9;35837;L;5;0;;523967;521264;522929;33951;;
51;9;29050;L;5;0;;485673;490227;490261;34499;;
51;9;18249;L;1;4;;270;4240;10368;20;;
51;9;18129;L;1;4;;270;7056;7062;32810;;
51;9;17820;L;1;4;;270;7038;7040;23;;
51;9;16330;L;1;4;;270;4906;4908;33461;;
51;9;17687;L;1;4;;270;8678;9546;33182;;
51;9;18160;L;1;4;;270;1330;7428;33948;;
51;9;12568;L;1;4;;270;6724;6726;41;;
51;9;17885;L;1;4;;270;7012;7014;33089;;
51;9;18806;L;1;4;;270;9370;3102;27;;
51;9;30626;L;5;0;;498069;497800;498056;33110;;
51;9;17811;L;1;4;;270;4636;8560;39;;
51;9;29353;L;5;0;;491829;491793;491849;34499;;
51;9;17929;L;1;4;;270;6452;5224;39;;
51;9;16258;L;1;4;;270;2602;2600;40;;
51;9;35253;L;5;0;;509215;508775;509222;34409;;
51;9;18336;L;1;4;;270;6302;7642;33;;
51;9;29317;L;5;0;;491679;489838;489742;34499;;
51;9;26652;L;1;4;;270;396;7402;20;;
51;9;31259;L;5;0;;485215;501596;501627;34916;;
51;9;18304;L;1;4;;270;7484;3438;20;;
51;9;16181;L;1;4;;270;7656;7658;33480;;
51;9;32305;L;5;0;;506872;506934;507061;32864;;
51;9;29566;L;5;0;;490325;492868;490083;34499;;
51;9;17705;L;1;4;;270;5566;10130;11;;
51;9;28466;L;5;0;;486512;2486;487005;33485;;
51;9;26450;L;1;4;;270;3310;5900;32824;;
51;9;32053;L;5;0;;505716;505869;505850;32988;;
51;9;17450;L;1;3;;314;4760;5066;40;;
51;9;29295;L;5;0;;489831;491572;489811;34499;;
51;9;16249;L;1;4;;270;4386;6408;33516;;
51;9;32501;L;5;0;;488017;507888;508100;34925;;
51;9;35514;L;5;0;;522398;522387;521560;32812;;
51;9;28421;L;5;0;;486593;483530;486704;40;;
51;9;29416;L;5;0;;491937;491885;490620;34499;;
51;9;16150;L;1;4;;270;9306;3458;40;;
51;9;30449;L;5;0;;497426;497398;497437;23;;
51;9;28672;L;5;0;;482681;487921;486331;33485;;
51;9;17755;L;1;4;;270;3128;9756;21;;
51;9;29599;L;5;0;;490198;490158;490397;34499;;
51;9;16310;L;1;4;;270;3378;5716;32951;;
51;9;31742;L;5;0;;503871;503878;486115;34501;;
51;9;35159;L;5;0;;520603;492574;520611;34400;;
51;9;32713;L;5;0;;508568;509151;509129;26;;
51;9;30465;L;2;2;;497498;;;33110;;
51;9;31819;L;5;0;;497776;496251;504642;33151;;
51;9;17832;L;1;4;;270;7758;7154;39;;
51;9;16010;L;1;4;;270;4944;1228;8;;
51;9;16225;L;1;4;;270;5752;3508;33627;;
51;9;18980;L;1;4;;270;4616;1634;27;;
51;9;17877;L;1;4;;270;4624;7748;39;;
51;9;16304;L;1;4;;270;8592;444;40;;
51;9;32758;L;5;0;;509365;509354;508790;34400;;
51;9;30101;L;5;0;;495118;495107;495133;34331;;
51;9;18258;L;1;4;;270;4236;4238;20;;
51;9;17901;L;1;4;;270;1050;1052;39;;
51;9;18454;L;1;4;;270;3970;5120;33;;
51;9;29733;L;5;0;;493162;490369;490455;34499;;
51;9;35305;L;5;0;;521386;521373;521402;32812;;
51;9;32459;L;5;0;;507878;507881;507888;25;;
51;9;30643;L;5;0;;498353;495365;496427;33110;;
51;9;35765;L;5;0;;523687;523101;523695;33951;;
51;9;31999;L;5;0;;505539;505365;488264;34110;;
51;9;17786;L;1;4;;270;6950;7588;34675;;
51;9;17751;L;1;4;;270;4078;5178;21;;
51;9;30898;L;5;0;;499752;498996;499770;34769;;
51;9;19027;L;1;4;;270;2542;4124;35;;
51;9;17930;L;1;4;;270;5224;10580;34313;;
51;9;24932;L;1;4;;270;672;5926;38;;
51;9;32611;L;5;0;;508701;486348;314;34400;;
51;9;27192;L;1;4;;270;4190;8482;33196;;
51;9;28563;L;5;0;;487376;487368;487440;33485;;
51;9;30574;L;5;0;;497998;495351;496398;33110;;
51;9;31459;L;5;0;;502723;501774;502731;34916;;
51;9;29518;L;5;0;;492563;492555;490004;34499;;
51;9;16116;L;1;4;;270;2738;7816;40;;
51;9;26738;L;1;4;;270;10238;10256;33960;;
51;9;16053;L;1;4;;270;1368;4862;8;;
51;9;17607;L;1;3;;314;252;4698;1;;
51;9;1180;L;1;4;;270;208;5072;30;;
51;9;16297;L;1;4;;270;2688;8150;32931;;
51;9;25984;L;1;4;;270;8360;8716;32928;;
51;9;28843;L;5;0;;489013;488355;488466;34097;;
51;9;1132;L;1;3;;314;4716;188;40;;
51;9;16124;L;1;4;;270;1950;1898;40;;
51;9;35188;L;5;0;;504198;520770;520736;34400;;
51;9;30686;L;5;0;;498675;498661;498686;34753;;
51;9;16081;L;1;4;;270;9198;9200;40;;
51;9;17899;L;1;4;;270;5908;6288;40;;
51;9;29581;L;5;0;;490090;485863;485673;34499;;
51;9;18846;L;1;3;;314;470;476;28;;
51;9;30289;L;5;0;;496371;496490;496239;23;;
51;9;18565;L;1;4;;270;2630;4598;26;;
51;9;25225;L;1;4;;270;904;4332;31;;
51;9;16208;L;1;4;;270;7934;8940;33593;;
51;9;32529;L;5;0;;490698;508305;485089;25;;
51;9;30550;L;5;0;;497888;497871;497899;33110;;
51;9;28432;L;5;0;;486798;486790;526912;33485;;
51;9;32293;L;5;0;;506641;484432;506589;32864;;
51;9;30811;L;5;0;;499074;499057;498742;24;;
51;9;32538;L;5;0;;508027;508298;508019;34925;;
51;9;18867;L;1;4;;270;8788;1900;34572;;
51;9;16187;L;1;4;;270;4752;8222;40;;
51;9;18382;L;1;4;;270;7854;4402;34828;;
51;9;29331;L;5;0;;489728;369144;485306;34499;;
51;9;17779;L;1;4;;270;4074;6978;34709;;
51;9;24909;L;1;4;;270;2932;8856;35;;
51;9;31125;L;5;0;;500776;500329;500261;34753;;
51;9;16172;L;1;4;;270;5324;8206;33484;;
51;9;30116;L;5;0;;495521;495510;495538;33111;;
51;9;18005;L;1;4;;270;784;5540;23;;
51;9;18049;L;1;4;;270;5402;6216;32808;;
51;9;36036;L;5;0;;524353;524343;524389;33482;;
51;9;29916;L;5;0;;485863;483610;489560;27;;
51;9;18168;L;1;4;;270;8814;8816;33949;;
51;9;16090;L;1;4;;270;2502;9274;40;;
51;9;1318;L;1;3;;314;2266;3160;13;;
51;9;31091;L;5;0;;500444;500384;498989;34753;;
51;9;18193;L;1;4;;270;3298;6354;41;;
51;9;18412;L;1;4;;270;5732;6320;32;;
51;9;32034;L;5;0;;505790;505793;505771;20;;
51;9;31147;L;5;0;;500891;498634;500923;34753;;
51;9;16164;L;1;4;;270;2730;5306;33486;;
51;9;30581;L;5;0;;495351;497998;498041;33110;;
51;9;18883;L;1;4;;270;2684;1876;27;;
51;9;17632;L;1;4;;270;308;8392;23;;
51;9;12603;L;1;4;;270;968;2936;12;;
51;9;27274;L;1;4;;270;214;4454;8;;
51;9;18865;L;1;3;;314;1848;4112;27;;
51;9;31119;L;5;0;;500329;500261;500814;34753;;
51;9;18362;L;1;4;;270;508;4406;32;;
51;9;16156;L;1;4;;270;5040;5024;8;;
51;9;18566;L;1;4;;270;4598;9730;34392;;
51;9;24898;L;1;4;;270;670;8292;35;;
51;9;32179;L;5;0;;505960;506152;505943;32988;;
51;9;32504;L;5;0;;508100;488017;508047;34925;;
51;9;16034;L;1;4;;270;1182;6294;8;;
51;9;18308;L;1;4;;270;8582;8584;32971;;
51;9;24902;L;1;4;;270;690;4604;35;;
51;9;35144;L;5;0;;520485;520478;520562;34400;;
51;9;19020;L;1;4;;270;4124;966;35;;
51;9;31566;L;5;0;;502183;503268;502170;34916;;
51;9;27989;L;5;0;;483664;483624;484228;33485;;
51;9;18569;L;1;4;;270;4972;4594;26;;
51;9;35279;L;5;0;;521229;521206;521248;32812;;
51;9;17724;L;1;4;;270;3408;5138;22;;
51;9;29289;L;5;0;;489721;369144;491572;34499;;
51;9;16241;L;1;4;;270;4802;9082;40;;
51;9;16063;L;1;4;;270;4884;2512;40;;
51;9;18991;L;1;4;;270;4124;4590;35;;
51;9;31295;L;5;0;;501801;501742;501824;34916;;
51;9;1171;L;1;4;;270;7732;2624;26;;
51;9;16194;L;1;4;;270;7646;9120;40;;
51;9;35441;L;5;0;;522041;521984;522030;32812;;
51;9;18925;L;1;4;;270;1730;5718;27;;
51;9;18019;L;1;4;;270;2090;6402;33111;;
51;9;31222;L;5;0;;526976;501363;501463;34916;;
51;9;17830;L;1;4;;270;5994;10510;33085;;
51;9;35658;L;5;0;;523138;523123;521166;33951;;
51;9;35904;L;5;0;;524305;524315;524313;33482;;
51;9;19090;L;1;4;;270;668;8024;34108;;
51;9;18502;L;1;4;;270;9062;3608;31;;
51;9;17642;L;1;4;;270;2438;5046;23;;
51;9;18102;L;1;4;GR747.00;270;369436;10462;32810;;369446
51;9;30497;L;5;0;;497625;496318;496269;23;;
51;9;30531;L;5;0;;497783;497755;497807;33110;;
51;9;31131;L;5;0;;500520;500478;498634;34753;;
51;9;29250;L;5;0;;491399;489557;491407;34525;;
51;9;18906;L;1;4;;270;1876;7548;27;;
51;9;18137;L;1;4;;270;3230;7150;32785;;
51;9;26603;L;1;4;;270;5340;4500;32962;;
51;9;31648;L;5;0;;502949;502865;527054;34916;;
51;9;32354;L;5;0;;314;488190;485882;35;;
51;9;16027;L;1;4;;270;1832;5148;8;;
51;9;31322;L;5;0;;501941;501256;501337;34916;;
51;9;18096;L;1;4;GR731.10;270;369417;9152;19;;369448
51;9;1068;L;1;2;H19;314;2136;1128;8;;27551
51;9;12557;L;1;4;;10884;2804;3718;19;;
51;9;35594;L;5;0;;522813;522764;522649;41;;
51;9;31583;L;5;0;;502141;501170;501871;34916;;
51;9;31692;L;5;0;;503981;503983;490698;34501;;
51;9;18344;L;1;4;;270;5186;10272;32;;
51;9;35282;L;5;0;;521248;521229;521264;32812;;
51;9;16106;L;1;4;;270;4794;878;33676;;
51;9;17932;L;1;4;;270;362;6588;34314;;
51;9;18952;L;1;3;;314;4586;2964;27;;
51;9;18643;L;1;4;;270;5488;8902;31;;
51;9;17928;L;1;4;;270;6806;5136;39;;
51;9;32388;L;5;0;;507148;489977;501344;34221;;
51;9;32249;L;5;0;;506792;504305;506803;32864;;
51;9;35156;L;5;0;;492574;508910;504327;34400;;
51;9;18937;L;1;4;;270;2886;5476;34249;;
51;9;35774;L;5;0;;523292;523354;523232;33951;;
51;9;18459;L;1;4;;270;3976;2520;13;;
51;9;27156;L;1;4;;270;3192;7492;32966;;
51;9;1035;L;1;1;A51;;244;1848;27;;27454
51;9;1085;L;1;3;;314;614;5402;19;;
51;9;28146;L;5;0;;485102;485102;485066;40;;
51;9;18509;L;1;4;;270;2526;7942;31;;
51;9;30006;L;5;0;;494971;494974;495000;39;;
51;9;18066;L;1;4;;270;1504;1502;19;;
51;9;18534;L;1;4;;270;4814;8766;33495;;
51;9;32017;L;5;0;;505704;505709;505716;20;;
51;9;18286;L;1;4;;270;5346;5348;20;;
51;9;17866;L;1;4;;270;5520;6640;39;;
51;9;28819;L;5;0;;488594;488393;488586;34097;;
51;9;16154;L;1;4;;270;6288;5042;40;;
51;9;35787;L;5;0;;523767;523001;523625;33951;;
51;9;17672;L;1;4;;270;784;6964;23;;
51;9;18438;L;1;4;;270;4692;4266;32;;
51;9;17721;L;1;4;;270;2568;8542;22;;
51;9;29436;L;5;0;;490604;490490;490565;34499;;
51;9;26723;L;1;4;;270;5880;5526;39;;
51;9;29821;L;5;0;;494030;489497;489504;27;;
51;9;30056;L;5;0;;495196;495186;495239;34331;;
51;9;35453;L;5;0;;521402;521984;526622;32812;;
51;9;17764;L;1;4;;270;8414;6146;8;;
51;9;29424;L;5;0;;492146;490620;490644;34499;;
51;9;18857;L;1;4;;270;7280;5844;27;;
51;9;30413;L;5;0;;497278;497273;497286;33110;;
51;9;29070;L;5;0;;490361;488190;490404;27;;
51;9;18830;L;1;4;;270;7956;5044;28;;
51;9;12574;L;1;4;105;270;252;284;1;;27300
51;9;17706;L;1;4;;270;6648;8370;33154;;
51;9;18744;L;1;4;;270;3740;10392;32787;;
51;9;17904;L;1;4;;270;5322;10204;39;;
51;9;17952;L;1;4;;270;5000;2452;23;;
51;9;29515;L;5;0;;492555;492548;492563;34499;;
51;9;29054;L;5;0;;490261;485673;490286;34499;;
51;9;16159;L;1;4;;270;7912;8886;33513;;
51;9;29815;L;5;0;;491444;491438;489497;34525;;
51;9;36197;L;5;0;;525733;525725;525314;34203;;
51;9;31642;L;5;0;;501417;503647;501282;34916;;
51;9;30649;L;5;0;;496639;497827;498395;23;;
51;9;35385;L;5;0;;526519;521735;526517;32812;;
51;9;17974;L;1;4;;270;6766;5002;23;;
51;9;26580;L;1;4;;270;4242;5990;32992;;
51;9;18342;L;1;4;;270;226;6134;33;;
51;9;18487;L;1;3;;314;890;4312;31;;
51;9;26890;L;6;2;;368144;2136;2178;1;;
51;9;1128;L;1;3;;314;488;1622;34503;;
51;9;28273;L;5;0;;485390;485255;485363;33536;;
51;9;36152;L;5;0;;525398;525541;525385;34203;;
51;9;29324;L;5;0;;489670;489742;489648;34499;;
51;9;18771;L;1;4;;270;3866;5722;27;;
51;9;30044;L;5;0;;495161;495148;495172;34331;;
51;9;1005;L;1;1;A20;;528436;3126;22;;368085
51;9;18456;L;1;4;;270;876;3972;13;;
51;9;18188;L;1;4;;270;552;7712;33955;;
51;9;29994;L;5;0;;494899;494907;494928;34331;;
51;9;1186;L;6;2;;2286;2288;2290;8;;
51;9;19022;L;1;4;;270;4124;5424;12;;
51;9;18520;L;1;4;;270;872;1430;8;;
51;9;12565;L;1;4;;10778;720;10780;41;;
51;9;28291;L;5;0;;485863;485295;484432;33536;;
51;9;18446;L;1;4;;270;4258;9760;13;;
51;9;31755;L;5;0;;503983;504250;526614;34501;;
51;9;32471;L;5;0;;507933;504327;507881;34925;;
51;9;29959;L;5;0;;494748;494516;527153;27;;
51;9;16244;L;1;4;;270;4384;6410;33566;;
51;9;17758;L;1;4;;270;5236;3146;8;;
51;9;27374;L;1;4;;270;6444;6446;20;;
51;9;30321;L;5;0;;496743;497498;496756;33110;;
51;9;16040;L;1;4;;270;9736;4420;8;;
51;9;30675;L;5;0;;498626;498619;498641;34753;;
51;9;17936;L;1;4;;270;5002;8950;34333;;
51;9;1039;L;1;1;A1;;252;734;8;;27396
51;9;31655;L;5;0;;503772;489977;503780;28;;
51;9;36134;L;5;0;;525471;495351;525479;34203;;
51;9;18056;L;1;4;;270;622;7584;32802;;
51;9;18611;L;1;4;;270;1422;1412;26;;
51;9;29361;L;5;0;;484432;491849;491885;34499;;
51;9;26734;L;1;4;;270;7072;7074;41;;
51;9;18540;L;1;4;;270;4972;8924;34398;;
51;9;17704;L;1;4;;270;7538;2356;33463;;
51;9;18089;L;1;4;;270;9376;9378;32849;;
51;9;19046;L;1;4;;270;4710;7774;34099;;
51;9;30012;L;5;0;;495012;483530;495020;39;;
51;9;31153;L;5;0;;500268;498989;500353;34753;;
51;9;17654;L;1;4;;270;770;10160;23;;
51;9;29466;L;5;0;;492314;491962;492354;34499;;
51;9;27204;L;1;4;;270;9396;9398;23;;
51;9;18391;L;1;4;;270;1462;4408;32;;
51;9;29807;L;5;0;;490530;491076;493169;34499;;
51;9;30396;L;5;0;;497200;497190;497218;33110;;
51;9;35852;L;5;0;;524018;522929;524026;41;;
51;9;32535;L;5;0;;508298;507948;507941;34925;;
51;9;29536;L;5;0;;490018;489982;492670;34499;;
51;9;1145;L;1;3;405;314;546;548;33955;;27363
51;9;18466;L;1;4;;270;3784;4610;31;;
51;9;18170;L;1;4;;270;6512;6514;33946;;
51;9;27874;L;5;0;;483381;526956;483417;40;;
51;9;35612;L;5;0;;522886;522844;521264;33951;;
51;9;28457;L;5;0;;486412;482668;486966;33485;;
51;9;17701;L;1;4;;270;2560;8342;22;;
51;9;17697;L;1;4;;270;1780;3914;11;;
51;9;1037;L;1;1;A16;;1182;1184;8;;27417
51;9;19088;L;1;4;;270;662;2994;12;;
51;9;35176;L;5;0;;520720;520611;520736;34400;;
51;9;18176;L;1;4;;270;5962;726;41;;
51;9;18761;L;1;4;;270;1620;10266;34610;;
51;9;16317;L;1;4;;270;4930;2160;33477;;
51;9;19066;L;1;4;;270;662;5862;34724;;
51;9;30472;L;5;0;;497530;497533;497540;33110;;
51;9;18994;L;1;3;;314;1900;1896;12;;
51;9;27591;L;1;4;VD726;314;316;9226;33395;;369422
51;9;18167;L;1;4;;270;8974;8980;33949;;
51;9;18107;L;1;4;;270;10216;10222;19;;
51;9;18832;L;1;4;;270;2904;2910;28;;
51;9;18791;L;1;4;;270;2938;5618;34603;;
51;9;18894;L;1;4;;270;6562;5106;27;;
51;9;36070;L;5;0;;525181;525166;525199;34203;;
51;9;16117;L;1;4;;270;2738;1950;40;;
51;9;29902;L;5;0;;484499;485264;489560;34504;;
51;9;28261;L;5;0;;485679;485673;485750;33536;;
51;9;18817;L;1;4;;270;7128;5612;27;;
51;9;27237;L;1;4;;270;786;8406;23;;
51;9;27708;L;1;1;A2;528907;1470;3798;34813;;27427
51;9;16111;L;1;4;;270;2738;2492;40;;
51;9;16004;L;1;4;;270;6136;6142;40;;
51;9;17448;L;1;4;;270;3800;9608;33609;;
51;9;16218;L;1;4;;270;7896;6088;33479;;
51;9;28303;L;5;0;;485904;485896;485915;33536;;
51;9;18668;L;1;4;;270;4872;9662;14;;
51;9;28703;L;5;0;;488180;488190;488188;34097;;
51;9;1069;L;1;2;H8;314;208;238;8;;27602
51;9;17722;L;1;4;;270;8342;8344;22;;
51;9;28113;L;5;0;;484903;484655;484911;33538;;
51;9;31087;L;5;0;;500643;500456;498634;34753;;
51;9;26676;L;1;4;;270;6846;6848;20;;
51;9;18759;L;1;4;;270;484;512;27;;
51;9;16128;L;1;4;;270;5416;2584;40;;
51;9;18465;L;1;4;;270;4086;3784;31;;
51;9;18236;L;1;3;;314;2136;2636;20;;
51;9;18687;L;1;4;;270;496;7290;33471;;
51;9;29798;L;5;0;;493939;493917;489939;34499;;
51;9;18783;L;1;3;;314;460;2030;31;;
51;9;16227;L;1;4;;270;7898;2280;33624;;
51;9;31283;L;5;0;;501739;501742;501759;34916;;
51;9;18340;L;1;4;;270;3946;6254;8;;
51;9;36074;L;5;0;;525199;525181;525217;34203;;
51;9;32592;L;5;0;;508600;508591;508522;34401;;
51;9;29046;L;5;0;;490227;490158;490205;34499;;
51;9;32407;L;5;0;;507519;507491;507696;35;;
51;9;18875;L;1;4;;270;8272;940;27;;
51;9;18972;L;1;4;;270;940;4588;27;;
51;9;18218;L;1;4;;270;4990;5950;33963;;
51;9;18508;L;1;4;;270;4934;7942;31;;
51;9;16059;L;1;4;;270;3480;10008;8;;
51;9;18681;L;1;4;;270;4850;8234;16;;
51;9;28743;L;5;0;;488379;488366;488466;34097;;
51;9;16126;L;1;4;;270;1812;5416;8;;
51;9;1121;L;1;3;;314;5574;4234;20;;
51;9;31214;L;5;0;;501351;501289;501282;34916;;
51;9;31847;L;5;0;;504761;504764;504710;33151;;
51;9;17846;L;1;3;;314;4712;2460;33121;;
51;9;18731;L;1;4;;270;4866;10620;33923;;
51;9;28620;L;5;0;;486144;483466;487710;40;;
51;9;28072;L;5;0;;484602;314;484615;33538;;
51;9;31872;L;5;0;;504610;496251;497551;33151;;
51;9;35920;L;5;0;;524400;524367;4880;33482;;
51;9;18408;L;1;4;;270;3160;8446;32;;
51;9;18773;L;1;4;;270;3866;1616;27;;
51;9;1127;L;1;3;;369144;244;3080;27;;
51;9;16239;L;1;3;;314;3496;2600;40;;
51;9;1146;L;1;3;;314;3672;1104;1;;
51;9;18708;L;1;4;;270;3756;9960;30;;
51;9;30390;L;5;0;;497177;495020;497185;23;;
51;9;31930;L;5;0;;505172;505161;504503;33151;;
51;9;36461;L;1;3;;533245;3854;1174;26;;
51;9;17648;L;1;4;;270;4306;2384;23;;
51;9;36418;L;1;2;;270;3286;2228;41;;
51;9;24913;L;1;4;;270;8174;678;12;;
51;9;16281;L;1;4;;270;4020;4764;40;;
51;9;27243;L;1;4;;270;8670;8880;23;;
51;9;18843;L;1;3;332;314;470;472;1;;27342
51;9;17718;L;1;4;;270;1778;9788;33108;;
51;9;24945;L;1;4;;270;8288;2940;35;;
51;9;29842;L;5;0;;488190;1962;484499;34554;;
51;9;17799;L;1;4;;270;5654;7030;39;;
51;9;16052;L;1;4;;270;4366;4706;8;;
51;9;18851;L;1;4;;270;5724;7282;27;;
51;9;29954;L;5;0;;494516;494505;489476;34504;;
51;9;25959;L;1;4;;270;1054;5038;8;;
51;9;18118;L;1;4;;270;7056;7058;19;;
51;9;18796;L;1;4;;270;1828;4096;31;;
51;9;29512;L;5;0;;492540;492529;492548;34499;;
51;9;35825;L;5;0;;523042;523354;523024;33951;;
51;9;18081;L;1;4;;270;4466;5936;32813;;
51;9;31185;L;5;0;;501183;501170;501199;34916;;
51;9;24922;L;1;4;;270;5366;9132;34143;;
51;9;16089;L;1;4;;270;2504;4432;40;;
51;9;17941;L;1;4;;270;10506;5880;39;;
51;9;19129;L;1;4;;270;668;4162;12;;
51;9;1058;L;1;2;H22;314;326;2504;8;;27563
51;9;18957;L;1;3;;314;1634;2960;27;;
51;9;17864;L;1;4;;270;2454;9092;23;;
51;9;18128;L;1;4;GR747.50;270;369439;10458;32810;;369443
51;9;18447;L;1;4;;270;4262;5850;32;;
51;9;31025;L;5;0;;500350;500353;500360;34753;;
51;9;31047;L;5;0;;500456;500384;500485;34753;;
51;9;27920;L;5;0;;483779;483725;483808;40;;
51;9;30206;L;5;0;;496060;496052;495882;33111;;
51;9;31348;L;5;0;;502069;488324;502063;34916;;
51;9;31563;L;5;0;;503284;503268;501835;34916;;
51;9;1079;L;1;2;H23;314;846;3488;8;;27566
51;9;12602;L;1;4;;270;662;5872;37;;
51;9;24896;L;1;4;;270;2866;7936;35;;
51;9;27470;L;1;1;;364600;1204;528666;33588;;
51;9;29365;L;5;0;;485882;484432;490123;34499;;
51;9;26934;L;1;4;;270;6080;6082;33622;;
51;9;35520;L;5;0;;522421;521279;522429;32812;;
51;9;36185;L;5;0;;525689;525676;525700;34203;;
51;9;36182;L;5;0;;525676;525654;525689;34203;;
51;9;17800;L;1;4;;270;362;4644;39;;
51;9;26415;L;1;4;;270;2776;2794;41;;
51;9;31115;L;5;0;;500261;500456;500329;34753;;
51;9;30689;L;5;0;;498686;498675;498711;34753;;
51;9;31538;L;5;0;;503132;502908;482681;34916;;
51;9;24908;L;1;4;;270;6210;8118;34223;;
51;9;31365;L;5;0;;501871;501858;502148;34916;;
51;9;18551;L;1;4;;270;2624;2626;26;;
51;9;32186;L;5;0;;498861;496462;505920;32988;;
51;9;19139;L;1;4;;270;2930;6382;35;;
51;9;1032;L;1;1;A15;;1640;1870;8;;528262
51;9;32589;L;5;0;;508576;508568;508591;26;;
51;9;18717;L;1;4;;270;2190;9154;32777;;
51;9;28222;L;5;0;;485476;485459;1962;33536;;
51;9;17988;L;1;4;;270;8466;6812;33112;;
51;9;18825;L;1;4;;270;3876;3878;12;;
51;9;18898;L;1;4;;270;1880;5102;27;;
51;9;18714;L;1;4;;270;3064;9172;32782;;
51;9;28300;L;5;0;;485896;485723;485904;33536;;
51;9;16223;L;1;4;;270;7216;2280;40;;
51;9;17957;L;1;4;;270;9924;6772;39;;
51;9;25253;L;1;4;;270;10680;5436;33899;;
51;9;31674;L;5;0;;486115;503780;503890;34501;;
51;9;18171;L;1;4;;270;9496;9498;33946;;
51;9;32480;L;5;0;;507955;507933;507881;34925;;
51;9;17835;L;1;4;;270;5520;4914;33118;;
51;9;35710;L;5;0;;523063;523327;523400;33951;;
51;9;28577;L;5;0;;487466;483647;487213;33485;;
51;9;18572;L;1;4;;270;4594;1422;26;;
51;9;18159;L;1;4;;270;1340;9438;32827;;
51;9;29683;L;5;0;;490376;490361;490369;34499;;
51;9;26548;L;1;4;;270;8802;8804;34009;;
51;9;28776;L;5;0;;488658;314;484019;12;;
51;9;27159;L;1;4;;270;7492;7860;32966;;
51;9;1022;L;1;1;A17;;2190;2192;32777;;369905
51;9;30764;L;5;0;;499128;499114;499091;34758;;
51;9;30462;L;5;0;;496814;495020;497488;23;;
51;9;17797;L;1;3;;314;250;362;39;;
51;9;28984;L;5;0;;489800;489811;489877;34499;;
51;9;19123;L;1;4;;270;3014;5808;38;;
51;9;18010;L;1;3;;314;782;736;23;;
51;9;28412;L;5;0;;486699;486704;486711;40;;
51;9;18762;L;1;3;;314;244;4456;27;;
51;9;30617;L;5;0;;497830;497755;497827;33110;;
51;9;16167;L;1;3;;314;250;4654;8;;
51;9;35655;L;5;0;;523123;523101;523138;33951;;
51;9;18936;L;1;4;;270;9228;4540;35;;
51;9;17844;L;1;4;;270;6792;6794;23;;
51;9;27008;L;1;4;;270;8800;7780;40;;
51;9;35360;L;5;0;;521674;521373;521682;32812;;
51;9;32726;L;5;0;;508591;508600;527132;34401;;
51;9;24891;L;1;4;;270;2862;682;35;;
51;9;18149;L;1;4;;270;1128;9568;32854;;
51;9;29217;L;5;0;;491266;489997;490783;34499;;
51;9;18237;L;1;4;;270;2636;6388;32939;;
51;9;18485;L;1;4;;270;5680;5678;31;;
51;9;19029;L;1;4;;270;2544;7918;34227;;
51;9;27830;L;1;4;;270;5038;1054;8;;
51;9;12585;L;1;4;;2376;784;2378;23;;
51;9;31976;L;5;0;;505314;505417;504198;12;;
51;9;31504;L;5;0;;502858;501774;502949;34916;;
51;9;17879;L;1;3;182;314;250;2586;8;;27312
51;9;14809;L;6;2;;2298;2318;2308;1;;
51;9;16316;L;1;4;;270;2672;9598;33470;;
51;9;18035;L;1;4;;270;3656;3660;32807;;
51;9;18441;L;1;4;;270;4264;4686;13;;
51;9;31652;L;5;0;;503744;502949;503762;34916;;
51;9;18648;L;1;4;;270;3606;5492;31;;
51;9;18044;L;1;4;;270;3710;7068;32801;;
51;9;29650;L;5;0;;493249;493238;493260;34499;;
51;9;27892;L;5;0;;483494;483530;483417;33486;;
51;9;12606;L;1;4;;270;4214;4224;20;;
51;9;32149;L;5;0;;506342;506203;506236;32988;;
51;9;18173;L;1;4;;270;9724;9726;33950;;
51;9;29403;L;5;0;;491893;491786;491967;34499;;
51;9;18267;L;1;4;;270;4498;4504;32962;;
51;9;14805;L;1;3;;270;6830;6838;34040;;
51;9;19112;L;1;4;;270;4960;7114;38;;
51;9;16284;L;1;4;;270;2248;5262;40;;
51;9;17664;L;1;4;;270;6474;6478;23;;
51;9;30342;L;5;0;;496846;497594;496857;33110;;
51;9;12615;L;1;4;;2350;398;2352;1;;
51;9;24907;L;1;4;;270;690;2558;34223;;
51;9;35741;L;5;0;;522855;522610;523587;41;;
51;9;32570;L;5;0;;508442;489497;508500;34401;;
51;9;30938;L;5;0;;499945;1758;10850;24;;
51;9;18792;L;1;4;;270;3776;466;31;;
51;9;12613;L;1;4;;270;6466;6472;20;;
51;9;29377;L;5;0;;491954;484432;491962;34499;;
51;9;27148;L;1;4;;270;7660;4240;20;;
51;9;18678;L;1;4;;270;4852;10152;33468;;
51;9;35240;L;5;0;;520987;509129;520995;34409;;
51;9;29150;L;5;0;;490593;490565;490907;34499;;
51;9;29441;L;5;0;;492174;490604;492146;34499;;
51;9;17985;L;1;4;;270;2068;5006;23;;
51;9;19094;L;1;4;;270;632;5816;12;;
51;9;18801;L;1;4;;270;10764;5618;27;;
51;9;31233;L;5;0;;501456;526976;501510;34916;;
51;9;17685;L;1;3;;314;2068;5124;33160;;
51;9;32220;L;5;0;;506680;485476;489255;19;;
51;9;28772;L;5;0;;488414;488366;488647;38;;
51;9;18386;L;1;4;;270;1462;7188;13;;
51;9;29159;L;5;0;;490927;490591;490945;34499;;
51;9;29357;L;5;0;;491849;491829;484432;34499;;
51;9;30104;L;5;0;;495479;495215;494928;34331;;
51;9;24956;L;1;4;;270;3028;5822;35;;
51;9;18954;L;1;3;;314;1634;4830;27;;
51;9;18574;L;1;4;;270;1422;9272;26;;
51;9;27996;L;5;0;;484014;483725;484347;33485;;
51;9;30753;L;5;0;;499091;499057;499128;34758;;
51;9;31369;L;5;0;;502148;501871;502170;34916;;
51;9;1051;L;1;1;A12;;1024;188;8;;27408
51;9;25196;L;1;4;;270;8618;8620;21;;
51;9;28063;L;5;0;;484681;484677;484690;33538;;
51;9;24948;L;1;4;;270;3018;6516;12;;
51;9;16153;L;1;4;;270;7762;2580;8;;
51;9;18078;L;1;4;;270;4474;10076;32813;;
51;9;16129;L;1;4;;270;2586;7378;33083;;
51;9;36092;L;5;0;;525291;525294;525301;22;;
51;9;30400;L;5;0;;497218;497200;497231;33110;;
51;9;17715;L;1;4;;270;7726;3906;23;;
51;9;17905;L;1;4;;270;4656;4666;39;;
51;9;16132;L;1;4;;270;4832;4276;40;;
51;9;32532;L;5;0;;507948;507933;508298;34925;;
51;9;25242;L;1;4;;270;4644;2708;39;;
51;9;17935;L;1;4;;270;5224;6772;39;;
51;9;25255;L;1;4;;270;1902;532082;34548;;
51;9;36140;L;5;0;;525494;525486;525507;22;;
51;9;18606;L;1;4;;270;3168;7788;8;;
51;9;19109;L;1;4;;270;7236;7238;12;;
51;9;16278;L;1;4;;270;4560;2614;40;;
51;9;28143;L;5;0;;485094;485078;485102;33536;;
51;9;1038;L;1;1;A40;174;1758;1760;1;;27445
51;9;18833;L;1;4;;270;236;1676;28;;
51;9;31279;L;5;0;;501689;501703;501678;34916;;
51;9;18916;L;1;4;;270;1736;2914;12;;
51;9;24926;L;1;4;;270;9284;678;35;;
51;9;17981;L;1;4;;368458;7830;368466;23;;
51;9;18178;L;1;4;;270;5962;2780;41;;
51;9;18464;L;1;4;;270;8202;8204;34932;;
51;9;36029;L;5;0;;500878;524205;524123;33482;;
51;9;30233;L;5;0;;496171;495641;495623;23;;
51;9;30781;L;5;0;;498886;499219;499268;34753;;
51;9;17855;L;1;4;;270;7832;7834;33174;;
51;9;32707;L;5;0;;508568;509129;509151;26;;
51;9;16138;L;1;4;;270;5686;4282;40;;
51;9;31058;L;5;0;;500478;500520;500551;24;;
51;9;24900;L;1;4;;270;686;6202;35;;
51;9;36158;L;5;0;;525585;525486;525593;34203;;
51;9;16163;L;1;4;;270;1056;5310;33486;;
51;9;16219;L;1;4;;270;7896;10610;33479;;
51;9;30593;L;5;0;;495250;498056;496632;33110;;
51;9;31745;L;5;0;;504239;503871;485882;34501;;
51;9;32404;L;5;0;;507505;507670;507491;34221;;
51;9;1153;L;1;3;;314;3518;3368;26;;
51;9;18415;L;1;4;;270;2766;9180;32;;
51;9;31412;L;5;0;;501556;502346;501199;34916;;
51;9;17714;L;1;4;;270;5564;1770;23;;
51;9;18863;L;1;3;;314;1718;5470;27;;
51;9;36253;L;5;0;;521735;526519;526539;32812;;
51;9;18907;L;1;4;;270;6322;6324;27;;
51;9;31663;L;5;0;;503814;488190;503829;34501;;
51;9;25205;L;1;2;;314;3776;4310;31;;
51;9;29712;L;5;0;;493493;493527;490397;34499;;
51;9;18866;L;1;4;;270;9930;4112;27;;
51;9;16146;L;1;4;;270;5504;4372;33621;;
51;9;18059;L;1;4;;270;8264;8266;32804;;
51;9;17994;L;1;4;;270;782;10278;23;;
51;9;16177;L;1;4;;270;5316;8840;40;;
51;9;29962;L;5;0;;494773;489476;494781;27;;
51;9;16291;L;1;4;;270;9262;9264;40;;
51;9;18727;L;1;4;;270;4146;5074;30;;
51;9;29447;L;5;0;;484019;490719;490490;34499;;
51;9;17761;L;1;4;;270;4070;6980;21;;
51;9;29770;L;5;0;;485704;489255;490490;34499;;
51;9;32014;L;5;0;;505625;505488;505633;12;;
51;9;32674;L;5;0;;509006;489560;508522;26;;
51;9;35200;L;5;0;;520807;508522;508568;34400;;
51;9;17768;L;1;4;;270;4062;6990;21;;
51;9;17880;L;1;4;;270;2470;340;11;;
51;9;18934;L;1;4;;270;4534;2924;12;;
51;9;12579;L;1;4;;270;308;6778;23;;
51;9;18317;L;1;4;;270;4214;4178;20;;
51;9;32678;L;5;0;;508736;314;509037;34400;;
51;9;16114;L;1;4;;270;7384;2740;33503;;
51;9;18290;L;1;4;;270;5884;5886;20;;
51;9;16099;L;1;4;;270;508;8042;40;;
51;9;30722;L;5;0;;296;498886;498933;24;;
51;9;18229;L;1;4;;270;3196;8504;20;;
51;9;16205;L;1;4;;270;8166;5204;40;;
51;9;16080;L;1;4;;270;2504;8038;40;;
51;9;29572;L;5;0;;492886;527205;490318;34499;;
51;9;28183;L;5;0;;485167;485156;485295;33536;;
51;9;24936;L;1;4;;270;8004;8006;38;;
51;9;35566;L;5;0;;522610;522690;522589;41;;
51;9;28538;L;5;0;;487201;487363;486247;33485;;
51;9;32684;L;5;0;;509048;509037;504355;34400;;
51;9;1076;L;1;2;H18;314;3126;1276;8;;27547
51;9;18827;L;1;3;;314;2904;2908;28;;
51;9;24955;L;1;4;;270;6380;6382;35;;
51;9;18608;L;1;4;;270;3528;3964;8;;
51;9;18517;L;1;4;;270;4890;1432;8;;
51;9;16001;L;1;4;;270;3816;9112;40;;
51;9;17636;L;1;3;;314;308;2366;23;;
51;9;31408;L;5;0;;502346;484570;501556;34916;;
51;9;18905;L;1;4;;270;8884;6322;34518;;
51;9;31081;L;5;0;;500606;500627;500532;34753;;
51;9;17649;L;1;4;;270;2442;4306;23;;
51;9;30508;L;5;0;;497678;496490;496566;33110;;
51;9;18748;L;1;4;;270;1766;6026;34506;;
51;9;35228;L;5;0;;520942;520934;508981;34400;;
51;9;26669;L;1;4;;270;4218;7400;20;;
51;9;35893;L;5;0;;524240;524227;9610;33482;;
51;9;18617;L;1;4;;270;3586;6078;34433;;
51;9;30276;L;5;0;;496451;496440;496462;33110;;
51;9;30132;L;5;0;;495591;495575;495623;33111;;
51;9;18751;L;1;4;;270;486;5276;27;;
51;9;27834;L;1;4;;270;4278;1960;40;;
51;9;19136;L;1;4;;270;3026;2542;35;;
51;9;35974;L;5;0;;524158;524172;524123;33482;;
51;9;27199;L;1;4;;270;814;5994;23;;
51;9;14802;L;1;3;;2994;186;172;35074;;
51;9;1056;L;1;2;H25;314;3348;3488;8;;27572
51;9;16280;L;1;4;;270;5270;9812;33499;;
51;9;28763;L;5;0;;488586;488168;488606;38;;
51;9;29383;L;5;0;;486348;489688;491962;34499;;
51;9;26592;L;1;4;;270;418;10100;20;;
51;9;1168;L;1;4;;270;1192;1832;40;;
51;9;18550;L;1;4;;270;2024;2628;14;;
51;9;18969;L;1;4;;270;1902;1870;27;;
51;9;17854;L;1;4;;270;7054;5940;11;;
51;9;19001;L;1;4;;270;10064;10066;38;;
51;9;25201;L;1;3;;270;7184;236;1;;
51;9;29533;L;5;0;;492633;492506;490018;34499;;
51;9;35257;L;5;0;;509019;509006;520913;34400;;
51;9;1081;L;1;2;H26;314;2640;890;8;;27575
51;9;25988;L;1;4;;270;6086;5988;20;;
51;9;17720;L;1;4;;270;1780;1784;22;;
51;9;17831;L;1;4;;270;7370;7758;11;;
51;9;18740;L;1;4;;270;9770;3732;38;;
51;9;29487;L;5;0;;490698;490691;490683;34499;;
51;9;16299;L;1;4;;270;4716;450;40;;
51;9;29585;L;5;0;;492942;490090;492950;34499;;
51;9;18338;L;1;4;;270;1832;4140;33514;;
51;9;19128;L;1;4;;270;4162;7116;34088;;
51;9;18325;L;1;4;;270;6096;6098;23;;
51;9;17851;L;1;4;;270;7180;5940;23;;
51;9;18298;L;1;4;;270;8352;8354;32928;;
51;9;29924;L;5;0;;489511;494371;494645;27;;
51;9;16274;L;1;3;;314;4560;4562;33478;;
51;9;18839;L;1;4;;270;2944;10270;1;;
51;9;17680;L;1;4;;270;4172;9442;23;;
51;9;19134;L;1;4;;270;5432;962;35;;
51;9;18911;L;1;3;;314;2888;2542;12;;
51;9;18418;L;1;4;;270;9134;7616;33;;
51;9;1017;L;1;1;A8;;434;1984;8;;27472
51;9;16233;L;1;4;;270;6616;8792;40;;
51;9;27902;L;5;0;;483624;483647;487795;33485;;
51;9;32577;L;5;0;;508449;508493;508522;34401;;
51;9;26719;L;1;4;;270;9924;5522;39;;
51;9;31440;L;5;0;;502354;527285;502481;34916;;
51;9;27387;L;1;4;;270;7932;7934;40;;
51;9;29292;L;5;0;;491572;489721;489831;34499;;
51;9;18932;L;1;4;;270;10688;10690;35;;
51;9;36161;L;5;0;;525593;525585;2356;22;;
51;9;18570;L;1;4;;270;4594;4976;26;;
51;9;18376;L;1;4;;270;6294;2752;33;;
51;9;35635;L;5;0;;523001;521264;523607;33951;;
51;9;17912;L;1;4;;270;1028;6764;33107;;
51;9;1188;L;6;2;;2272;606;2274;19;;
51;9;24917;L;1;4;;270;2510;7258;35;;
51;9;30083;L;5;0;;494921;495385;494899;34331;;
51;9;32761;L;5;0;;508790;509365;508780;34400;;
51;9;31290;L;5;0;;501742;501739;501801;34916;;
51;9;18604;L;1;4;;270;3546;10336;34407;;
51;9;35615;L;5;0;;521984;522900;522907;33992;;
51;9;16019;L;1;4;;270;7392;7394;33798;;
51;9;16277;L;1;4;;270;2610;4560;40;;
51;9;17898;L;1;4;;270;8236;9646;33687;;
51;9;17794;L;1;4;;270;4062;4514;21;;
51;9;35831;L;5;0;;523049;522989;523024;33951;;
51;9;17793;L;1;4;;270;4516;6976;21;;
51;9;17916;L;1;4;;270;7448;7452;34308;;
51;9;25226;L;1;4;;270;1040;4638;39;;
51;9;31645;L;5;0;;502272;501742;501678;34916;;
51;9;18046;L;1;4;;270;3622;8386;32832;;
51;9;35436;L;5;0;;521984;522070;521973;32812;;
51;9;12566;L;1;4;;2322;2324;2326;33947;;
51;9;18612;L;1;4;;270;1412;3526;26;;
51;9;31799;L;5;0;;504489;504483;504510;23;;
51;9;1184;L;6;1;;2254;1622;2256;27;;
51;9;30951;L;5;0;;499121;499176;499091;34758;;
51;9;18423;L;1;4;;270;3386;7976;34878;;
51;9;18377;L;1;4;;270;3830;8882;33;;
51;9;24916;L;1;4;;270;2510;5366;12;;
51;9;18769;L;1;4;;270;5464;5628;27;;
51;9;18027;L;1;4;;270;3636;3638;32799;;
51;9;32381;L;5;0;;507199;488190;507148;34221;;
51;9;28328;L;5;0;;486059;486049;485306;33538;;
51;9;17918;L;1;4;;270;6430;2702;11;;
51;9;32746;L;5;0;;509306;509293;508811;34400;;
51;9;17969;L;1;4;;270;9682;10402;33148;;
51;9;30351;L;5;0;;496880;496868;496251;23;;
51;9;32359;L;5;0;;507336;314;485882;35;;
51;9;17696;L;1;3;;314;3126;4878;1;;
51;9;30164;L;5;0;;495764;495761;495782;33111;;
51;9;18453;L;1;4;;270;3366;5118;33;;
51;9;32152;L;5;0;;506355;506015;505997;32988;;
51;9;36221;L;5;0;;525826;525816;525763;34203;;
51;9;16216;L;1;4;;270;4028;1918;33536;;
51;9;16137;L;1;4;;270;3460;1960;40;;
51;9;30614;L;5;0;;497776;497755;497849;33110;;
51;9;16058;L;1;3;;314;2502;226;8;;
51;9;36058;L;5;0;;525125;525114;525136;34203;;
51;9;16305;L;1;4;;270;442;9578;33462;;
51;9;29502;L;5;0;;492481;491172;492506;34499;;
51;9;18189;L;1;4;;270;3302;7738;32812;;
51;9;16088;L;1;4;;270;426;4794;40;;
51;9;17669;L;1;4;;270;2368;2378;23;;
51;9;29707;L;5;0;;493527;490390;493138;34499;;
51;9;16197;L;1;4;;270;6184;7722;40;;
51;9;30904;L;5;0;;498612;499795;498604;24;;
51;9;29877;L;5;0;;489560;494343;484499;27;;
51;9;17884;L;1;4;;270;4628;336;39;;
51;9;35349;L;5;0;;521618;521604;521341;32812;;
51;9;16160;L;1;4;;270;8448;7580;33513;;
51;9;30315;L;5;0;;496559;496556;496732;33110;;
51;9;31586;L;5;0;;501544;502148;501199;34916;;
51;9;26394;L;1;4;;270;2772;6502;41;;
51;9;31894;L;5;0;;504953;500114;504761;33151;;
51;9;18645;L;1;4;;270;3578;6432;31;;
51;9;18321;L;1;4;;270;2110;10150;11;;
51;9;14812;L;1;2;A20;;1808;2586;8;;368085
51;9;18507;L;1;4;;270;5498;7196;31;;
51;9;31251;L;5;0;;501580;501563;501627;34916;;
51;9;18471;L;1;4;;270;4602;3984;31;;
51;9;18897;L;1;4;;270;1886;672;34512;;
51;9;29739;L;5;0;;493361;490369;493373;34499;;
51;9;31385;L;5;0;;502215;501787;502222;34916;;
51;9;30909;L;5;0;;498818;498612;498654;34753;;
51;9;24918;L;1;4;;270;5484;7254;12;;
51;9;29913;L;5;0;;489793;494439;485863;34504;;
51;9;18172;L;1;4;;270;9390;9392;33946;;
51;9;31182;L;5;0;;501170;501152;501183;34916;;
51;9;1157;L;1;3;394;314;518;520;41;;27357
51;9;17950;L;1;4;;270;5128;2454;11;;
51;9;18165;L;1;4;;270;5954;7802;41;;
51;9;17713;L;1;4;;270;9318;10574;23;;
51;9;32586;L;5;0;;508568;494894;508576;26;;
51;9;35622;L;5;0;;522922;522907;521264;41;;
51;9;16075;L;1;4;;270;7776;7778;40;;
51;9;30589;L;5;0;;498056;498041;495250;33110;;
51;9;18186;L;1;4;;270;9356;9358;32956;;
51;9;32646;L;5;0;;484432;508665;485882;34400;;
51;9;18328;L;1;4;;270;8580;8652;33137;;
51;9;28696;L;5;0;;488024;488009;483712;33485;;
51;9;30306;L;5;0;;496596;496566;496614;23;;
51;9;18807;L;1;4;;270;1156;6570;27;;
51;9;17682;L;1;4;;270;4168;6488;23;;
51;9;32497;L;5;0;;507888;504163;10758;34925;;
51;9;18696;L;1;4;;270;3346;9816;18;;
51;9;31960;L;5;0;;505372;505384;505350;38;;
51;9;32385;L;5;0;;506865;507148;485882;34221;;
51;9;30200;L;5;0;;495662;495953;495641;33111;;
51;9;29451;L;5;0;;489957;489511;490747;34499;;
51;9;29463;L;5;0;;492307;490747;489688;34499;;
51;9;31420;L;5;0;;501525;502375;501510;34916;;
51;9;18816;L;1;4;;270;5616;5608;27;;
51;9;30382;L;5;0;;496988;495020;496940;33110;;
51;9;30715;L;5;0;;498861;498704;496251;24;;
51;9;24890;L;1;4;;270;694;2860;35;;
51;9;25211;L;1;2;;314;1572;4084;31;;
51;9;19047;L;1;4;;270;2984;3002;38;;
51;9;27909;L;5;0;;483712;483624;488024;33485;;
51;9;28331;L;5;0;;485306;486059;484953;33538;;
51;9;18922;L;1;4;;270;10264;5482;27;;
51;9;30478;L;5;0;;497551;497540;497569;33110;;
51;9;31094;L;5;0;;500675;500384;500683;34753;;
51;9;29704;L;5;0;;493519;490361;493527;34499;;
51;9;18873;L;1;4;;270;4114;9428;27;;
51;9;36188;L;5;0;;525700;525689;525294;34203;;
51;9;18902;L;1;4;;270;6246;6248;27;;
51;9;31466;L;5;0;;491572;502731;502069;34916;;
51;9;18999;L;1;4;;270;2948;10588;12;;
51;9;35915;L;5;0;;524367;524343;524400;33482;;
51;9;25254;L;1;4;;270;1698;8336;33907;;
51;9;17610;L;1;4;;270;2464;5522;11;;
51;9;35898;L;5;0;;524260;524240;524281;22;;
51;9;17948;L;1;4;;270;5154;5524;11;;
51;9;28225;L;5;0;;1962;485476;485363;40;;
51;9;18634;L;1;4;;270;4542;3590;26;;
51;9;28589;L;5;0;;486319;483255;483234;33485;;
51;9;17993;L;1;4;;270;3902;7350;23;;
51;9;18563;L;1;3;;314;4288;3518;26;;
51;9;35806;L;5;0;;523632;523660;523793;33951;;
51;9;29898;L;5;0;;485264;485476;484499;34504;;
51;9;1112;L;1;3;;314;4124;962;35;;
51;9;19114;L;1;4;;270;5454;4962;38;;
51;9;30452;L;5;0;;498297;526830;496767;33110;;
51;9;18053;L;1;4;;270;620;10652;32802;;
51;9;36116;L;5;0;;525403;525378;525411;34203;;
51;9;28864;L;5;0;;488250;485476;488190;34097;;
51;9;29282;L;5;0;;485306;489914;369144;34499;;
51;9;29019;L;5;0;;485863;483610;490097;27;;
51;9;16101;L;1;4;;270;4426;922;40;;
51;9;29791;L;5;0;;490719;491160;489990;34499;;
51;9;26526;L;1;4;;270;540;5758;41;;
51;9;18800;L;1;4;;270;4102;10144;27;;
51;9;32252;L;5;0;;506803;506792;506814;32864;;
51;9;18850;L;1;4;;270;4110;9170;27;;
51;9;1061;L;1;2;;314;202;1430;26;;
51;9;16008;L;1;3;;314;4938;3132;8;;
51;9;17971;L;1;4;;270;9682;6806;39;;
51;9;28582;L;5;0;;487213;487466;483255;33485;;
51;9;28874;L;5;0;;488175;488163;489255;12;;
51;9;26778;L;1;4;;270;2228;540;41;;
51;9;35591;L;5;0;;522764;522753;522813;33951;;
51;9;16199;L;1;4;;270;7722;8258;40;;
51;9;27946;L;5;0;;483929;483750;483945;33485;;
51;9;29408;L;5;0;;491910;485882;491829;34499;;
51;9;1216;L;1;3;;314;2300;4954;33951;;
51;9;16060;L;1;4;;270;3480;10642;40;;
51;9;31709;L;5;0;;503953;314;504198;28;;
51;9;29592;L;5;0;;492971;490215;492986;34499;;
51;9;1143;L;1;3;;314;2610;3502;40;;
51;9;28469;L;5;0;;487005;486512;487016;40;;
51;9;35218;L;5;0;;520900;520880;520913;34400;;
51;9;16237;L;1;3;;314;4384;4386;40;;
51;9;18939;L;1;4;;270;2882;7346;35;;
51;9;17676;L;1;4;;270;10442;10444;33153;;
51;9;16037;L;1;4;;270;3472;5908;8;;
51;9;18409;L;1;4;;270;3162;10770;32;;
51;9;36025;L;5;0;;524360;524736;524343;33482;;
51;9;30050;L;5;0;;495186;495189;495215;39;;
51;9;18798;L;1;4;;270;4098;8908;31;;
51;9;18018;L;1;4;;270;2090;9036;33111;;
51;9;28134;L;5;0;;484993;484936;484953;33538;;
51;9;16134;L;1;4;;270;3460;4836;40;;
51;9;18900;L;1;4;;270;4830;672;27;;
51;9;29493;L;5;0;;492459;492385;491076;34499;;
51;9;24928;L;1;4;;270;674;5928;12;;
51;9;18501;L;1;4;;270;5674;6528;31;;
51;9;31939;L;5;0;;495953;504657;505118;33151;;
51;9;29725;L;5;0;;490574;526939;493155;34499;;
51;9;18679;L;1;4;;270;3842;8234;34497;;
51;9;16191;L;1;4;;270;5320;7998;33504;;
51;9;35870;L;5;0;;524102;524080;524123;33482;;
51;9;35678;L;5;0;;523246;523225;523257;33951;;
51;9;17992;L;1;4;;270;5548;5888;23;;
51;9;31071;L;5;0;;500145;500570;500005;34753;;
51;9;16248;L;1;4;;270;7972;7934;40;;
51;9;18510;L;1;4;;270;890;5498;31;;
51;9;35309;L;5;0;;521412;521402;521421;32812;;
51;9;18450;L;1;4;;270;7692;8218;32;;
51;9;28700;L;5;0;;488163;488168;488175;12;;
51;9;18406;L;1;4;;270;5228;7526;33;;
51;9;18737;L;1;4;;270;1146;6042;38;;
51;9;18757;L;1;4;;270;516;6372;27;;
51;9;30345;L;5;0;;496857;496846;496868;33110;;
51;9;19120;L;1;4;;270;4960;1880;34139;;
51;9;17812;L;1;4;;270;4636;8562;39;;
51;9;19096;L;1;4;;270;238;4770;12;;
51;9;16148;L;1;4;;270;822;188;40;;
51;9;35405;L;5;0;;521959;521651;521973;32812;;
51;9;29349;L;5;0;;491793;490123;491829;34499;;
51;9;25183;L;1;4;;270;3874;6038;34636;;
51;9;30982;L;5;0;;499989;1758;500005;34753;;
51;9;18240;L;1;4;;270;412;9746;20;;
51;9;29307;L;5;0;;489824;489793;489811;34499;;
51;9;29818;L;5;0;;489497;489560;489468;34525;;
51;9;16046;L;1;4;;270;1948;5398;40;;
51;9;30003;L;5;0;;494957;494943;494966;34331;;
51;9;18964;L;1;4;;270;1912;5602;27;;
51;9;1144;L;1;3;418;314;5240;5242;1;;369420
51;9;16238;L;1;4;;270;2492;4394;40;;
51;9;17959;L;1;4;;270;6772;10516;39;;
51;9;30694;L;5;0;;498711;498686;498742;34753;;
51;9;28124;L;5;0;;484958;484961;484911;40;;
51;9;30041;L;5;0;;495148;495133;495161;34331;;
51;9;30665;L;5;0;;498566;498571;498592;24;;
51;9;35910;L;5;0;;524343;524346;524715;33482;;
51;9;28657;L;5;0;;487869;485934;487889;33485;;
51;9;36009;L;5;0;;524800;500878;524808;33482;;
51;9;18561;L;1;4;;270;2638;2640;26;;
51;9;29774;L;5;0;;493840;485704;493689;34499;;
51;9;31150;L;5;0;;500923;500891;500005;34753;;
51;9;19078;L;1;4;;270;632;1162;38;;
51;9;18987;L;1;4;;270;5446;2950;27;;
51;9;28322;L;5;0;;486049;483316;486059;33538;;
51;9;30139;L;5;0;;495641;495623;495676;33111;;
51;9;29836;L;5;0;;494139;489468;490311;34554;;
51;9;12607;L;1;4;;270;7410;8654;32999;;
51;9;16102;L;1;4;;270;3490;5752;40;;
51;9;18849;L;1;4;;270;5034;5838;27;;
51;9;18095;L;1;4;;270;610;10314;32822;;
51;9;32743;L;5;0;;501739;509293;508449;34400;;
51;9;18975;L;1;4;;270;4588;2968;27;;
51;9;30327;L;5;0;;496767;496756;496778;33110;;
51;9;17894;L;1;4;;270;330;5026;39;;
51;9;18840;L;1;4;;270;2944;7184;28;;
51;9;36143;L;5;0;;525507;525494;484961;22;;
51;9;17849;L;1;4;;270;5550;7174;23;;
51;9;1047;L;1;1;;2246;1928;2248;40;;
51;9;35210;L;5;0;;508999;508899;489560;34400;;
51;9;24920;L;1;4;;270;2854;698;34078;;
51;9;31840;L;5;0;;504717;504699;504738;33151;;
51;9;18163;L;1;4;;270;3326;6842;41;;
51;9;19071;L;1;4;;270;5812;7262;38;;
51;9;18040;L;1;4;;270;3680;9516;32803;;
51;9;29605;L;5;0;;493033;490361;492986;34499;;
51;9;18554;L;1;4;;270;2634;4966;26;;
51;9;18292;L;1;4;;270;2126;5886;20;;
51;9;18185;L;1;4;;270;718;6672;33954;;
51;9;18567;L;1;4;;270;2630;4596;26;;
51;9;29991;L;5;0;;490565;494350;494894;27;;
51;9;14810;L;6;2;;2298;2312;472;1;;
51;9;19086;L;1;3;;314;4808;4812;36;;
51;9;18928;L;1;4;;270;9948;9950;27;;
51;9;18562;L;1;4;;270;202;3850;26;;
51;9;28284;L;5;0;;485711;485673;485842;40;;
51;9;29224;L;5;0;;491220;490011;491259;34499;;
51;9;26614;L;1;4;;270;7858;7878;20;;
51;9;35331;L;5;0;;521531;521524;526634;32812;;
51;9;16062;L;1;3;;314;2508;862;40;;
51;9;35707;L;5;0;;523327;523056;521166;33951;;
51;9;18138;L;1;4;;270;2290;9926;32818;;
51;9;28692;L;5;0;;488009;1962;488024;40;;
51;9;36256;L;5;0;;526539;521735;521166;32812;;
51;9;31970;L;5;0;;505417;488190;505314;34110;;
51;9;35476;L;5;0;;522253;521264;521651;32812;;
51;9;29220;L;5;0;;491259;489997;490769;34499;;
51;9;28721;L;5;0;;10978;488190;488310;34097;;
51;9;12619;L;1;4;;2344;2346;2348;40;;
51;9;18073;L;1;3;;314;1142;4982;1;;
51;9;1162;L;1;3;340;314;244;1870;27;;528903
51;9;30224;L;5;0;;496140;495634;495575;33111;;
51;9;30556;L;5;0;;497917;497871;495351;33110;;
51;9;19064;L;1;4;;270;648;4164;36;;
51;9;17841;L;1;4;;270;5512;7174;23;;
51;9;32666;L;5;0;;508973;508951;508522;26;;
51;9;18588;L;1;4;;270;1432;3548;8;;
51;9;28017;L;5;0;;484432;484416;484475;33538;;
51;9;18889;L;1;4;;270;3082;4804;27;;
51;9;18541;L;1;4;;270;2630;10714;34418;;
51;9;32231;L;5;0;;506715;506671;314;19;;
51;9;17921;L;1;4;;270;6802;6800;23;;
51;9;29893;L;5;0;;494439;489476;485264;27;;
51;9;18213;L;1;4;;270;1274;6818;41;;
51;9;18420;L;1;4;;270;7944;3382;13;;
51;9;28605;L;5;0;;486856;486867;1962;33485;;
51;9;18305;L;1;4;;270;406;8868;20;;
51;9;35538;L;5;0;;522544;522532;522569;41;;
51;9;28401;L;5;0;;483530;486547;483281;40;;
51;9;30158;L;5;0;;495745;495734;495756;33111;;
51;9;25221;L;1;4;;270;6784;6786;39;;
51;9;17752;L;1;4;;270;3156;10032;8;;
51;9;30874;L;5;0;;499654;499435;498933;24;;
51;9;18166;L;1;4;;270;6160;7046;41;;
51;9;18032;L;1;4;;270;3642;10162;32815;;
51;9;17630;L;1;4;;270;6926;7416;23;;
51;9;32162;L;5;0;;506405;506397;506050;32988;;
51;9;12583;L;1;4;;10930;306;782;23;;
51;9;19119;L;1;4;;270;4960;7510;38;;
51;9;31377;L;5;0;;501614;502170;501660;34916;;
51;9;32624;L;5;0;;508780;508783;508797;26;;
51;9;17730;L;1;4;;270;7464;2356;33463;;
51;9;19068;L;1;4;;270;5874;5866;34096;;
51;9;28006;L;5;0;;483967;484363;483945;33485;;
51;9;35542;L;5;0;;521166;522582;522589;41;;
51;9;35578;L;5;0;;522745;522618;522753;33951;;
51;9;17976;L;1;4;;270;4920;5002;23;;
51;9;18654;L;1;4;;270;3578;6436;31;;
51;9;12596;L;1;4;;10848;234;8062;8;;
51;9;35723;L;5;0;;523445;523434;523456;33951;;
51;9;1044;L;1;1;A2;;1274;1276;1;;27427
51;9;18449;L;1;4;;270;4268;5850;32;;
51;9;30662;L;5;0;;498436;496280;527489;23;;
51;9;36212;L;5;0;;525103;525785;525093;22;;
51;9;19076;L;1;4;;270;2830;7672;34095;;
51;9;35638;L;5;0;;523024;527789;523063;41;;
51;9;18270;L;1;4;;270;6444;5856;32968;;
51;9;31398;L;5;0;;502294;501678;484570;34916;;
51;9;16184;L;1;4;;270;5302;8222;40;;
51;9;31803;L;5;0;;504546;504483;504554;33151;;
51;9;28880;L;5;0;;488257;488190;489281;34097;;
51;9;12578;L;1;4;;270;2432;10206;23;;
51;9;26507;L;1;4;;270;5792;3330;41;;
51;9;17947;L;1;3;;314;812;5148;11;;
51;9;1172;L;1;4;;270;700;1422;26;;
51;9;30018;L;5;0;;495034;495049;495056;39;;
51;9;17725;L;1;4;;270;10570;10572;33463;;
51;9;35473;L;5;0;;522237;522222;521264;32812;;
51;9;32615;L;5;0;;314;508701;508750;34400;;
51;9;18557;L;1;4;;270;3846;5790;34391;;
51;9;16139;L;1;4;;270;4036;4380;40;;
51;9;32491;L;5;0;;508047;504163;508072;25;;
51;9;16301;L;1;4;;270;2008;10670;40;;
51;9;28569;L;5;0;;483647;487453;2592;33485;;
51;9;18981;L;1;4;;270;1634;8796;34509;;
51;9;18713;L;1;4;;270;234;7752;32782;;
51;9;36246;L;5;0;;526530;7740;521166;32812;;
51;9;16293;L;1;4;;270;1986;8154;40;;
51;9;17727;L;1;4;;270;6872;6814;33463;;
51;9;28297;L;5;0;;485882;484432;485370;33536;;
51;9;1177;L;1;4;;10984;10996;422;20;;
51;9;18758;L;1;4;;270;484;6372;27;;
51;9;17908;L;1;4;;270;618;4660;39;;
51;9;35901;L;5;0;;9610;524240;524292;8;;
51;9;36109;L;5;0;;525367;525359;525385;34203;;
51;9;35420;L;5;0;;522019;522008;522030;32812;;
51;9;36012;L;5;0;;524808;524800;524736;33482;;
51;9;31809;L;5;0;;504570;504573;497776;23;;
51;9;29278;L;5;0;;489914;489702;489688;34499;;
51;9;18908;L;1;4;;270;5598;7206;27;;
51;9;18199;L;1;4;;270;2300;8728;41;;
51;9;26824;L;1;4;;270;6834;9224;34001;;
51;9;31325;L;5;0;;501337;501289;488190;34916;;
51;9;19070;L;1;4;;270;5812;7264;38;;
51;9;18821;L;1;4;;270;3876;4280;1;;
51;9;19102;L;1;4;;270;9616;4766;12;;
51;9;18712;L;1;4;;270;3058;3060;32775;;
51;9;28635;L;5;0;;487769;487748;485934;33485;;
51;9;30089;L;5;0;;495416;495020;495424;34331;;
51;9;16061;L;1;4;;270;860;862;40;;
51;9;35460;L;5;0;;522188;521597;526587;32812;;
51;9;18429;L;1;3;;314;3488;1452;13;;
51;9;18815;L;1;4;;270;7128;9184;34540;;
51;9;30410;L;5;0;;497265;497218;497273;33110;;
51;9;31914;L;5;0;;504496;504483;505129;33151;;
51;9;18720;L;1;4;;270;3076;3750;8;;
51;9;19080;L;1;3;;314;2844;4800;38;;
51;9;32468;L;5;0;;503878;507908;504327;34925;;
51;9;18427;L;1;4;;270;6574;8218;32;;
51;9;16183;L;1;4;;270;5304;5188;40;;
51;9;18515;L;1;4;;270;7100;912;8;;
51;9;18735;L;1;4;;270;1140;6048;8;;
51;9;30504;L;5;0;;496520;496566;496371;33110;;
51;9;31006;L;5;0;;500203;498592;1758;34753;;
51;9;36337;L;1;1;A15;;2536;4830;27;;528262
51;9;30339;L;5;0;;496501;496490;497594;33110;;
51;9;30177;L;5;0;;495850;495795;495859;33111;;
51;9;32749;L;5;0;;508811;509306;508797;34400;;
51;9;18532;L;1;3;;314;3512;4814;26;;
51;9;36077;L;5;0;;525217;525199;525228;34203;;
51;9;30965;L;5;0;;499386;499378;500086;34753;;
51;9;16065;L;1;3;;270;2510;4896;33679;;
51;9;19059;L;1;4;;270;2984;648;12;;
51;9;16022;L;1;4;;270;3926;8378;40;;
51;9;29141;L;5;0;;490776;489977;490790;34499;;
51;9;18657;L;1;4;;270;1602;6336;8;;
51;9;31242;L;5;0;;501199;501510;501556;34916;;
51;9;14811;L;1;2;;314;782;250;11;;
51;9;27011;L;1;4;;270;8800;7782;40;;
51;9;28238;L;5;0;;485552;485527;483610;33536;;
51;9;18703;L;1;4;;270;2160;9642;30;;
51;9;18155;L;1;4;;270;570;8830;32820;;
51;9;18505;L;1;4;;270;7094;7942;31;;
51;9;1150;L;1;3;;314;188;3460;40;;
51;9;18782;L;1;3;;314;460;244;8;;
51;9;18892;L;1;4;;270;4806;6562;34138;;
51;9;27500;L;1;4;;270;1452;367587;35106;;
51;9;16269;L;1;4;;270;4758;2602;40;;
51;9;18316;L;1;4;;270;386;8878;20;;
51;9;18868;L;1;4;;270;3868;8270;27;;
51;9;18397;L;1;4;;270;3960;5090;33;;
51;9;17968;L;1;4;;270;9682;10404;33148;;
51;9;18029;L;1;4;;270;3638;7036;32799;;
51;9;18351;L;1;4;;270;6320;3798;32;;
51;9;27827;L;1;4;;481576;8028;9118;33500;;
51;9;35563;L;5;0;;522690;522685;522610;33951;;
51;9;35996;L;5;0;;524692;524736;524367;33482;;
51;9;28526;L;5;0;;487296;487265;483459;33486;;
51;9;18444;L;1;4;;270;5120;7334;33;;
51;9;1165;L;1;4;;270;7472;3432;32936;;
51;9;27985;L;5;0;;484228;484219;484299;33485;;
51;9;19082;L;1;4;;270;1164;4800;38;;
51;9;28919;L;5;0;;488537;488407;488421;34097;;
51;9;26628;L;1;4;;270;5888;5350;32953;;
51;9;17919;L;1;4;;270;5970;5976;11;;
51;9;18640;L;1;4;;270;5494;7422;8;;
51;9;28395;L;5;0;;2486;482668;485370;40;;
51;9;28425;L;5;0;;486753;527060;486779;33486;;
51;9;29380;L;5;0;;491967;491962;491893;34499;;
51;9;32371;L;5;0;;507405;488168;314;35;;
51;9;17775;L;1;4;;270;7004;7000;21;;
51;9;18322;L;1;4;;270;8498;8500;33035;;
51;9;18164;L;1;4;;270;9738;9740;41;;
51;9;12556;L;1;4;;10860;1548;10862;1;;
51;9;18335;L;1;4;;270;5396;6118;33;;
51;9;19121;L;1;4;;270;668;7114;12;;
51;9;17972;L;1;4;;270;2454;5004;23;;
51;9;32649;L;5;0;;508891;485882;508899;26;;
51;9;18841;L;1;4;;270;2982;7184;28;;
51;9;12589;L;1;4;;8342;2562;3408;22;;
51;9;1178;L;1;4;;270;426;7812;20;;
51;9;36421;L;1;2;;533028;3752;1640;8;;
51;9;31456;L;5;0;;502709;502341;527088;34916;;
51;9;17698;L;1;4;;270;1786;5914;22;;
51;9;18887;L;1;4;;270;2256;4804;27;;
51;9;31135;L;5;0;;500849;500520;500867;34753;;
51;9;32716;L;5;0;;509176;509116;509184;26;;
51;9;28782;L;5;0;;484019;488303;488658;34097;;
51;9;26868;L;1;4;;270;6820;1274;41;;
51;9;35820;L;5;0;;523354;523660;527736;33951;;
51;9;24895;L;1;4;;270;694;2862;35;;
51;9;17983;L;1;3;;314;2454;5006;23;;
51;9;19097;L;1;4;;270;4812;7236;12;;
51;9;29187;L;5;0;;491107;491084;491095;34499;;
51;9;31068;L;5;0;;500570;500544;500145;34753;;
51;9;29111;L;5;0;;490652;490644;490663;34499;;
51;9;31263;L;5;0;;501627;501580;485215;34916;;
51;9;32670;L;5;0;;489560;504327;509006;34400;;
51;9;18394;L;1;3;;314;864;3966;33;;
51;9;17942;L;1;4;;270;6772;10514;39;;
51;9;1002;L;1;1;;10870;820;2590;39;;
51;9;36240;L;5;0;;526499;490490;526496;34499;;
51;9;32768;L;5;0;;484499;501170;484432;34400;;
51;9;26504;L;1;4;;270;5792;5796;32827;;
51;9;35930;L;5;0;;524198;524095;524468;33482;;
51;9;18414;L;1;4;;270;2768;1446;32;;
51;9;16314;L;1;4;;270;4908;4910;33461;;
51;9;17837;L;1;4;;270;7054;5514;39;;
51;9;30683;L;5;0;;498661;498641;498675;34753;;
51;9;29905;L;5;0;;494497;489560;494505;34504;;
51;9;18396;L;1;4;;270;1434;2760;13;;
51;9;17749;L;1;4;;270;5168;5174;21;;
51;9;1013;L;1;1;A14;;1704;878;8;;369920
51;9;16308;L;1;4;;270;440;7610;33473;;
51;9;18878;L;1;4;;270;5598;1916;27;;
51;9;30230;L;5;0;;496160;495641;495623;23;;
51;9;18389;L;1;4;;270;7188;7194;13;;
51;9;16098;L;1;4;;270;4432;4428;40;;
51;9;35937;L;5;0;;524486;524095;524205;33482;;
51;9;32438;L;5;0;;507180;501871;488190;35;;
51;9;1167;L;1;4;;270;3926;1192;8;;
51;9;16232;L;1;4;;270;3490;6614;40;;
51;9;35312;L;5;0;;521421;521412;521432;32812;;
51;9;28233;L;5;0;;485527;485500;485552;40;;
51;9;17876;L;1;4;;270;4646;7874;39;;
51;9;17773;L;1;4;;270;7000;9666;34674;;
51;9;29985;L;5;0;;494357;489560;504163;34504;;
51;9;32510;L;5;0;;508129;490747;508140;34925;;
51;9;18354;L;1;4;;270;7846;7848;32;;
51;9;18374;L;1;4;;270;852;8314;8;;
51;9;18733;L;1;4;;270;208;492;30;;
51;9;29973;L;5;0;;494820;494364;489793;34504;;
51;9;18609;L;1;4;;270;3544;6620;26;;
51;9;35221;L;5;0;;520913;520900;484622;26;;
51;9;29664;L;5;0;;490537;490474;490369;34499;;
51;9;30932;L;5;0;;498585;498566;1758;34753;;
51;9;31629;L;5;0;;501121;503560;501456;13;;
51;9;18437;L;1;4;;270;3964;1458;32;;
51;9;30488;L;5;0;;497594;496838;497602;33110;;
51;9;35495;L;5;0;;1318;521286;521166;32812;;
51;9;29100;L;5;0;;490565;490455;490620;34499;;
51;9;1050;L;1;1;A52;;244;1870;27;;27457
51;9;16142;L;1;4;;270;1950;4370;40;;
51;9;18910;L;1;3;;314;1718;470;12;;
51;9;35292;L;5;0;;521178;521166;521326;41;;
51;9;28648;L;5;0;;487824;487807;484331;33485;;
51;9;1114;L;1;3;;314;4590;966;35;;
51;9;28746;L;5;0;;488466;488379;488481;34097;;
51;9;32693;L;5;0;;508750;314;509079;34400;;
51;9;35572;L;5;0;;522720;522710;522626;33951;;
51;9;18075;L;1;4;;270;3728;10338;32852;;
51;9;36033;L;5;0;;525029;524528;524353;33482;;
51;9;18955;L;1;3;;314;5106;2956;27;;
51;9;31639;L;5;0;;503647;501904;501417;34916;;
51;9;18809;L;1;4;;270;3098;908;8;;
51;9;26957;L;1;4;;270;2482;7912;40;;
51;9;18365;L;1;4;;270;2220;2766;32;;
51;9;26775;L;1;4;;270;6684;6686;41;;
51;9;18067;L;1;4;;270;1502;7900;19;;
51;9;18844;L;1;4;;270;478;9538;1;;
51;9;30726;L;5;0;;498940;10850;498948;34753;;
51;9;35450;L;5;0;;522082;522138;522070;32812;;
51;9;26532;L;1;4;;270;532;6708;41;;
51;9;26976;L;1;3;;270;2508;3492;40;;
51;9;32002;L;5;0;;488264;505539;488168;34110;;
51;9;28137;L;5;0;;485066;485071;485078;40;;
51;9;35315;L;5;0;;521432;521421;521264;32812;;
51;9;18407;L;1;4;;270;5732;5228;13;;
51;9;35645;L;5;0;;522989;521264;523092;41;;
51;9;29945;L;5;0;;494700;494671;494711;27;;
51;9;28732;L;5;0;;488366;488355;488433;38;;
51;9;16016;L;1;4;;270;4054;3824;8;;
51;9;17996;L;1;4;;270;5888;790;23;;
51;9;29839;L;5;0;;490455;485882;1962;27;;
51;9;18985;L;1;4;;270;4580;2950;27;;
51;9;17731;L;1;4;;270;6956;6958;22;;
51;9;29544;L;5;0;;492679;492670;490885;27;;
51;9;18974;L;1;4;;270;4586;2970;27;;
51;9;26897;L;1;3;;270;10400;1602;27;;
51;9;30022;L;5;0;;495061;495020;495081;39;;
51;9;30387;L;5;0;;497166;495020;496988;23;;
51;9;29856;L;5;0;;494238;489702;527104;8;;
51;9;1189;L;6;2;;2292;2294;2296;19;;
51;9;31748;L;5;0;;504250;485882;503983;34501;;
51;9;17683;L;1;4;;270;2068;2064;23;;
51;9;28574;L;5;0;;483731;2592;487493;33485;;
51;9;35369;L;5;0;;521704;521693;526521;32812;;
51;9;18014;L;1;4;;270;6394;6402;23;;
51;9;18750;L;1;4;;270;5464;482;8;;
51;9;18038;L;1;4;;270;3612;9978;32850;;
51;9;17940;L;1;4;;270;9344;7448;39;;
51;9;17840;L;1;4;;270;5512;5942;23;;
51;9;30422;L;5;0;;497297;497302;497273;33110;;
51;9;25217;L;1;4;;270;1432;5802;26;;
51;9;30679;L;5;0;;498641;498626;498661;34753;;
51;9;35535;L;5;0;;522532;522521;522544;33951;;
51;9;16097;L;1;4;;270;4434;6390;40;;
51;9;18918;L;1;4;;270;9704;2916;27;;
51;9;35346;L;5;0;;521604;521587;521618;32812;;
51;9;18324;L;1;4;;270;5110;2100;32963;;
51;9;35153;L;5;0;;508910;508899;492574;34400;;
51;9;35328;L;5;0;;521524;521264;521531;32812;;
51;9;16319;L;1;4;;270;4926;8562;32942;;
51;9;18768;L;1;4;;270;922;5624;27;;
51;9;35699;L;5;0;;527774;523315;523056;41;;
51;9;18528;L;1;4;;270;4890;4978;26;;
51;9;19111;L;1;3;;314;3014;4960;38;;
51;9;16313;L;1;3;;314;2686;4904;40;;
51;9;18680;L;1;4;;270;3842;9750;34497;;
51;9;32755;L;5;0;;509354;483610;509365;34400;;
51;9;35781;L;5;0;;523744;523736;522745;33951;;
51;9;30535;L;5;0;;497807;497783;497820;33110;;
51;9;1099;L;1;3;;314;1948;3944;40;;
51;9;31625;L;5;0;;490907;501463;501871;34916;;
51;9;35426;L;5;0;;521222;521386;521206;32812;;
51;9;19009;L;1;4;;270;10198;5422;27;;
51;9;16029;L;1;4;;270;8938;5142;40;;
51;9;26827;L;1;4;;270;526;7694;41;;
51;9;35971;L;5;0;;524144;524505;524123;33482;;
51;9;17823;L;1;4;;270;812;7366;23;;
51;9;17732;L;1;4;;270;1784;2574;22;;
51;9;29611;L;5;0;;490404;490361;490437;34499;;
51;9;16031;L;1;4;;270;1958;5142;40;;
51;9;28149;L;5;0;;485116;485078;485124;33536;;
51;9;25245;L;1;4;;270;7338;5852;13;;
51;9;16025;L;1;4;;270;9404;1200;40;;
51;9;16018;L;1;4;;270;7396;9350;33534;;
51;9;1137;L;1;3;462;314;648;664;36;;27381
51;9;30266;L;5;0;;496398;496388;496427;33110;;
51;9;18021;L;1;4;;270;1544;7612;32806;;
51;9;17882;L;1;4;;270;4630;7164;11;;
51;9;18661;L;1;4;;270;5012;4454;27;;
51;9;35275;L;5;0;;521206;521169;521229;32812;;
51;9;18360;L;1;4;;270;7592;7594;13;;
51;9;18876;L;1;4;;270;8686;8688;34536;;
51;9;31175;L;5;0;;501138;501121;501152;34916;;
51;9;32131;L;5;0;;506266;506217;506277;20;;
51;9;28925;L;5;0;;489468;488190;489523;27;;
51;9;17692;L;1;4;;270;5556;10124;33109;;
51;9;16203;L;1;4;;270;7720;8166;40;;
51;9;18034;L;1;4;;270;3652;6552;32847;;
51;9;30000;L;5;0;;494943;526796;494957;34331;;
51;9;18012;L;1;4;;270;2076;2576;23;;
51;9;27584;L;1;3;144;314;9226;3448;11;;528899
51;9;18204;L;1;4;;270;3290;544;41;;
51;9;27379;L;1;4;;270;7666;8648;33007;;
51;9;1071;L;1;2;H9;314;2060;2136;11;;710
51;9;18691;L;1;3;;314;498;5380;14;;
51;9;18531;L;1;4;;270;5802;4888;8;;
51;9;1331;L;1;3;;314;4126;2542;35;;
51;9;18434;L;1;4;;270;1668;4266;13;;
51;9;28794;L;5;0;;488726;488739;488825;34097;;
51;9;18953;L;1;3;;314;4586;4612;27;;
51;9;31684;L;5;0;;483281;503901;503945;28;;
51;9;16131;L;1;3;;314;3460;2588;40;;
51;9;17733;L;1;4;;270;3126;8368;22;;
51;9;32413;L;5;0;;507398;488168;507491;34221;;
51;9;18622;L;1;4;;270;3526;3596;26;;
51;9;27004;L;1;4;;270;7934;2596;33539;;
51;9;16201;L;1;4;;270;7722;8254;33592;;
51;9;31338;L;5;0;;490565;485174;502021;34916;;
51;9;29569;L;5;0;;492868;527207;527205;34499;;
51;9;18042;L;1;4;;270;3620;6256;32876;;
51;9;1142;L;1;3;;314;4360;3162;13;;
51;9;36119;L;5;0;;525411;525403;525422;34203;;
51;9;31042;L;5;0;;500384;500381;500456;24;;
51;9;31936;L;5;0;;505076;505053;504657;33151;;
51;9;16120;L;1;4;;270;7384;7386;40;;
51;9;18223;L;1;4;;270;1286;6886;41;;
51;9;36049;L;5;0;;525093;525096;525103;22;;
51;9;27247;L;1;4;;270;7358;7360;33193;;
51;9;35549;L;5;0;;522618;521166;522626;33951;;
51;9;36149;L;5;0;;525541;525479;525398;34203;;
51;9;1124;L;1;3;213;314;422;418;20;;27330
51;9;35813;L;5;0;;521402;523793;527789;33951;;
51;9;30653;L;5;0;;498406;496451;498414;33110;;
51;9;27359;L;1;2;189;344;346;348;34314;;27315
51;9;18484;L;1;4;;270;5676;2182;31;;
51;9;19028;L;1;4;;270;9950;10658;27;;
51;9;24921;L;1;4;;270;7256;698;34078;;
51;9;17813;L;1;4;;270;4636;8556;39;;
51;9;28264;L;5;0;;485750;485679;485673;40;;
51;9;28829;L;5;0;;488963;488943;488971;34097;;
51;9;27867;L;5;0;;483290;1962;482844;40;;
51;9;18495;L;1;4;;270;4688;6348;31;;
51;9;27141;L;1;4;;270;10548;10090;20;;
51;9;19073;L;1;4;;270;2834;9734;38;;
51;9;30817;L;5;0;;499424;498758;499435;34753;;
51;9;26808;L;1;4;;270;3276;8854;41;;
51;9;18371;L;1;4;;270;226;2754;33;;
51;9;28912;L;5;0;;489404;489393;489369;34097;;
51;9;1059;L;1;2;H10;314;2056;202;8;;27523
51;9;1092;L;1;3;;5646;362;2672;8;;
51;9;18629;L;1;3;;314;1938;4458;8;;
51;9;29742;L;5;0;;483916;491842;526939;34499;;
51;9;16068;L;1;3;;314;2508;3514;8;;
51;9;12609;L;1;4;;270;4234;5406;20;;
51;9;17829;L;1;4;;270;9030;9032;33085;;
51;9;28906;L;5;0;;489382;489362;489393;34097;;
51;9;29553;L;5;0;;490885;490790;490821;27;;
51;9;25241;L;1;4;;270;372;5766;33104;;
51;9;1095;L;1;3;;314;4926;2666;40;;
51;9;19117;L;1;4;;270;972;678;12;;
51;9;32719;L;5;0;;508775;508766;508568;26;;
51;9;18926;L;1;4;;270;8046;8048;27;;
51;9;24930;L;1;4;;270;674;5918;38;;
51;9;26407;L;1;4;;270;2786;5964;34002;;
51;9;27939;L;5;0;;483901;483787;483916;33485;;
51;9;36424;L;1;1;;532116;832;482674;33485;;
51;9;29262;L;5;0;;491438;491444;491456;27;;
51;9;18255;L;1;4;;270;5406;8646;20;;
51;9;32690;L;5;0;;509068;504355;509079;34400;;
51;9;1053;L;1;2;H2;314;1274;1276;8;;27554
51;9;35501;L;5;0;;522346;522338;522357;32812;;
51;9;1011;L;1;1;A18;;7846;1470;32;;367805
51;9;28211;L;5;0;;485255;485167;485370;33536;;
51;9;16042;L;1;4;;270;3466;4422;40;;
51;9;29886;L;5;0;;494408;494411;494357;27;;
51;9;31945;L;5;0;;505294;488190;488168;38;;
51;9;18269;L;1;4;;270;8602;5110;20;;
51;9;32076;L;5;0;;505974;505943;506004;20;;
51;9;26949;L;1;4;;270;2484;7580;40;;
51;9;17822;L;1;4;;270;2468;7154;39;;
51;9;18439;L;1;4;;270;1570;9126;31;;
51;9;35618;L;5;0;;522907;521984;522929;41;;
51;9;36102;L;5;0;;525280;1796;525350;34203;;
51;9;1094;L;1;3;448;314;646;642;12;;27378
51;9;18639;L;1;4;;270;1938;2978;8;;
51;9;17816;L;1;4;;270;376;9790;39;;
51;9;18803;L;1;4;;270;1848;6584;27;;
51;9;18702;L;1;4;;270;8146;5788;30;;
51;9;27806;L;1;2;406;314;6164;548;41;;528820
51;9;17871;L;1;4;;270;814;2468;11;;
51;9;17651;L;1;4;;270;6068;5980;23;;
51;9;16220;L;1;4;;270;3492;8124;40;;
51;9;28463;L;5;0;;486966;486412;482674;33485;;
51;9;25214;L;1;4;;270;6578;6486;31;;
51;9;18062;L;1;4;;270;1504;8330;19;;
51;9;32431;L;5;0;;507767;507164;507783;12;;
51;9;1001;L;1;1;;10876;4156;3010;38;;
51;9;16168;L;1;3;;314;4654;4748;40;;
51;9;17776;L;1;4;;270;4072;1246;21;;
51;9;28617;L;5;0;;486830;486823;486798;33485;;
51;9;30119;L;5;0;;495538;495521;495556;33111;;
51;9;32030;L;5;0;;505765;505771;495351;32988;;
51;9;1080;L;1;2;H24;314;1422;1574;8;;27569
51;9;18942;L;1;4;;270;670;2556;35;;
51;9;17953;L;1;4;;270;4920;6802;23;;
51;9;1118;L;1;3;;314;2120;5344;20;;
51;9;16273;L;1;3;;314;2608;5262;40;;
51;9;29337;L;5;0;;485078;489800;489767;34499;;
51;9;17860;L;1;4;;270;2456;4714;11;;
51;9;18361;L;1;4;;270;1462;3792;13;;
51;9;29784;L;5;0;;490462;490490;490437;34499;;
51;9;32105;L;5;0;;506159;506149;505790;20;;
51;9;1147;L;1;3;;314;5384;4724;40;;
51;9;18638;L;1;4;;270;4352;3574;31;;
51;9;18997;L;1;4;;270;618;1736;32795;;
51;9;32023;L;5;0;;505733;505723;505751;32988;;
51;9;17874;L;1;4;;270;4646;5524;39;;
51;9;28826;L;5;0;;488943;488925;488954;34097;;
51;9;17643;L;1;4;;270;6624;6626;23;;
51;9;31443;L;5;0;;502495;502470;502428;34916;;
51;9;17872;L;1;4;;270;4646;4648;39;;
51;9;18587;L;1;4;;270;10334;3374;26;;
51;9;31558;L;5;0;;503268;501824;502183;34916;;
51;9;17862;L;1;4;;270;8470;8722;11;;
51;9;29078;L;5;0;;490178;490158;490361;34499;;
51;9;27350;L;1;1;;2050;2052;2054;33769;;
51;9;16287;L;1;4;;270;1918;9904;40;;
51;9;28442;L;5;0;;486837;486798;486867;40;;
51;9;18632;L;1;4;;270;1896;3158;8;;
51;9;17748;L;1;4;;270;4068;5170;21;;
51;9;18822;L;1;4;;270;3878;5724;27;;
51;9;17781;L;1;4;;270;4072;7826;21;;
51;9;31739;L;5;0;;503878;486115;503871;34501;;
51;9;32526;L;5;0;;508305;507941;490698;34925;;
51;9;16221;L;1;4;;270;7324;4818;8;;
51;9;30633;L;5;0;;498311;496405;498325;33110;;
51;9;1190;L;6;2;;2284;708;432;8;;
51;9;17853;L;1;4;;270;6908;6910;23;;
51;9;1012;L;1;1;A22;;1462;1452;32;;367527
51;9;16263;L;1;4;;270;2596;4026;40;;
51;9;17852;L;1;4;;270;5550;6910;11;;
51;9;17804;L;1;4;;270;8818;4636;39;;
51;9;30033;L;5;0;;495107;495096;495125;34331;;
51;9;31688;L;5;0;;503950;503953;503967;34501;;
51;9;17990;L;1;4;;270;5552;5554;33112;;
51;9;31569;L;5;0;;501835;503317;503334;13;;
51;9;19036;L;1;4;;270;7918;7920;34227;;
51;9;17766;L;1;4;;270;10232;10384;33474;;
51;9;35691;L;5;0;;521166;523232;523327;33951;;
51;9;18820;L;1;4;;270;7924;7926;1;;
51;9;36296;L;5;0;;527285;502346;502354;34916;;
51;9;28277;L;5;0;;485363;485390;485673;33536;;
51;9;36385;L;1;1;;528687;1404;528689;34400;;
51;9;31903;L;5;0;;505053;495575;505064;33151;;
51;9;25192;L;1;3;;314;4588;4830;27;;
51;9;28838;L;5;0;;488998;488366;489006;34097;;
51;9;18134;L;1;4;;270;3246;10360;32788;;
51;9;16321;L;1;4;;270;9582;9584;33472;;
51;9;27954;L;5;0;;483960;483901;483945;33485;;
51;9;31995;L;5;0;;505406;505350;488190;34110;;
51;9;1089;L;1;2;509;314;712;708;20;;528842
51;9;18848;L;1;3;;314;5034;1726;27;;
51;9;18826;L;1;3;;314;3880;4846;1;;
51;9;12618;L;1;4;;2354;2346;2356;8;;
51;9;25236;L;1;4;;270;1700;8782;14;;
51;9;18891;L;1;4;;270;1898;5450;12;;
51;9;18707;L;1;4;;270;3756;5074;30;;
51;9;28476;L;5;0;;1962;486798;483391;33485;;
51;9;16270;L;1;4;;270;2604;3484;40;;
51;9;32541;L;5;0;;507994;507955;485089;25;;
51;9;32513;L;5;0;;485882;507908;508019;34925;;
51;9;18481;L;1;4;;270;7652;7654;34935;;
51;9;12590;L;1;4;;270;3408;258;22;;
51;9;29521;L;5;0;;492574;490004;490807;34499;;
51;9;18651;L;1;4;;270;2528;1602;8;;
51;9;25986;L;1;4;;270;5856;10164;32968;;
51;9;18493;L;1;4;;270;5464;7982;31;;
51;9;36170;L;5;0;;496479;500878;495351;34203;;
51;9;31764;L;5;0;;504305;483610;504316;34501;;
51;9;32234;L;5;0;;506740;504163;506748;32864;;
51;9;30027;L;5;0;;495081;495061;495096;39;;
51;9;25976;L;1;4;;270;9910;490;30;;
51;9;19130;L;1;4;;270;7114;7118;12;;
51;9;16151;L;1;4;;270;7122;7124;33589;;
51;9;35858;L;5;0;;3420;496646;524062;33482;;
51;9;1006;L;1;1;A1a;1254;740;1256;24;;27420
51;9;31541;L;5;0;;482681;503132;501580;34916;;
51;9;35417;L;5;0;;522008;521995;522019;32812;;
51;9;32484;L;5;0;;507881;507955;508014;25;;
51;9;18179;L;1;4;;270;2772;6508;33972;;
51;9;31309;L;5;0;;501876;501871;501230;34916;;
51;9;18498;L;1;4;;270;4312;4688;31;;
51;9;28632;L;5;0;;487748;487735;487769;33485;;
51;9;25244;L;1;4;;270;4672;7728;39;;
51;9;18871;L;1;4;;270;6110;4112;27;;
51;9;19011;L;1;4;;270;10198;6292;12;;
51;9;18220;L;1;4;;270;7710;1286;41;;
51;9;29890;L;5;0;;494429;494432;494439;27;;
51;9;18901;L;1;4;;270;5102;5606;27;;
51;9;31771;L;5;0;;504327;504316;503890;34501;;
51;9;29227;L;5;0;;491309;491220;490783;34499;;
51;9;36449;L;1;4;;533155;2898;533052;28;;
51;9;1074;L;1;2;H30;314;3126;2266;8;;27587
51;9;26631;L;1;4;;270;5854;5856;32968;;
51;9;18051;L;1;4;;270;6224;6216;32808;;
51;9;12569;L;1;4;;10898;2228;8740;41;;
51;9;18745;L;1;4;;314;5272;5274;8;;
51;9;17998;L;1;4;VD546;270;9090;10116;23;;368462
51;9;32124;L;5;0;;506236;506225;506217;32988;;
51;9;18405;L;1;4;;270;5226;8946;33;;
51;9;32159;L;5;0;;506397;506355;506405;32988;;
51;9;28319;L;5;0;;485538;485469;485527;33536;;
51;9;16169;L;1;3;;314;4654;5322;8;;
51;9;18523;L;1;4;;270;4896;5802;8;;
51;9;18983;L;1;4;;270;1634;2956;27;;
51;9;31933;L;5;0;;504503;505172;504496;33151;;
51;9;18380;L;1;4;;270;8442;4398;13;;
51;9;16193;L;1;4;;270;4368;6180;40;;
51;9;19069;L;1;4;;270;632;5812;38;;
51;9;28355;L;5;0;;483473;483417;486207;33486;;
51;9;29266;L;5;0;;491456;491438;491470;34499;;
51;9;18695;L;1;4;;270;1354;7806;32945;;
51;9;19115;L;1;4;;270;3964;8004;12;;
51;9;19049;L;1;4;;270;2986;7810;34085;;
51;9;31039;L;5;0;;500420;526858;500431;24;;
51;9;35668;L;5;0;;523199;523153;523210;33951;;
51;9;17638;L;1;3;;314;768;2440;23;;
51;9;26963;L;1;4;;270;8028;3460;40;;
51;9;18610;L;1;4;;270;6622;9834;34447;;
51;9;18097;L;1;4;;270;1088;6852;19;;
51;9;16256;L;1;4;;270;3500;2608;40;;
51;9;35463;L;5;0;;521658;521643;526599;32812;;
51;9;31287;L;5;0;;501759;501739;501774;34916;;
51;9;18214;L;1;4;;270;1274;520;41;;
51;9;30161;L;5;0;;495761;495764;526790;33111;;
51;9;17863;L;1;4;;270;2456;6812;23;;
51;9;16096;L;1;4;;270;9202;846;40;;
51;9;30787;L;5;0;;499268;498886;499289;34753;;
51;9;12576;L;1;4;101;270;252;272;24;;27297
51;9;27424;L;1;4;;270;5684;1944;33635;;
51;9;35834;L;5;0;;523956;523327;526507;33951;;
51;9;18621;L;1;4;;270;3526;4668;26;;
51;9;28158;L;5;0;;485156;485148;485181;33536;;
51;9;19038;L;1;4;;270;4122;4120;27;;
51;9;32516;L;5;0;;487363;508019;504327;34925;;
51;9;18576;L;1;4;;270;3370;4596;26;;
51;9;35952;L;5;0;;524516;524547;524505;33482;;
51;9;18060;L;1;4;;270;8264;2294;32804;;
51;9;18776;L;1;4;;270;6340;8418;27;;
51;9;30974;L;5;0;;500128;498940;500005;34753;;
51;9;16206;L;1;4;;270;7934;9940;40;;
51;9;31332;L;5;0;;501344;501289;485174;34916;;
51;9;29528;L;5;0;;490004;490807;489982;34499;;
51;9;1060;L;1;2;H7;314;1276;734;8;;27599
51;9;16036;L;1;3;;314;3468;1948;8;;
51;9;30597;L;5;0;;496632;495250;496614;33110;;
51;9;18017;L;1;4;;270;2656;8372;33100;;
51;9;35866;L;5;0;;524080;524062;524102;33482;;
51;9;19037;L;1;4;;270;2974;4118;27;;
51;9;16192;L;1;4;;270;4752;4368;40;;
51;9;28069;L;5;0;;484701;484677;484712;33538;;
51;9;1136;L;1;3;459;314;664;662;12;;528905
51;9;32081;L;5;0;;506015;495351;506004;20;;
51;9;16051;L;1;3;;314;4860;2754;8;;
51;9;18675;L;1;4;;270;8888;8890;33466;;
51;9;32259;L;5;0;;506832;506819;504163;32864;;
51;9;32657;L;5;0;;508922;508899;508939;34400;;
51;9;18944;L;1;4;;270;2876;2554;35;;
51;9;28416;L;5;0;;486576;483530;486704;33486;;
51;9;25230;L;1;4;;270;4612;1912;27;;
51;9;24912;L;1;4;;270;678;6362;35;;
51;9;18268;L;1;4;;270;2120;5342;20;;
51;9;28529;L;5;0;;483459;487296;483417;33486;;
51;9;18979;L;1;4;;270;4618;8796;27;;
51;9;19081;L;1;4;;270;1160;1162;34098;;
51;9;36167;L;5;0;;500878;525155;496479;34203;;
51;9;18536;L;1;4;;270;8018;4818;26;;
51;9;12561;L;1;4;;270;3304;564;41;;
51;9;30611;L;5;0;;498229;497783;497776;33110;;
51;9;1115;L;1;3;;314;678;694;35;;
51;9;26992;L;1;4;;270;9252;9254;33620;;
51;9;29541;L;5;0;;492670;490018;492679;27;;
51;9;1070;L;1;2;H15;314;1898;2944;12;;27538
51;9;36203;L;5;0;;525763;525755;525774;34203;;
51;9;32290;L;5;0;;484432;506664;506641;32864;;
51;9;18613;L;1;4;;270;1410;1896;26;;
51;9;16250;L;1;4;;270;7972;4780;40;;
51;9;16198;L;1;4;;270;4748;1930;40;;
51;9;35662;L;5;0;;521166;523138;4954;33951;;
51;9;18264;L;1;4;;270;4498;7020;32962;;
51;9;18743;L;1;4;;270;1664;7532;32786;;
51;9;18307;L;1;4;;270;398;8528;33006;;
51;9;18808;L;1;4;;270;3100;7126;27;;
51;9;16119;L;1;4;;270;10660;7386;40;;
51;9;31497;L;5;0;;502920;501774;502865;34916;;
51;9;27346;L;1;4;;270;1678;6018;30;;
51;9;17975;L;1;4;;270;5002;8952;23;;
51;9;18667;L;1;4;;270;1700;4874;34416;;
51;9;27302;L;1;4;;10836;3256;3262;32789;;
51;9;25188;L;1;4;;270;5486;1938;8;;
51;9;18091;L;1;4;GR743.00;270;1108;369427;19;;369425
51;9;36131;L;5;0;;525350;495351;525280;34203;;
51;9;18568;L;1;4;;270;4972;4596;26;;
51;9;28883;L;5;0;;489281;488257;489292;34097;;
51;9;18619;L;1;4;;270;3586;3594;26;;
51;9;29509;L;5;0;;490025;492506;492529;34499;;
51;9;31613;L;5;0;;501275;501230;501237;34916;;
51;9;29313;L;5;0;;489838;489811;491679;34499;;
51;9;18701;L;1;4;;270;6018;3350;30;;
51;9;17644;L;1;3;;314;766;5216;33377;;
51;9;30519;L;5;0;;497736;494914;497734;23;;
51;9;31078;L;5;0;;500485;500456;500532;34753;;
51;9;31434;L;5;0;;502460;502463;502470;34916;;
51;9;17979;L;1;4;;270;10492;2450;33110;;
51;9;28909;L;5;0;;489393;489382;489404;34097;;
51;9;31164;L;5;0;;500981;500086;499043;34753;;
51;9;18093;L;1;4;;270;1112;5836;32848;;
51;9;30068;L;5;0;;495343;495239;495351;34331;;
51;9;31844;L;5;0;;504738;504717;496251;23;;
51;9;28038;L;5;0;;484506;484559;484491;33538;;
51;9;17914;L;1;3;;314;5148;1032;39;;
51;9;36476;L;1;4;;654598;654593;654595;33600;;
51;9;28532;L;5;0;;487319;487245;483417;33486;;
51;9;18122;L;1;4;;270;4820;10436;32809;;
51;9;35295;L;5;0;;521333;521166;521341;41;;
51;9;25200;L;1;4;;270;1384;10108;34445;;
51;9;17667;L;1;4;;270;6068;2384;23;;
51;9;29698;L;5;0;;490397;490361;490455;34499;;
51;9;29596;L;5;0;;492979;492971;490198;34499;;
51;9;25958;L;1;4;;270;380;5764;39;;
51;9;18280;L;1;4;;270;1832;7856;20;;
51;9;18177;L;1;4;;270;5962;2776;33984;;
51;9;18080;L;1;4;;270;4474;10074;32813;;
51;9;29852;L;5;0;;489702;490455;494238;34554;;
51;9;18960;L;1;4;;270;4588;1912;27;;
51;9;18052;L;1;4;;270;5820;616;32822;;
51;9;29625;L;5;0;;490455;489255;488190;27;;
51;9;17787;L;1;4;;270;1226;4524;21;;
51;9;30923;L;5;0;;499826;498818;498832;34753;;
51;9;18210;L;1;4;;270;8982;6708;41;;
51;9;32441;L;5;0;;507631;507148;485704;34221;;
51;9;16165;L;1;4;;270;2728;5302;33486;;
51;9;19035;L;1;4;;270;7288;4120;34573;;
51;9;32327;L;5;0;;507113;507164;485089;35;;
51;9;26872;L;1;4;;270;1274;6822;41;;
51;9;18247;L;1;4;;270;410;10538;20;;
51;9;36249;L;5;0;;521166;526530;526519;32812;;
51;9;26497;L;1;4;;270;5860;6842;41;;
51;9;31453;L;5;0;;502341;502481;502709;34916;;
51;9;29496;L;5;0;;492473;491084;492481;34499;;
51;9;18373;L;1;4;;270;852;8304;8;;
51;9;28645;L;5;0;;487807;487760;487824;33485;;
51;9;16217;L;1;4;;270;3504;3492;40;;
51;9;16123;L;1;4;;270;5392;4032;40;;
51;9;30215;L;5;0;;496104;496096;495915;33111;;
51;9;32550;L;5;0;;508387;508376;508402;25;;
51;9;35784;L;5;0;;522745;523744;523101;33951;;
51;9;29204;L;5;0;;490011;1012;489982;34499;;
51;9;28678;L;5;0;;487952;487453;487513;33485;;
51;9;17635;L;1;4;;270;8390;5056;23;;
51;9;17778;L;1;4;;270;1246;6592;1;;
51;9;31784;L;5;0;;503822;503814;483610;34501;;
51;9;18124;L;1;4;;270;6632;6634;19;;
51;9;16289;L;1;4;;270;1918;8152;40;;
51;9;16260;L;1;3;;314;2600;1930;40;;
51;9;32556;L;5;0;;508417;270;489497;26;;
51;9;18814;L;1;4;;270;3098;7128;27;;
51;9;31907;L;5;0;;505064;505053;497776;33151;;
51;9;35141;L;5;0;;520478;508648;520485;34400;;
51;9;28472;L;5;0;;482674;526931;482844;33485;;
51;9;18339;L;1;4;;270;5148;9674;8;;
51;9;18831;L;1;4;;270;7956;7962;1;;
51;9;27856;L;5;0;;483220;483234;483255;33485;;
51;9;18031;L;1;4;;270;3640;9534;32815;;
51;9;25204;L;1;4;;270;7956;2906;28;;
51;9;18425;L;1;4;;270;3390;8438;32;;
51;9;28511;L;5;0;;486240;486247;487245;40;;
51;9;16271;L;1;4;;270;2606;4560;40;;
51;9;35231;L;5;0;;508981;520942;508973;34400;;
51;9;35180;L;5;0;;520736;520720;509006;34400;;
51;9;1046;L;1;1;;529207;1930;529209;40;;
51;9;30805;L;5;0;;498735;498711;498728;34753;;
51;9;25222;L;1;4;;270;6640;7054;39;;
51;9;27282;L;1;4;;270;1702;4876;8;;
51;9;17629;L;1;4;;270;2434;7022;23;;
51;9;18341;L;1;4;;270;3948;6134;33;;
51;9;18132;L;1;4;;270;8894;8896;32829;;
51;9;17886;L;1;4;;270;336;7008;33084;;
51;9;17970;L;1;4;;270;5128;9328;11;;
51;9;36331;L;5;0;;527789;523024;523001;33951;;
51;9;29391;L;5;0;;491989;489668;486348;34499;;
51;9;30774;L;5;0;;498893;499198;498861;34753;;
51;9;18234;L;1;4;;270;3190;7492;20;;
51;9;19072;L;1;4;;270;5874;5444;37;;
51;9;18364;L;1;4;;270;4408;2766;32;;
51;9;18022;L;1;4;;270;3632;7724;32799;;
51;9;16252;L;1;4;;270;9366;2596;40;;
51;9;32507;L;5;0;;490747;508047;508129;34925;;
51;9;17881;L;1;4;;270;2470;7446;11;;
51;9;18150;L;1;4;;270;586;9300;32805;;
51;9;30623;L;5;0;;497800;497783;498069;33110;;
51;9;18246;L;1;4;;270;4250;4248;20;;
51;9;29473;L;5;0;;490678;492354;491084;34499;;
51;9;17681;L;1;4;;270;2068;9312;23;;
51;9;29181;L;5;0;;491084;490678;488190;27;;
51;9;16318;L;1;4;;270;4926;8596;32942;;
51;9;35408;L;5;0;;521973;521959;521984;32812;;
51;9;31544;L;5;0;;503215;501563;501614;34916;;
51;9;32771;L;5;0;;504327;508899;489560;34400;;
51;9;18594;L;1;3;;314;3168;4352;31;;
51;9;35717;L;5;0;;523411;523400;523434;33951;;
51;9;18098;L;1;4;GR746.00;270;6418;369431;32814;;369429
51;9;31003;L;5;0;;500258;500261;500268;34753;;
51;9;17806;L;1;4;;270;4636;8552;39;;
51;9;28096;L;5;0;;484820;484559;484570;33538;;
51;9;27415;L;1;4;;270;10044;444;40;;
51;9;27850;L;5;0;;482844;483193;483220;33485;;
51;9;31388;L;5;0;;502222;501787;501678;34916;;
51;9;17784;L;1;4;;270;5166;4068;21;;
51;9;31963;L;5;0;;505398;505350;505406;34110;;
51;9;24941;L;1;4;;270;5742;7950;35;;
51;9;16228;L;1;4;;270;3506;3504;40;;
51;9;28685;L;5;0;;487506;487981;487466;33485;;
51;9;26953;L;1;4;;270;7770;7772;40;;
51;9;18968;L;1;4;;270;1634;6248;27;;
51;9;32047;L;5;0;;505839;505828;506067;32988;;
51;9;26595;L;1;4;;270;5768;5770;20;;
51;9;18055;L;1;4;;270;234;7756;32802;;
51;9;17639;L;1;3;;314;308;768;23;;
51;9;18002;L;1;4;;270;4496;8464;23;;
51;9;32128;L;5;0;;506217;506236;506266;20;;
51;9;17858;L;1;4;;270;812;6908;11;;
51;9;18626;L;1;4;;270;9720;9810;31;;
51;9;29942;L;5;0;;494671;494645;494700;34504;;
51;9;17663;L;1;4;;270;6474;4182;23;;
51;9;36006;L;5;0;;524773;524165;500878;33482;;
51;9;35650;L;5;0;;523101;523104;523123;33951;;
51;9;16224;L;1;4;;270;7216;7218;33598;;
51;9;17986;L;1;4;;270;4176;5540;23;;
51;9;31988;L;5;0;;485078;505417;505365;34110;;
51;9;26382;L;1;4;;270;8698;7804;41;;
51;9;27963;L;5;0;;484006;483984;484014;33485;;
51;9;18416;L;1;4;;270;4404;6490;32;;
51;9;26996;L;1;4;;270;8030;4370;40;;
51;9;1030;L;1;2;447;314;238;632;12;;27375
51;9;18065;L;1;4;;270;1504;9822;32834;;
51;9;18303;L;1;4;;270;3428;8660;32967;;
51;9;18198;L;1;4;;270;3290;10238;41;;
51;9;28520;L;5;0;;483447;487245;483417;33486;;
51;9;18296;L;1;4;;270;7404;4220;20;;
51;9;28946;L;5;0;;489617;489560;489648;27;;
51;9;29272;L;5;0;;491481;491470;491492;34499;;
51;9;17737;L;1;4;;270;7470;5134;33463;;
51;9;28809;L;5;0;;488818;488866;488726;34097;;
51;9;30971;L;5;0;;500103;498697;500114;34753;;
51;9;24940;L;1;4;;270;9186;9188;12;;
51;9;29460;L;5;0;;492300;490747;492266;34499;;
51;9;18535;L;1;4;;270;4976;8018;26;;
51;9;31013;L;5;0;;500288;498592;1758;34753;;
51;9;16283;L;1;4;;270;5296;5268;40;;
51;9;30071;L;5;0;;495351;495107;495343;34331;;
51;9;31341;L;5;0;;502021;488190;502037;34916;;
51;9;17900;L;1;4;;270;5038;1050;8;;
51;9;35771;L;5;0;;523673;523695;527807;33951;;
51;9;16130;L;1;4;;270;2586;5418;40;;
51;9;18893;L;1;4;;270;6562;5450;27;;
51;9;18143;L;1;4;;270;10596;10598;32784;;
51;9;35713;L;5;0;;523400;523063;521166;33951;;
51;9;29873;L;5;0;;490311;489468;491084;27;;
51;9;17911;L;1;4;;270;382;7312;39;;
51;9;16044;L;1;3;;314;4036;2746;8;;
51;9;16093;L;1;4;;270;2500;9932;33563;;
51;9;35751;L;5;0;;523607;523596;523634;33951;;
51;9;30515;L;5;0;;496589;496566;495250;33110;;
51;9;18297;L;1;4;;270;8352;8356;32928;;
51;9;18489;L;1;3;;314;460;2528;31;;
51;9;18779;L;1;4;;270;1602;1598;27;;
51;9;1096;L;1;3;;314;3378;440;40;;
51;9;16286;L;1;4;;270;5264;9902;40;;
51;9;31362;L;5;0;;314;501871;501858;13;;
51;9;17717;L;1;4;;270;2566;7016;11;;
51;9;32704;L;5;0;;509129;509116;508568;34409;;
51;9;18971;L;1;4;;270;940;8140;27;;
51;9;30491;L;5;0;;497602;497594;496902;33110;;
51;9;32453;L;5;0;;507851;507840;507696;35;;
51;9;19033;L;1;4;;270;9950;7256;27;;
51;9;31721;L;5;0;;504088;503919;504146;34501;;
51;9;18136;L;1;4;;270;7064;7066;32783;;
51;9;30187;L;5;0;;495872;495879;495915;33111;;
51;9;18331;L;1;4;VD725;270;320;324;11;;369452
51;9;27870;L;5;0;;482844;483290;483316;33538;;
51;9;17805;L;1;4;;270;1040;8820;34308;;
51;9;27218;L;1;4;;270;8550;2378;33115;;
51;9;29870;L;5;0;;494231;494280;489702;34554;;
51;9;24919;L;1;4;;270;2510;702;34135;;
51;9;18016;L;1;4;;270;2096;10732;23;;
51;9;28307;L;5;0;;485915;485904;485476;33536;;
51;9;26845;L;1;4;;270;4992;5948;41;;
51;9;1131;L;1;3;;314;1186;4510;8;;
51;9;17808;L;1;4;;270;4634;8552;39;;
51;9;31437;L;5;0;;502470;502460;502481;34916;;
51;9;29256;L;5;0;;489634;491407;489617;27;;
51;9;17646;L;1;4;;270;5052;2372;23;;
51;9;18585;L;1;4;;270;8278;8280;34432;;
51;9;16055;L;1;4;;270;4366;4862;8;;
51;9;1313;L;1;4;;314;5142;1828;40;;
51;9;31924;L;5;0;;505140;505129;505161;33151;;
51;9;16007;L;1;3;;314;4944;4946;8;;
51;9;31302;L;5;0;;501163;501824;501858;34916;;
51;9;35890;L;5;0;;524227;524205;524240;33482;;
51;9;18384;L;1;4;;270;3158;9282;34690;;
51;9;30732;L;5;0;;498959;498965;498977;24;;
51;9;18545;L;1;4;;270;2024;9778;16;;
51;9;18206;L;1;4;;270;536;5754;41;;
